,dim_0,dim_1,dim_2,dim_3,dim_4,dim_5,dim_6,dim_7,dim_8,dim_9,dim_10,dim_11,dim_12,dim_13,dim_14,dim_15,dim_16,dim_17,dim_18,dim_19,dim_20,dim_21,dim_22,dim_23,dim_24,dim_25,dim_26,dim_27,dim_28,dim_29,dim_30,dim_31,dim_32,dim_33,dim_34,dim_35,dim_36,dim_37,dim_38,dim_39,dim_40,dim_41,dim_42,dim_43,dim_44,dim_45,dim_46,dim_47,dim_48,dim_49,dim_50,dim_51,dim_52,dim_53,dim_54,dim_55,dim_56,dim_57,dim_58,dim_59,dim_60,dim_61,dim_62,dim_63
TCGA-97-8171-01,0.07126284,0.004457316,-0.16904724,-0.08652832,0.075450964,-0.22165535,-0.09952841,0.16149662,-0.03359277,0.023054209,0.19027689,0.20604888,-0.24694096,-0.07340543,0.065266445,-0.081948474,-0.05460212,-0.27660432,0.008515414,-0.1202815,-0.25726876,0.022102118,-0.03350951,0.024750622,-0.05485969,0.092417136,0.19963114,0.09400905,0.046944663,-0.11004251,0.08999573,0.17747149,0.1285989,0.00065868633,0.02026615,0.120840594,0.26278257,-0.080704436,-0.06604721,0.0820795,-0.08298802,0.117958,-0.14682505,-0.097994536,-0.09257286,-0.09930548,0.22959706,0.021738542,0.10896454,-0.09737981,-0.09249811,-0.13560323,0.024084609,0.016179679,-0.15907998,-0.036258932,0.19428508,0.034343716,-0.0047261547,0.0036704089,-0.013691491,-0.20185588,0.17543846,-0.074390136
TCGA-55-8092-01,-0.019095918,-0.14150995,-0.024286548,0.17314164,0.13180785,0.03700782,-0.02005033,0.0018698153,-0.061851714,-0.0903943,0.0019597234,0.051664717,-0.011985613,-0.1410807,0.15189871,-0.19785617,-0.15645231,-0.091909036,-0.03116426,0.18366772,-0.22976519,-0.16130926,-0.02365612,0.13294922,0.021900669,0.020406222,0.15336516,-0.2778712,0.21585955,-0.05158815,-0.0948435,0.11880611,-0.081421986,0.03650368,0.028448591,0.08411274,-0.14588577,0.028031938,0.03116485,0.10358348,-0.0021746245,0.036147445,-0.16010863,-0.063662015,-0.040584963,-0.059448704,-0.13020828,-0.17959347,0.07328389,-0.010064754,-0.054196663,-0.020603752,0.022684915,-0.047986966,-0.059879217,-0.16091625,-0.090969525,-0.15042002,0.2081328,-0.24146913,0.07014707,-0.15870456,-0.24024294,-0.31272298
TCGA-55-6979-01,0.08489253,0.069944575,0.051151846,-0.0057349023,-0.014894253,0.029391464,-0.021848518,0.10528623,-0.15045147,-0.043605946,0.05324043,-0.0779201,-0.031238753,-0.097117744,0.1437448,-0.0809641,0.028150186,0.054706555,-0.0740631,0.08674819,0.24430752,-0.10224732,-0.12857705,0.09915346,0.15487817,-0.021383673,0.07828947,0.06677265,0.24338953,0.1018626,-0.4137163,0.010420067,-0.22040997,-0.18979429,0.031991746,-0.049305733,-0.1552028,0.09060066,-0.25911188,0.087456755,0.012089546,0.058526892,-0.014997526,-0.047135536,0.20501456,-0.05647871,-0.21220621,-2.8458871e-06,0.09635355,0.01370388,-0.09700855,0.13155039,0.12194618,0.021211335,0.10487171,-0.15260212,-0.12841752,-0.092005216,-0.32458025,0.0206392,-0.015835667,0.05678273,-0.005643718,0.029514818
TCGA-53-A4EZ-01,0.17523034,-0.080999285,0.038452744,0.27265564,-0.06574205,0.010063319,-0.10246883,0.04901134,-0.03413588,-0.07685868,-0.05374924,0.047569633,0.11179817,-0.12109734,0.062177733,-0.033403292,-0.16618378,-0.104739465,-0.03977515,0.35854274,-0.09737696,0.117419824,-0.11131282,0.09435036,0.07473485,0.1811604,-0.047705557,-0.17874925,0.1178097,-0.064713076,-0.32555488,0.01921214,0.05033616,-0.08804428,-0.1401519,0.028837051,-0.04352211,0.021846253,0.10065382,0.0645402,-0.062607,0.018865656,-0.016084637,-0.03237122,0.13449559,0.03197329,-0.084119886,-0.11210877,0.102086276,0.012364703,-0.06726495,-0.15624738,0.005315149,-0.030607352,-0.049464222,-0.17988668,-0.22767507,-0.15694281,0.018805763,-0.17396441,-0.13861059,-0.19264016,-0.28922042,-0.027853174
TCGA-55-6986-01,-0.02703152,0.15376252,-0.08384154,-0.33409852,-0.039068744,-0.14754437,-0.008116128,-0.06825522,-0.068717815,-0.0508983,0.16178371,0.13648318,-0.16389126,-0.023255374,-0.0057032397,0.15744063,0.093590915,0.17934765,-0.029598203,-0.3116337,-0.008316834,-0.10357357,-0.023908699,-0.08606624,-0.0801539,-0.08739346,0.095053196,0.24887225,-0.15668657,-0.041540794,0.2209595,0.086139396,0.18377522,-0.0271401,-0.015441357,0.28115544,0.059602786,-0.069084324,-0.016511986,0.0016317359,-0.116635695,0.101932116,-0.059118595,-0.06542697,-0.061611235,-0.14092755,0.0778572,0.07456575,0.06554914,-0.09163417,-0.06928831,0.0764981,0.04017626,0.022729136,-0.11745702,0.016708631,0.20620473,0.1039792,-0.04781206,0.16077226,-0.00013234509,-0.11221657,0.25676963,0.101912156
TCGA-55-8207-01,0.09392321,0.049218472,-0.089445986,0.01876414,-0.13403554,0.033406187,0.059539884,-0.058571715,-0.13885832,-0.11377589,-0.45229304,-0.04101232,-0.015720254,-0.030284265,0.028178219,0.008914123,-0.10157082,-0.034792185,-0.08581506,-0.039449684,-0.33954465,0.09124647,-0.016900506,0.10390994,0.07315427,-0.120651565,-0.018406011,-0.032502286,-0.09645926,-0.03930034,0.14515887,0.09580738,0.21202202,-0.050420344,-0.09324981,0.11243748,0.042473238,0.26726234,0.21626641,0.1340284,0.07088286,0.029781612,-0.0914433,-0.091112934,-0.10689947,-0.05549612,0.20062916,-0.041509893,0.067052305,-0.010052205,-0.020182248,0.08983143,-0.062294956,0.048873864,0.17553024,-0.08785924,0.060956005,-0.2126282,-0.14424355,-0.10515546,0.027830344,-0.2268192,-0.1376269,0.024424179
TCGA-05-5425-01,0.038211662,-0.019117255,0.009551499,-0.08586191,0.013770465,-0.22700348,-0.3064369,0.059017804,0.03762103,-0.041852113,0.20458171,0.15178856,-0.12140564,-0.16469449,0.11334055,0.19754872,0.07244353,-0.08518248,-0.008288433,0.063340776,-0.13961165,-0.014083305,-0.002888138,-0.014454657,0.06495417,0.25092238,0.10866459,-0.029495377,-0.15021874,0.02074844,0.099996075,0.076952256,-0.021058667,0.07835242,0.0060148737,0.24134026,0.1760331,-0.24967822,0.009829926,0.051268324,-0.21336156,0.1296768,-0.024735866,-0.059649456,0.028702028,-0.090063654,0.11838402,-0.18427904,0.028865963,-0.07442304,-0.08892755,0.13847281,0.12934889,-0.20061798,-0.089044206,-0.1699344,-0.015299255,-0.12792256,0.20156826,0.010009552,-0.07311315,-0.22087055,-0.01541159,-0.03565757
TCGA-55-7724-01,0.15693824,0.16434593,-0.028636627,0.03708982,-0.18034169,0.047177523,-0.09431688,0.13745038,-0.12931383,-0.07899091,0.059790216,-0.1555051,0.03198127,-0.0481197,0.07472438,-0.28000057,-0.042307965,-0.121977635,-0.0765953,-0.023960317,0.05882972,-0.09391536,-0.07156262,0.049069695,0.07838684,-0.04614434,0.008532243,0.15665215,0.10756449,0.014370801,-0.37478364,0.022600535,0.15059564,-0.18731628,-0.24547194,0.22145388,-0.12127479,0.04239632,-0.061190717,-0.003454113,0.018259885,0.030090712,0.0034525932,-0.03305743,0.11991166,-0.08084177,-0.17156681,-0.05612962,0.10899623,-0.052317396,-0.08487747,-0.18445781,0.08063821,0.08005332,0.20704189,-0.114519835,-0.08071361,-0.09242317,-0.17999876,0.10422451,0.06798979,-0.25578526,0.13112134,0.059688274
TCGA-91-6847-01,0.042361878,-0.02062692,-0.16785072,0.021933302,-0.19719303,-0.02109618,0.1544185,0.12419846,-0.1424699,0.040436246,-0.039351255,0.07938535,-0.10263224,-0.035357524,0.041825023,-0.0887502,0.0785571,0.18994263,-0.07367069,0.108713016,0.34148824,0.14040028,-0.19885811,0.027222259,0.078197524,0.02923591,-0.0722337,-0.15637037,0.15952624,-0.102573395,-0.13278021,0.06685323,0.15526527,-0.22048855,0.05183814,0.10233132,-0.08842686,-0.011059187,0.13023874,0.1348601,-0.13416187,0.08650615,0.059326902,-0.108083464,0.18768722,-0.008801949,-0.2170692,-0.009268841,0.14821523,0.020947086,-0.083956055,0.15109183,0.024703767,0.23965126,-0.21498817,-0.01475121,-0.16330153,0.12361149,-0.20264637,-0.017201094,-0.10165431,0.034582976,-0.01312125,0.06763907
TCGA-75-6206-01,0.11054229,-0.06272438,0.0002069642,0.13363498,-0.112115,-0.22542126,0.1819075,-0.060653977,0.037806522,0.017518088,0.1940962,0.036027122,-0.09107416,-0.11834622,0.100516684,-0.06572425,-0.09001071,0.021889543,-0.01937778,-0.09067223,0.0069157295,-0.13786559,-0.115511954,-0.056651667,0.11130245,0.14138293,0.15489975,0.08014672,-0.13944295,-0.023520056,-0.11061014,0.08649147,-0.0884854,0.015373437,-0.1548573,-0.01460268,0.0033438052,0.042884503,0.1216448,-0.035612606,-0.24339421,0.1109735,0.05963884,-0.02028362,0.16976053,-0.08015135,0.044293385,-0.18380255,0.16063276,-0.1638782,-0.08299264,0.27403656,0.12185266,-0.19366112,-0.1507111,-0.37272933,-0.063487105,-0.094332404,-0.0405396,0.15609479,-0.12103162,-0.11327739,0.066703245,0.13006595
TCGA-55-7570-01,0.11729391,0.111888215,-0.02543969,0.07479734,-0.15096174,0.04902985,-0.029972255,0.14231221,-0.115052275,-0.09919939,-0.17860053,-0.13619266,-0.09123393,-0.049084317,0.10222119,-0.3101611,-0.07504814,0.016132,-0.06173519,-0.20612557,0.079798564,-0.099131696,-0.04083677,0.16443355,0.085095294,0.02762475,0.07100438,0.18894504,0.095859036,-0.040104516,-0.19796811,0.06971881,-0.08817438,-0.166086,-0.09938535,-0.066710375,0.024010325,0.050487988,-0.20932598,0.11026051,-0.017015278,-0.0013833297,-0.10843914,-0.09423472,0.098060206,-0.106975846,0.13023564,0.031194968,0.09145229,-0.008148695,-0.044944614,0.08901521,0.07144088,0.12532516,0.3037174,-0.029944114,0.11777966,-0.09580154,-0.16975942,0.2032026,0.22246271,-0.1862274,0.21524148,-0.069621794
TCGA-78-7150-01,0.054357123,-0.043955732,-0.03050445,0.028411707,-0.07018383,0.027028592,0.06272124,0.1420967,-0.09161364,-0.012093489,-0.11807071,-0.020151276,-0.06959903,-0.067327425,0.16596529,-0.056106023,0.060150813,0.38664603,-0.08676887,0.10830081,0.17827363,-0.07357385,-0.11564077,0.20050713,0.096612714,-0.055675454,0.11778348,-0.28665873,0.100745395,0.046850998,-0.15440448,0.096445285,-0.123749435,-0.08173385,0.059725236,-0.018473154,-0.070268005,-0.040262196,0.064790905,0.1393984,-0.06356704,0.081120074,0.047259275,-0.09547296,0.001201341,-0.039076764,-0.0766221,-0.17677708,0.14631744,0.09809726,-0.092641875,0.24307212,0.037113592,0.009708503,0.11806154,-0.25291783,-0.16299006,-0.19956756,0.07392578,-0.005941158,0.06300195,0.1672291,-0.12235681,-0.2644688
TCGA-55-7728-01,0.103463,0.12906887,-0.09182358,-0.24700327,-0.13068856,0.058499433,-0.2505559,0.1856274,-0.07970786,-0.016289681,-0.07911431,-0.019079039,-0.005419449,-0.030896077,-0.041118536,0.029549247,0.057118036,-0.19884107,-0.02097471,-0.104215525,-0.14424425,0.13905016,0.07094283,0.051648173,-0.016723609,0.16861843,-0.018187735,0.02208012,-0.03306805,-0.0022652876,0.11518108,0.14357924,0.07706661,0.01795807,-0.16166729,0.2105706,0.23583134,-0.08626034,-0.067355804,0.12806897,0.031039104,0.007836205,-0.073000364,-0.07239084,-0.19402401,-0.060293894,0.27342135,0.08750692,0.050590396,0.10762413,-0.037147276,0.021414995,-0.06716438,0.0020505034,0.24914002,-0.020952253,0.22987898,-0.17049769,0.11732454,0.024147468,0.21185078,-0.28609458,-0.001388637,0.013711345
TCGA-62-A46P-01,0.04044181,0.10195897,-0.097209014,-0.07929511,-0.12153515,-0.09171675,0.10695543,-0.05480747,-0.008575864,-0.03389908,0.042493775,0.045584258,-0.094676755,-0.061206274,0.11756779,0.09080119,-0.036047127,0.1338057,-0.051682506,-0.24754477,-0.015157732,-0.13544285,0.0230801,-0.011126366,0.13706215,0.057440486,0.13528118,0.15564919,-0.16005188,-0.0678486,0.07711366,0.10810267,-0.011190865,-0.0035069643,-0.03855295,0.021340074,0.10826561,-0.07468372,0.14956747,0.031481184,-0.28657186,0.122590646,0.0033084508,-0.0736544,0.0638419,-0.13309331,0.15312918,-0.1433228,0.12695654,-0.046044603,-0.076806664,0.4511692,0.10427676,-0.04491396,-0.022521563,-0.26378667,0.07320375,-0.10514241,0.033892147,0.27379444,0.05666164,-0.014127819,0.24538334,0.044089172
TCGA-91-6830-01,0.07118963,0.09242395,0.03915555,-0.034940362,-0.16523807,-0.0015539082,-0.049567554,0.12738964,-0.044047285,-0.10365307,0.020876672,-0.10210126,-0.037338197,-0.07568836,0.20007025,0.018307734,-0.09709,0.36559457,-0.05336965,0.120565765,0.04510383,-0.1562287,-0.09848152,0.09292874,0.24930662,0.0427076,0.05357956,0.054392334,-0.033865873,0.022118127,-0.34587207,-0.047586847,-0.0069741,-0.13920523,-0.048433635,0.10878328,-0.05932852,-0.13278927,0.0011177654,0.04645735,-0.09240183,0.11197031,0.01692516,-0.08590073,0.09777763,-0.12354363,-0.15954569,-0.24837042,0.10876527,-0.03952179,-0.059791803,0.16423312,0.19030724,0.016913446,0.06482521,-0.24733767,-0.107722975,-0.22414537,-0.07133818,0.16129263,0.0016751816,-0.094724916,0.078039944,-0.128726
TCGA-73-4659-01,0.10216399,-0.05210577,-0.096889175,0.06400337,-0.2728076,-0.2539248,0.14431375,0.14560723,-0.02506674,0.08029794,0.13238172,0.04626162,-0.10987018,-0.06849145,0.015909003,-0.2854936,-0.017052852,-0.038607042,-0.06501407,0.040399536,0.3260777,0.0039083255,-0.19201003,-0.07310737,0.03499299,0.061278645,0.095092356,-0.22024345,-0.011865728,-0.13913123,-0.10727802,0.13512069,0.17507151,-0.1525764,-0.23914334,0.016502095,0.061337836,-0.13678883,0.056321513,0.03004578,-0.15647474,0.13471663,0.09988818,-0.04584196,0.21245922,-0.007401822,-0.04107032,-0.05102056,0.16634127,-0.09718825,-0.07314887,0.09917261,0.11273946,0.056344803,-0.0051359567,-0.17316023,-0.10473002,-0.08272051,-0.10143624,0.000192937,0.064167686,-0.15993161,0.032411832,-0.0017931473
TCGA-17-Z015-01,0.063204415,-0.11970014,-0.03713825,-0.0049310415,0.21808256,-0.0024747613,0.066389024,-0.07430788,-0.16407834,0.051901057,0.005123772,0.041638307,-0.015176522,0.027357178,0.03955271,0.10105863,0.009560484,-0.042565707,0.012301272,0.009166764,0.04535713,-0.18081695,0.02043931,-0.082404144,-0.032439932,-0.36951452,-0.04902992,-0.07097893,0.27709776,0.081921235,0.05989813,-0.044691164,-0.16260922,-0.08247631,0.14344881,-0.21946259,-0.23428293,0.15267058,-0.2175739,0.07562933,0.037762344,0.061622165,-0.21545936,0.031147754,0.07161896,-0.017278804,-0.28517956,-0.07325821,-0.114007674,-0.084522925,-0.07182223,-0.026011137,0.065032855,0.233485,0.029617717,0.054812357,-0.06839683,-0.07916571,-0.06950648,-0.18015324,-0.034988575,0.26146397,-0.08271791,-0.095865496
TCGA-97-A4LX-01,0.11636766,0.058583986,-0.061547317,-0.0064993547,0.050990667,-0.03771363,0.05792451,0.04160924,-0.15368664,-0.011933828,-0.13440984,-0.06701019,-0.17444927,-0.05118547,0.07030454,-0.108129635,-0.21380262,-0.015003213,0.017267702,-0.15182644,-0.2657397,-0.19616692,-0.006962024,0.048968747,-0.012865212,-0.034680914,0.042229574,0.19281638,0.020087553,-0.062334765,0.08606841,0.04112426,-0.0043779677,-0.035865236,0.06757576,0.18006815,-0.174393,0.25922307,-0.09484957,0.086956024,0.031482667,0.050020702,-0.27294815,-0.05530497,-0.023796845,-0.08898586,0.009386162,-0.0825896,0.02911703,-0.09907229,-0.040850963,-0.39308044,0.019105736,0.30515707,0.05067615,0.077867754,0.112008676,-0.03408665,-0.113157384,0.05376605,0.11775293,-0.2315939,0.14195761,-0.06784996
TCGA-44-3398-01,0.079922974,0.26640183,-0.13856736,-0.28409398,-0.12966688,-0.028164135,-0.27757084,-0.1376691,-0.19075887,-0.116949186,0.0622382,0.049404692,-0.102437496,-0.043727186,0.09526565,0.115994446,0.077710144,-0.027973857,-0.07036924,-0.11350163,0.05620319,-0.16863841,0.011194364,-0.10185399,-0.007068343,-0.18981624,0.032404814,0.1500163,-0.0657421,-0.015396265,0.1258622,0.031251885,0.30865428,-0.08982132,-0.08419745,0.27243102,0.13148956,-0.17880678,-0.055912994,0.007510303,0.041472208,0.09925333,-0.08495674,-0.09139731,0.042213723,-0.12197216,0.04932268,0.052395876,0.02799711,-0.06030688,-0.09304684,-0.07763613,0.036308326,0.075530544,0.075655766,0.089445695,0.15011725,0.010606226,-0.10903632,0.11408717,-0.04445474,-0.08001765,0.19337381,0.22538924
TCGA-69-7764-01,-0.039767474,0.18317856,-0.029698232,0.016526872,-0.073931456,-0.14876427,0.011973701,0.0810722,-0.032340094,-0.1291401,-0.06141717,-0.060373183,-0.029285017,-0.07078594,0.14217006,-0.045257334,0.0013685435,0.18224093,-0.08648217,-0.049883723,0.23007976,-0.17257738,-0.008939622,0.18983623,0.17615177,-0.013714199,0.049123056,0.05085831,0.0016304078,-0.07751471,-0.05107956,-0.012102134,0.20398131,-0.1583575,-0.17872444,0.21809208,-0.24637432,-0.06250966,-0.1130004,0.09999565,-0.055487156,0.044921394,-0.021989316,-0.08323942,0.12033469,-0.04494787,-0.22700636,-0.1371784,-0.018868728,-0.103106774,-0.030569917,-0.07424031,0.28008658,0.0792119,0.03804892,0.010642579,-0.102075025,-0.26463363,-0.08029439,-0.051276386,0.1566553,-0.15545322,0.14654183,-0.26976365
TCGA-55-6981-01,0.059020516,-0.043030605,-0.061059106,-0.19448489,-0.11422449,-0.20074053,-0.028664645,0.224212,-0.016706953,-0.0028205146,0.09474365,0.09756845,-0.09215762,-0.0553581,-0.048538588,-0.2080927,-0.05525793,-0.043074127,-0.035051104,0.046834193,0.00896701,0.02635547,-0.14623918,0.025879731,-0.09461857,-0.08634252,0.23090944,-0.283496,0.20443045,0.046704385,-0.027425323,0.21474898,-0.09083659,0.062866956,-0.07175308,-0.08916943,-0.07349219,0.060831975,0.104116246,0.056347188,-0.024325827,0.06215896,-0.040662628,-0.060438033,-0.091931395,-0.09757057,-0.07307234,-0.124707215,0.17788896,0.020729078,-0.09995286,-0.19140372,0.0033380475,0.019948095,-0.08521934,-0.24878892,-0.21334942,0.10879585,0.19723368,-0.2451357,0.11229995,0.20098948,0.04049609,-0.21040137
TCGA-73-4668-01,0.016165543,-0.025098285,-0.08530949,0.24151927,-0.07379369,-0.002280318,0.2351927,-0.07398972,-0.05617744,-0.027232267,0.059882656,0.06154398,-0.101347364,-0.050890516,0.1277397,-0.14558674,-0.09561622,0.2603356,-0.0527565,0.04577419,0.021856971,-0.19341823,-0.08148681,0.17865807,0.0774873,0.031206707,0.16230254,-0.1815533,0.11464141,-0.005475167,-0.26002908,0.13193303,-0.11448786,-0.016952615,-0.050397437,-0.02583644,-0.07125657,-0.03871366,0.285775,0.02169109,-0.12815267,0.054477744,-0.009568035,-0.012427814,0.029315097,-0.07674055,0.0138495555,-0.10907557,0.18141192,-0.04166334,-0.12211558,0.16661794,0.003611489,-0.11884561,0.025905898,-0.32586133,-0.07663144,-0.17044869,0.21614498,0.09488883,0.021255318,0.18052077,-0.05521742,-0.11854843
TCGA-64-1681-01,0.08457651,0.06508498,-0.02308721,-0.09362194,-0.082775146,-0.26776856,0.08028467,0.15626019,-0.077020034,-0.010904038,0.060518824,0.12290431,-0.2790613,-0.029673643,0.038584683,-0.046759356,0.09833232,-0.13749833,-0.10784173,-0.13817234,-0.08142121,0.06902106,-0.13484894,0.047761343,0.064333536,-0.32073474,0.15888701,-0.16842635,0.19120003,0.06432538,-0.051991113,0.07885951,-0.0050190003,0.03287627,0.030795777,-0.09957843,0.015086707,0.19085838,0.11684626,0.05249605,-0.047184896,0.094403,-0.03732026,-0.06738895,0.16305482,-0.11347482,-0.026796991,-0.007534557,0.056860585,-0.082329914,-0.0974912,-0.17542408,0.0068648146,-0.058527224,0.07719328,-0.12452973,-0.23061377,0.10610182,-0.31547078,-0.038686752,-0.02177863,0.26084945,0.17104338,-0.021205846
TCGA-44-2655-01,0.04019402,0.23096053,-0.17120384,-0.096133724,-0.21829095,0.023892425,0.05838053,-0.07921731,-0.13283773,-0.075911336,-0.002044363,0.03253131,-0.052900355,0.020035472,-0.031203639,-0.048092756,0.010334729,-0.025077404,-0.061007567,-0.26483434,0.11116425,-0.010573123,-0.040189613,0.010463173,0.0057165255,0.0178275,-0.037552297,0.3786241,-0.024657015,-0.12110987,-0.028491976,0.06968216,0.30149674,-0.12568301,-0.1898766,0.129985,0.048871323,0.047109105,-0.013807182,0.020029329,-0.023011094,0.00015293647,-0.043811955,-0.07286976,0.063243225,-0.103379734,0.1671027,0.16667461,0.08988575,-0.0933935,-0.105747975,-0.018502768,-0.053879913,0.08921964,-0.08833052,0.061626427,0.19396679,0.12507328,-0.11820249,0.16984189,-0.14344315,-0.0498657,0.21664369,0.32079744
TCGA-75-7025-01,0.05706464,-0.06249244,-0.13899228,0.10321834,-0.13897361,-0.19180731,0.1586066,0.11677445,-0.057416536,0.02694116,-0.02289079,-0.016283527,-0.262287,-0.09479196,0.06746202,-0.28045893,-6.4062544e-05,0.31017745,0.004562194,-0.04681219,0.10646338,-0.1516065,-0.14747015,0.16451243,0.076470554,0.15260674,0.079014845,-0.03941006,-0.022494193,0.08940982,-0.09908617,0.11161885,-0.16727449,-0.12392469,-0.06156116,0.07346819,-0.0707271,-0.013830546,0.14604583,0.13920811,-0.14439297,0.08465964,-0.040208865,-0.024399368,-0.07325058,-0.10774435,-0.034798503,-0.120847344,0.19133449,-0.15147263,-0.040617555,0.13025261,0.1897505,0.08478141,0.016397143,-0.1370093,0.016399786,-0.12989552,-0.0635889,0.060048047,0.17740443,-0.1083748,0.07612398,-0.27794918
TCGA-55-8513-01,0.077784926,0.049500193,-0.070274785,-0.33004373,-0.039572824,0.043608237,-0.36999616,-0.1011031,-0.06782101,-0.094481625,0.050023656,0.109840035,0.07163936,-0.088626616,-0.044311333,0.15856956,0.010159028,-0.19262981,-0.03542183,0.042169474,-0.210313,0.062102754,0.10823212,-0.15701802,-0.12973107,-0.010115195,-0.00804811,0.0049189287,-0.02382198,-0.037795167,0.12603784,0.101610474,0.1260329,0.07273226,-0.13717285,0.17618658,0.2776208,-0.20763487,-0.024050616,0.065045625,-0.0677056,0.035369825,-0.09604823,-0.043935303,-0.1340685,-0.07312975,0.19139624,0.009900941,0.03463478,0.07414118,-0.07003718,0.08582734,-0.09256618,-0.0047452296,-0.007136131,-0.05111055,0.24440773,-0.038560458,0.182711,0.009857045,0.051621545,-0.25719604,-0.049469005,0.14025812
TCGA-55-8514-01,0.24957392,-0.04894048,-0.020532576,0.19037977,0.018978762,-0.04275193,-0.2783604,0.086489856,-0.097576074,-0.09388084,-0.18193442,-0.022574352,-0.0010483658,-0.10987021,0.062137052,-0.052738525,-0.15952943,-0.30555254,-0.009518472,0.11946606,0.09718074,0.008815031,0.032652766,-0.0306668,-0.056510005,0.058905963,0.025380109,-0.13175231,0.1056259,0.023204971,0.02891096,0.07217818,-0.08589739,-0.1102855,-0.04468072,-0.026642455,-0.13581982,0.085406065,-0.1915186,0.15579204,0.08693189,0.04492422,-0.15010019,-0.056913227,0.1956458,-0.020284213,-0.14871098,-0.05407876,0.011111715,0.07279293,-0.018555446,-0.14961703,0.100520924,0.2720751,0.123278596,0.03153798,-0.27833652,0.0055498104,-0.008333317,-0.2994028,0.15513827,-0.07662693,-0.058402844,-0.12915082
TCGA-49-4487-01,0.117749825,-0.16178936,0.0042314893,0.4096463,0.11084198,-0.09126338,0.03309829,-0.1330811,-0.10442783,-0.083822854,0.033024058,0.08696639,-0.058715027,-0.09073509,0.15259445,0.053437438,-0.07276327,0.1609872,-0.04561455,0.138005,0.118323006,-0.16129571,-0.043248557,0.012185769,0.104358844,0.1335313,0.030001538,-0.23636323,-0.10498161,-0.021965524,-0.027716499,0.015989956,-0.09946032,-0.10662385,0.12732922,0.044687822,-0.15491623,-0.052436873,0.17091233,0.07411468,-0.15363841,0.12972064,-0.005389696,-0.0431393,0.2759249,-0.0511711,-0.15612206,-0.18504861,0.059524488,0.005033199,-0.046600536,0.068025164,0.10831454,0.014962877,0.039306752,-0.13903034,-0.3472668,-0.14061996,0.033461954,-0.023224695,-0.030363822,0.001102444,-0.1475176,-0.085958615
TCGA-17-Z026-01,0.0816479,-0.14257705,-0.075830564,0.15178722,0.12857354,-0.011311214,0.08276185,-0.24883488,-0.16981417,0.012606893,-0.08538156,0.047481447,-0.011845673,0.068462506,-0.06035178,0.098942004,0.026580885,-0.030018032,0.023742408,-0.09677931,0.08202203,-0.073560685,0.05632963,-0.15459326,-0.053284455,-0.3440697,-0.1797337,-0.02858027,0.16074932,-0.02988529,0.09918223,-0.10019714,-0.04202795,-0.116885245,0.08278246,-0.29052368,-0.09579491,0.13697526,-0.12920108,0.053427894,-0.033337485,0.024081673,-0.19737434,0.033158172,0.24899629,-0.024989448,-0.104091,0.08886741,-0.15622899,-0.14489524,-0.03128583,0.15023917,-0.03641995,0.23692894,0.1184675,0.13381617,-0.06282969,-0.010788167,-0.18161622,-0.03387725,-0.10620926,0.17892513,-0.13344675,0.12392053
TCGA-78-7539-01,0.029106406,-0.026558463,-0.059034087,0.047400016,-0.12602456,-0.21558341,-0.18661612,0.1162407,-0.047222815,-0.043424025,-0.20367783,-0.08414438,-0.16074826,-0.11025226,0.09599572,-0.2355299,0.030114481,0.05056602,-0.05085014,0.19924116,0.07528921,-0.13888204,-0.08346424,0.111523174,0.1053293,0.023082389,0.07860829,-0.2750356,0.0046198834,0.09480012,0.022927638,0.057098586,-0.11977221,-0.062299605,0.0016819058,0.06828697,-0.124519005,0.007939116,0.06520625,0.14976239,0.0063396133,0.09120913,-0.056427963,-0.0503114,0.03991913,-0.10021327,-0.17257164,-0.24700962,0.062157076,-0.10782448,-0.04039547,0.03355314,0.1966729,0.05198144,0.07849325,-0.04971972,-0.2937493,-0.0930501,-0.015397345,-0.24235658,0.11051136,-0.009947355,-0.09022467,-0.32560635
TCGA-78-7166-01,-0.1095229,0.02717224,-0.058461823,-0.20462953,0.009745348,-0.21281591,-0.074193135,-0.03965366,-0.037083138,-0.119786665,0.1629203,0.12745324,-0.14468615,-0.0769144,0.049323473,0.20467184,0.0007484186,0.4090735,-0.050309118,-0.1085854,0.047236707,-0.09558209,-0.04327656,0.047647886,0.046266172,0.14297055,0.05289653,0.18543683,-0.0577967,-0.026147936,0.026689017,0.017214011,-0.006020306,-0.09314021,0.032752797,0.17049839,-0.04815453,-0.21837829,-0.10351134,0.14699993,-0.16922389,0.112492144,-0.12733503,-0.06166599,-0.048642155,-0.15098132,-0.07121713,0.020675136,0.08372549,-0.19391319,-0.06516359,0.32751802,0.17516507,0.117042944,-0.15317273,-0.00874301,0.08035468,-0.090455495,0.07366045,0.03289166,-0.024947822,-0.103767514,0.07312548,-0.15089828
TCGA-49-4506-01,0.13311207,-0.100060396,-0.014993813,0.21516517,0.06973062,-0.029779766,0.091918916,0.0026447566,-0.121876106,-0.11630425,0.036698233,0.028760567,-0.04698296,-0.04526675,0.1726657,-0.036450844,-0.017971028,0.31007048,-0.06715087,-0.069581844,0.118607,-0.18199128,0.009727324,0.09904994,0.13221274,-0.03841726,-0.010219733,-0.09312315,-0.15187816,-0.043453075,-0.1330135,0.0056895483,-0.039868318,-0.15798877,0.012034317,0.038987223,-0.044947177,-0.19750571,0.029327655,0.09336195,-0.15928356,0.1068329,-0.036673184,-0.08363811,0.04612378,-0.1182288,-0.07796919,-0.14985262,0.08529384,-0.028722476,-0.014519575,0.11452544,0.14883655,0.12031298,0.29634267,-0.09881976,-0.07508241,-0.2956493,0.020082304,0.16236494,0.26644334,-0.11451989,0.041179933,-0.28710237
TCGA-17-Z003-01,-0.009984895,-0.12559973,-0.08848655,-0.002640959,0.1685308,-0.027241882,0.120904915,-0.12133024,-0.17190866,0.046072174,-0.039918985,0.02177129,-0.050692625,0.066143125,-0.045040708,0.06490704,0.04434593,-0.0057215644,0.033242065,-0.13619378,0.045377042,-0.15754417,0.038773995,-0.1175554,-0.060899787,-0.39736938,-0.09954037,-0.017624475,0.2303307,0.011019777,0.14648415,-0.08157091,-0.036512893,-0.0941736,0.11774016,-0.18909769,-0.2449192,0.19795273,-0.1898079,0.058182474,0.019223865,0.039777,-0.22967659,0.05056429,0.13823658,-0.031398125,-0.22137605,0.02973122,-0.17456016,-0.16669382,-0.0461881,0.065815784,0.024276108,0.25147593,0.04455633,0.13520601,-0.06317207,-0.034523822,-0.11718017,-0.114638455,-0.047768675,0.20208648,-0.052593723,-0.03862846
TCGA-55-8206-01,0.23594843,0.05727004,-0.058758456,0.039978653,-0.076853916,-0.019387463,-0.12750256,0.08666603,-0.109232694,-0.035749186,0.009994378,0.0542668,-0.098416716,-0.056956936,0.13057399,-0.16766852,-0.11775485,-0.23190759,-0.05231991,-0.03477275,-0.3231812,-0.037360013,-0.0761444,0.055838786,0.0925046,0.05887361,0.049678914,0.15042876,-0.09438462,-0.059850823,-0.09885262,0.07990492,0.028599175,-0.09149707,-0.015448345,0.09093063,0.25809988,-0.022229198,0.15952045,0.047826782,-0.16458341,0.085964374,-0.0646845,-0.08998143,0.026495423,-0.15699536,0.19952694,-0.17274663,0.18393254,-0.064256474,-0.13780783,-0.121918336,0.042854905,-0.0021675855,0.056252867,-0.19620611,0.08446732,-0.011716825,-0.107654415,0.2387174,-0.051679984,-0.2852627,0.1923743,0.11385223
TCGA-NJ-A4YF-01,-0.001593418,0.01536538,0.03107492,0.14818497,-0.016299132,-0.051408846,0.12570734,0.054480843,-0.05311492,-0.001174302,0.030353691,0.026505895,-0.13237494,-0.017967323,0.13061365,-0.2191976,-0.055834662,0.18885979,-0.059372827,0.0676088,-0.051746935,-0.15196615,-0.15038666,0.20940474,0.14362966,-0.1198343,0.15291573,-0.19200435,0.06296001,0.07101059,-0.31090248,0.039228987,-0.11085588,-0.083513685,0.104220435,0.022883259,-0.047524266,-0.010982655,0.22745204,0.024174938,-0.122370966,0.08181399,0.029500006,-0.010588187,0.12309178,-0.09154913,-0.09136552,-0.13948564,0.122215755,-0.05233321,-0.10769988,-0.035173953,0.09733842,-0.13549931,0.22736546,-0.2864625,-0.20358516,-0.19876543,-0.14600126,0.10599218,0.09371455,0.06175004,0.06466542,-0.2108902
TCGA-17-Z055-01,0.1390791,-0.053730637,-0.114874445,0.065144606,0.0575875,0.045462254,0.12197125,-0.08152126,-0.23357625,0.040040605,-0.013935797,0.020166498,-0.06434671,0.044212665,0.014503773,0.035304967,0.057079315,-0.07366272,-0.014881824,-0.02805274,0.24875927,-0.16386372,-0.0039055427,-0.10284179,-0.04579219,-0.34274083,-0.13793878,-0.0719472,0.288943,0.06291146,0.029388731,0.0005233685,-0.04979014,-0.1389799,0.03492132,-0.22869842,-0.19459179,0.094571374,-0.17565481,0.044027384,0.111107044,0.042730518,-0.21400674,-0.009198534,0.09855592,0.011373955,-0.16954742,0.033214897,-0.09186525,-0.106192306,-0.091267616,-0.1230794,-0.006059279,0.27147093,0.1629945,0.13717498,0.0052222735,-0.056392416,-0.0295607,-0.108859725,-0.05001356,0.26885012,-0.065184444,0.12677348
TCGA-49-4486-01,0.10408269,0.17467777,-0.055553872,-0.205763,-0.3403802,-0.16002221,-0.10821527,0.065595016,-0.08924608,-0.039563913,-0.06685666,0.05832954,-0.3144213,-0.016664222,0.11923617,0.0729994,0.13345604,0.21061534,-0.05899216,-0.08640354,0.1363581,-0.023094099,-0.11900576,0.08978784,0.124469,0.01994223,0.024479227,0.11328582,-0.090437725,0.043227077,-0.021425012,0.019950168,0.08548017,-0.06649488,-0.16971043,0.03136603,0.2461129,-0.15801455,-0.02433061,0.09181199,0.012136189,0.05614345,-0.04948426,-0.08790731,-0.008208189,-0.12832753,0.2953111,0.054176114,0.10224713,-0.16966975,-0.10675485,0.10972126,0.04552755,-0.03420116,0.039428886,-0.025685817,0.1550261,-0.04528237,-0.044938818,0.15806408,-0.15644954,0.12186049,0.14516613,0.16467671
TCGA-64-1680-01,0.060737126,-0.050981108,0.0437528,0.03045905,0.105856486,-0.2707881,0.018645158,0.0040582498,0.023589462,0.041915648,0.4766641,0.287441,-0.1909051,-0.03681354,0.06512004,0.110930465,0.018481428,-0.039105717,-0.011659265,0.011887346,0.024809737,-0.051423453,-0.117206104,-0.064237975,-0.009261858,0.10219296,0.049197007,0.027924916,-0.07680154,-0.070273235,-0.08550238,0.006038083,0.109296866,-0.02074565,0.011437693,0.12900546,0.080832414,-0.24032101,0.045552593,-0.050510854,-0.21767238,0.123040855,0.019527676,-0.018756645,0.14231923,-0.047064375,-0.019411819,-0.040160496,0.037199575,-0.15303908,-0.12146592,-0.35822135,0.063419975,-0.10359029,-0.19014405,-0.03817797,-0.015144415,0.035480436,0.014268736,0.10759925,-0.17897783,-0.08924245,0.12999736,0.09004949
TCGA-50-8460-01,0.010350272,0.029178146,-0.057038832,0.044561446,0.09453576,-0.060002815,-0.08072292,0.23217297,-0.09173512,-0.013521774,0.119310245,-0.001320169,-0.1728121,-0.03225568,0.0700302,-0.24595155,0.041519683,0.08063198,-0.025686843,-0.12219505,-0.21019052,-0.07360337,0.022380583,0.14843047,-0.034314465,-0.015505245,0.095874175,-0.056263354,0.12784445,0.041611336,-0.13233802,0.09418039,-0.06969054,-0.047894828,0.06877835,0.2102508,0.06278908,-0.117412895,-0.032614432,0.10534773,-0.08256099,0.08068257,-0.1188796,-0.04800592,-0.09270548,-0.13568752,0.008012366,-0.02426598,0.06417562,-0.002603536,-0.0354656,-0.09926277,0.029856162,0.09891762,0.32882777,-0.056580827,0.02285173,-0.15155959,0.092705354,0.15551648,0.322674,-0.24731955,0.12385538,-0.36054176
TCGA-44-3917-01,0.1796454,0.06264775,-0.17296793,-0.014917385,-0.16146632,-0.040436223,0.17687504,0.0391333,-0.083685756,-0.005587843,-0.2900281,-0.045714058,-0.043860298,0.012121666,-0.0450826,0.09406264,0.036409806,-0.067290634,-0.07103101,-0.26439795,0.0047691986,0.09227608,0.0055330466,0.059004463,0.026892288,-0.2426412,-0.07147746,0.092419885,0.082780495,-0.026162136,0.24655706,0.08570349,0.20353974,-0.03834755,-0.2613799,-0.014027549,-0.2652789,0.37669167,0.15172073,0.14354709,0.054650597,-0.03137391,-0.099150844,-0.085994475,-0.03551737,-0.0069197025,-0.05751772,-0.012203345,0.034129154,-0.09023605,-0.06170892,-0.044222314,0.0040776995,0.17292476,-0.087998286,-0.030036308,-0.08360772,0.019842844,-0.080124386,-0.19718215,-0.048333514,0.1242773,0.028197989,0.08367624
TCGA-17-Z021-01,-0.009942869,-0.12563466,-0.08854411,-0.00265467,0.16853903,-0.027327714,0.1208752,-0.121313505,-0.17191146,0.046040602,-0.039905805,0.02181382,-0.050743043,0.06610117,-0.045010224,0.06488449,0.044327397,-0.0057277693,0.03321918,-0.13621782,0.045292955,-0.15755434,0.038770836,-0.117577285,-0.06089877,-0.3973634,-0.099500954,-0.017665392,0.23032649,0.010969831,0.1464707,-0.08152938,-0.03651682,-0.09416574,0.11769872,-0.18913282,-0.2448781,0.19793963,-0.18981864,0.058223724,0.019182418,0.039825857,-0.2297416,0.05053021,0.13823855,-0.03145916,-0.22135031,0.029709797,-0.17452638,-0.16677485,-0.046236675,0.06590508,0.024259344,0.2514694,0.044547766,0.13515942,-0.063197955,-0.03454325,-0.117158785,-0.11464543,-0.047749083,0.20205636,-0.05262075,-0.038675256
TCGA-44-A47F-01,0.12511091,-0.20852901,-0.046608947,0.10334585,0.20079298,0.053383883,-0.085279115,-0.065841824,-0.18107446,-0.034429487,-0.06098045,0.031145263,-0.09540247,-0.08932967,0.054318145,-0.13553475,-0.18572739,-0.12510133,0.029139364,-0.0054638255,-0.16355386,-0.15798649,0.042420678,-0.1247628,-0.12522359,-0.1271619,-0.007181269,-0.059189696,0.20440781,-0.11283724,-0.02884356,0.041720442,-0.12873395,-0.09986499,0.11870572,-0.07953074,-0.0007662019,0.053934526,-0.3192835,0.15689197,-0.0006078015,0.089453034,-0.34249955,-0.03874189,0.09930874,-0.08741314,-0.06260426,0.03999234,-0.008072565,-0.055127177,-0.018411826,0.098974615,-0.060438596,0.31974778,0.087592736,0.08386668,0.08123096,-0.042563014,-0.069699354,-0.03668907,0.09066035,-0.24010783,-0.16441223,-0.12635855
TCGA-38-7271-01,-0.011374312,0.23129171,0.0211592,-0.38931507,-0.18365744,-0.21618424,-0.16778356,-0.06425437,0.007781949,0.010972946,0.026510252,0.04397605,-0.19985668,-0.033296898,0.07634775,0.32354125,0.12625761,-0.0330983,-0.045894086,-0.14644875,0.029721363,-0.16852783,0.022460075,-0.07398148,0.110143796,-0.037738487,0.056393936,0.16014972,-0.14114518,0.08504043,0.24455209,-0.01640819,0.022987708,0.052162174,-0.08691705,0.10128994,0.13921179,-0.09641378,-0.07128373,0.003704777,-0.039614193,0.10774632,-0.061121143,-0.027215974,0.016118692,-0.10348456,0.14954053,-0.05029051,0.000833163,-0.124522336,-0.06693064,0.15098432,0.15770334,-0.08130733,-0.020418465,0.019356158,0.18569827,-0.037612792,-0.046502978,0.06301705,-0.11702109,0.109182075,0.19377393,0.18213351
TCGA-97-8175-01,0.27226755,0.110261165,-0.0713087,0.08493896,-0.24859105,-0.0839061,-0.022536078,0.07511164,-0.14066207,-0.099330686,-0.24967702,-0.042136557,-0.114076056,-0.052675534,-0.030877706,-0.05759265,-0.13363412,-0.19786766,-0.092255436,-0.19387202,-0.16295409,0.07532895,-0.052909724,-0.011812388,0.055307098,0.05835038,-0.044740297,0.15432537,-0.108862035,-0.055727873,0.052280854,0.09786924,0.051920097,-0.07295343,-0.14332025,-0.045362942,0.071358815,0.27216837,0.13977027,0.11497637,-0.08758425,0.04794617,-0.09559582,-0.07349181,0.14343464,-0.13354523,0.25357577,-0.047610138,0.13945013,-0.07193871,-0.07382914,-0.1123459,-0.0068226694,0.16544963,0.14124835,-0.1405885,-0.126843,0.035744336,-0.14349009,0.10877109,-6.486102e-05,-0.13308918,0.13869813,0.21490708
TCGA-MN-A4N5-01,0.15308604,-0.018828273,-0.08081184,-0.08270882,-0.13194959,-0.0146456845,-0.15206313,0.03441115,-0.15172789,0.008742299,-0.1899806,-0.074720144,-0.009516952,-0.066997096,0.09121653,-0.007428322,-0.20117609,0.24299952,-0.03680637,0.16059536,0.1564106,-0.15483971,-0.09418564,-0.045034513,-0.00810598,0.076051794,0.051211406,-0.10597141,0.08960356,0.020529093,0.09566262,0.08014906,-0.16000295,-0.041946888,0.010855494,0.0012686587,-0.26651144,0.14293395,-0.044863746,0.14228483,0.030829774,0.10008624,-0.18815008,-0.07017336,0.04568476,-0.068397276,-0.17427173,-0.24450076,0.16739036,0.10627596,-0.11937729,0.031328555,0.070482135,0.3486471,-0.13864343,-0.11916967,-0.1868761,-0.0066815536,0.15365958,-0.17710482,-0.021745322,0.112308845,-0.068579726,-0.042589515
TCGA-17-Z009-01,-0.0053523043,-0.13037528,-0.059627652,-0.023121394,0.20636113,0.032532085,0.13444127,-0.1653356,-0.15902781,0.074604005,0.021123378,0.04497218,0.02421419,0.094765864,-0.092241764,0.0968775,0.031142605,-0.026578607,0.047033835,-0.16555035,-0.00037799307,-0.124838255,0.055642363,-0.16610001,-0.124864504,-0.41904652,-0.12880999,0.024041211,0.22227716,0.00073007436,0.15946336,-0.08051646,-0.02970152,-0.060708974,0.12472623,-0.20955041,-0.21766166,0.20132829,-0.18237217,0.011437076,-0.003585675,0.01618209,-0.20800042,0.07048147,0.10621011,-0.01652107,-0.18778668,0.054810673,-0.17732029,-0.11746299,-0.05114925,0.00777009,-0.048107512,0.23799789,0.028884623,0.120105326,-0.009854169,0.010680544,-0.054668944,-0.068151765,-0.07636349,0.19454046,-0.056326207,0.036157276
TCGA-55-7727-01,0.07914802,0.043989222,-0.10342278,-0.10443967,-0.08756285,0.04079344,0.19053873,-0.08698684,-0.14343524,-0.07016642,-0.34212437,-0.015190579,-0.092982024,-0.019544277,0.003795074,0.16643967,-0.122372694,-0.076651506,-0.055956624,-0.14247128,-0.12853092,-0.0032883247,0.0028925443,-0.025723672,0.048678204,-0.145932,0.00027868207,0.099739954,0.00054765976,-0.087449685,0.3061791,0.05940366,0.21410552,0.008710565,-0.07996534,0.077891454,-0.12753232,0.32806465,-0.08469744,0.15270047,0.1635373,0.026125647,-0.2142213,-0.08878006,-0.024290225,-0.026522784,0.11090525,0.066126995,-0.0030561495,-0.020545209,0.01655731,0.09099367,-0.039344206,0.21788512,-0.12271021,0.08489406,0.16515918,-0.04002662,-0.21758984,-0.19892779,-0.06270772,-0.03758088,-0.067582525,0.1398132
TCGA-78-7159-01,0.038449284,0.09562239,-0.10267293,0.27277914,0.00030635585,-0.06312927,0.25935107,0.026193826,-0.0677152,0.040309653,0.1544007,0.11632423,-0.18486625,-0.0044067902,0.18823782,0.029389154,0.063206166,0.15167663,-0.04175269,-0.033005163,0.24007976,-0.11890369,-0.066688314,0.21525644,0.15582336,0.0006140035,0.07013424,-0.14858916,0.04063468,-0.03170672,-0.094511375,0.06647707,0.23004325,-0.11436443,-0.0033892174,0.22548343,-0.17586671,-0.14144981,0.21643645,0.045741834,-0.10322766,0.10182938,0.07068549,-0.07343159,0.16497768,0.01278165,-0.1453292,-0.10591233,0.038869318,-0.041279536,-0.11047153,-0.22742224,0.12883511,0.00025864615,0.02230648,-0.09494983,-0.12512857,-0.20001489,-0.0029172248,0.06458346,0.014700993,0.10037056,0.10309902,-0.12987168
TCGA-MP-A4SY-01,-0.004684351,0.0040460415,-0.16375825,-0.19094457,-0.0891005,-0.37840548,0.14567783,-0.10881307,-0.064173974,0.04792449,0.017174011,0.096174665,-0.31959224,-0.029518293,-0.011484257,0.12612803,0.02846696,0.13982832,-0.100551784,-0.026951507,-0.12817392,-0.19740601,-0.07540675,-0.06942931,0.03311766,-0.12076625,0.021685068,-0.010245827,-0.044873454,0.10045947,0.20323253,0.11837585,0.019835997,0.08347666,-0.082997516,0.0038442204,-0.015780944,0.10475164,0.1382962,0.08898846,0.04093746,0.16102213,-0.16787347,-0.036701065,-0.27594733,-0.07552936,0.08163964,-0.08522586,0.07441417,-0.23470956,-0.0981599,-0.14405961,0.025711607,0.055434667,-0.08652868,0.03517491,0.16946404,-0.09010402,0.02713658,-0.15837216,-0.13692205,0.21023218,-0.021990255,0.04122251
TCGA-L9-A8F4-01,0.01825114,-0.0077198623,-0.033477467,0.18954134,-0.11957036,-0.07926611,0.14664622,0.16051604,-0.039972045,-0.002548269,0.048734244,-0.018623294,-0.039872568,-0.107301354,0.06247629,-0.23171419,-0.19646679,-0.16382636,-0.017383069,0.076528534,0.008711025,-0.062065784,-0.06323054,0.09124167,0.032996837,0.17624377,0.104837626,-0.23451872,0.24632338,-0.15842997,-0.24636634,0.09705202,0.11752666,-0.0415676,-0.24148667,0.10776002,-0.12081449,0.053717386,-0.08829048,0.06334384,-0.0076039266,0.056372754,-0.12460293,-0.010634594,0.17137884,0.020660818,-0.032989476,-0.0046296697,0.045650665,-0.039826743,-0.006534348,-0.12302339,0.0011200251,0.0457103,0.09284711,-0.10936843,-0.09107517,-0.30822587,0.08501339,-0.10251368,0.13268921,-0.257797,-0.15389249,-0.20727554
TCGA-86-A456-01,0.060876396,0.08495554,-0.06808118,0.052348077,-0.08705318,-0.11546788,0.04922281,0.028159618,-0.14165293,0.026628386,-0.07293868,-0.05635631,-0.19195087,0.04343657,-0.00062850706,-0.033699397,-0.14985433,0.010714707,0.00055067515,-0.31646988,-0.01173709,-0.15443183,-0.018401684,-0.053619318,0.005345835,-0.057378806,-0.040512726,0.19813453,0.009233893,-0.1090023,0.20192043,-0.03887874,0.07777087,-0.06069547,-0.017212832,0.047601856,-0.13070506,0.1422161,-0.13379617,0.08739847,-0.050504554,0.05588072,-0.26825607,-0.0013918674,0.26229858,-0.103144206,7.262279e-05,0.016263995,-0.06881979,-0.13823023,-0.014444103,-0.24219364,0.07732805,0.3676843,0.15090375,0.19593814,-0.000499669,-0.028895905,-0.12393106,0.15393,0.092413165,-0.100509405,0.25162327,0.02581337
TCGA-49-4512-01,0.10007502,-0.0748607,0.015629338,0.17819783,0.020272508,-0.12990807,0.21773666,0.05580029,-0.08340036,-0.028258998,0.15085986,0.14664094,-0.10220603,-0.04705865,0.018977832,-0.1532081,-0.15637487,-0.012675586,-0.055827808,-0.13161083,-0.10052556,0.049912483,-0.17498916,0.07224195,0.036076788,0.0045208754,0.11523331,0.10398971,0.13472912,-0.116955675,-0.31202623,0.03830675,-0.10058459,-0.1159872,0.06836169,-0.15639628,-0.027265536,0.24458136,0.11727533,-0.000997232,-0.18316804,0.0407993,-0.019136773,-0.033417135,0.2848393,-0.07422879,0.057703804,0.115996905,0.14308923,-0.07901582,-0.077671826,-0.08595656,-0.08209888,-0.057724774,0.01702222,-0.21221782,-0.20707789,0.08480915,-0.2772529,0.15191515,-0.09759882,0.0108602885,0.113298565,0.106365
TCGA-86-8055-01,-0.021799298,0.10900122,-0.029097185,0.0052938685,-0.012861668,0.04594292,-0.009507099,0.15853296,-0.10345754,-0.059740093,-0.04075898,-0.068016976,-0.014147398,-0.12392492,0.118955895,-0.20516014,-0.117333084,-0.12469685,-0.03550445,0.0015425829,-0.026724959,-0.118643045,-0.054851778,0.15724641,0.069412746,-0.10591334,0.1670012,-0.011004097,0.34684482,-0.0667946,-0.14850967,0.07263084,0.0851274,-0.09566063,-0.063699484,0.16725428,-0.27550462,0.15574348,-0.21555153,0.09760166,0.08154841,0.03561324,-0.18569055,-0.081121504,0.14811316,-0.030950587,-0.23633999,-0.02008489,0.036806617,0.008412024,-0.040796626,-0.0852984,0.12508832,0.11032346,-0.020252889,-0.037862238,-0.011232921,-0.1278252,-0.20985864,-0.17206717,0.14568529,-0.24540919,0.013673091,-0.23060057
TCGA-55-7815-01,0.08188596,-0.18940169,-0.04603091,0.2771373,0.13967323,-0.028568542,-0.119275756,-0.072915874,-0.12194793,-0.032952536,0.044701252,0.11784811,-0.039619822,-0.061909545,-0.01151714,-0.1687224,-0.10598008,-0.3054906,-0.013224908,0.20279235,-0.3567003,0.008275474,-0.061234813,-0.002756359,-0.03460357,-0.004609193,-0.0814782,-0.24688354,0.18493293,0.015847601,-0.107295804,0.054553248,-0.15571076,-0.012258827,0.14536731,-0.04742861,0.0651948,-0.024069779,0.10459188,0.119674735,-0.05362448,0.054936763,-0.21860607,-0.024987089,0.044667218,-0.108562686,-0.08505747,-0.038390253,0.05367429,-0.15479033,-0.05375559,-0.087149434,-0.064878434,0.062125802,0.08492278,-0.017240778,-0.14943926,0.00875214,0.06393134,-0.16516301,-0.07346987,-0.14138518,-0.29452455,-0.06813813
TCGA-49-4505-01,0.086373605,-0.01841661,-0.10938365,0.021590436,-0.12535016,-0.1565848,0.27832398,-0.031428743,-0.15313986,0.011707294,-0.0010735872,0.14456673,-0.2928176,-0.04745327,0.09035827,0.120839275,-0.0037489529,0.2974073,-0.06625549,-0.1488062,0.055404473,-0.033971235,-0.17123404,0.03306568,0.0365632,-0.039666846,0.1408932,-0.016202357,0.05827205,-0.024467105,-0.026984518,0.11524578,-0.054296277,-0.05689063,0.032054584,-0.1131058,0.0005737274,0.19530764,0.15245555,0.088706225,-0.0918679,0.12734696,-0.07834613,-0.06568175,0.1293548,-0.08386551,0.1559939,0.082003444,0.17451237,-0.064936176,-0.11100593,0.24385646,-0.081440456,0.02182921,-0.111794844,-0.17121369,-0.08670821,0.011843214,-0.13499424,0.09218372,-0.21234603,0.29529402,0.021114659,0.11610289
TCGA-93-A4JP-01,-0.008504863,0.0067727314,-0.08547388,-0.1676949,-0.055974282,-0.21714178,-0.09027674,0.031127479,-0.0046715722,-0.05898939,0.15026735,0.23001333,-0.20662563,-0.06588227,-0.029367875,-0.07628053,-0.06440997,-0.21576157,0.0021670437,-0.100703105,-0.25070408,0.05245514,-0.07232213,-0.0025947045,-0.14294498,0.0017967486,0.13422513,-0.031717002,0.093245655,-0.1648888,0.14214407,0.08652851,0.24289848,0.10381864,-0.16161524,0.17133245,0.19148141,-0.026331255,-0.06920691,0.068399586,-0.019685715,0.022370301,-0.18501483,-0.052364036,-0.019214168,-0.088596426,0.19030623,0.1357076,0.025998347,-0.1734501,-0.043751854,-0.23741476,-0.09010644,-0.019301265,-0.23410343,0.043313604,0.17345509,0.10222163,0.019105146,-0.108934306,-0.0820274,-0.22596253,-0.0030848915,-0.007536098
TCGA-55-6980-01,0.10824946,-0.026429312,-0.12682854,-0.2307166,-0.07925883,-0.092139706,0.06662359,0.032492474,-0.058390766,-0.06819084,0.033439405,0.08252133,-0.091650546,-0.114749394,0.045866586,-0.024965571,-0.091250665,0.20998232,-0.06303357,-0.1708966,-0.025816971,-0.08626779,-0.11752014,-0.07201445,0.0026366678,-0.07741372,0.18372212,0.2160839,-0.05581291,-0.067461394,0.027808014,0.16826427,-0.047136758,-0.0540398,0.021226484,-0.07038897,0.021276904,0.06541423,0.04006734,0.06310175,-0.1809946,0.13034587,-0.070451744,-0.13191727,-0.06254583,-0.15773161,0.05784418,-0.11048704,0.25948527,-0.04625952,-0.12475161,0.36555132,0.06988779,0.07218014,-0.2760377,-0.28663078,0.08179135,0.14625296,-0.07943741,0.10618098,-0.046543602,-0.03310188,0.21277638,0.05639592
TCGA-MP-A4SV-01,0.07529029,-0.05333678,-0.12518689,0.29299936,-0.106867686,-0.11604545,0.34059247,-0.0035213395,-0.037398774,0.096246675,0.063537635,0.16278592,-0.13168922,0.0070878323,0.013989984,-0.0051963762,-0.003506432,0.09208027,-0.013901671,-0.0823674,0.2372633,0.07582939,-0.10627281,0.05744098,0.08228145,0.18366632,-0.023338286,-0.038998093,-0.022138694,-0.17224382,-0.03461148,0.070359714,0.065750495,-0.10193893,0.022309182,-0.10854439,-0.031247865,0.04048747,0.2708279,0.03214956,-0.2559558,0.056726635,0.07435974,-0.055673707,0.28343403,0.009235561,0.097162016,0.010023465,0.12552641,-0.048135728,-0.081471644,0.14107989,-0.0071133655,0.041490547,-0.23006517,-0.11650011,-0.16540797,0.08262694,-0.050313078,0.1388975,-0.18408261,0.16387707,0.061787922,0.120397516
TCGA-44-A47A-01,0.091881484,0.026132362,-0.08715964,0.05210909,-0.1672266,-0.073558114,-0.1397297,0.16396844,-0.07843049,-0.09796673,-0.17092918,-0.07873399,-0.04115628,-0.09157362,0.048132338,-0.35320747,-0.08960557,-0.23476899,-0.042554922,0.13752691,0.17775418,-0.03364557,-0.02934357,0.07210341,0.03970052,-0.016925782,0.082327604,-0.16368783,0.22967263,-0.0163813,-0.21012625,0.07839097,-0.012021855,-0.16484024,-0.18561752,-0.019309282,-0.0873993,0.0010289091,-0.16326691,0.13174611,0.09011204,0.017341541,-0.106088065,-0.058239087,0.14519455,-0.052135423,-0.14181434,-0.010068532,0.063755706,-0.066071145,-0.028493071,0.0749285,0.14138906,0.15400292,0.12701735,-0.035265822,-0.14287426,-0.085994296,-0.13060267,-0.21901356,0.2261853,-0.1251464,0.0025512355,-0.18594247
TCGA-75-6203-01,-0.03572781,0.16667807,-0.058046345,-0.15792738,-0.05697067,-0.20520666,0.03039641,-0.10774363,-0.04963423,-0.05471978,0.22970611,0.17623153,-0.18810818,-0.048283696,0.06395752,0.22831777,0.12702508,0.19445455,-0.053108666,-0.21216433,0.21516578,-0.10897545,-0.04484309,-0.104271606,0.02128057,-0.051284786,0.076212704,0.18897983,-0.081561126,-0.085676625,0.08929221,0.020301584,0.18141425,-0.07217431,0.01328106,0.115344405,0.056097146,-0.14202596,-0.035894226,-0.032409754,-0.17892274,0.13185799,-0.019465938,-0.06348523,0.20564242,-0.098477475,0.039203547,0.059696894,0.03146755,-0.11346346,-0.09368461,0.18118078,0.07286,-0.02789829,-0.1845904,0.01203019,0.034006745,0.09572915,-0.109254956,0.18975727,-0.17729558,0.073281676,0.22887766,0.1741444
TCGA-17-Z016-01,-0.009873145,-0.12567924,-0.08869453,-0.0026617246,0.16855924,-0.027585616,0.1208348,-0.12132835,-0.17193292,0.045966674,-0.03985702,0.021952905,-0.050896436,0.06599472,-0.04493074,0.06488404,0.04428032,-0.0057695033,0.033141594,-0.13623522,0.045188878,-0.15759556,0.03871659,-0.11760121,-0.06088033,-0.39728904,-0.09941133,-0.017732406,0.23028336,0.010840374,0.14652294,-0.0814315,-0.03645869,-0.09416732,0.11757141,-0.18920395,-0.24481358,0.19790837,-0.1898442,0.058340006,0.019141354,0.0399257,-0.22988829,0.050443687,0.1382267,-0.03156113,-0.22124557,0.029708466,-0.17445472,-0.1669704,-0.046335075,0.06592608,0.024238188,0.25144506,0.044476293,0.13516642,-0.06325594,-0.034596678,-0.11711506,-0.114742115,-0.0477503,0.20203283,-0.05266311,-0.03872863
TCGA-44-7671-01,0.08474386,-0.0150686195,0.05010263,0.28957564,0.12760213,-0.037099157,0.057851624,0.11203811,-0.03379857,-0.016334824,0.23222536,0.023141008,-0.097601846,-0.08862676,0.108946696,-0.083865814,-0.123568155,-0.2814047,0.026677195,-0.22981064,-0.184933,-0.096017726,0.035718612,-0.0044791372,0.027119907,0.22587709,0.120184086,0.1315611,0.01595652,-0.12827478,-0.15540184,0.06907948,-0.043584682,-0.0019026004,0.0687588,0.0993288,0.0108536845,0.04558027,-0.100410566,-0.023891347,-0.22004582,0.08144267,-0.08638835,-0.025825927,0.31589997,-0.09137834,0.09955187,-0.07415751,0.012094236,-0.04859911,-0.06263484,-9.897178e-05,0.013820629,-0.054792807,0.073857225,-0.1545497,-0.08868037,-0.081765436,0.03414466,0.28025267,0.017362785,-0.29546562,0.147434,-0.005768448
TCGA-75-5125-01,0.076269366,-0.028137878,-0.0682024,-0.12788811,-0.025038369,-0.11242139,0.118777916,-0.047054287,-0.11746347,-0.106991656,-0.29884744,0.01925193,-0.20755441,-0.06103563,0.11948726,0.2218496,-0.04172634,0.19508703,-0.066523924,-0.09350029,-0.043036405,-0.12920006,-0.03680481,0.08398169,0.09852198,-0.15695389,0.113108486,0.09809689,0.0731708,0.09131813,0.17005423,0.037855282,-0.16857444,-0.05046707,0.002501817,-0.13761456,-0.13870673,0.28528938,-0.06717919,0.20234883,0.10619772,0.06612996,-0.22428757,-0.06883791,-0.073342465,-0.08700346,0.01229824,-0.018845769,0.052031584,-0.102241084,-0.016262472,0.24834254,0.124346085,0.13804874,-0.052981716,-0.01573133,0.055536445,-0.08929414,-0.1931818,-0.20282358,-0.03745259,0.22023068,-0.024997678,-0.06315184
TCGA-44-6144-01,0.09165199,0.13987167,-0.03985402,0.0502298,-0.022818534,0.03067945,-0.20850377,-0.106011964,-0.17605881,-0.13518001,0.13279785,-0.04281443,-0.073200434,-0.08723324,0.11906798,-0.15175904,-0.17109306,-0.044904657,-0.010435658,-0.07841364,-0.17869885,-0.281435,-0.005306671,-0.08537838,-0.01569544,-0.03155755,0.10870157,0.18610696,-0.052513182,-0.05521064,-0.18743579,0.021770291,0.14337556,-0.12057215,-0.008297479,0.27489993,0.026856374,-0.07013727,-0.065509826,-0.04385679,-0.057247408,0.12768103,-0.13766758,-0.027476631,0.1950009,-0.17486914,0.00047711888,-0.037117828,0.07061463,-0.080156095,-0.077682294,-0.107097924,0.042764787,0.08527033,0.17753483,-0.076429315,0.0035428656,-0.08335102,-0.113160096,0.2448737,0.053964537,-0.35895845,0.15886413,0.0613422
TCGA-50-6673-01,0.046907045,0.024914708,-0.0146387555,0.19057202,0.051537216,-0.00820988,0.045534432,0.12473511,-0.15182804,-0.088459395,0.06393927,0.007905197,-0.113942385,-0.052165743,0.18953095,-0.24752213,-0.010426479,0.16525783,-0.085501365,-0.011016375,0.17233782,-0.19316453,-0.042948667,0.1672194,0.06746109,-0.062429722,0.15249275,-0.14647879,0.17846282,-0.032515272,-0.29632765,0.074377894,-0.092218064,-0.16212755,0.07485586,0.023964938,-0.075726666,-0.12530681,-0.10132117,0.06662755,-0.054765157,0.08510728,-0.05814017,-0.08355453,0.16131051,-0.083212554,-0.08321863,-0.03750402,0.08458265,0.0112316115,-0.09523237,0.014907912,0.08307179,0.06819676,0.31925678,-0.13370551,-0.12900959,-0.19403136,0.011382913,0.12105618,0.24572298,-0.010077992,0.0981215,-0.23493022
TCGA-55-7725-01,0.07914428,0.24509746,-0.080995105,-0.39345148,-0.1286618,0.086062565,-0.2164142,0.022302102,-0.073102914,-0.04513021,-0.2662902,-0.03154907,0.04810398,-0.062321357,0.028419526,0.1366982,0.033668127,-0.34566966,-0.05553739,-0.031827763,-0.20393059,0.07130109,0.06345493,0.030513017,0.05818052,-0.14605822,0.0311353,0.02328711,0.06848069,0.049855687,0.21866733,0.11832743,0.12706843,0.025495175,-0.13505986,0.1631038,0.05201212,0.13691448,-0.054254785,0.103984,0.12324899,-0.003781325,-0.08476372,-0.10197119,-0.17626372,-0.056909576,0.0821687,-0.035366364,0.024980802,0.049510073,-0.09072832,0.079144605,-0.01419254,-0.050178863,0.0078743985,-0.07341413,0.19136322,-0.076127365,-0.094356544,-0.21077424,0.032253545,-0.11988646,-0.025743205,0.12227572
TCGA-78-7162-01,0.005825893,0.06445881,-0.13437149,-0.13085239,-0.0656371,-0.25683412,0.12063976,0.09539017,-0.014662323,0.062170174,0.1490135,0.116931275,-0.31304607,-0.064160444,0.03209125,0.04996429,0.037947785,0.1585623,-0.038160607,-0.14738904,-0.15938923,-0.14016403,-0.086118035,0.12097162,0.07650407,0.082756184,0.10178538,0.16942762,-0.0018067473,0.053181212,0.009861756,0.16006784,-0.06082464,0.033804696,-0.061374545,-0.01305395,0.07763,-0.008727491,0.08416452,0.09687708,-0.13701622,0.12669426,-0.13370489,-0.07276134,-0.24366245,-0.15204503,0.21853872,-0.11122217,0.18081523,-0.15534447,-0.15645075,-0.041521776,0.08324444,-0.04833609,-0.20478673,-0.1330662,0.22439454,-0.07225199,0.106499195,0.07215775,-0.149664,0.100979574,0.15629001,-0.10430891
TCGA-38-4627-01,0.0335331,0.096033245,-0.04869994,-0.08107977,0.020526193,0.09019728,-0.08756437,0.08837718,-0.09058625,-0.03199838,0.16462365,-0.0014724948,-0.078578874,-0.04411094,0.09665248,-0.19013724,0.041178264,0.19785108,-0.0053171604,-0.1623028,-0.21273941,-0.12247241,-0.038494382,0.091410644,-0.041647345,-0.109304614,0.14085558,0.030987322,0.020243427,0.08550098,-0.10400217,0.12102696,-0.020251662,5.7252782e-05,0.083219394,0.35012048,0.021943111,-0.105930835,0.19601727,0.011996896,-0.16019028,0.06102606,0.01304526,-0.05253777,-0.11844389,-0.15863466,-0.11171034,-0.14655736,0.1405937,0.046514243,-0.08402959,-0.062056035,0.032030698,-0.039094668,0.12521984,-0.24480188,0.03236519,-0.00068677217,0.08443075,0.28784543,0.22959393,-0.22778288,0.21997645,-0.14515893
TCGA-44-6775-01,0.17872614,0.14369787,0.007814926,0.08847969,-0.07209752,-0.018397981,-0.017405642,-0.12566347,-0.14520557,-0.10167561,-0.08236813,0.06773519,-0.04954025,0.026646148,0.07878897,0.03575358,-0.1446988,-0.036329385,-0.093595795,-0.036965743,-0.2809473,-0.065000534,-0.07583024,0.029130708,0.03724539,-0.19716586,-0.023801168,0.0693915,-0.12367355,-0.025667114,-0.014496908,-0.0062506604,0.262061,-0.08152542,-0.072700925,0.20810692,-0.013527447,0.13644342,0.30986074,-0.023064913,-0.023023866,0.049093176,-0.049922645,-0.038122226,0.086111374,-0.086403005,0.028081141,-0.08934142,0.06535297,-0.064367585,-0.1025407,-0.4948734,-0.014799547,0.025199063,0.15763187,-0.084358275,-0.11066623,-0.0660357,-0.13068098,0.09127972,-0.08422305,-0.12001142,0.12725748,0.18521024
TCGA-55-5899-01,0.16264224,-0.09690607,-0.11592453,-0.19636561,-0.098584406,-0.1391337,0.099742085,0.21057916,-0.11423108,-0.02328018,-0.082384005,0.0841373,-0.1262516,-0.09471449,-0.06994817,-0.1040644,-0.006151144,0.08595134,-0.06627705,-0.17095429,0.16549861,0.14921246,-0.14372094,-0.010662148,-0.10843837,0.06119672,0.1200448,0.01528266,0.12642863,-0.11907833,0.082531124,0.22252658,-0.0888382,-0.07106563,-0.05867382,-0.16238706,-0.025843706,0.22649045,-0.21394454,0.20319328,-0.03627565,0.0644274,-0.11357633,-0.14099583,-0.04669512,-0.09443044,0.12862796,0.12577407,0.20409134,0.04361489,-0.07828521,0.21511613,-0.09830858,0.21474214,-0.18938527,-0.11449302,-0.02457294,0.20095322,-0.0576132,-0.14318198,0.0073307934,0.04313196,-0.036657736,-0.01805351
TCGA-49-6745-01,0.09422254,-0.008903851,0.022141505,0.042078216,-0.10581332,-0.22111014,-0.09823056,0.14387918,0.06073094,0.0818095,0.049088743,0.052792724,-0.18273444,-0.046813425,0.09287389,-0.1573224,-0.079709284,-0.12801513,0.0073588365,-0.05097144,-0.15051532,-0.03641787,-0.02202339,0.0366587,0.109559536,0.18164833,0.047201168,0.02989475,-0.17185685,-0.10737879,0.032926533,0.03205534,-0.060060743,-0.03933244,-0.039984968,-0.05523742,0.30845127,-0.22377752,0.09305796,0.04513039,-0.29062593,0.093227595,-0.013838209,-0.03960555,0.12218857,-0.09121184,0.22052985,-0.15811457,0.07192124,-0.10370209,-0.043760873,0.025108876,0.16881163,0.0010761296,0.0999926,-0.070643276,0.10483108,-0.10820358,-0.028714288,0.23210111,0.116289616,-0.3004782,0.22950897,-0.13398397
TCGA-50-6590-01,0.09843197,-0.15745343,0.0395029,0.23170467,-0.040710825,-0.15044446,-0.07866038,-0.07839531,-0.06693861,-0.053210676,-0.09923941,0.016277794,-0.05063782,-0.124538705,0.07154167,-0.06239596,0.019456165,0.15865058,-0.03707982,0.17549485,0.07958647,-0.049021214,-0.120752804,-0.018104993,0.07258449,0.06949005,0.03145653,-0.2959086,-0.1158632,0.055730876,0.025110465,0.027528387,-0.17273702,-0.031794537,0.09140781,0.017609684,-0.09812781,0.06506875,0.18152401,0.08722629,-0.1566687,0.0949012,0.028303761,-0.033117075,0.26198566,-0.07329056,-0.13138846,-0.21260594,0.08120983,-0.023990616,-0.035351105,0.22932506,0.08601317,-0.06893523,0.005125622,-0.21261491,-0.40970603,-0.034455076,-0.07651695,-0.08707854,-0.07320057,-0.043682497,-0.22848703,-0.07067265
TCGA-17-Z023-01,-0.009921213,-0.12566574,-0.08863766,-0.0026575604,0.16855456,-0.027493488,0.12085928,-0.121340506,-0.17193305,0.045986146,-0.039873745,0.021908903,-0.050842065,0.06603882,-0.04497886,0.064883634,0.044305947,-0.0057486775,0.033183806,-0.1362299,0.04524302,-0.15758118,0.03873193,-0.1175883,-0.060896367,-0.39728904,-0.09944712,-0.017699696,0.23028071,0.010902374,0.14651528,-0.081470035,-0.03649108,-0.094170325,0.11762905,-0.18916927,-0.24484369,0.19793114,-0.18984166,0.05829635,0.019165453,0.039880604,-0.22983594,0.050485022,0.1382187,-0.03152709,-0.22126564,0.029731782,-0.17448585,-0.16690324,-0.046288703,0.06592471,0.02424993,0.25144646,0.04448801,0.13517606,-0.06324083,-0.03456705,-0.117130354,-0.114714384,-0.047754653,0.20205177,-0.05264556,-0.03870258
TCGA-44-6779-01,-0.037199944,0.033626568,-0.010976569,0.120059006,-0.059184633,-0.072647594,0.08427256,0.07048986,-0.042779464,-0.08708963,0.08025937,-0.0009104713,-0.06373911,-0.023241805,0.08769021,-0.21648003,-0.028025517,0.27283356,-0.03167813,-0.13519259,0.07284829,-0.047480933,-0.07811883,0.0828221,0.09679167,-0.017199216,0.08549323,-0.017284311,-0.09305572,-0.12517641,-0.17471984,0.002887863,0.15944968,-0.14669952,0.030167565,0.2308705,-0.086029805,-0.095138,0.14645995,-0.0026158327,-0.23981778,0.070730224,0.06144596,-0.05460339,0.26088727,-0.12162585,-0.15147178,-0.081734516,0.056224223,-0.05872033,-0.031909753,0.10926709,0.11725314,0.016584426,0.13801834,-0.13654675,-0.22160698,-0.07763548,-0.1494502,0.22592562,0.18275061,-0.26565695,0.19643015,-0.19170305
TCGA-86-7955-01,0.035229128,-0.068151005,-0.020419344,0.1485998,0.06311435,-0.031099023,0.03740895,0.14968103,-0.08073911,-0.12437853,-0.07959924,0.053940486,-0.11207384,-0.093534425,0.07980788,-0.18957438,-0.15133944,0.0453001,-0.010053543,-0.013412668,-0.12663357,-0.09419759,-0.015513855,0.18835187,-0.010625054,-0.03547579,0.1825838,-0.28598225,0.22842254,-0.064314015,-0.018328026,0.08766811,-0.1165116,0.0076193498,0.055160027,0.010381942,-0.12099011,0.023888547,0.02233842,0.16387025,-0.043791123,0.037570752,-0.21242866,-0.066263266,0.08269767,-0.086197235,-0.067726135,-0.04957101,0.04474481,0.02682713,0.031097995,-0.14067686,0.027268829,0.14320269,0.16171066,-0.08862621,-0.17290469,-0.13844909,0.08938155,-0.104937196,0.33128703,-0.08276661,-0.023699401,-0.4287787
TCGA-64-5779-01,0.18728141,-0.037123304,0.010276944,0.20221214,-0.14319642,0.016401056,0.064638905,0.08016347,-0.11472255,-0.026011473,-0.120066874,-0.02659601,0.027643142,-0.037634574,0.16469102,0.019584788,-0.19399631,0.20263705,-0.04685804,0.27691326,0.100399144,-0.047521185,-0.14024627,0.11781843,0.2255427,0.18358836,-0.08725975,-0.039974224,0.020874001,-0.048063,-0.39545986,-0.043361455,-0.056012582,-0.2632382,-0.05909598,-0.08706233,0.0065646637,-0.04692143,-0.048947766,0.09979224,-0.04197877,0.09818854,-0.043215547,-0.06651482,0.102745265,-0.017956203,-0.048022795,-0.13316932,0.13938247,-0.016687576,-0.05669256,0.06298119,0.1013486,0.15018508,0.09641282,-0.116574176,-0.05970193,-0.31087786,-0.116541274,0.020869039,-0.09603455,-0.030635294,-0.13219506,-0.055527307
TCGA-17-Z061-01,-0.009962761,-0.12560178,-0.08850882,-0.002616978,0.16853324,-0.02728219,0.12090751,-0.12132226,-0.17193541,0.046040308,-0.039885532,0.02179252,-0.050696373,0.066123836,-0.045041237,0.06490484,0.044291295,-0.005727498,0.033232823,-0.1361645,0.04534419,-0.15755288,0.03875198,-0.117538854,-0.06088354,-0.3973205,-0.0995249,-0.017616218,0.23033378,0.010998338,0.14641713,-0.08155963,-0.03653247,-0.0942001,0.11773137,-0.18910979,-0.2449385,0.19797777,-0.18982053,0.05819885,0.019208761,0.039796177,-0.22970763,0.05055661,0.13827232,-0.03143941,-0.22136673,0.029723654,-0.1745425,-0.16673751,-0.046217006,0.06580016,0.024287969,0.2514857,0.044546608,0.13516231,-0.06322618,-0.0345457,-0.11718182,-0.114647925,-0.04777904,0.20209542,-0.05260292,-0.038635843
TCGA-78-7145-01,0.07074381,0.029383322,-0.119600706,-0.009710992,-0.08031865,-0.2491735,0.015831545,0.18589836,-0.15313825,0.016500887,0.037080146,0.16281158,-0.27844667,0.05630527,-0.115498915,-0.033429287,0.09826595,0.08135143,-0.074109845,-0.14408365,0.036628965,0.07958508,-0.10508975,0.05265232,-0.052690703,-0.11879125,-0.017114703,-0.14975224,0.13731647,0.076109864,0.027397538,0.07847311,-0.16653359,-0.042564265,0.11441969,-0.22936508,0.11254001,0.004060254,0.06784851,0.13450328,-0.106382884,0.09120546,-0.1488189,-0.03584132,0.10605423,-0.16787922,0.1503273,0.12284353,0.0749802,-0.055577986,-0.10351077,-0.13785963,-0.02853851,0.2061225,0.24321286,0.020070458,-0.18811296,0.10008691,-0.023963278,0.048536994,0.074184984,0.34386364,0.15967569,-0.06903643
TCGA-55-A4DG-01,0.21201451,0.0854025,0.0274961,0.22858715,-0.012392142,-0.049573623,-0.05548187,0.11285428,-0.16309421,-0.121436805,-0.18775848,-0.073215984,-0.14854155,-0.08837731,0.14314799,-0.05898379,-0.09132182,-0.09156768,-0.064691536,-0.105119444,0.061186176,-0.14510566,-0.012870751,0.105372645,0.08270547,0.009377753,0.01937875,0.016997434,0.096001595,0.011084632,0.006151316,-0.023801388,-0.07872295,-0.105712675,-0.033378173,0.04180792,-0.20313014,0.21888413,-0.13499963,0.12438786,0.07792772,0.032828614,-0.21031207,-0.057175692,0.26910514,-0.02850431,-0.05592832,-0.01952568,-0.012147947,-0.009491941,0.0034434772,-0.2719429,0.12689446,0.18310083,0.2697533,0.08286798,-0.17538437,-0.14367901,-0.24433568,-0.017396603,0.17839114,-0.11644974,0.10449918,-0.096355684
TCGA-99-8033-01,0.032294817,-0.029641626,-0.01102522,0.25762433,0.18279894,-0.01653351,0.12009262,0.06437617,-0.035768315,0.01353718,0.28206092,0.10393106,-0.035124693,-0.07555429,0.13502751,-0.12054533,-0.06696928,-0.056841787,-0.024257448,0.09394921,-0.064801365,-0.11695279,-0.062757544,0.1559141,0.04313317,0.013725337,0.13989136,-0.19829802,0.15408514,-0.03215546,-0.25282225,0.08788475,0.07678312,-0.051281724,0.0379161,0.22352833,-0.18583561,-0.09379758,0.09966527,0.018070752,-0.093428634,0.09106649,-0.005743912,-0.031019595,0.09006728,-0.014416693,-0.21135908,-0.124030806,0.06682398,-0.0012156543,-0.1084064,-0.30534378,0.052383862,-0.072022885,0.057400938,-0.18751511,-0.13809809,-0.2050545,0.056165643,-0.037232332,0.10259676,-0.16494943,-0.058112137,-0.254285
TCGA-99-8025-01,0.1722239,0.005294779,0.070735045,0.073358305,0.047161836,-0.15717874,-0.18826619,0.060909525,0.0035955736,-0.05975477,0.02732944,0.033727366,0.06260403,-0.107983895,0.081359364,0.004019425,-0.13961466,-0.11428874,-0.020131558,0.20077208,0.14245756,-0.104805164,-0.012837376,-0.05618761,-0.021981988,-0.02315809,0.15067238,-0.2230561,0.053638473,0.08425696,-0.033148892,0.045947652,-0.19757317,-0.012370568,-0.015891895,-0.07026054,-0.1742752,-0.0067680925,-0.10979841,0.035933375,-0.06407972,0.079946354,-0.038092736,0.0064455355,0.22346115,-0.042130806,-0.23910345,-0.22817726,0.04186366,0.05131238,-0.059495162,-0.11757267,0.19981307,0.08283917,0.021116028,-0.21548498,-0.38714072,-0.078115866,0.08067756,-0.23112595,0.16952778,0.0830288,0.018263936,-0.20799038
TCGA-17-Z002-01,-0.007614617,-0.13123126,-0.058219813,-0.024331318,0.20771138,0.033114363,0.13296299,-0.16693099,-0.1578907,0.07474256,0.022489443,0.04551622,0.02556395,0.09561643,-0.09480425,0.09714842,0.03226625,-0.026313646,0.04841274,-0.16490161,-0.00038214074,-0.12290339,0.05619265,-0.16723093,-0.12709777,-0.41874477,-0.12940592,0.025099484,0.2216356,0.0026331078,0.15900615,-0.08150229,-0.031423807,-0.060274627,0.12719406,-0.20947449,-0.2152982,0.19996764,-0.18346244,0.010205232,-0.0036837126,0.015176332,-0.20639798,0.071939476,0.10533779,-0.016294062,-0.18705516,0.05703154,-0.1781837,-0.11641608,-0.04981884,0.010750343,-0.048731986,0.23686194,0.0282151,0.12078201,-0.008087899,0.0132285785,-0.055353202,-0.067386486,-0.07716879,0.19408907,-0.056776736,0.036685858
TCGA-67-3773-01,0.027349718,0.1716097,-0.086209744,-0.16028534,-0.08541698,-0.16995005,-0.01819263,-0.09015257,-0.12441025,-0.033193614,-0.02389772,0.057871617,-0.22265959,0.059891805,-0.028530598,-0.05171176,-0.042135417,0.05771123,-0.044019155,-0.2630262,-0.15956417,-0.1737758,-0.0029639143,-0.017947918,-0.09095702,-0.25498182,0.03714715,0.09101934,-0.08689574,-0.012270428,0.24172772,0.005667974,0.13189615,-0.029197423,-0.038006667,0.15080345,0.04198331,0.005396516,0.08265033,0.037660163,-0.0054007308,0.054188978,-0.15930627,-0.003411771,-0.017116275,-0.14664334,0.08325337,0.07121063,0.011634755,-0.16268341,-0.03714556,-0.34905404,0.029740991,0.20435731,0.20320098,0.14041214,0.12218942,0.016565152,-0.11019504,0.11704755,0.18380061,-0.06400748,0.29399633,-0.009400326
TCGA-55-8091-01,0.048679862,0.18736054,-0.121900685,-0.20634778,-0.11546578,-0.01964369,0.029264001,-0.059270054,-0.08206418,-0.1481965,-0.008264276,0.027913705,0.014646748,-0.130002,0.012472369,0.17961356,-0.018902145,-0.05478753,-0.105560206,-0.06266735,-0.100211576,-0.01988554,-0.039056465,-0.0057142847,0.060665525,-0.16722886,0.042277794,0.24223132,0.14047919,-0.023603227,0.013315563,0.10869071,0.25086185,-0.01622356,-0.21171904,0.20671183,-0.24767035,0.20011626,0.06384572,0.08429854,0.00026895487,0.027509164,-0.10701349,-0.10625645,-0.04304292,-0.093962595,-0.17031874,-0.08850436,0.10794171,-0.10376163,-0.11897967,-0.02980398,0.06296005,0.04518656,-0.38532475,-0.12642963,0.028947407,0.089357436,-0.06711166,-0.16913752,-0.19492964,-0.04914855,0.027877582,0.1664728
TCGA-44-2657-01,-0.006639692,0.10100853,-0.11563341,0.31354174,0.0005786818,-0.08025548,0.187717,0.00035788663,-0.11633363,-0.08140061,0.06760408,-0.012320198,-0.20362589,-0.049989656,0.09855376,-0.07780025,0.011698441,0.112660654,-0.04371939,-0.33633167,0.023896275,-0.124836355,0.009490159,0.091576084,0.073732756,0.045497976,0.03142243,0.079232745,-0.019145029,-0.12094898,0.038172692,0.0674474,0.23202379,-0.062491927,-0.016373586,0.3096059,-0.24393715,0.06268363,0.1351078,0.032651227,-0.17165144,0.060645603,-0.06742792,-0.059106544,0.24312995,-0.08313733,-0.06896789,-0.06562291,-0.009662899,-0.10079914,-0.048311647,-0.13057354,0.06781848,0.09633135,0.07985362,0.026532961,-0.15010315,-0.08756818,0.004887115,0.20717381,0.10089753,-0.18334986,0.19606405,-0.06821103
TCGA-71-8520-01,0.05571217,-0.18833612,-0.0957311,0.113003574,0.25260916,-0.24230283,0.03327254,0.05920672,-0.057588108,0.079436794,0.17015855,0.15207078,-0.16088614,0.027211446,-0.065018244,-0.18827215,-0.041136347,-0.15723106,0.040835753,-0.16525479,-0.16505483,-0.049493052,-0.008692789,-0.04974115,-0.20645344,-0.1716649,0.018006375,-0.10466776,0.19757634,-0.04137472,0.15163457,0.04042667,-0.08735409,-0.03380461,0.08661057,-0.052571647,-0.059858568,0.03958578,-0.16559078,0.11194088,-0.06970596,0.05626609,-0.23403843,0.009158447,0.016613703,-0.08472338,-0.105205,0.04438234,-0.05547739,-0.19589765,-0.047752958,-0.2806834,-0.027933009,0.24020104,0.08185833,0.08639143,-0.03874212,0.038165823,0.08216059,-0.12330258,0.13938777,-0.104851946,-9.797533e-05,-0.2235291
TCGA-17-Z058-01,-0.0068649813,-0.13128674,-0.05850058,-0.023913471,0.20733202,0.03318987,0.13325585,-0.16613245,-0.15818612,0.07463631,0.021947974,0.045077663,0.0250985,0.09555199,-0.094112284,0.0972395,0.031953573,-0.026118409,0.048140608,-0.16545065,-0.00089738256,-0.12331181,0.056142364,-0.16699421,-0.12645051,-0.41882303,-0.12937833,0.025102323,0.22168145,0.0023105722,0.15901573,-0.08132808,-0.031097049,-0.06032487,0.1266154,-0.20920508,-0.21595259,0.2004828,-0.1831811,0.010551408,-0.0036153442,0.015502667,-0.20691328,0.071541674,0.10542589,-0.01657355,-0.18747781,0.05624836,-0.17799887,-0.11673902,-0.05015316,0.010391599,-0.048565928,0.23727275,0.028617319,0.1203922,-0.008611568,0.012561572,-0.05494867,-0.067378685,-0.07716795,0.19401574,-0.056716364,0.03662766
TCGA-05-4244-01,-0.028266534,-0.008262589,0.00071421184,0.07801263,0.05514838,-0.24510457,0.13068943,0.052025095,-0.05551401,-0.10753374,0.40856165,0.20722778,-0.16004698,-0.07896657,0.033738866,0.059827264,0.06775661,0.108444445,-0.066054374,-0.11005772,0.008606727,0.040632173,-0.1547887,0.036010284,0.036352765,0.06038153,0.13156001,-0.06102586,0.057232056,-0.09614787,-0.21953149,0.059450377,0.2148297,-0.035563752,-0.04619037,0.27148813,-0.1282684,0.016823385,0.068266205,-0.0075528626,-0.13218789,0.09888106,0.029614238,-0.052047607,0.19380161,-0.09996298,-0.11418291,0.071376294,0.05465542,-0.12318842,-0.095298395,-0.16278186,-0.045314524,-0.21454684,-0.11550022,-0.16146348,-0.29232636,-8.616845e-05,-0.048798982,0.0058917673,-0.16054809,-0.050968003,-0.01629717,-0.0054357667
TCGA-05-5428-01,0.09864847,-0.03360118,-0.10586775,0.2307459,-0.07401809,-0.18631226,0.12479718,0.050367355,-0.12494771,-0.027812341,0.065952055,0.16866614,-0.18525162,-0.046150874,0.034446593,0.05352664,0.12152217,0.09844797,-0.08595925,-0.07228332,0.15852629,0.15310472,-0.15227036,0.022689441,0.028185386,0.15586773,-0.026480393,-0.14159232,-0.082967915,-0.12258241,0.008478432,0.09658541,0.26060575,-0.1362564,0.019314043,0.20129903,-0.06197007,0.10286182,0.17874363,0.0754975,-0.15042211,0.11940889,0.05269707,-0.10993112,0.26499164,-0.05440379,0.050517377,0.012761288,0.102103695,-0.054533936,-0.12682089,0.00981472,-0.06689304,-0.019113759,-0.11839829,-0.08418844,-0.35533267,0.05479338,-0.069203705,0.00018726406,-0.26664424,-0.024171798,-0.08484358,0.1210762
TCGA-95-7947-01,0.10168891,0.0878876,-0.066840574,0.023018574,-0.14338633,0.0729004,-0.02001716,-0.27586105,-0.12766309,-0.14806363,-0.14926061,-0.03414982,0.027615298,-0.11968617,0.08698561,-0.026740586,-0.22829372,-0.18800993,-0.06138673,-0.058634806,-0.32951647,-0.16746137,0.03444495,-0.09828313,0.008856433,-0.13534792,0.058157947,0.08121165,-0.016765391,-0.13516656,0.031165734,0.073253855,0.25036347,0.04341675,-0.21910612,0.13039194,0.04245221,0.14376552,0.091081716,0.008147213,-0.02771791,0.061242044,-0.17461438,-0.047075596,0.1119242,-0.088523366,0.12593816,-0.070447676,0.050072264,-0.0855126,-0.059069134,0.10102168,-0.069932185,0.014519228,-0.0030885707,-0.14031139,0.14050663,-0.13669111,-0.062049635,0.049403287,-0.10255991,-0.3128999,-0.09334331,0.21244732
TCGA-64-5815-01,0.04765812,0.15125267,-0.023903359,-0.2885308,-0.09480712,0.07711942,0.021730412,0.12460741,-0.020394424,-0.021834208,-0.07013139,-0.0026124546,-0.11979585,-0.0321807,0.18185146,0.09585535,0.08743416,0.19954608,-0.052803516,-0.13387643,-0.2042659,-0.048876394,-0.014248672,0.12625892,0.14137511,-0.25112522,0.15253694,0.0101900855,0.021969002,0.092355184,-0.03393629,0.12009665,0.06275022,0.03372965,0.013175791,0.12568259,0.10792553,-0.027588045,0.16522282,0.058460884,-0.08742411,0.09585995,0.005143495,-0.14404325,-0.17393534,-0.12575912,0.032859087,-0.21767087,0.124585055,0.043638054,-0.111277275,0.29511458,0.052676864,-0.13952804,0.027124379,-0.3333766,0.120353185,-0.13719882,-0.03340955,0.15114293,-0.001822606,0.012029013,0.14519739,-0.10660974
TCGA-49-6742-01,0.053945385,0.00012442857,-0.019093078,0.34506223,-0.0050302153,-0.01777183,0.029614732,0.06310348,-0.09988361,-0.15654159,-0.0506597,0.0073107975,-0.07463236,-0.13106745,0.24716672,0.07900346,-0.059824195,0.11901693,-0.047010332,0.039029267,0.013940208,-0.052877046,-0.04606119,0.17314865,0.16515972,0.22227648,0.07205657,0.0026158178,0.021908144,-0.07510444,-0.2574552,0.0021691343,0.117506966,-0.16016564,-0.037640184,0.16750108,-0.07241835,-0.0018905834,-0.11669684,0.09199004,-0.038955763,0.0952962,-0.04085968,-0.09061843,0.2573039,-0.019849628,0.02722773,-0.08263813,0.058605753,-0.07185707,-0.05730289,0.31029037,0.10879005,-0.044497635,-0.0038807315,-0.14410244,-0.13992806,-0.31905693,-0.022471828,0.05187126,-0.14701791,-0.18768863,-0.10315308,-0.09320505
TCGA-55-8512-01,0.07213964,-0.123998135,-0.05354555,-0.015924877,0.016510878,-0.042067796,-0.23368515,-0.04658063,-0.0598027,-0.10676756,0.12477479,0.062196955,-0.0020148735,-0.14505765,0.07075246,-0.25649732,-0.13335066,-0.070109814,0.0038085424,0.12313501,-0.23441617,-0.0785258,-0.04669855,-0.07140552,-0.09097162,0.12471724,0.10151341,0.018654816,-0.03691795,-0.087035574,-0.20282702,0.066255264,0.03289642,-0.071877435,-0.09632515,0.20931043,0.21910965,-0.16542187,-0.105226114,0.036021616,-0.08537743,0.0786035,-0.08633285,-0.033528466,-0.03758027,-0.09315013,0.07840893,-0.018454984,0.13469936,-0.10756592,-0.05289662,0.19826849,-0.006409882,-0.044784054,-0.03891263,-0.16037504,0.15133503,-0.089708805,0.0057359217,0.06901562,0.020600319,-0.51236427,-0.09985239,-0.023145746
TCGA-49-AAR0-01,0.019504087,0.12649111,0.032900836,0.09738439,-0.1420584,-0.02700972,-0.06337532,0.01290135,-0.1498351,-0.16090068,-0.1699121,-0.055495813,-0.019154703,-0.08743182,0.19747216,-0.061987046,-0.04330956,0.36329243,-0.09918337,-0.012435966,0.12963249,-0.045849483,-0.13562317,0.1854485,0.19292426,0.002214668,0.05338686,0.12828265,0.050450236,-0.06566587,-0.22085877,-0.029344998,0.032632455,-0.23328447,-0.032235093,0.02499924,-0.07729538,0.016744277,-0.13298662,0.10289776,-0.07876303,0.06741295,-0.05186748,-0.112644956,0.2703207,-0.09016246,-0.05595647,-0.013733537,0.062263526,-0.0032731416,-0.05661404,0.2995386,0.14682098,0.057150964,0.10419809,-0.06645966,-0.10022453,-0.1763969,-0.2568834,0.120504305,-0.045838084,-0.13293825,0.05599992,-0.06656523
TCGA-55-7283-01,0.14522585,-0.08929038,-0.02013656,-0.015900431,-0.0960491,-0.19295046,-0.12307498,0.08255207,0.031662527,-0.10483893,-0.27065864,-0.051875595,-0.0040082256,-0.11127092,-0.01819396,-0.22704758,-0.19730753,-0.04846651,-0.060021307,0.14690219,-0.13423108,-0.048609283,-0.0392728,0.055577375,-0.031612698,0.029589633,0.09850285,-0.19487347,-0.05781886,-0.013965634,0.08737059,0.1010327,-0.08693614,0.012897162,-0.17256837,-0.0008559976,-0.08585946,0.1562062,0.09046399,0.1446671,-0.0064752484,0.01904725,-0.08638856,-0.029027805,-0.106499225,-0.07577828,-0.041781034,-0.21648926,0.112305775,-0.07107944,-0.0045096176,-0.118471034,0.102122195,0.090203345,0.052332763,-0.16422991,-0.19446027,-0.09175676,0.09506527,-0.30047408,0.2293094,-0.17405629,-0.1203511,-0.30252522
TCGA-49-AAR2-01,0.13135803,0.17843676,0.0074542975,-0.05739576,-0.2339485,0.052883837,-0.121051,-0.15104096,-0.09742579,-0.04857508,-0.079564,-0.08297723,0.13974366,-0.045389947,0.15942164,0.025497606,-0.19942237,0.103287965,-0.086957976,0.18159014,-0.07649912,-0.17693634,-0.044464596,-0.0004756819,0.24850193,-0.075916536,-0.018436551,0.084965706,-0.07274183,-0.012421924,-0.2612523,-0.009283798,0.042017717,-0.07852594,-0.16827132,-0.021731015,0.06391045,-0.11575834,0.0912387,-0.0019035805,-0.13922982,0.09993648,-0.03282897,-0.05612685,0.11787229,-0.11837545,0.005134763,-0.2535888,0.11176071,0.00032678354,-0.13611157,0.11626368,0.08896895,0.016623246,0.16961947,-0.2772336,0.047502615,-0.3126663,-0.041356143,0.15979843,-0.05933174,-0.07933606,0.012692567,0.13001227
TCGA-62-8402-01,0.20382632,-0.17647794,0.003740319,0.105766654,0.039448544,0.031553708,-0.0923718,-0.1525078,-0.1297689,-0.087302856,0.0816224,0.103774674,0.117098086,-0.10339459,0.053248312,0.08599238,-0.1948787,0.16935147,-0.042914566,0.26238164,0.23373154,-0.033582978,-0.08986988,-0.15607886,-0.053200845,0.09754177,0.005604995,-0.10543566,0.061340883,-0.06835066,-0.2270307,0.05113065,-0.21041311,-0.1424,0.061072964,-0.19715293,-0.06144189,-0.07421589,-0.050645214,0.063225605,-0.13046798,0.07904238,-0.05884166,-0.048665777,0.20355846,-0.037719227,-0.110698394,-0.06695095,0.16052061,0.08040453,-0.11322698,0.1430697,-0.052356426,0.16322532,-0.083636045,-0.19743992,-0.22907369,0.0048706844,0.086872995,-0.051610485,-0.10524414,0.07372083,-0.19842204,0.14984056
TCGA-97-7547-01,0.058317572,0.03202151,-0.021593347,0.15095127,-0.11132404,-0.17224276,-0.0055046035,-0.045879573,0.005629706,-0.038917545,0.09786499,0.100568086,-0.15431423,-0.042303227,0.079811916,-0.15741977,-0.095771804,0.10623617,-0.0046274597,-0.067242585,-0.20508678,-0.120471895,-0.09792956,0.07183113,0.072994165,0.10250514,0.056771982,0.046225734,-0.21888739,-0.061984323,-0.010918132,0.01293246,0.03138016,-0.02000227,-0.035602935,0.14847675,0.14788964,-0.12877885,0.36427835,-0.0006657122,-0.30628607,0.06867175,0.009590261,-0.011837596,0.11727302,-0.15311462,0.087254815,-0.21037835,0.11577895,-0.15796219,-0.0632774,-0.13908705,0.12000537,-0.08604943,-0.009099196,-0.16892405,-0.04815768,-0.027235933,-0.0028147541,0.27937695,0.019023146,-0.24436975,0.20367831,-0.0455941
TCGA-L9-A5IP-01,0.07475757,-0.039170336,0.014032765,0.3238751,-0.015378959,0.051300425,0.017246937,0.09139473,-0.07769868,-0.13305749,-0.074846,-0.0052169356,-0.015788289,-0.16472173,0.10680218,-0.09411805,-0.09549644,0.02770947,-0.01607294,-0.011157353,-0.27394915,0.050340693,-0.07136613,0.13934766,0.032487713,0.07110932,0.11174217,-0.05224378,0.12204622,0.010200306,-0.24685802,0.08185643,-0.0035027345,-0.048457343,-0.0049772137,0.15323265,-0.12253469,0.1962333,0.20003012,0.062161293,-0.15072241,0.043587565,-0.04918066,-0.03933178,0.22746201,-0.07758811,-0.034747753,-0.12800182,0.1284573,0.011988001,-0.03336886,0.17086901,0.027111288,-0.08259145,0.015242797,-0.3023609,-0.26429042,-0.1300218,-0.022619529,0.06581501,-0.005941867,-0.29513422,-0.095863506,-0.1470646
TCGA-86-7701-01,0.10851771,-0.09434336,-0.0565329,0.1596039,0.044393864,-0.13044658,0.0110427365,0.0282065,-0.0676144,-0.09419303,0.08874705,0.031036153,-0.14081065,-0.09900947,0.095861,-0.31665134,-0.1526328,-0.058516998,-0.06498794,-0.0761011,-0.117934145,-0.18832196,0.00042838338,0.03548586,-0.03681052,-0.118663624,0.2064622,-0.26560852,0.15899079,-0.040466793,-0.015941346,0.15014945,-0.14965321,0.06781815,-0.0662017,0.017850846,-0.08579555,0.022727141,0.05179567,0.09627099,-0.053659778,0.05605223,-0.18813415,-0.054655634,0.03232739,-0.1437279,-0.093453124,-0.09131695,0.09904806,-0.06366863,-0.008069413,-0.067831025,0.013534699,0.049511816,0.2160896,-0.1766944,-0.185659,-0.07215778,0.15987155,-0.07818534,0.32866666,-0.08450491,-0.005008204,-0.28872907
TCGA-95-7043-01,0.15566792,-0.12850189,-0.043167405,0.27716333,-0.01369171,0.057961307,-0.193215,0.0015719818,-0.10644852,-0.1297445,-0.19018033,0.021146493,0.134621,-0.112466514,0.036244906,-0.09819485,-0.14735237,-0.12412304,-0.05218521,0.23858336,0.009047405,0.10763122,-0.02228743,0.012933794,-0.058020446,0.18154673,-0.024858711,-0.23102896,0.076186635,-0.111029424,-0.13590464,0.10071637,0.09836942,-0.14491938,-0.09444535,0.085717574,-0.06433568,0.050253395,-0.07366198,0.13137041,0.0035557125,0.040887605,-0.058664687,-0.08769481,0.16459763,-0.0050143306,-0.018921006,-0.056650415,0.08142764,0.11475362,-0.07335005,0.10984656,-0.049184337,0.104259364,0.012941392,-0.117607355,-0.253193,-0.08989807,0.13293044,-0.22994237,-0.058311287,-0.23325352,-0.3154446,-0.051473647
TCGA-J2-8194-01,0.14261845,0.12637384,-0.021257289,0.17270744,-0.19659607,-0.087539256,-0.08739192,0.08692677,-0.10221402,-0.14593807,0.096953794,0.025095768,-0.094367445,-0.06970787,0.01642457,-0.049245887,0.054448005,-0.027123116,-0.06730369,-0.0987574,-0.10151319,0.13645025,-0.05962441,0.012912669,-0.0015303611,0.08643208,-0.023398714,-0.039163254,-0.053720888,-0.044397645,-0.1787179,0.046339635,0.27814794,-0.046931714,-0.20049857,0.32540417,0.048318066,0.018804742,0.21270524,0.0059076515,-0.13121246,0.05158726,0.054328922,-0.037135597,0.22070648,-0.10922731,0.061945107,-0.020874133,0.07074471,-0.09117806,-0.067459166,-0.1839746,-0.07170926,-0.065784484,0.159536,-0.19392288,-0.29879415,-0.054299615,0.030317785,0.17584214,-0.053610183,-0.28556854,-0.0069072633,0.13789204
TCGA-17-Z050-01,-0.010003645,-0.12561734,-0.08845222,-0.0026102779,0.16852076,-0.02715765,0.12091046,-0.12130612,-0.17191513,0.046082813,-0.039949924,0.021720449,-0.05066139,0.06618707,-0.04507512,0.06487822,0.044367082,-0.0057138023,0.033276554,-0.13619685,0.045388,-0.15752476,0.038800526,-0.117556006,-0.060911134,-0.3973647,-0.09958023,-0.017612025,0.23033404,0.011066923,0.14644279,-0.08160589,-0.036550842,-0.09418625,0.11779534,-0.18907014,-0.24492842,0.19796906,-0.189792,0.058149565,0.019238757,0.03975868,-0.22964844,0.050597318,0.13824093,-0.031381775,-0.22139847,0.029730307,-0.1745795,-0.1666503,-0.04616018,0.06586458,0.024275657,0.25150144,0.044600356,0.13520253,-0.06317017,-0.034499876,-0.11719057,-0.11458692,-0.047762703,0.20208307,-0.05258476,-0.038615447
TCGA-05-4424-01,0.079456955,-0.04897811,0.035923127,0.04664595,-0.08754346,-0.16179767,-0.0071315547,-0.023590326,-0.090471216,-0.07942586,0.12459339,0.17054543,-0.09656402,-0.033600066,-0.026722334,0.1349068,0.08399071,0.033240005,-0.052719723,-0.095158346,0.256232,0.15444003,-0.10122022,-0.17633466,-0.05352645,-0.0036723895,0.033919856,-0.097751066,0.012653074,-0.067806765,-0.084925614,0.010567077,0.031698514,-0.08109919,0.03395333,-0.114229806,0.087766975,0.028740125,-0.024243174,-0.008216217,-0.14305541,0.08794957,0.040466547,-0.031862147,0.44591781,-0.04322464,0.05389843,0.18741085,0.015117123,0.012774817,-0.033538595,0.26667088,-0.08689954,-0.045602176,0.015154841,-0.068934456,-0.33849615,0.1538359,-0.2055268,0.09031576,-0.17214224,0.14844853,0.016055418,0.24499501
TCGA-86-6562-01,0.09210812,-0.16028228,-0.02888292,0.07198711,0.04065868,-0.103859976,-0.14278367,0.12074522,-0.050192937,-0.043349393,-0.03521356,0.015884714,-0.05014947,-0.12222017,0.0028215665,-0.12793401,-0.08388567,-0.08143638,-0.03450922,0.04833947,-0.098916516,-0.04465322,0.008932777,-0.058251966,-0.14635406,0.031371772,0.083992146,-0.35781935,0.12637107,-0.020430882,0.19065064,0.15533307,-0.09094612,0.092410594,-0.043838017,0.04402664,-0.11816751,0.053721003,0.0031833556,0.13431907,-0.009655672,0.058174558,-0.15192433,-0.041547082,-0.025289604,-0.03891662,-0.08314919,-0.13122185,0.029470224,0.06665716,0.015507226,-0.12949657,-0.03888613,0.12971367,0.094362676,-0.064236574,-0.24153069,-0.042205278,0.3517636,-0.26118022,0.21944219,-0.12249254,-0.20335434,-0.29234046
TCGA-44-6145-01,-0.03298762,0.032044187,-0.10673299,0.06313193,-0.089315444,0.0058289147,-0.059968855,-0.08235342,-0.08341144,-0.19749424,-0.062709145,-0.011293705,0.1660788,-0.1132783,0.020774968,-0.07443483,-0.09140532,0.00929125,-0.05146227,0.18425201,0.027753748,0.025946898,-0.03176392,0.045247998,0.085745044,0.04849816,-0.03472529,0.0065777563,0.08217777,-0.18619268,-0.21617505,-0.005355468,0.32129946,-0.16321805,-0.21282108,0.2665263,-0.18266337,-0.02082553,-0.052685216,0.07040094,-0.036655948,0.011141549,-0.05516516,-0.06871834,0.14424904,-0.058114853,-0.22633314,-0.04425047,0.040516976,-0.10948826,-0.050013423,0.17028172,0.06506987,0.060867332,-0.22594701,-0.04764849,-0.107764885,-0.12724736,-0.09431215,-0.19036765,-0.114732005,-0.3247693,-0.21521471,-0.020404477
TCGA-17-Z045-01,0.13904412,-0.05375064,-0.11488907,0.06512578,0.057615176,0.045434706,0.121957436,-0.08154766,-0.23357008,0.040042672,-0.013931227,0.02018522,-0.064365394,0.04422528,0.014479846,0.03530834,0.057101768,-0.073663674,-0.01487627,-0.028082455,0.24873988,-0.16384602,-0.0038941537,-0.10287989,-0.045827974,-0.34276336,-0.13794999,-0.07194553,0.28893048,0.06289712,0.029457355,0.0005098151,-0.04976973,-0.13896568,0.034953687,-0.22867744,-0.19457103,0.09456744,-0.17566463,0.04402707,0.11109883,0.042730425,-0.21401972,-0.009187295,0.09855302,0.011374731,-0.16954912,0.033241216,-0.09189415,-0.10620557,-0.09125562,-0.123049326,-0.006072753,0.27149495,0.16297032,0.13723272,0.0052391756,-0.05634217,-0.02957703,-0.10885979,-0.050012182,0.26883265,-0.06517465,0.12677348
TCGA-NJ-A4YP-01,0.16736397,0.03294771,0.00494886,-0.09842385,-0.07627403,-0.094839424,-0.16853188,0.092728496,0.00046193815,0.012286182,-0.06346661,0.032994203,-0.11861488,-0.051085144,0.15636034,-0.025769008,-0.11813128,-0.13372071,-0.009702484,0.02037129,-0.26664007,-0.07989954,-0.024485653,0.089116976,0.1345896,0.13849261,0.075686194,0.16880901,-0.1480293,-0.068351015,-0.017519752,0.020399814,-0.06435699,-0.045398198,-0.06342646,-0.08666464,0.38068935,-0.12524974,-0.056016218,0.08073477,-0.122180276,0.087515,-0.10013546,-0.07265649,-0.05756713,-0.12001471,0.32420635,-0.15586907,0.13566452,-0.076061726,-0.08760952,0.105196476,0.12638009,-0.026193859,-0.005293603,-0.116023175,0.2714748,-0.14971939,-0.07874124,0.16855794,-0.08807658,-0.2077418,0.12644069,-0.037375946
TCGA-78-8648-01,0.030647306,-0.043830395,-0.08551329,-0.13552733,0.08893462,-0.01410354,0.05732929,0.062036403,-0.1165521,0.01128523,-0.14412884,0.031324677,-0.1033848,-0.07572877,0.06361237,0.020588432,0.012848227,0.29178172,-0.045370862,0.000695511,0.15969273,-0.12644869,-0.073741846,0.105887465,-0.041423634,-0.032560863,0.14939845,-0.096795574,0.15075253,0.056028835,0.22395316,0.18536124,-0.22899763,-0.015015964,0.15127979,-0.050510403,-0.228253,0.13715652,-0.16072085,0.20042777,0.047329444,0.069150425,-0.16524857,-0.10992566,-0.17820461,-0.043758452,-0.07182467,-0.09195746,0.11161802,0.13482998,-0.08461009,0.086279735,0.023110474,0.19716918,-0.148078,-0.034822527,0.03723762,0.008621425,0.105768725,-0.2453538,0.07323529,0.2108575,-0.09166709,-0.24885833
TCGA-91-7771-01,0.1597317,-0.046281476,-0.014188702,0.10048561,-0.12203549,0.07310819,0.010621274,0.042156905,-0.12389503,-0.048588704,-0.25645697,-0.07668239,0.049306758,-0.10771689,0.10520038,-0.0076402794,-0.37295857,0.17755859,-0.021636778,0.16423184,-0.033255674,-0.1792368,-0.057475038,0.0720659,0.05754284,0.14818625,0.03789867,-0.075123176,0.093263485,-0.14903727,-0.056883443,0.037287682,-0.05152936,-0.06963414,-0.13353916,-0.06513789,-0.1564443,0.11726636,-0.10936876,0.15409869,0.0051944526,0.07009752,-0.24369258,-0.044603504,0.07418903,-0.022634678,0.009236263,-0.15607841,0.11856628,0.09984213,-0.030142913,-0.047925413,0.045624252,0.3138017,0.0045065316,-0.10580148,0.0032904467,-0.26931217,0.112418495,-0.094357476,0.06836736,-0.12709054,-0.16415006,-0.19123909
TCGA-44-8119-01,0.25209334,-0.13548674,0.030979726,0.2624848,-0.081316866,0.075287275,-0.10893115,0.06700151,-0.12428749,-0.07289465,-0.26998645,-0.019830478,0.13433596,-0.0895641,-0.02183371,-0.053842332,-0.21751963,0.037649035,-0.029444026,0.16848733,0.05801535,0.117364325,-0.07454428,-0.0078097424,-0.054741383,0.22241388,-0.065647006,-0.14789665,0.018665988,-0.08042036,-0.07082465,0.06864517,-0.13010754,-0.14504172,-0.024487002,-0.08344633,-0.11976389,0.194572,0.041771058,0.13649754,-0.07319647,0.026616704,-0.06521756,-0.04916111,0.2133241,-0.011258487,-0.01960425,-0.077774875,0.15121192,0.18966663,-0.039235517,0.01754882,-0.028634045,0.23286459,0.035790507,-0.15670836,-0.31569442,-0.0028371867,0.05599029,-0.10356693,0.023793312,-0.14790145,-0.19885,-0.013312598
TCGA-64-1679-01,0.10416851,-0.091744274,-0.06565666,0.07020089,-0.03541354,-0.040910568,-0.12424196,0.076258406,-0.1260899,-0.060393788,-0.122760125,-0.020872524,-0.104695894,-0.10940583,0.1701319,-0.0075809164,0.06371826,0.04535719,-0.049512822,0.24984106,0.25207162,-0.120255485,-0.052009605,0.082335144,0.067735516,0.066162474,0.05152706,-0.2646184,0.17281535,0.15853278,-0.089720935,0.09341824,-0.21880943,-0.08357061,0.014562768,-0.01141879,-0.16505112,-0.0060848934,-0.07970456,0.17558385,0.090185024,0.08027248,-0.07172878,-0.074705295,0.007818777,-0.02101607,-0.216041,-0.19078863,0.07505161,-0.008579818,-0.08501886,0.15960045,0.136447,0.092551,-0.0028423863,-0.0799037,-0.20575969,-0.113623254,0.10446892,-0.28398585,-0.019505518,0.1976423,-0.20153724,-0.14504546
TCGA-MP-A4TH-01,0.07524735,0.17369024,0.026450789,-0.14247257,-0.12804753,-0.046569828,0.30249718,-0.031540606,-0.06392058,-0.012291724,-0.04793925,-0.038275994,-0.09734015,-0.042910364,0.021852573,0.2575234,0.008829367,-0.045392953,-0.083991796,-0.3560672,0.06824484,-0.056384835,0.002367381,-0.09428549,0.08601388,-0.16874243,0.09793701,0.0849633,-0.006680484,-0.03727597,0.19525337,0.07608746,0.17520297,0.07796852,-0.17686458,0.1303584,-0.24046452,0.3514602,-0.056019098,0.027112605,0.014155194,0.08009918,-0.0844638,-0.059902214,0.2314561,-0.037540108,0.028137952,0.04209208,-0.032229844,0.030491767,-0.025708757,0.14045428,-0.036718175,-0.027300738,0.049967546,-0.12371172,-0.032709826,-0.096109845,-0.2420389,-0.001012002,0.0051425523,0.012096492,0.04756576,0.19111334
TCGA-44-7670-01,0.14936689,-0.105224624,-0.054013908,0.24466965,-0.102018856,0.0627288,-0.06683854,-0.019258859,-0.115961745,-0.08231058,-0.11364609,0.047030937,0.10286267,-0.10155643,0.043122508,-0.16490209,-0.12812723,-0.1843326,-0.062407743,0.26099434,0.048817884,0.1224022,-0.07218892,-0.006255697,-0.046960644,0.022839854,-0.012212972,-0.36180952,0.21580988,-0.14212315,-0.19229722,0.10659107,0.15267232,-0.1120059,-0.13842726,0.032936268,-0.03789226,0.013827513,0.062720016,0.087244935,-0.014397538,0.02729126,-0.044287913,-0.08082342,0.20062773,0.03402288,-0.08344183,-0.023379229,0.0874121,0.0844709,-0.050465867,-0.021125548,-0.1031048,0.097424336,0.032304056,-0.10721664,-0.23854452,-0.06907994,0.062394854,-0.2059723,-0.029514631,-0.16585246,-0.30158806,0.006767985
TCGA-17-Z032-01,-0.0060690404,-0.13088971,-0.059037797,-0.02354974,0.20686062,0.032874018,0.13384798,-0.16565613,-0.15854461,0.07463263,0.02150864,0.044969555,0.02462224,0.09516132,-0.0931171,0.09715125,0.031514175,-0.026293525,0.047592647,-0.16559899,-0.0007966771,-0.12411254,0.055912126,-0.16654855,-0.12560521,-0.41899607,-0.12907138,0.02461439,0.22197312,0.001546678,0.15927245,-0.08091974,-0.03041662,-0.06043117,0.12561136,-0.2093823,-0.21681872,0.20092225,-0.18278514,0.011014601,-0.003589993,0.015863711,-0.20748807,0.07098864,0.10572444,-0.016579278,-0.18770213,0.05544436,-0.17766763,-0.11712433,-0.050650924,0.009153124,-0.048314717,0.23758876,0.028770655,0.12015835,-0.009213451,0.011551731,-0.054700565,-0.06777791,-0.076818086,0.19426589,-0.056547027,0.03635797
TCGA-55-A57B-01,0.09224423,-0.008542373,-0.040642213,-0.03495145,0.0483308,-0.06802857,-0.24529317,-0.084415264,-0.07073502,-0.16488263,-0.16256715,0.010312159,0.05220127,-0.12488967,0.007808109,-0.050301872,-0.105528675,-0.13778777,-0.033266798,0.166449,-0.2599696,-0.03457322,-0.0421987,0.003827111,-0.04081061,-0.08788972,0.04743789,-0.0548156,-0.038242858,0.023194615,0.13535607,0.014763365,0.09551861,-0.003612069,0.006042083,0.3015506,-0.19369447,0.19484273,0.056903772,0.08857697,0.055941977,0.03045391,-0.121868946,-0.039521538,-0.0028160354,-0.0964863,-0.23840284,-0.14335513,0.04395907,-0.101752326,-0.03419207,-0.20563863,0.08802387,0.083819814,-0.15920258,-0.042230032,-0.2149707,0.08936986,-0.113910474,-0.34567264,-0.015825363,-0.24607566,-0.1536521,-0.08594305
TCGA-55-8094-01,0.09710654,-0.024590975,-0.04128865,0.30727333,-0.10790914,0.07718744,-0.052022155,0.041569002,-0.15699004,-0.10293563,-0.20598546,0.0009409259,-0.034741133,-0.08241527,0.18508461,-0.20446254,-0.17551053,0.1248389,-0.05068228,0.23204184,-0.10881795,-0.061299436,-0.15094328,0.27333304,0.13273317,0.13991769,0.006894194,-0.14862527,0.10014785,-0.039397255,-0.2392488,0.019018551,0.0018028046,-0.17305037,-0.04517211,0.100088425,-0.07625259,0.01177552,0.19989876,0.13852465,-0.009101108,0.018475862,-0.09969501,-0.06483569,0.10253678,-0.05893906,-0.026375944,-0.14412513,0.16073048,-0.013027588,-0.08758866,-0.042989325,0.07307661,0.06077584,0.073015295,-0.11977274,-0.11599782,-0.21191053,0.015486576,-0.028784862,-0.0187375,-0.19132876,-0.13746557,-0.17033313
TCGA-55-7914-01,0.13496667,0.056822803,-0.060060855,-0.24019422,-0.096379556,0.041283857,-0.096216336,0.15979189,-0.111800104,-0.094180286,0.15954694,0.07595859,-0.096670225,-0.014875308,0.036249503,-0.22522533,0.01805655,0.10998008,-0.05279602,-0.08650595,-0.23292048,0.03635774,-0.061164226,0.0014203379,-0.14205527,-0.23690562,0.104937054,-0.06860147,0.0924325,-0.035610598,-0.19386639,0.089466214,0.17975292,-0.007932424,-0.12587942,0.2405037,0.20927128,-0.1199067,0.10186698,0.014231297,-0.040540382,0.054133583,-0.023488855,-0.06405819,-0.16647096,-0.14432703,0.04137399,0.021628128,0.1667573,-0.013393101,-0.065877855,-0.14843094,-0.13711002,0.053028774,0.13724677,-0.22175014,0.07336512,0.03794386,0.043138582,0.21248293,0.1567108,-0.24708515,0.092715226,-0.03248688
TCGA-50-5055-01,-0.0096130995,0.24057819,-0.03885543,-0.17449166,-0.16205509,-0.029007459,-0.02611315,0.018621534,-0.033018224,-0.045436416,0.19916494,0.12395806,-0.07892747,0.02778439,0.026701314,0.21845217,0.14856546,0.050511364,-0.041366506,-0.26577643,0.12698656,0.092314914,0.0027597891,-0.037308823,0.035054218,0.064329855,0.012698369,0.1585544,-0.097640775,-0.113225184,0.04134992,0.059596565,0.33359236,-0.032825336,-0.1172888,0.28277925,0.12272054,-0.16014156,0.088358596,-0.038744327,-0.16380477,0.0556457,0.08498348,-0.070788585,0.13426852,-0.08531263,0.11107956,0.063333094,0.02088112,0.009081728,-0.09722881,0.08676653,-0.03989277,-0.11222034,-0.06301819,-0.07100615,0.013858382,0.05158193,0.066403836,0.2615182,-0.123601265,-0.040375747,0.21865703,0.2569662
TCGA-73-4666-01,0.04259191,-0.09693325,-0.01111717,0.19563071,-0.07312039,-0.15291218,0.018960595,0.1082523,-0.0912114,-0.044062834,-0.13385843,0.08514993,-0.1957664,-0.0478219,0.10641468,-0.17931171,0.0042101773,0.30839524,-0.079555154,0.057762776,-0.03852515,0.0088523505,-0.12657028,0.19699615,0.022096863,0.044112787,0.0755583,-0.35988697,-0.0055786413,-0.01679483,-0.038058005,0.07558851,-0.118916504,-0.05651874,0.037909325,-0.061189055,0.09730285,-0.0311386,0.18135284,0.14386858,-0.1311228,0.057608552,-0.01684414,-0.065072894,0.07218989,-0.0779491,0.17024745,-0.0807346,0.09481026,0.009277095,-0.05051039,0.05645201,-0.01467658,-0.028570814,0.26142916,-0.15140072,-0.23666307,-0.19284096,0.10975016,0.03493415,0.11656178,0.0074826004,-0.09198581,-0.29952028
TCGA-49-AARE-01,0.115888625,-0.08412741,0.016991396,0.12778264,-0.079936914,-0.046741914,-0.035877276,-0.14029767,-0.07135813,-0.115148015,-0.008988477,0.06406581,0.041246235,-0.1082161,0.06674215,0.042933617,-0.12613058,0.25120574,-0.07072542,0.07196079,0.027128553,-0.033418607,-0.13679314,-0.06092169,0.05674532,0.027430361,0.0936356,-0.02989503,-0.101264015,-0.039232828,-0.0998051,0.052872874,-0.05568164,-0.038492426,0.009390386,-0.015482025,-0.11983588,0.11267835,0.21756218,0.021299785,-0.18027827,0.08804659,0.017141785,-0.048848927,0.25418833,-0.114870034,-0.06985403,-0.14584781,0.1841431,0.023283586,-0.110937044,0.2904818,0.0065284306,-0.0856684,-0.17510414,-0.3591736,-0.35963303,0.05643899,-0.014915824,0.024629872,-0.22399905,0.024219718,-0.09559373,0.1461093
TCGA-17-Z000-01,-0.005154511,-0.13017374,-0.059853423,-0.022938754,0.2061434,0.03251655,0.13462803,-0.1652163,-0.15921663,0.07448322,0.020903911,0.04492395,0.02402016,0.0946703,-0.09196585,0.09688423,0.03110705,-0.02664595,0.04683194,-0.16571124,-0.00024893225,-0.12499194,0.055613387,-0.16591983,-0.12460839,-0.41911927,-0.12876742,0.023890257,0.22234473,0.0004704689,0.15960747,-0.08037918,-0.029276457,-0.060787745,0.12445988,-0.2094526,-0.21793376,0.2014486,-0.18213561,0.0115806265,-0.0035153157,0.016247664,-0.20811561,0.07026652,0.1063819,-0.016486783,-0.1878004,0.054691404,-0.17728053,-0.11757394,-0.051241603,0.0074256132,-0.048071865,0.23811129,0.029000582,0.12014888,-0.010123432,0.01042854,-0.054628853,-0.06823408,-0.07627461,0.19466199,-0.056210436,0.036174882
TCGA-91-6828-01,0.20522217,0.07112043,-0.044131417,0.10908227,-0.16793796,0.18795039,0.13579103,0.14398982,-0.18781179,0.03585209,-0.16282317,0.017260605,0.06504004,-0.006779763,0.05594681,0.072106756,-0.1685505,0.051039543,-0.07221502,0.043022703,0.16066985,0.14693996,-0.096120596,0.07349528,0.017484467,0.08608392,-0.08331866,0.016475614,0.2917331,-0.2027382,-0.22229394,0.054577105,0.122515,-0.1891411,-0.09386711,-0.10419108,-0.07926895,0.18745808,-0.10367101,0.1063137,0.011559053,0.019877454,-0.10163178,-0.0819333,0.20305294,0.083086595,0.048090458,0.1276335,0.11706517,0.19752665,-0.08740594,-0.08576114,-0.1404902,0.30613253,-0.04194301,-0.028199965,-0.047391385,-0.05599915,-0.060672194,0.029228365,-0.14535019,0.08075093,-0.0679825,0.1499985
TCGA-86-7713-01,0.000793542,0.054703712,-0.018115122,0.037490346,-0.034635175,0.023233814,-0.025421966,-0.08390568,-0.07372076,-0.099725805,-0.04720736,0.016960908,-0.0029626805,-0.12399961,0.17496741,-0.12668504,-0.13560809,0.09152164,-0.06524135,0.1354286,-0.34098476,-0.09300766,-0.024678836,0.09080754,0.023315327,-0.2528233,0.11847828,-0.22274266,0.22563227,-0.08119155,-0.20325974,0.0664717,0.1805455,0.020807793,-0.11273198,0.12689827,-0.006780381,0.010441635,0.08083576,0.052643944,-0.07761647,0.08650149,-0.14279044,-0.07861861,0.037301246,-0.06521502,-0.073184535,-0.16265772,0.06647798,-0.053345922,-0.08536397,0.09626686,-0.02700238,-0.017226126,0.05083488,-0.2508287,-0.0062339883,-0.27857792,0.003547455,-0.02518729,0.0006560431,-0.2946696,-0.19208877,-0.22408372
TCGA-86-8073-01,0.105713405,0.1341496,-0.13207802,-0.083782636,-0.15824485,-0.03452055,-0.056791767,0.14137234,-0.109407954,-0.0325637,-0.27769879,-0.09756362,-0.2658043,-0.06549927,0.06339502,-0.13697833,-0.05316767,-0.17417604,-0.030883066,-0.16492236,-0.14270365,-0.07882101,-0.002096514,0.12027823,-0.009400069,-0.1580052,0.08635382,-0.0062048305,0.15297128,0.01944272,0.14845051,0.09455708,0.14309077,0.0133944005,-0.17362663,0.11851318,-0.03513375,0.2226287,-0.10784552,0.14500798,0.2125465,0.018990174,-0.23941869,-0.0706743,-0.050210882,-0.054323096,0.1266655,0.066017434,0.0014162916,-0.07386766,-0.008123604,-0.19274996,0.007391111,0.16098098,0.18508886,0.100720726,0.13738364,-0.08979728,-0.16173099,-0.11522798,0.132256,-0.14587697,0.038222097,-0.090415284
TCGA-78-7155-01,0.022556202,0.07796189,-0.1810567,0.05056639,-0.107575886,-0.069838,0.11382221,0.1270468,-0.15881912,-0.003582566,-0.22314824,-0.11113209,-0.20352408,-0.057465844,0.069583766,-0.03049476,0.10258212,0.10520405,-0.060631998,-0.10660724,0.21450247,-0.1477305,0.0072170454,0.1316308,0.0828793,-0.017846135,-0.011024626,-0.071287505,0.2684469,0.08112417,0.095367506,0.11136019,-0.03666769,-0.06871541,-0.13761787,0.028085986,-0.323916,0.2073074,-0.10923848,0.20484151,0.1289485,0.055333853,-0.21091503,-0.06761536,-0.045354214,-0.020055614,-0.118389204,-0.04605507,0.008315494,-0.04677754,-0.059745304,0.0807634,0.098111674,0.21789034,0.050073322,0.073285535,-0.031397372,-0.17820862,0.047124967,-0.21646973,0.090632886,0.15319689,-0.07111029,-0.17161047
TCGA-55-6975-01,-0.01790088,0.13467462,-0.0803685,-0.16770248,-0.0674212,0.0862204,0.07932552,0.20440306,-0.038227383,-0.026307588,-0.051068954,0.014209729,-0.121468954,-0.027602723,0.08184543,-0.06563011,0.19443095,0.27338284,-0.059102062,-0.25323474,0.15954654,0.039354138,-0.040989775,0.12590256,0.08296004,-0.13424589,0.07790971,0.11647146,0.04223854,-0.044909883,0.0069512306,0.11349565,0.09398785,-0.11439313,0.09600705,0.10128915,0.012453909,-0.075075045,-0.016017895,0.1009012,-0.15942357,0.06736968,0.02970241,-0.16063915,0.024894144,-0.10746209,-0.03571456,-0.02991101,0.1134537,0.06664331,-0.083536856,0.4513879,0.10995318,0.038078353,-0.08717475,-0.123100854,0.07078078,0.09619701,-0.17179033,0.19792703,0.08422449,-0.062718876,0.24907155,-0.14316693
TCGA-17-Z033-01,-0.009920249,-0.12562135,-0.088624954,-0.0026419822,0.16853856,-0.027419455,0.120880835,-0.121318534,-0.1719433,0.045998853,-0.03989031,0.02187882,-0.05079918,0.06605887,-0.044977255,0.06486696,0.044308286,-0.005749659,0.033165693,-0.13622834,0.04530015,-0.15757772,0.038743693,-0.11757076,-0.060887933,-0.39732665,-0.09946891,-0.017690731,0.23030865,0.010894689,0.14648852,-0.08149134,-0.036457516,-0.09420011,0.11766349,-0.18915716,-0.24484436,0.19793154,-0.18981701,0.058269072,0.019180724,0.039866738,-0.2297859,0.05049432,0.1382548,-0.031480603,-0.2212833,0.02974642,-0.17449278,-0.16683425,-0.04627345,0.0658916,0.024249319,0.2514781,0.04455127,0.13518487,-0.063233376,-0.034558352,-0.117172636,-0.114666075,-0.047724657,0.20206879,-0.052602332,-0.038697127
TCGA-62-A472-01,0.0037214663,0.054514896,-0.014404248,0.059307896,0.006141119,0.04506038,0.13857605,-0.028818559,-0.005810189,-0.048228618,0.06168613,-0.00024242156,0.11228724,-0.08586006,0.12347049,0.017264817,-0.23592268,0.30887166,-0.046730507,0.10029833,0.047648758,-0.18749239,-0.1032831,0.17584008,0.22570488,-0.014443121,0.09062561,0.14655595,0.08157561,-0.059352893,-0.30405334,0.03118081,-0.019042518,-0.11259921,-0.015988596,-0.031088224,-0.2551497,-0.02140476,0.09171594,0.03278411,-0.18256032,0.056608874,-0.0008104288,-0.06481442,0.0411723,-0.060660787,-0.2553534,-0.21102022,0.15915655,0.010507873,-0.11380713,0.0011538877,0.19890952,0.021153457,-0.17837231,-0.30326068,-0.04861429,-0.1667758,-0.046256106,0.013664844,-0.041721966,0.017042933,0.07127179,-0.12563139
TCGA-97-8174-01,0.06497068,-0.08129403,0.016898433,0.09187306,-0.027757406,-0.06880691,-0.05407701,0.038858622,-0.08690244,-0.120978646,-0.10347911,-0.027280852,-0.10293659,-0.08404882,0.026356738,-0.282066,-0.19315997,0.14685836,-0.0139093,-0.056251284,-0.3853591,-0.11215552,-0.06111494,0.030872691,-0.037043992,-0.0059064627,0.053140406,-0.055810377,-0.09222828,-0.03321444,-0.022239933,0.030079765,-0.057792615,-0.010038701,0.004720942,0.1615858,-0.005221607,0.09722264,0.1699271,0.06851543,-0.12676345,0.054115646,-0.14864081,-0.020564267,-0.0054802345,-0.17368563,0.030570818,-0.14550915,0.10194498,-0.070539154,0.009246259,-0.13482517,0.023757469,0.102461904,0.20291877,-0.13013917,-0.073777944,-0.068579055,0.0027071128,0.118183345,0.24854457,-0.43254986,0.028241577,-0.22259752
TCGA-50-5932-01,0.076018766,0.07255927,-0.059637867,-0.12149109,-0.08989733,0.014170915,-0.006070761,0.14915647,-0.03431417,-0.0038688374,0.08335097,0.002025833,-0.10261171,-0.075497456,0.13364094,-0.044500824,0.054158676,0.2118654,-0.02941813,-0.16530159,0.040954374,-0.057956282,-0.06510974,0.06563843,0.12339924,0.037985723,0.15835741,0.15387824,-0.058486197,0.024718834,-0.13552283,0.15065981,-0.08705291,-0.052354258,0.047646627,0.023206461,0.11137893,-0.11206119,-0.03512882,0.068825185,-0.21595806,0.119860314,0.023779038,-0.13033308,-0.008501899,-0.16334812,0.100014776,-0.1544685,0.18452476,0.026869424,-0.14505857,0.44757327,0.08417821,-0.068628214,-0.04313229,-0.34782094,0.059562072,-0.044160325,-0.0053576734,0.26547748,-0.00023504782,-0.035475086,0.20676781,-0.04146419
TCGA-49-4507-01,0.08197959,-0.12493393,-0.05560179,0.1913229,-0.002281793,-0.09814065,0.12512013,-0.13052441,-0.112538725,-0.050078545,-0.0012778094,0.09191817,-0.10425443,-0.056547448,0.04251326,-0.087830424,-0.060861595,0.26045573,-0.039257832,-0.14630397,0.27766484,-0.07846754,-0.079318605,-0.061679456,-0.018338067,0.096346825,0.08970782,0.011189998,-0.09643598,-0.13862133,-0.0077368286,0.057995226,-0.15722932,-0.14125055,0.13275254,-0.16584823,-0.0113775795,0.040503427,0.015930647,0.058775548,-0.21517801,0.08391864,-0.015268876,-0.051883932,0.34725627,-0.079827,0.09286208,0.08348298,0.116436034,0.0009350886,-0.05514217,0.40510547,-0.021324612,0.08224833,-0.0008242845,-0.11115062,-0.19517525,0.09913262,-0.14049818,0.18266071,-0.011333732,0.06996618,0.05950486,0.0830122
TCGA-78-7633-01,-0.027882552,0.10506586,-0.028424297,0.065370694,-0.15690601,-0.1090897,-0.16381253,-0.20899206,-0.03598919,-0.21344277,0.21953072,0.02762923,-0.1575775,-0.112063095,0.07504134,-0.03402266,0.025536649,0.011762574,-0.058669895,0.066363275,-0.11101245,-0.18829238,-0.027950868,-0.09690576,0.05347668,0.055261016,0.03304947,0.021585021,-0.08072844,0.01007376,-0.21490104,-0.0062141037,0.1663564,0.032414086,-0.13499045,0.31353375,0.05742409,-0.19639413,0.1704121,-0.052266065,-0.095864795,0.07278439,-0.016604627,-0.008037927,0.16215634,-0.16742818,-0.020644478,-0.11264693,0.009991324,-0.27845538,-0.07785523,0.016066374,0.011392268,-0.21785471,-0.042749196,-0.12141745,-0.12164352,-0.002843143,0.11010309,0.15701054,-0.18405811,-0.17355594,-0.029584931,0.20845054
TCGA-49-AARR-01,-0.008863558,0.14298755,-0.07470885,-0.21673997,-0.19503617,-0.013492079,-0.16288608,-0.042793725,-0.07126159,-0.13687485,-0.17215784,0.030740099,-0.09716511,-0.046223283,0.13905333,0.17636186,0.10523807,0.35411504,-0.071401276,-0.040881537,0.1539303,-0.003263776,0.050681163,0.080288656,0.08612899,-0.014746387,-0.0023771778,0.004764728,-0.042966112,-0.09885268,0.107010126,0.028873052,0.16495118,-0.036674157,-0.12682547,0.136554,0.17320141,-0.29626814,-0.086380295,0.13150103,-0.074219756,0.024259366,-0.08294833,-0.13886961,-0.017003939,-0.04748571,0.16497731,0.0023520177,-0.009852112,-0.021327736,-0.039902866,0.36949092,0.0370906,0.07149139,0.06012178,0.044625062,0.21376799,-0.18272644,0.13064037,0.124183774,0.048116937,-0.05382415,0.03123675,0.0051736413
TCGA-86-6851-01,0.14173274,-0.0500859,-0.010888936,0.054180477,-0.03459114,0.10514613,0.046392888,0.16395375,-0.12663507,-0.058692757,-0.14117578,-0.009094986,-0.010863997,-0.077596806,-0.02736597,0.03672167,-0.03049622,-0.05724568,-0.04076019,-0.002083858,-0.14763723,0.11843337,-0.019083874,0.10762686,-0.108973764,0.16088009,0.006995988,-0.21117932,0.18693782,0.028966209,0.010490452,0.21034992,-0.03226291,0.061480626,-0.11845887,0.15248962,-0.17501205,0.2794792,-0.016578564,0.1835596,0.118276715,-0.001490789,-0.1275629,-0.10433171,-0.14303185,-0.023819422,0.08780456,-0.026586926,0.09090168,0.14308436,-0.063283846,-0.116326116,-0.19698219,0.052065447,0.028202377,-0.177223,-0.09309924,-0.08386379,0.32135856,-0.2259882,-0.002097433,-0.083608225,-0.33737698,-0.05375741
TCGA-97-A4M7-01,0.115342006,-0.003009867,0.00066937535,0.019657781,-0.023117915,-0.07406553,-0.08174242,0.004207959,0.010512156,-0.1122999,0.03734858,-0.0058033164,-0.044878446,-0.17202562,0.10502066,-0.0197111,-0.21015762,-0.21443689,-0.01192513,-0.040098187,-0.39698833,-0.12741001,0.0030765904,-0.04119102,0.0452575,0.10936214,0.12570553,0.18883596,-0.08934029,-0.09128815,-0.0080540525,0.078729704,0.08441621,0.069655254,-0.16835946,0.13941027,0.08285459,0.067267604,-0.046560064,0.03839556,-0.08594421,0.086995035,-0.14900577,-0.05779713,-0.0014831703,-0.12241868,0.13275054,-0.20007755,0.095060624,-0.13467096,-0.055121325,0.08075651,0.075830765,-0.076499864,-0.16421323,-0.22753829,0.13541386,-0.12390071,0.029422622,0.03791547,-0.09321012,-0.44809753,-0.016986202,0.012436174
TCGA-75-6214-01,0.16706045,-0.13457751,0.006070994,0.15178566,0.011584395,-0.11271816,0.00045638395,-0.024638442,-0.16205776,-0.074059166,-0.09442084,0.08170338,-0.07670796,-0.07497445,-0.014408119,0.1113912,-0.057891738,0.28439587,-0.058976416,-0.02456664,0.29032993,-0.0416068,-0.08921219,-0.10819654,-0.07923724,0.16483149,0.031339675,-0.12656045,-0.06245026,-0.0032676777,0.110443786,0.07671099,-0.29407224,-0.08886271,0.15263788,-0.16529456,-0.13249834,0.16423067,-0.044540636,0.12681584,-0.0760053,0.09544691,-0.09024339,-0.041066527,0.26602796,-0.054592773,0.03380203,0.035177074,0.10884387,0.1169493,-0.043576587,0.18041997,-0.026478024,0.15612185,0.05413647,-0.092204206,-0.35418966,0.054382246,0.019167017,-0.03500037,0.016109567,0.18969834,-0.08318705,0.038343217
TCGA-64-5778-01,0.049282923,0.14952087,-0.07412985,0.09349048,-0.16884187,0.08971386,0.16609484,-0.11927205,-0.17694081,-0.050688706,-0.09474808,0.035903264,0.00795055,-0.007700891,0.10608506,0.07829301,-0.07502834,0.21464978,-0.05586389,-0.09280808,0.28163,-0.041730747,-0.06487707,0.002287714,0.060712826,-0.08034317,-0.023668138,0.053487573,0.026032489,-0.24736094,-0.05327787,-0.025954645,0.34252223,-0.19288146,-0.034550175,0.11757578,-0.1116438,0.0246214,0.031785738,0.0017473254,-0.119861364,0.05432353,-0.033031344,-0.07193901,0.42032003,0.01598129,-0.029288083,0.0636063,0.018935123,0.030079924,-0.062305335,0.07294363,-0.016240528,0.21616414,-0.047931112,0.034271434,-0.08086463,-0.05180802,-0.19440594,0.20809034,-0.105777234,-0.008869631,0.106221914,0.17457074
TCGA-50-5933-01,0.15796953,-0.069217384,-0.06309948,0.1464568,-0.08835038,-0.26710647,-0.019443134,0.120909594,-0.072091036,0.038768556,-0.02960313,0.025933733,-0.21666561,-0.06065668,0.100781076,-0.07295658,0.009663833,0.2717682,-0.04868021,0.054416366,0.21865894,-0.05708725,-0.12408427,0.0031226275,0.039325956,0.09607871,0.06473685,-0.24987376,-0.088224955,0.05089562,0.09003625,0.074513875,-0.14040226,-0.102600746,0.071945,0.035852253,-0.1276156,-0.007950001,0.16990256,0.116347834,-0.1543571,0.14065367,0.01739954,-0.057970908,0.15886974,-0.060072444,-0.13084836,-0.25193366,0.115190335,-0.0018903775,-0.075593755,-0.092919685,0.14359021,0.16817455,0.054374494,-0.09773208,-0.35609975,-0.027337627,0.021041175,-0.021563644,0.12088928,0.08411364,0.07074961,-0.18102847
TCGA-55-8090-01,0.066841766,0.013939931,0.071864456,-0.04100062,-0.050064366,0.103827454,-0.054667126,-0.029144859,-0.04729885,-0.11128016,-0.12019756,-0.11780921,0.04377526,-0.11882426,0.07383194,-0.11950052,-0.32449272,0.045140717,-0.008828722,-0.024401039,-0.4781329,-0.22647043,0.0042914078,-0.017237889,0.022866176,-0.059629973,0.094543606,0.13127771,0.017579025,-0.04206316,-0.0810982,0.023767926,-0.078949064,0.10610094,-0.07218538,0.076603584,-0.06577512,0.18757989,0.01742879,0.029053325,-0.0618052,0.051860716,-0.2351319,-0.013166635,-0.02267771,-0.15243532,0.007588675,-0.22682229,0.09422183,-0.0026334168,-0.018836863,-0.0060469117,0.013885696,0.075041145,0.025747478,-0.23544687,0.09788729,-0.115658335,0.04111723,0.11077429,0.08265375,-0.36465043,-0.012661735,-0.102098085
TCGA-J2-A4AE-01,0.1454315,0.2076932,-0.024556898,-0.0766884,-0.11368945,0.091618374,-0.21646044,0.08978074,-0.16896145,-0.14615364,0.00017187679,0.01156918,-0.072222665,-0.019881582,0.11938722,-0.031572007,0.05496989,0.0052306335,-0.06305885,-0.23650673,-0.13293788,0.04411647,-0.027862165,0.023525437,0.011996034,-0.084129,0.06835358,0.13680741,-0.10182803,-0.01885541,-0.011031656,0.06779001,0.21070689,-0.08891578,0.023095991,0.31771085,0.15365066,-0.040788513,0.11548868,-0.00912526,-0.08431083,0.06259775,0.010671834,-0.11341598,0.117186464,-0.15832455,0.12674055,-0.028037863,0.08819083,0.057029635,-0.085666604,-0.010241611,-0.021605691,-0.011270653,0.24551961,-0.15235016,-0.06021827,0.037867464,-0.06111869,0.32457733,0.06480064,-0.2513754,0.25839597,0.17071879
TCGA-50-8459-01,0.102172315,-0.027999343,-0.053562447,-0.04803501,-0.00113726,0.06428793,-0.22438851,0.018554345,-0.06717307,-0.15371357,0.042910676,0.0017998695,0.10333402,-0.14659883,0.114052095,-0.0190338,-0.16832164,0.03257641,-0.08648951,0.17931195,-0.27077413,-0.046412643,0.019730352,0.0618981,0.09517937,0.15067261,0.027530538,0.025645487,0.010248815,-0.11957836,-0.2164929,0.106879026,0.008354997,-0.012453243,-0.1087674,0.13351218,0.15511519,-0.1856191,-0.056482036,0.1082338,-0.06689507,0.061002247,-0.115794875,-0.11241983,-0.19991815,-0.0848338,0.074866764,-0.14538048,0.12858263,-0.0007539198,-0.07830059,0.11650395,-0.010107307,-0.042412847,0.053240027,-0.19874793,0.16771705,-0.2755168,0.21433115,0.0154215405,0.06269096,-0.3413698,-0.1694663,-0.08564768
TCGA-49-AARQ-01,0.08391134,0.030553073,-0.02898187,0.29120192,-0.121615104,-0.112902164,0.1150053,0.004061894,-0.105866395,0.0045958734,0.054870076,0.15159968,-0.16752501,0.02573115,0.028369196,-0.041926343,0.004094707,0.07937829,-0.03668828,0.004629548,0.07361099,0.05972686,-0.16450725,0.061860483,0.088747196,0.111028664,-0.061597552,-0.07493838,-0.10084986,-0.08604594,-0.12653674,-0.02384408,0.094961755,-0.14639167,0.11240614,0.060323093,0.04158405,-0.0063698255,0.35963315,-0.00727559,-0.2213045,0.069984995,0.06463378,-0.01549949,0.3851025,-0.06272216,0.047203694,-0.009656059,0.08051915,-0.0920923,-0.095778264,-0.17892875,0.0021969,-0.005070508,0.030777304,-0.057649486,-0.31460655,0.069019966,-0.17268176,0.20702375,-0.15719053,0.048452906,0.09842526,0.1463486
TCGA-50-5049-01,0.0153632695,-0.029735362,-0.021543572,0.14703293,-0.10695524,-0.24152316,0.02937439,0.05286867,-0.02782201,-0.05031848,0.18661468,0.010160762,-0.08378938,-0.09097918,0.08910862,-0.13804865,-0.058044985,0.16420782,-0.035041694,0.13865487,0.13180675,-0.13810149,-0.11294432,0.031803932,0.15777455,0.14751276,0.05528734,-0.19260903,-0.055162918,0.023500763,-0.26001498,0.0205988,-0.033935856,-0.0715438,-0.09509204,0.0968655,-0.1347338,-0.13390976,0.12421974,0.009159321,-0.17775361,0.11474984,0.030529812,-0.0059838924,0.16550083,-0.110513985,-0.1653852,-0.21232523,0.07891452,-0.14945816,-0.06426466,-0.016957063,0.16219425,-0.059350222,0.11144363,-0.2153101,-0.31456682,-0.24529247,0.06509274,-0.014673994,0.08809768,-0.07703886,-0.029733758,-0.172027
TCGA-50-5066-01,0.0881742,0.011080564,-0.13903357,-0.12258238,-0.050886787,-0.21041115,0.16116486,0.088414006,-0.06491462,-0.010640774,-0.21518634,0.04076044,-0.29626107,0.00050928234,-0.027294995,0.0017476908,0.05645254,0.15228763,-0.039309546,-0.26315993,-0.22585243,0.050949827,-0.029441891,0.12346741,-0.07264139,-0.122021355,0.09191515,-0.028421445,-0.030790634,0.08141106,0.24225688,0.18331948,-0.022425402,0.06775193,-0.029143563,0.019503737,-0.0342648,0.30250582,0.20825392,0.13959637,-0.0069569424,0.035657592,-0.1114165,-0.08274958,-0.27951047,-0.11038844,0.21137023,-0.04686999,0.08679855,-0.09032899,-0.066654645,-0.11964636,-0.09853621,0.08063816,0.071313895,-0.07519896,-0.017318103,0.014235621,0.06600112,-0.0908,0.06749117,0.14620416,0.048026454,-0.13311364
TCGA-MP-A4T7-01,-0.019034065,0.023223156,-0.020362599,0.09585976,-0.0025801386,-0.14804018,0.09824154,-0.097083345,-0.052134093,-0.08196527,0.028254889,0.18173023,-0.18560858,-0.08328569,0.12011988,0.16425581,0.02377793,0.139896,-0.054740068,-0.09993862,-0.012291928,-0.02700718,-0.08323734,0.053199302,0.14206366,0.027059738,0.101965554,0.1251328,-0.04998177,-0.10221678,-0.010864141,0.0019098108,0.01023445,-0.07449238,0.15038598,-0.05175296,0.024982605,0.05822014,0.12974036,0.034347158,-0.22001734,0.112667985,-0.047099832,-0.06848069,0.29705426,-0.13170664,0.09109696,0.004324595,0.09265528,-0.10485893,-0.08841689,0.38189533,0.08221567,-0.096080944,-0.26676142,-0.11967989,-0.1495849,0.11139792,-0.21077007,0.12322636,-0.2969315,0.10733657,0.083664075,0.08917468
TCGA-MP-A4TF-01,-0.016135316,0.05370495,-0.029983282,-0.029658504,0.0029252588,0.012688443,0.12522331,-0.05518715,-0.16759731,-0.112922095,-0.23182248,-0.017536823,-0.06309715,-0.11421625,0.1927976,0.07180819,-0.09289446,0.18608934,-0.10014421,0.097993545,0.053912923,-0.21926469,-0.013976932,0.15959676,0.1377199,-0.11988488,0.09866193,-0.14039604,0.26377484,-0.017818732,0.036661863,0.04957162,-0.1018917,-0.0395164,-0.02608667,-0.027617188,-0.26685235,0.15523691,-0.11778132,0.20090263,0.08793214,0.047941495,-0.21694414,-0.07847363,0.013145475,-0.008179886,-0.17197393,-0.07224879,0.0088423975,0.009376603,-0.025772696,0.13365945,0.101564996,0.15618688,-0.017541556,-0.019420765,0.011372546,-0.25891846,-0.06356443,-0.24926879,0.10573344,0.101926535,-0.15456821,-0.22760871
TCGA-91-8497-01,0.044309888,0.24912362,-0.13011815,-0.07116657,-0.15026803,0.06115685,-0.25165823,0.11397671,-0.16066138,-0.11367659,-0.11775645,-0.11109232,-0.07036499,-0.034486577,0.04202912,-0.092696086,0.12613735,-0.10493261,-0.04371409,-0.17667527,0.026402038,0.00449002,0.049821742,0.058820438,-0.0017683748,0.09409886,-0.03100556,0.17120992,-0.02061317,0.0007006149,0.06277808,0.0835551,0.26299635,-0.128616,-0.14665093,0.41067848,0.056468032,-0.05030449,-0.15071675,0.08834828,0.1120774,0.028540298,-0.069822416,-0.0838436,-0.025100607,-0.07654499,0.08093636,0.06678109,0.011411948,0.004312008,-0.039614487,0.007786237,0.039592467,0.09202207,0.19602638,0.12523186,0.1455252,-0.097594574,-0.037693687,0.08353085,0.11720142,-0.35241547,0.107168935,0.058072515
TCGA-78-7536-01,-0.009984759,0.015932871,0.039462026,0.2439083,0.080881506,-0.088480964,0.22389573,-0.007071965,-0.037550718,-0.057281446,0.24831566,0.11898517,-0.028449554,-0.03751469,0.17380315,0.11684747,-0.12984964,0.1772788,-0.04391747,0.07979705,0.13725486,-0.14726973,-0.0759555,0.15195394,0.14236665,0.09781949,0.16171479,-0.13466065,0.0588163,-0.084484145,-0.32918754,0.018137528,0.07877833,-0.098054655,-0.03848538,0.04330502,-0.13901778,-0.11000347,-0.0075455084,-0.014485217,-0.07839055,0.099667385,0.040601194,-0.024079043,0.23269041,0.009167368,-0.06274947,-0.033965513,0.014851129,-0.009199746,-0.07784753,-0.09522473,0.05939323,-0.13843791,0.116661154,-0.20640114,-0.19852488,-0.35732907,0.06526194,0.024606852,-0.017189344,0.105506815,-0.03452705,-0.1437438
TCGA-93-A4JN-01,0.05392997,0.0023567388,-0.10167913,0.15884422,0.06450213,0.07513415,0.09331235,0.16567792,-0.01725721,-0.016729908,0.13570869,0.0995768,0.0033921334,-0.052752282,0.111656025,-0.19225945,-0.14245808,-0.10225845,-0.05368269,0.020429153,-0.28426477,0.1100317,-0.027961634,0.13124807,0.045287434,-0.034714457,0.078826435,0.03483842,0.3145242,-0.2216731,-0.33511302,0.093839675,0.25093117,-0.08321547,-0.049498405,0.16922764,-0.031528067,0.045521125,0.074405216,0.04928629,-0.11232089,0.051447242,-0.0777581,-0.11148401,0.055674884,-0.030795543,-0.114322,-0.0522271,0.1457819,0.010908344,-0.12202127,-0.0023840286,-0.05328561,0.046203494,-0.2066433,-0.20519064,0.023998419,-0.009238909,-0.07121845,0.023020076,-0.079609826,-0.30178866,-0.020422174,-0.11772529
TCGA-55-A491-01,0.16775492,0.02320671,0.020205727,0.19696152,-0.061115578,-0.008131524,0.152171,0.08660931,-0.08842728,-0.050650667,-0.056572717,-0.06295624,0.00036109364,-0.09391589,0.15456814,-0.0637587,-0.20378247,-0.09232618,-0.07465583,0.03127407,0.00022794749,-0.1967011,-0.024267642,0.07825114,0.11369979,0.10122632,0.0028291529,-0.07914765,0.04804947,-0.16207293,-0.10034025,-0.0013344792,0.14176585,-0.09751859,-0.23270926,0.19115977,-0.20838626,0.09951431,-0.031840567,0.080890395,-0.010809007,0.06306495,-0.13641264,-0.03886607,0.1599219,0.025654575,-0.11181095,-0.1814737,0.048358392,-0.024530344,-0.021483233,-0.2862049,0.12461186,0.14081463,0.07579799,-0.045207627,-0.018765397,-0.34378412,-0.04464988,-0.0051778527,0.13795193,-0.32309097,-0.036054946,-0.14975227
TCGA-44-3919-01,0.11036982,0.27750036,-0.005601108,-0.20317513,-0.24716458,-0.07648958,-0.043907363,0.081705414,0.038763855,-0.029692318,-0.17626128,-0.022702036,-0.11786852,-0.02244194,-0.05042224,0.33402342,0.07650179,-0.2811505,-0.026794095,-0.2688323,0.0071183103,0.1460821,0.102497205,-0.0014932822,0.05949384,-0.026533095,-0.01885094,0.19953835,0.06978071,0.03262464,0.27181625,0.04754648,0.15152138,0.09746046,-0.26521412,0.024469579,-0.050903242,0.2061334,-0.0044931658,0.0684845,0.015999526,-0.02430066,-0.075305454,-0.052196924,0.074788116,-0.018009305,0.13200532,0.028441764,-0.032713167,-0.010821332,-0.003890277,-0.0069762846,0.073505916,0.05014206,-0.12895662,0.015119098,0.044571355,0.077810116,-0.060977805,-0.09711624,-0.08363602,0.09403423,0.14777224,0.20910937
TCGA-78-7143-01,0.07463028,-0.0889361,-0.090331174,-0.12500706,0.077154346,-0.18716097,0.123512305,-0.19395265,-0.14621994,0.008758374,0.032207165,0.14685348,-0.072987765,0.026804162,-0.053427074,-0.014662273,0.016054945,0.11311155,-0.073560216,-0.10010786,0.07109035,-0.113672115,-0.08805628,-0.13240948,-0.0963709,-0.52555543,0.012813616,-0.09459305,0.14552298,-0.044965122,0.09564514,-0.01652623,-0.06595668,-0.10908642,0.057830542,-0.2801889,-0.060840223,0.08449339,-0.053868417,0.06606507,-0.08323044,0.06036467,-0.13670167,-0.0045263004,0.15934269,-0.076880135,-0.1344626,0.072662115,-0.012075156,-0.19795407,-0.10951708,0.048821237,-0.038807914,0.1568885,0.061194904,-0.00453189,-0.03755724,0.029901197,-0.28102484,-0.064473696,0.0040263,0.21634178,0.0038843625,0.02677818
TCGA-38-A44F-01,0.117714636,0.015663523,-0.07423257,-0.24490686,-0.07223847,-0.042919695,-0.22215709,0.19563088,-0.054432686,0.05694349,0.1314588,0.0878418,-0.058027968,-0.016650397,-0.08541156,0.010200346,0.032339178,-0.12923993,-0.012757722,-0.008922786,-0.18281941,0.1388629,0.028302379,-0.04819547,-0.090572655,0.20633161,-0.030054417,-0.0402253,-0.02933425,-0.00038213143,0.070925064,0.15331012,-0.05251406,0.08326104,-0.08163625,0.08978969,0.33411786,-0.18749091,0.02523312,0.082797796,-0.102378674,0.03883653,-0.066594675,-0.028628722,-0.23397894,-0.08370713,0.3053734,0.038598236,0.09944608,0.10351987,-0.052157894,-0.10496755,-0.11227808,0.034430224,0.16661955,-0.06144521,0.19051799,-0.062944956,0.29121754,0.09849215,0.1654325,-0.1782594,0.015407129,0.0265093
TCGA-17-Z014-01,-0.009966571,-0.12564275,-0.088519365,-0.002652722,0.16854838,-0.02729795,0.12088064,-0.12131418,-0.17189248,0.04605363,-0.03989516,0.021797577,-0.050724093,0.06610835,-0.045024775,0.064890325,0.04433983,-0.0057373066,0.033234302,-0.13621576,0.045302637,-0.15753984,0.038784582,-0.11758142,-0.06091795,-0.39737698,-0.099501215,-0.017667277,0.2303467,0.011002147,0.14648855,-0.08153297,-0.03654423,-0.094126984,0.11772389,-0.18912612,-0.244885,0.19793433,-0.18982206,0.0582083,0.01918782,0.03980859,-0.22972338,0.05054502,0.13823006,-0.031445313,-0.22137186,0.029698852,-0.1745489,-0.16673318,-0.04622004,0.06589635,0.024265546,0.25146732,0.044545464,0.13515945,-0.06317251,-0.034512505,-0.11713126,-0.11464977,-0.047741972,0.20205787,-0.05262046,-0.038670294
TCGA-17-Z062-01,0.063101046,-0.11972964,-0.037098706,-0.004974934,0.21810266,-0.0024031093,0.066395104,-0.07438062,-0.1640679,0.051939636,0.005141101,0.041600272,-0.015107996,0.027444836,0.03940718,0.101054646,0.009610185,-0.04253274,0.012388819,0.009081259,0.04532751,-0.18074894,0.020486047,-0.08247365,-0.032540184,-0.36958328,-0.049110465,-0.07088856,0.2770948,0.08197704,0.05996163,-0.044759274,-0.16261569,-0.08244215,0.1435352,-0.21940851,-0.2342976,0.15271395,-0.2175781,0.07555499,0.037745945,0.061553475,-0.21542458,0.031229528,0.07161238,-0.01726724,-0.2852127,-0.073187545,-0.11409993,-0.084519215,-0.07176406,-0.025958166,0.065000415,0.23351929,0.029596893,0.0548584,-0.06834309,-0.079046555,-0.0695094,-0.18008858,-0.03502609,0.26143456,-0.082711294,-0.09578201
TCGA-69-7978-01,0.12869115,-0.18491736,-0.02998378,0.084186785,-0.069010206,-0.16342309,-0.05916567,-0.04422356,-0.051075783,-0.09277628,-0.23391686,-0.024055751,0.0338692,-0.14888453,-0.017914245,0.013850987,-0.08003035,0.103427745,-0.062473424,0.13281232,-0.05648257,-0.05562516,-0.044447888,-0.046914566,0.026386796,0.1244767,0.011515128,-0.17893666,-0.13313605,0.05067942,0.1889821,0.081058115,-0.21817814,0.023919545,-0.040059276,-0.012171118,-0.1746731,0.19879189,0.1607712,0.15131375,-0.10658234,0.07620278,-0.071916334,-0.03803234,0.016202373,-0.09625437,-0.07642517,-0.25361672,0.14116603,-0.022290861,-0.016226474,0.25422025,0.11422241,0.078904614,-0.11345829,-0.21658055,-0.26758823,-0.034185644,0.109087504,-0.24489129,0.016607214,-0.06959477,-0.24276197,-0.09343214
TCGA-17-Z057-01,-0.009845452,-0.12568864,-0.08873918,-0.0026496453,0.16855463,-0.027614094,0.12084509,-0.121323995,-0.17196283,0.045931175,-0.039866555,0.021981634,-0.050923474,0.065977745,-0.04491357,0.064872004,0.044268418,-0.00576371,0.033123,-0.1362526,0.04517567,-0.15761277,0.038703877,-0.11759085,-0.06087025,-0.39727026,-0.09939459,-0.017741932,0.23026314,0.010808877,0.14650768,-0.08140789,-0.03643465,-0.09419452,0.11754889,-0.1892106,-0.2448003,0.1979128,-0.18984517,0.058368906,0.019140784,0.039947845,-0.22992334,0.050418627,0.13823077,-0.031590175,-0.2212025,0.029722884,-0.17442587,-0.16701694,-0.046358366,0.065975085,0.02423263,0.2514436,0.044484537,0.13514599,-0.06328057,-0.034626443,-0.117119364,-0.114743605,-0.04774579,0.20203567,-0.052666765,-0.038743753
TCGA-99-8032-01,0.226837,-0.06459553,-0.21643838,0.05081346,0.0059543774,0.056963746,0.18548249,0.10583265,-0.18157859,0.05029529,-0.15317087,0.037453394,-0.0853028,-0.033828907,0.0052262964,-0.13794479,-0.1772073,0.0043350146,-0.036733724,-0.17881662,-0.129782,-0.0016653752,-0.04889663,0.07515605,-0.035778075,0.1715004,0.041203856,0.09584149,0.03343723,-0.08239294,0.042548683,0.26385552,-0.11591065,-0.10024306,0.058974914,0.0045574745,-0.06963016,0.29186997,0.09867216,0.1734185,-0.070527904,0.059559483,-0.14675617,-0.13790686,-0.19463749,-0.09160949,0.2138997,-0.061692897,0.25659645,0.08977582,-0.15746585,-0.0008823662,-0.13608865,0.21127822,-0.04723606,-0.22468647,0.07246804,0.012558892,0.117294446,0.048622973,0.05299252,-0.035609923,0.052027844,0.055197343
TCGA-86-8359-01,0.0734678,-0.06917143,0.054681208,0.12560402,-0.0036440187,-0.06615172,-0.020208664,-0.02885995,-0.0052116127,-0.13342229,-0.28833574,-0.035340235,0.05940585,-0.12926741,-0.012615549,-0.035118323,-0.08862262,-0.05843009,-0.03757602,0.011573743,-0.3186922,0.03846505,-0.011167294,0.0692011,0.008256129,-0.021765925,0.083298005,-0.13081719,-0.040688124,0.044771835,0.17006572,0.069833815,-0.07230868,0.082958035,-0.06807039,0.14148383,-0.17438358,0.35447073,0.1274377,0.12589327,-0.036650218,0.016968539,-0.10834143,-0.037437808,0.0585255,-0.085598774,-0.06213124,-0.17035966,0.0552648,0.008662132,0.027421478,0.15095186,0.0754416,-0.06364915,-0.04952999,-0.22346519,-0.20081112,-0.07072421,-0.09842664,-0.24927264,0.06559052,-0.2857662,-0.22807586,-0.17747836
TCGA-17-Z017-01,-0.009973018,-0.12562965,-0.08850602,-0.0026347584,0.16855206,-0.027291244,0.12087973,-0.121317744,-0.1719127,0.046060514,-0.03989559,0.0218008,-0.050723117,0.06612574,-0.04503671,0.064901315,0.044341106,-0.0057235733,0.033239074,-0.13618948,0.045340907,-0.15753527,0.038767487,-0.117571734,-0.060905248,-0.39733976,-0.09953006,-0.017639726,0.23032738,0.011008718,0.1464726,-0.08155113,-0.03653809,-0.09417217,0.117749326,-0.18910873,-0.24490331,0.19793734,-0.18982658,0.058205523,0.019204015,0.03979983,-0.229709,0.05054987,0.13823634,-0.031428155,-0.22136869,0.029725306,-0.17455488,-0.16672587,-0.04621186,0.065836765,0.024265422,0.2514752,0.044549994,0.13520147,-0.063190304,-0.03451572,-0.11716454,-0.11465234,-0.047763046,0.20207334,-0.052611608,-0.03864734
TCGA-MP-A4T9-01,-0.0058086934,0.02810316,-0.0053671254,0.10536728,-0.037043877,-0.15620117,0.03974959,-0.13607696,-0.065703884,-0.08546679,0.21003167,0.13155857,-0.074301966,-0.0459544,0.011115336,0.15947092,0.12056207,0.07094302,-0.03108109,-0.07871441,0.3230061,0.044238638,-0.04441399,-0.13349482,0.020028517,0.11703475,-0.031266496,0.043638334,-0.1094671,-0.14258137,-0.105728604,-0.041271977,0.22131929,-0.1332857,-0.007663254,0.12356657,0.017264223,-0.11504149,-0.061066486,-0.033332955,-0.17316523,0.08448781,0.07416238,-0.030534398,0.4329905,-0.032063857,0.017783668,0.13012674,-0.04536638,-0.10699155,-0.048824485,0.21031879,-0.024492977,-0.06552773,-0.063479856,0.02347333,-0.20956235,0.031387575,-0.17044371,0.14572054,-0.20449232,-0.04251059,-0.007362869,0.2504675
TCGA-55-7574-01,0.1790169,0.1615627,-0.13011517,0.13378547,-0.11891916,-0.058639284,-0.101286896,0.11906186,-0.035107706,-0.106256366,0.10267492,0.09874616,-0.13261455,-0.100263566,0.0764593,0.09351267,0.1304264,-0.2911915,-0.082941525,-0.2312439,-0.0575471,0.19023278,0.040465083,0.028894402,-0.021378092,0.08772871,0.03878634,0.092484914,0.09016831,-0.08111884,0.012354344,0.16531669,0.3381573,0.01296344,-0.26996502,0.20482054,0.107462704,0.019928839,0.065413386,0.06959441,-0.098273456,0.034638863,-0.011339128,-0.119730935,0.14087714,-0.05732784,0.18802238,-0.012731997,0.062499076,-0.018277213,-0.12815635,0.033668038,-0.062225647,-0.09940641,-0.13078217,-0.13727623,-0.06467281,0.04117063,0.11340189,0.07622286,-0.1961947,-0.15898229,0.0624353,0.1653078
TCGA-62-8397-01,0.0885805,0.013879805,-0.059088357,-0.089900225,0.03304964,-0.08415334,-0.23643799,-0.006608089,-0.13242422,-0.11169075,0.057752106,0.04587667,-0.032793377,-0.109108865,0.0691074,-0.04559892,-0.04478224,0.030941535,-0.0732317,0.24619627,0.2417703,-0.13685916,-0.08209133,-0.046830483,0.0029526036,-0.06027304,0.07098211,-0.08719482,0.2569514,0.12647158,-0.18190058,0.051214,-0.26933822,-0.117461644,0.0897329,-0.13152078,-0.16232769,-0.08166686,-0.16733897,0.12828001,0.010541223,0.08780764,-0.153312,-0.03737393,0.09146953,-0.10386945,-0.3047523,-0.08437372,0.10395223,-0.045787435,-0.12258932,0.04403511,0.14124465,0.19687869,-0.04056996,-0.053489737,-0.20436421,0.034362733,-0.04965522,-0.22506928,0.063496396,0.17580962,-0.028710112,-0.07716603
TCGA-55-7726-01,0.12974426,-0.045075823,0.019428257,0.11198276,0.04240048,0.2166426,-0.22987993,-0.07990607,-0.0767972,-0.19433832,-0.09517483,-0.00025536155,0.24094047,-0.16493008,0.061650112,-0.039724,-0.062891945,-0.11969563,-0.062185623,0.24673311,-0.026817001,0.050938576,-0.0017220011,0.019346936,-0.055141773,-0.041769974,0.03622988,-0.104358055,0.19406289,-0.04000897,-0.25941026,0.07089214,0.08846487,-0.09328067,-0.092460744,0.13053083,-0.12392766,0.0476661,-0.0762868,0.07279952,-0.0018054204,0.0061905533,-0.03095777,-0.08086033,0.14388183,-0.004426912,-0.17978598,-0.0858076,0.08885936,0.117660694,-0.09109837,0.17831346,-0.02460399,-0.03284213,-0.12716506,-0.23049203,-0.16004117,-0.024058785,-0.015173011,-0.18463199,-0.1118392,-0.25301632,-0.30464426,0.0118852
TCGA-05-4433-01,-0.06438194,0.15509489,-0.09371214,-0.22173142,-0.027111715,0.06982003,-0.18389957,0.05693004,-0.102073856,-0.10112408,-0.024122775,-0.035487145,-0.14396973,-0.05204676,0.15180998,-0.10953663,0.17225905,0.21708743,-0.032542583,-0.07049843,0.039132807,-0.1459519,0.03691528,0.034123775,0.014115317,-0.30296928,0.13991636,-0.06866317,0.101999745,0.07788314,-0.037356466,0.07154787,0.12265634,-0.07981933,0.08705323,0.2776549,0.024330715,-0.2267407,-0.052586798,0.05571198,-0.034735043,0.10533305,-0.04589468,-0.09987157,-0.027481215,-0.13535275,-0.15608835,-0.0963739,0.025872117,0.014918181,-0.054006297,0.31975165,0.10412698,0.06878042,0.13619699,-0.057161145,0.058791164,-0.05337267,-0.07510853,0.1188049,0.21727817,-0.11350609,0.16010435,-0.21556003
TCGA-MP-A4TJ-01,-0.052002735,-0.14092687,-0.09680454,-0.18275739,0.05641823,-0.087103456,-0.23017167,-0.13714792,-0.07808611,-0.058413103,-0.034942687,0.10785151,-0.07015811,-0.027335461,-0.0052778497,0.13081786,0.04586267,0.254238,-0.014366585,-0.00049962953,0.029428575,-0.016721342,0.029084165,-0.05894519,-0.12704913,0.06667791,-0.013000822,0.040675435,-0.008030538,0.0391209,0.18511355,0.041877467,-0.16378,0.0010133135,0.09157825,-0.07431942,0.11878238,-0.19727443,-0.15827756,0.15700226,-0.07484925,0.04750128,-0.17744008,-0.034125723,-0.101672485,-0.1039872,0.14641209,0.053634997,0.023284936,-0.071764715,-0.05923765,0.51566136,-0.028470907,0.18215556,-0.03367731,0.07195682,0.14708142,0.02613058,0.28374454,-0.04004406,-0.07083542,0.06016603,-0.12837055,-0.009977985
TCGA-05-4250-01,0.21625465,-0.11794621,-0.031398833,-0.069516525,-0.16491437,-0.13650699,0.020026648,0.15693066,-0.008763301,0.04594353,-0.02340888,0.05192765,-0.05482494,-0.054065026,-0.0744961,-0.14440791,-0.1023884,0.20029964,-0.025869545,-0.0112819085,0.12461285,0.02646205,-0.12770015,-0.00997707,-0.11759933,0.09064718,0.11869746,-0.13879806,0.014248994,0.02310347,0.015938994,0.19275896,-0.3028471,0.023465976,-0.10601419,-0.25035456,-0.015577754,0.09508282,0.13969108,0.095287085,-0.15337223,0.039326154,-0.00526961,-0.045252923,-0.064999856,-0.090287164,0.09987466,-0.14088991,0.26183155,0.08951132,-0.1035864,0.017561913,-0.020077575,0.10215754,-0.08067661,-0.34425935,-0.1628059,0.11473721,0.2561586,-0.016168566,0.090265274,0.17431937,0.024788566,-0.075654306
TCGA-95-A4VP-01,0.027596228,-0.033382006,-0.1027522,0.034572866,-0.109311566,-0.011980806,-0.0072614606,0.11692078,-0.06691368,-0.09442981,-0.14131753,-0.05443859,-0.00039126663,-0.111705005,0.025929192,-0.31693506,-0.2537044,0.06786849,-0.031352475,0.10838229,-0.050527535,-0.09324697,-0.0334987,0.0715748,0.022994006,0.08293632,0.094124906,-0.12852523,0.22843362,-0.16096216,-0.16267282,0.113456585,0.00088316016,-0.07071471,-0.12990783,0.101406984,-0.18673672,0.08696671,-0.0596459,0.14668944,-0.035934553,0.04359992,-0.22433057,-0.07189509,0.03609899,-0.10366183,-0.15528451,-0.1074776,0.13551672,-0.0037987053,-0.04248034,0.106107295,0.061183706,0.21254,-0.08447461,-0.13460907,-0.06536135,-0.10427931,0.045431487,-0.16514318,0.20613857,-0.26396397,-0.09877687,-0.28832084
TCGA-NJ-A55O-01,0.07883683,0.10586097,-0.04494636,-0.28795046,-0.09003852,-0.053980462,-0.19411151,0.064108446,-0.022220917,-0.03436491,-0.15497516,0.06048229,-0.047367763,-0.063516855,-0.037896004,0.15717457,-0.065804094,-0.2532107,-0.024221132,-0.05896866,-0.35173976,0.09263531,0.060945876,0.04613802,0.0040764585,0.0832572,0.010536555,-0.014968157,-0.07590671,-0.08348596,0.337034,0.10120035,0.11614209,0.14286965,-0.09619769,0.15005207,0.18146466,0.03322283,0.07390035,0.12969962,-0.038166292,0.019707358,-0.1457814,-0.071280956,-0.15895206,-0.065925516,0.26616928,-0.039694734,0.010533811,0.009889105,-0.022658594,-0.19328174,-0.037431553,0.042470712,0.032592256,-0.0030153142,0.19058505,-0.08781133,0.114647076,-0.10796424,0.10302574,-0.22959034,-0.039698277,-0.01643377
TCGA-55-6968-01,-0.032112062,0.059023384,-0.14923309,0.09411261,-0.06720915,-0.16113937,0.08528055,0.13798869,-0.1747245,-0.094607875,0.22513168,0.105126634,-0.17899989,-0.10789896,0.09087689,0.13597944,0.07142452,0.2130965,-0.07093231,0.00891089,0.22693588,0.0150905615,-0.12680922,0.024935545,0.074628346,0.17834617,0.004698431,-0.02066884,0.24391961,-0.045894902,-0.242232,0.057085153,0.14407665,-0.18097268,-0.027002348,0.20803808,-0.18825662,-0.08624741,-0.11650896,0.12600331,-0.08016521,0.1384872,-0.08756455,-0.08046944,0.2191976,-0.054873127,-0.19082397,0.054702587,0.04546353,-0.12279992,-0.08588528,0.10218029,0.053959098,0.14495504,-0.12720338,0.015392913,-0.19926107,-0.13122015,0.016307024,-0.032410763,-0.12351165,0.0018453259,-0.038234733,-0.013039711
TCGA-17-Z030-01,0.06325129,-0.11971971,-0.037235677,-0.004908704,0.21808277,-0.0026200188,0.066383466,-0.07430642,-0.1640983,0.051864885,0.0051291166,0.041704543,-0.01527366,0.027300118,0.039606366,0.10104831,0.009530027,-0.042594675,0.012252756,0.009144976,0.045302376,-0.18083699,0.020407552,-0.08240828,-0.03240655,-0.3694754,-0.04898586,-0.07101013,0.2770691,0.08183529,0.05993525,-0.04464104,-0.16255397,-0.08249843,0.14338233,-0.21950461,-0.23425575,0.15266776,-0.21757196,0.07569493,0.037742432,0.06167814,-0.21553813,0.031095544,0.07162599,-0.017323531,-0.28511408,-0.07325569,-0.11396788,-0.08463844,-0.07187442,-0.025989896,0.06502351,0.2334825,0.02958801,0.054827716,-0.06844402,-0.079207025,-0.069513045,-0.18020411,-0.034993894,0.26145467,-0.08272425,-0.095898494
TCGA-91-A4BC-01,0.15010706,-0.015772995,0.026503108,0.06690793,0.02731474,0.040168118,0.06097783,-0.0393198,-0.13140915,-0.08092224,-0.18776803,-0.067039266,0.046034474,-0.07126317,0.054067574,-0.061361462,-0.39695722,0.020499403,-0.025441127,0.051098764,-0.29168978,-0.17246397,-0.07308685,0.02581056,0.08822973,-0.029825566,0.02158999,0.1873715,-0.02815411,-0.12544286,-0.14978524,-0.019010989,-0.0061034937,-0.11660001,0.04616229,0.008232761,-0.20423335,0.30597916,-0.0064309044,0.04502776,-0.021770645,0.05779263,-0.20737705,-0.03880158,0.09516659,-0.08239888,-0.046032906,-0.11437403,0.095010765,-0.043369167,-0.05162688,-0.2850305,0.028995698,0.2173545,0.05289511,-0.10178228,-0.06551593,-0.12117827,-0.23938172,-0.020356853,0.009736367,-0.23601747,0.005607562,-0.010573681
TCGA-J2-A4AD-01,0.101696216,0.17909999,-0.13360353,0.054510508,-0.22494696,-0.08679852,0.10044224,0.11369629,-0.09573643,-0.022618612,0.005532162,-0.039863963,-0.2421768,0.020997604,0.010622984,-0.26168135,0.0392247,0.08162247,-0.046163604,-0.33152688,0.062107284,-0.06452247,-0.048647597,0.11685945,0.0162332,-0.03712922,0.02328105,0.12942843,-0.0243104,-0.043180592,-0.009237541,0.09906418,0.14999804,-0.086210236,-0.17631607,0.15094809,0.032044306,-0.028796667,0.1291154,0.06534507,-0.10054614,0.018749239,-0.031709656,-0.05890147,0.03387805,-0.13124786,0.09957033,0.04067994,0.094659075,-0.11589466,-0.046116766,-0.23859046,0.03572901,0.14564711,0.22353233,0.008220721,0.056164566,0.01970152,-0.05111359,0.27121618,0.20198983,-0.12750755,0.3142912,-0.0076077427
TCGA-44-7667-01,0.11902558,-0.035353567,-0.046880644,0.08247498,-0.1235976,0.039791543,-0.17285728,0.081701964,-0.08226057,-0.1054172,-0.3427093,-0.09373587,0.07654294,-0.10816783,0.12838832,-0.16197442,-0.0415663,0.0064422577,-0.078687154,0.272863,0.10890092,-0.017444668,-0.044183467,0.16686787,0.08460625,0.000529627,0.017411027,-0.2344146,0.1625856,-0.013700837,-0.11052427,0.05571169,-0.010305907,-0.12400646,-0.11943686,0.022253904,-0.14426102,0.064138375,-0.036634482,0.17776185,0.049636662,0.024914006,-0.07683955,-0.09862668,0.042981688,-0.008403509,-0.18012096,-0.19359079,0.09215991,0.05407625,-0.05985645,0.1607745,0.10951663,0.13093533,-0.005184508,-0.08515532,-0.1784759,-0.13595861,-0.015134562,-0.27706298,0.019849705,-0.06719421,-0.22029726,-0.22878683
TCGA-MP-A5C7-01,-0.022901362,0.16788533,-0.033260744,0.02867161,-0.1213304,-0.07008644,-0.02733919,-0.30568877,-0.07091807,-0.13638046,0.17921259,-0.01912227,0.0097449515,-0.10577911,0.06815279,-0.0069165984,-0.071608245,0.05751201,-0.06508277,-0.042287517,0.0861167,-0.24131714,-0.032421593,-0.10762122,0.07392554,-0.0047475537,0.06270271,0.19333173,-0.0870652,-0.08832428,-0.21820913,-0.01418684,0.1944,-0.09415346,-0.18462585,0.18133399,-0.050414428,-0.06898812,-0.07786636,-0.047143247,-0.12485236,0.09902487,-0.023718096,0.0029754862,0.3093874,-0.12821703,-0.041855607,0.010667185,0.026080374,-0.18034004,-0.1039901,0.2548004,0.044551104,-0.104343064,-0.04129983,-0.13815084,-0.048139215,-0.10921582,-0.16126701,0.15739436,-0.1776181,-0.17649227,0.002011199,0.20291854
TCGA-95-7562-01,0.18888794,-0.010779719,-0.04001315,0.054668408,-0.13728078,0.051142488,-0.05986988,0.10344595,-0.116350606,-0.01706908,-0.23883675,-0.009415563,-0.012252279,-0.040167607,0.009044352,-0.11566262,-0.226857,-0.22109695,-0.02518521,0.044852164,-0.030365014,0.13408433,-0.09706954,0.014177478,0.021161366,-0.058473192,-0.0154825635,0.06511691,0.14931218,-0.2003306,-0.14901304,-0.0020385727,0.17955986,-0.22182947,-0.08593794,-0.017137036,-0.0024491565,0.19771136,-0.13553876,0.12170025,0.041039817,0.02112588,-0.117198735,-0.06741464,0.27080455,0.0058649573,-0.03236761,0.13415816,0.076404914,0.0072944867,-0.029671097,-0.051912967,-0.0042325146,0.2678142,-0.046714332,0.031150488,-0.057200667,0.045999262,-0.42854235,-0.07753218,-0.06557004,-0.21266143,-0.0015967403,0.10007843
TCGA-97-8172-01,0.124764554,-0.08927773,-0.09893546,0.039831273,-0.015936574,-0.15142155,-0.32933113,0.099995375,-0.08739703,-0.117694646,-0.11673147,-0.03756448,-0.12197879,-0.14445461,-0.015937153,-0.23295702,0.010152016,-0.3133999,-0.012709646,0.06911434,0.07312712,0.03566552,0.007131069,-0.12020843,-0.08496025,0.092495754,0.028217327,-0.11380315,0.054712657,0.012686124,0.023979653,0.09949366,0.0005611161,-0.10970348,-0.05095686,0.13009006,-0.005850889,0.017465217,-0.30705017,0.16391933,0.085355975,0.076967776,-0.13268216,-0.08222593,0.12905014,-0.08814928,-0.07562162,0.016892696,0.017232498,-0.07748915,-0.015868485,0.15657794,0.08155388,0.17034109,0.025977628,0.0703908,-0.14048895,0.09811615,-0.14018226,-0.2525129,0.10409628,-0.3079841,-0.11445539,-0.06432937
TCGA-J2-A4AG-01,0.19232063,0.19636984,-0.07285463,-0.14963068,-0.26284456,-0.03237331,-0.07135057,0.10267654,-0.083570294,-0.10652362,-0.030765472,0.015817188,-0.13909839,-0.058728598,0.0256304,-0.024564013,-0.0027050425,-0.06761379,-0.053744953,-0.25404102,0.02156184,0.0032542732,-0.0504083,-0.01902498,-0.026534759,-0.14930767,0.026461266,0.11988094,-0.08837812,-0.1103167,0.119257234,0.04559842,0.38212192,-0.050522096,-0.27350911,0.24075972,0.06064327,-0.011300804,0.055151932,0.050052863,-0.04348005,0.03897351,-0.041738532,-0.0887919,0.14142227,-0.10415061,0.07397605,0.031167358,0.07288349,-0.08279624,-0.029809864,-0.17233655,0.0534208,0.1309249,0.040015377,-0.037014443,0.043433316,0.04938203,-0.16644548,0.14893022,0.08219194,-0.2984523,0.2221082,0.10748298
TCGA-44-6148-01,0.0813125,0.0051718922,-0.19075039,-0.16157566,-0.0618082,0.08380027,-0.22653896,-0.036425088,-0.13069129,-0.10719748,-0.09131747,0.06254539,0.013944505,-0.072588705,0.07893865,0.08840592,0.062644936,-0.07994049,-0.051455785,0.060782343,0.056867838,0.09109152,0.084945336,-0.040649522,-0.02187319,0.04730795,-0.04097951,0.010179029,0.014948019,-0.1373463,0.050782386,0.091919675,0.29928067,-0.09566266,-0.15024842,0.18471608,0.25255945,-0.26571128,-0.18287838,0.15408136,0.01819017,0.043405652,-0.08219175,-0.12773523,-0.07407342,0.0012835306,0.17272298,0.05817101,0.009749574,0.038570978,-0.05430931,0.29885307,-0.050816964,0.13449837,-0.02864345,0.09470432,0.3082722,-0.15289393,0.046747517,-0.022527078,-0.0075401,-0.2441954,-0.1105067,0.084175915
TCGA-55-1595-01,-0.020933155,0.0039203344,-0.14136685,0.037621144,-0.007980871,0.10748778,0.053223964,0.02423777,-0.16335693,-0.034781847,-0.096990645,0.092429034,-0.11725816,-0.0013596386,0.0753665,-0.08161462,-0.22421399,0.09779147,-0.018484546,-0.007947376,-0.10207391,-0.015680742,-0.020220295,0.12023927,-0.08292068,-0.07693958,0.16272558,-0.1383105,0.47501287,-0.072052814,-0.031446237,0.13911225,-0.15014298,-0.016394112,0.10712325,-0.17233813,-0.052630354,0.032830495,-0.021142151,0.19145414,0.049140774,0.015996972,-0.3003647,-0.07655991,0.042280994,-0.065330446,0.004691363,0.14724821,0.090523645,0.07874494,-0.045356262,0.13498949,-0.1251979,0.3181616,-0.010521205,-0.021659989,0.021002429,0.024771163,0.18383433,-0.07766579,0.09361908,0.20786749,-0.01553888,-0.13829167
TCGA-86-8278-01,0.09235704,0.035899367,-0.06598714,-0.11125306,-0.09151935,0.00667206,-0.15325817,-0.07839132,-0.16818772,-0.10903568,0.05380579,-0.009777112,-0.025398888,-0.07082387,0.05398774,-0.23570637,-0.20220059,0.10336921,-0.018966561,0.11730171,-0.23116502,-0.14415312,-0.06601428,-0.011037483,-0.08091778,-0.03112187,-0.010303465,0.112235606,0.032064185,-0.112845525,-0.28941604,-0.00059007906,0.15726757,-0.1050184,-0.13803072,0.27857566,0.047395565,-0.044137497,-0.054646093,0.008469476,-0.002836928,0.038920872,-0.15723214,-0.03317619,-0.07394706,-0.10604441,-0.004811479,0.004410319,0.119223624,-0.1706691,-0.08226792,-0.2918318,-0.060444944,0.19466807,0.06271495,-0.033055503,0.15073098,-0.07341141,-0.008453943,0.10521522,0.020104874,-0.3941892,-0.037500255,0.06241561
TCGA-17-Z020-01,-0.006981843,-0.13140216,-0.058251105,-0.023908593,0.20750114,0.033460137,0.13321608,-0.16623904,-0.1580735,0.07475255,0.022070386,0.045065206,0.025410019,0.095672145,-0.09431347,0.09724153,0.03194978,-0.026089452,0.048277672,-0.16526642,-0.0008018298,-0.12318285,0.05617426,-0.16706459,-0.12659295,-0.41877788,-0.12947066,0.025291944,0.22168615,0.0025260677,0.15869004,-0.08148276,-0.03139703,-0.060426693,0.12690239,-0.20940766,-0.21571584,0.20037009,-0.18334338,0.010372375,-0.003618746,0.01540996,-0.20668006,0.07172961,0.105401084,-0.016466936,-0.18741474,0.056467656,-0.17803101,-0.116448075,-0.050031662,0.010758723,-0.048617795,0.23714542,0.02870999,0.12033643,-0.008395684,0.012663966,-0.05513388,-0.067229845,-0.0772737,0.19402485,-0.05676983,0.036649093
TCGA-NJ-A4YI-01,0.0364016,0.0072795795,0.032970585,0.31252617,-0.0228979,-0.24247368,0.15107705,0.11641596,0.007845548,-0.041980416,0.059482194,0.009138906,-0.14812458,-0.03794578,0.12979113,-0.109173335,-0.11513854,0.14726332,-0.019808732,-0.06561497,0.05353066,-0.07513682,-0.07564286,0.21180914,0.17807671,0.25861692,0.04144597,0.0410971,-0.092307,-0.11729852,-0.23373245,-0.03609417,0.024604972,-0.1447847,-0.0820862,0.046358585,-0.06026918,-0.009962268,0.01924391,0.040025096,-0.16491866,0.041968297,0.009115511,-0.0302282,0.2249587,-0.033312,0.062237587,-0.08310256,0.008180103,-0.1558133,-0.024049662,-0.1735302,0.13205533,-0.052724276,0.18398541,-0.0646259,-0.17230846,-0.30028927,-0.08089348,0.13228178,0.05095154,-0.16987243,0.09098664,-0.20517229
TCGA-49-AAR4-01,0.030130628,0.05739523,-0.050029844,-0.0913757,-0.06209001,0.07275849,-0.041546315,0.11443588,-0.067331396,-0.10315306,-0.09011309,-0.00036236894,0.040759165,-0.023041094,0.121027045,-0.0021081707,-0.029042369,0.36888996,-0.059491474,-0.10169026,0.03420799,-0.025711043,0.026381947,0.15328261,0.08215614,-0.003090493,0.06577086,-0.053699393,-0.105498664,-0.121279866,0.023317765,0.05778146,0.116520315,-0.079951525,-0.05267942,0.17119548,0.078796074,-0.21883404,0.035769787,0.11951247,-0.14637557,0.04795939,0.0003426818,-0.113697685,-0.05016191,-0.07363515,0.05063456,-0.1019532,0.076239,0.13409612,-0.019622823,0.21941045,0.08991203,0.08523647,0.19101316,-0.15090613,0.08158535,-0.27785578,0.10593341,0.19986437,0.3086941,-0.21813431,0.13485557,-0.279359
TCGA-44-7659-01,0.040730342,0.101535976,-0.074201904,-0.0717531,-0.12949508,-0.031933963,-0.079721875,-0.14302678,-0.07040877,-0.1244897,-0.20972393,-0.06678764,-0.027473982,-0.13899963,0.015966639,0.053540796,-0.1545189,-0.31798974,-0.073623054,-0.059370585,-0.35956454,-0.13777237,0.06005483,-0.06415723,0.04483407,-0.0025962412,0.02177563,0.09662223,-0.02751276,-0.03235183,0.22663392,0.083703615,0.13409352,0.07831008,-0.25901932,0.13916676,0.001960326,0.18762593,0.0030161163,0.10144662,0.08993725,0.039188378,-0.20208901,-0.026455794,-0.073900476,-0.08245456,0.1442661,-0.07031662,0.02095266,-0.10102706,-0.003907648,0.09497696,0.03715686,-0.016596504,-0.0513749,-0.024486145,0.20520756,-0.15646127,-0.0056436467,-0.15036322,-0.0157471,-0.30817196,-0.111865155,0.109312706
TCGA-55-7284-01,0.13481192,0.040607233,-0.03442241,-0.0038594133,0.048666645,-0.098829105,-0.25237367,-0.065439634,-0.05562884,-0.08923304,0.18093331,0.08458273,-0.021597423,-0.1013333,0.03938351,0.0094045065,-0.18107617,-0.23506746,-0.009169846,-0.02290831,-0.4078491,-0.12809016,0.0005159787,-0.062337145,-0.035485398,0.2231843,0.09066455,0.20538507,-0.13381313,-0.012933092,0.019877426,0.08177415,-0.042822164,0.045745738,-0.038950954,0.20054267,0.17266317,-0.043886673,0.06983781,0.014098083,-0.126927,0.08046091,-0.111891955,0.0003076421,-0.08033978,-0.14438336,0.15333201,-0.11639139,0.11313461,-0.07627286,-0.07519671,-0.24440925,0.015928594,-0.065989845,-0.015247196,-0.13835435,0.07672126,-0.037814077,0.14625381,0.08870025,-0.005089017,-0.29990473,0.0841843,0.1003404
TCGA-69-7974-01,0.13673201,-0.034838647,0.09661218,0.35126042,-0.07991632,-0.056807842,0.008983365,0.04912592,-0.05928677,-0.1085099,-0.19840303,0.0035707771,-0.02166098,-0.07536414,0.16485031,0.028741648,-0.1472274,0.27692035,-0.033222903,0.09616693,-0.06567672,0.031249229,-0.0899206,0.21298268,0.14153042,0.2027135,0.026856871,-0.07280113,-0.03436953,-0.015716845,-0.22356234,-0.03048346,-0.116799794,-0.11418674,-0.05943089,-0.05191819,-0.014240596,0.10063747,0.08729325,0.10479441,-0.12743285,0.032628972,-0.028781163,-0.040497992,0.2224748,-0.04653226,0.10426904,-0.1361522,0.08859399,0.03412305,-0.02910231,0.08487751,0.07374351,-0.031005325,0.15487301,-0.2292135,-0.24342546,-0.28908607,-0.012957045,0.07682874,-0.041408263,-0.10294624,-0.11437441,-0.15017791
TCGA-73-4675-01,0.107520536,0.0065489756,-0.10614903,0.090931274,-0.17637096,-0.18945403,0.183896,-0.04956914,0.06889158,0.04253055,0.11316938,0.1492449,-0.07639917,-0.09099287,-0.03130654,0.034186203,-0.079210505,-0.05006477,-0.056746475,-0.008037095,-0.04367697,-0.014409051,-0.082303345,-0.037388876,0.013917505,0.035109017,0.050567344,-0.04774945,0.008136873,-0.03776033,0.032830812,0.14236498,0.050367128,0.07530301,-0.21206982,-0.067178085,-0.058508135,0.061915014,0.42455405,0.015111326,-0.26289564,0.068630956,0.03850236,-0.008619535,0.051003557,-0.04356487,-0.00783358,-0.21485393,0.19240697,-0.102525815,-0.12165801,-0.060405612,0.0699653,-0.06254781,-0.37648225,-0.30038694,-0.10756655,0.07211481,0.1543099,-0.0144516295,-0.13914695,0.08858967,0.063362405,0.07697619
TCGA-78-7163-01,0.08552537,0.058316074,-0.05212742,0.12317584,-0.124821186,-0.0059476276,0.18723217,-0.044040233,-0.14024873,-0.031756733,-0.030871868,0.12592717,-0.027038563,-0.009074136,0.096523404,0.025596846,-0.0992339,0.051929176,-0.083037645,-0.079882465,0.24343115,0.053787094,-0.12017277,0.03134022,0.057706095,-0.107464634,0.079367444,0.009996877,0.09250308,-0.23918505,-0.16386463,0.013229447,0.25191286,-0.22405662,-0.05542031,-0.11876867,0.05026943,0.044725444,-0.06914352,0.023543347,-0.09474809,0.072851874,-0.010341346,-0.07911066,0.43454495,0.0137320645,0.10814754,0.19092833,0.060945544,0.04445885,-0.071933046,0.17638345,-0.03113209,0.0913213,0.014125541,-0.038278468,-0.07507909,-0.06275647,-0.3553483,0.12186723,-0.13370578,0.058692016,0.08996632,0.14648874
TCGA-55-8097-01,0.17939045,0.1332623,0.007872576,-0.016283859,-0.12700309,0.10705591,-0.009246428,0.06052018,-0.093925215,-0.07014411,-0.097008936,-0.029946873,-0.008277394,-0.028062074,0.07625311,-0.07443484,-0.11939179,-0.08533633,-0.042406343,-0.31807888,-0.12133238,0.0025858062,-0.015393458,0.022736842,0.0363324,0.013720661,0.10823733,0.25079662,-0.0912649,-0.095436595,-0.025816577,0.097327866,0.013203251,-0.062448427,-0.06317869,-0.015228064,0.17809553,0.10934069,-0.021556484,0.016169555,-0.12354364,0.026032716,-0.032992523,-0.084261574,0.16431612,-0.111833796,0.2919242,0.03171695,0.11136589,0.070506886,-0.06969804,0.18007739,-0.04233204,-0.034824718,0.21962184,-0.22217992,0.0873533,-0.054372076,-0.1422504,0.32065862,0.08684108,-0.21837695,0.24740453,0.17475568
TCGA-75-5126-01,0.10875854,0.11390728,-0.016689368,-0.05745613,-0.16003615,-0.17407575,-0.0040419367,0.12941381,0.0040050023,-0.006241027,0.10304848,0.13076901,-0.18460284,-0.029484319,-0.020681944,0.22528712,0.091923326,-0.13481049,0.0008752214,-0.26092464,0.004246226,0.18328941,-0.024431365,-0.02860489,0.041148793,0.19500926,0.028750382,0.18971032,-0.004751372,-0.0059954324,0.0018654277,0.075139,-0.051410865,0.021784635,-0.034357253,-0.08942908,0.16208592,0.07090153,0.09803161,0.016201513,-0.23844904,0.03547065,0.017427437,-0.041408684,0.1832385,-0.09739567,0.2641261,0.025327407,0.07251384,-0.06316571,-0.06889233,0.15813807,-0.026874397,-0.087601475,-0.13457276,-0.15049776,-0.12479652,0.15183833,0.020382363,0.2027343,-0.19313246,0.17055784,0.21791875,0.2525946
TCGA-86-8673-01,0.12756675,-0.04596416,-0.065979645,-0.035770636,0.0010967413,0.04191555,0.1662985,0.023364775,-0.17177111,-0.0677927,-0.37272424,-0.048890557,-0.04070312,-0.028306942,-0.019554874,-0.08217925,-0.13363625,0.0062565515,-0.047889102,-0.13594173,-0.11361762,-0.011963866,-0.06005008,0.07263924,-0.004067157,-0.24872407,0.0035868937,0.041142933,0.049745068,-0.035842437,0.13949214,0.04441401,0.025348945,-0.11058921,0.030548856,0.004575207,-0.22775282,0.41139707,-0.039337125,0.16516702,0.089506574,0.0023263409,-0.19169913,-0.07153079,0.02097553,-0.041357372,-0.033852495,0.025431467,0.03298577,-0.024870394,0.00027538504,-0.06106315,0.002274278,0.26023534,0.117077775,0.018030485,0.0004820159,-0.05172487,-0.35976043,-0.1564802,0.16098084,-0.13700555,-0.013699118,-0.07331925
TCGA-62-A46U-01,-0.07251963,0.06317281,-0.032307368,0.0441537,0.07904371,-0.06610793,0.08976001,0.061448563,-0.013412488,0.048764154,0.05461871,0.009643973,-0.13661487,-0.04618624,0.15588957,-0.2107746,-0.023830965,0.15771826,-0.014981494,0.006650984,-0.077795826,-0.21194276,-0.083013564,0.19251493,0.14380978,-0.19981137,0.18093467,-0.06898525,0.122383,0.07373137,-0.15135594,0.05246638,-0.118556336,-0.07029005,0.18892667,0.054871533,-0.11897467,-0.053179808,0.09579412,0.036816053,-0.18288241,0.10289737,-0.035906617,-0.04164078,0.06737164,-0.122515686,-0.22552769,-0.23148556,0.10095082,-0.07169651,-0.10875818,0.09192143,0.23730896,-0.0017968467,-0.015160794,-0.20463005,-0.045786664,-0.1015418,-0.1726996,0.08496298,0.123310685,-0.009482212,0.19829482,-0.3331137
TCGA-91-6829-01,0.050300155,0.060868587,-0.08056322,0.00050770683,-0.1377281,-0.29769883,-0.0937389,-0.06924555,-0.14425099,-0.20764826,-0.07794767,0.100766264,-0.088581406,-0.062873736,-0.01005246,0.19456185,0.056212973,0.19501938,-0.0851847,0.009747117,0.3065203,0.01968793,-0.06592595,-0.037816286,0.0060204025,0.050986312,-0.0047277,-0.1471391,-0.025313264,-0.050452724,0.106561095,-0.0034031873,0.14585681,-0.10399798,-0.06642064,0.15361178,-0.17963795,0.050868325,-0.08489988,0.11861177,-0.052018836,0.09282173,-0.08514714,-0.08016935,0.30970445,-0.09550183,-0.117368005,0.0059343735,-0.03199515,-0.12768783,-0.050603054,-0.009936209,0.06227378,0.17623268,-0.019496664,0.052243866,-0.38556093,-0.0068413406,-0.040681362,-0.21389294,-0.082360454,0.13184723,-0.092264146,0.04199075
TCGA-86-7714-01,0.08446334,0.046041254,-0.03723885,-0.41320652,-0.0516364,0.036458965,-0.13948071,-0.017508736,-0.061606146,-0.056380488,-0.22987227,-0.014775637,-0.026597748,-0.09275505,0.096951745,0.1996137,-0.1467286,-0.104801044,-0.06619971,0.067191064,-0.37407973,-0.10458228,0.042607784,-0.046681665,0.01579499,-0.14494783,0.10175107,0.019962622,0.02172332,-0.00055709534,0.15966287,0.085967444,0.04049954,0.10726988,-0.07034145,0.071437754,0.08136294,0.12159375,-0.0912975,0.107414484,0.110560425,0.086801894,-0.20271486,-0.0730421,-0.26051745,-0.065912776,0.12862347,-0.12916335,0.06549421,-0.0031224603,-0.0641432,0.118847996,-0.040375866,0.06257741,-0.07418403,-0.11081154,0.24141395,-0.15294883,0.08111442,-0.15989697,-0.05671965,-0.06381664,-0.104726166,0.024099445
TCGA-86-8358-01,0.15447353,0.04092794,-0.05589279,0.06823979,-0.04811394,0.018773647,-0.033807375,-0.038741753,-0.11756572,-0.10723847,-0.42379186,-0.02090309,0.058723554,-0.06080374,-0.011250519,-0.05447362,-0.12556353,-0.10240116,-0.067106366,0.03383649,0.01064728,0.04050833,-0.06209205,0.10338194,0.02973152,-0.17740457,-0.019735225,-0.030619163,-0.03232844,-0.05217276,0.15148796,0.014094365,0.13430494,-0.1692272,0.010449853,0.04669513,-0.19955347,0.28829938,0.02818453,0.14425369,0.06550594,0.003302218,-0.08260865,-0.07541289,0.16070066,-0.0042422796,-0.10093956,0.0029004407,0.03798236,0.015375623,-0.009705326,-0.120849125,0.09536561,0.2246642,0.061938487,0.04981999,-0.13956223,-0.008197576,-0.4173803,-0.2639598,0.120629035,-0.14729407,-0.03535125,-0.086198516
TCGA-86-A4P8-01,0.039565176,0.22684136,0.027898144,-0.15973626,-0.16461226,-0.16449182,-0.28635803,-0.008553076,0.04409706,-0.17121069,-0.059440028,-0.039055858,-0.0040322333,-0.1315105,-0.018642506,0.227496,0.029025301,-0.22829244,-0.0577747,-0.11844183,-0.27108154,0.060927436,0.092303455,-0.051303197,0.052326642,0.17861918,0.022342851,0.14159796,-0.12695725,0.041047335,0.18383266,0.07324329,0.095159546,0.12230905,-0.25496438,0.25524122,0.060280383,0.07901791,0.056313712,0.062263746,-0.085920565,0.035300855,-0.042732272,-0.01971074,-0.021249361,-0.12730595,0.10361783,-0.12446122,-0.017507797,-0.08605217,-0.021674791,0.07298614,0.056845136,-0.16658941,-0.001020875,-0.13684161,-0.08574586,-0.087072656,0.15613313,-0.08403845,-0.022560474,-0.24905224,-0.043082297,0.095327206
TCGA-55-7281-01,0.01350882,0.023970213,-0.032523468,0.20035812,-0.028291186,-0.09907119,-0.016013578,-0.091772676,-0.052581828,-0.13297316,0.114934295,0.067244366,-0.059152085,-0.10524229,-0.008048293,-0.074647,-0.0048669176,-0.15063064,-0.06771072,0.010387528,-0.21588348,0.018064994,-0.082770176,0.008530038,0.01718245,0.15516627,-0.022729883,0.055702865,-0.104641415,-0.060262695,-0.15654959,0.050803315,0.28414133,-0.075658105,-0.17165206,0.36775827,-0.018413562,0.084868096,0.10837898,0.02060943,-0.03573378,0.061224885,-0.006669019,-0.011579184,0.10923772,-0.09195731,0.038110573,0.018255549,0.059606526,-0.19402586,-0.087171845,-0.01699945,-0.025844052,-0.22606464,-0.07560961,-0.12375962,-0.1122855,-0.0973317,-0.08375404,-0.03132134,-0.22436278,-0.4209509,-0.19317026,0.11978581
TCGA-44-2659-01,0.13460006,0.043610368,-0.033114683,-0.1421586,-0.07774203,-0.018927416,0.08008729,0.122513734,-0.07829807,-0.069589466,0.029372152,0.06394857,0.02053577,-0.091166615,0.00042172975,-0.03711541,-0.08265803,-0.19548361,-0.06060219,-0.17358717,0.18996708,0.092393085,-0.05232543,-0.07672255,-0.050307292,-0.2066992,0.15502587,0.037378397,0.27322274,-0.16099127,-0.08916116,0.09626533,0.13283461,-0.090158984,-0.1804991,-0.08441335,-0.082081705,0.16745383,-0.35032433,0.086526334,0.0033389416,0.017326802,-0.113880664,-0.10862073,0.2806263,-0.01427775,-0.03992218,0.172417,0.055320162,0.052633855,-0.039355308,0.1633762,-0.017412828,0.12724562,-0.100913234,-0.10976502,0.0007685502,0.049964298,-0.33317935,-0.07925887,0.069454275,-0.08658068,0.098766476,0.061288197
TCGA-44-6774-01,0.18360174,0.09074863,-0.079370454,-0.04276545,-0.15597968,0.0017186018,0.0645543,0.17856121,-0.090939365,-0.052401625,-0.06317853,0.014200563,-0.080270045,-0.085188776,0.060739044,0.0578792,-0.07735186,0.0036789624,-0.042882893,-0.2539217,0.13404821,0.06343005,-0.031762358,-0.053918883,-0.008724023,0.056010008,0.01508455,0.22325377,0.03225723,-0.26295558,0.11742133,0.08227314,0.29824528,-0.062299546,-0.15136757,0.15510076,-0.07070558,0.1077452,-0.1782529,0.10415995,-0.09530043,0.05831814,-0.1455323,-0.14008015,0.22280899,-0.027726488,0.038751677,-0.02203698,0.08331202,0.014367495,-0.06493286,0.019977467,0.026338082,0.2944374,-0.2517776,-0.0084178625,0.059682354,0.08875539,-0.08319255,0.123591214,-0.061738778,-0.2516258,0.16840719,0.12204457
TCGA-44-2656-01,0.009508608,0.068365104,-0.10210994,0.048206035,0.08035597,-0.05984487,0.056939643,0.047393914,-0.1357751,-0.06721619,-0.05968573,0.009514749,-0.20995562,-0.11761409,0.15911141,-0.03865095,0.03531755,-0.11868007,-0.07335974,-0.0036298356,0.08516658,-0.19089298,-0.046179373,0.21160723,0.06349875,-0.019716335,0.1327057,0.0018694616,0.31939924,0.10512613,-0.024135945,0.10501592,-0.06138687,-0.08021508,-0.07501109,0.09318514,-0.24113983,0.17493497,-0.2672329,0.17896691,0.2405422,0.04312046,-0.21511765,-0.073274866,-0.06990458,0.0097068,-0.107162535,0.07046544,0.02336801,-0.06290322,-0.062020857,-0.060612537,0.13391137,0.033924084,-0.044691645,0.10637772,0.15791596,-0.17329709,-0.17918456,-0.29369834,0.022287564,0.018779503,-0.06487756,-0.15896389
TCGA-44-A47B-01,0.115521446,0.013424189,-0.021688906,0.26152334,-0.033381294,-0.12325229,0.06950268,0.15483516,0.0078177545,0.003999952,0.20462091,0.12042247,-0.15407129,-0.008966921,0.016952505,-0.13676374,0.0016013804,-0.23846762,0.029413747,-0.20078373,-0.11543046,0.13652392,-0.011299178,0.057699043,-0.008648259,0.27966514,0.016552426,0.06546144,-0.05782539,-0.14155021,-0.14697777,0.067263514,0.12069245,-0.061281256,-0.11149093,0.11032942,0.22205338,-0.06529656,0.09602581,-0.009133539,-0.22208105,0.023513352,0.034556985,-0.02145818,0.19751672,-0.07298416,0.26424673,0.054035705,0.048898373,-0.095124334,-0.050355755,-0.087684624,-0.0659079,-0.1086735,0.07259738,-0.10741639,-0.048464507,-0.027526898,0.030622408,0.26821852,-0.020976264,-0.29057443,0.118161514,0.05964721
TCGA-S2-AA1A-01,0.14254037,0.18081333,-0.0674069,0.097702794,-0.24167226,0.03945974,-0.07027158,0.0046198745,-0.077081196,-0.097996175,0.022354882,0.026585398,-0.022804184,0.0008774695,0.02363544,-0.09819617,-0.051844895,-0.22751762,-0.040811908,-0.18569708,-0.061952706,0.070486225,-0.0065029357,0.016254587,0.054323435,0.08378466,0.0035343883,0.11759729,-0.10663075,-0.15153873,-0.05238912,0.06734232,0.27844027,-0.057084765,-0.19178034,0.16914687,0.19694494,-0.0736364,0.21183687,-0.018084183,-0.16769636,0.0013470209,0.033308193,-0.055016823,0.2361285,-0.11252997,0.20733944,-0.014204436,0.07086837,-0.0382473,-0.08182798,-0.0919319,-0.031842764,-0.046643376,0.104760945,-0.13041829,-0.026880903,0.008090908,-0.023895772,0.28344706,-0.01700685,-0.23277582,0.2062643,0.25372615
TCGA-44-7660-01,0.10942056,-0.0364374,-0.033054754,0.2201231,0.038400795,0.11736006,0.042091712,0.07075819,-0.18849994,-0.065426186,0.0017751711,0.039754484,0.042977307,-0.07540418,0.1454858,-0.11880029,-0.1609757,-0.10518197,-0.045047987,0.19760594,0.10229736,-0.08126296,-0.025838882,0.09627375,0.022671096,0.042967472,0.02902098,-0.20051621,0.33939108,-0.09316605,-0.37094745,0.05145783,-0.011671431,-0.18353063,-0.031642005,-0.04490733,-0.07231168,-0.04267949,-0.18540931,0.1159547,0.02646268,0.06793285,-0.15527655,-0.05037658,0.20591085,0.004600837,-0.09820214,0.04578294,0.03598138,0.08129473,-0.053922664,-0.028385775,-0.04118455,0.19641948,0.20911594,-0.038244125,-0.08445748,-0.24944289,0.012324543,-0.076023154,0.087566234,-0.052788638,-0.18130346,-0.15748625
TCGA-O1-A52J-01,0.13198355,-0.12265487,-0.012137797,0.030990586,0.123422794,0.07437448,-0.19563381,-0.07811756,-0.12890019,-0.18173224,0.013570655,0.11592812,0.16255252,-0.13086441,0.08564843,0.12463779,-0.13518186,0.1285004,-0.059585128,0.21284676,0.15436305,0.05344954,0.029078115,-0.10810108,-0.07202751,-0.06370303,0.030013045,-0.101209596,0.21084487,-0.071924455,-0.16021249,0.04201782,-0.1445419,-0.101243295,0.105679356,-0.18357357,-0.009032632,-0.15291126,-0.19596288,0.1263638,-0.14154746,0.06561166,-0.12912779,-0.07809378,0.19719277,-0.041036945,-0.16968076,-0.02583632,0.06262394,0.14635004,-0.031851083,0.2715853,-0.008731332,0.30250508,0.0065088808,-0.07636106,-0.14251308,-0.015607636,0.06740918,-0.11909722,0.10557026,0.008981059,-0.15799274,-0.085263774
TCGA-50-6591-01,0.1060517,-0.060319684,-0.1388394,0.20282821,-0.09348867,-0.13626458,0.024401596,0.08563265,-0.15281527,0.00014304754,-0.17003465,0.06425651,-0.17400296,-0.01487286,0.026287891,-0.20777185,0.064026475,0.17724533,-0.080838874,0.007602397,0.13033423,-0.005733375,-0.097353354,0.08093831,0.008799528,-0.062916115,0.028503446,-0.35937202,-0.029751008,-0.009071707,0.1444657,0.13119835,-0.037428383,-0.10842911,0.120800205,-0.011450333,-0.06893565,0.014415072,0.28336492,0.13647954,-0.14287604,0.10515888,-0.014659597,-0.09315518,0.14197692,-0.12456578,-0.021337414,-0.1556311,0.13728546,0.045743793,-0.101061076,0.018080987,0.054391365,0.1690987,0.099298894,-0.10236193,-0.35555047,0.06086246,0.04628486,-0.03061903,0.10669357,0.13144897,0.025661448,-0.17926447
TCGA-17-Z041-01,-0.0072153234,-0.13138093,-0.05839498,-0.023893956,0.20748322,0.033168815,0.13311167,-0.16653544,-0.15799388,0.07477519,0.022098387,0.04523122,0.025264602,0.09565731,-0.09443466,0.09720732,0.032063432,-0.026314594,0.04833248,-0.16509414,-0.00067794765,-0.12300378,0.056150373,-0.16712819,-0.12671953,-0.41869667,-0.12950957,0.025151335,0.2216472,0.0025425353,0.15907261,-0.0814659,-0.031187413,-0.06028533,0.12689237,-0.20928924,-0.21565838,0.20021647,-0.18321972,0.01035396,-0.0035520752,0.0153220175,-0.20668107,0.07176587,0.10529787,-0.016357102,-0.18732557,0.056553222,-0.1781109,-0.11656192,-0.04998469,0.010409196,-0.04861942,0.237171,0.028332356,0.12075175,-0.008242024,0.012934645,-0.055126168,-0.06750615,-0.07737354,0.19400023,-0.0567617,0.03682324
TCGA-69-A59K-01,0.13621564,0.046086505,-0.08769351,-0.0095214285,-0.11951029,0.14217506,0.18557927,-0.004138936,-0.11220958,-0.041775025,-0.24983722,0.010444293,0.03982248,-0.03711972,-0.024486674,0.059538826,-0.16833761,-0.08475586,-0.05922126,-0.08602351,-0.371336,0.14144051,-0.023486054,0.05736286,-0.035964873,-0.07684465,0.011047339,0.032763984,0.09607831,-0.06676789,0.014156554,0.16047211,0.18219197,0.032602645,-0.14655034,0.11660876,-0.084406786,0.39664719,0.2508482,0.08843829,0.014091087,-0.0007119029,-0.10514961,-0.074895315,-0.10144785,-0.029754177,0.15018256,-0.02969522,0.1458924,0.06376602,-0.07213611,-0.016125489,-0.1797882,0.060747538,-0.091818415,-0.24391155,0.033299286,-0.05925842,0.025575379,-0.06005401,-0.08683127,-0.13360727,-0.1281366,0.14478365
TCGA-50-5944-01,0.058964282,-0.08903762,-0.16532795,-0.014984211,0.024407668,-0.084956214,0.23394473,0.05438813,0.010756641,0.020761246,-0.044288535,0.108585894,-0.11979623,-0.03814078,-0.06566791,-0.09980949,-0.06168883,0.14118735,-0.021467468,-0.14943486,-0.0766594,-0.016208816,-0.045678318,0.12744652,-0.10915609,0.07497199,0.12987989,-0.053118173,0.048957907,-0.03169123,0.21246336,0.24465987,-0.08566825,0.07390189,-0.03440217,-0.0014663283,-0.17995594,0.20063488,0.22021133,0.12741701,-0.06255213,0.006411495,-0.09999781,-0.09389502,-0.30025345,-0.059903473,0.10536883,-0.10210802,0.20830674,0.01785832,-0.096866034,-0.0806071,-0.05894116,0.060242306,-0.27802202,-0.18251231,0.051385436,0.103034765,0.27904144,-0.1719119,0.06980348,0.085691325,-0.008410425,-0.1867541
TCGA-91-8499-01,0.09588849,0.048620835,-0.04204091,0.097300954,-0.09158088,0.052575428,0.08055589,0.19925994,-0.13289349,-0.049085774,-0.20709726,-0.049114354,-0.10339329,-0.019164838,0.088002615,-0.16957487,-0.090366505,0.110793434,-0.05089325,0.013566644,-0.04725661,-0.048534576,-0.013725002,0.22262242,-0.004687226,-0.05471803,0.045998905,-0.23120517,0.20889951,-0.029213289,-0.14994,0.10957387,0.051393036,-0.070760295,-0.13356423,0.03138796,-0.03200262,0.04739433,-0.047140293,0.14930303,0.09050753,0.022975473,-0.14807168,-0.08011084,-0.068632364,-0.021616902,0.10119603,-0.014245684,0.035161246,0.0699826,-0.02698074,-0.20719229,-0.06986093,0.1534709,0.37124997,-0.0632366,-0.0055999476,-0.31332842,0.1424349,-0.02405453,0.22571044,-0.06445769,-0.088076845,-0.28790635
TCGA-86-8056-01,-0.017570378,0.20036156,0.049416732,-0.118043795,-0.05017649,-0.0571443,-0.3006494,0.029775945,-0.040575743,-0.14050508,-0.052703276,-0.07381415,-0.12640475,-0.120668106,0.105387114,0.043080173,0.09118062,-0.01814499,-0.07544059,-0.094679534,-0.38029474,-0.09224193,0.039931327,0.073882654,0.06466219,-0.14492704,0.08970182,-0.030642742,-0.010113514,0.20000096,0.0877574,0.062825955,0.0026063693,0.097297736,-0.00015271861,0.29503292,-0.013352981,0.036324777,0.2264974,0.047753688,-0.06490676,0.07134298,-0.04116897,-0.035604235,-0.07248397,-0.1714848,-0.05118771,-0.21832854,-0.00058593403,-0.0054049445,-0.021332767,-0.04419745,0.10688379,-0.1464202,0.2683054,-0.14645793,-0.14251019,-0.08641524,0.07135452,0.03678318,0.15465921,-0.1979161,0.06820625,-0.1551623
TCGA-78-8660-01,0.050677966,0.08366459,-0.07772201,-0.2363524,-0.07052711,0.11513837,-0.1294365,0.084752776,-0.12924969,-0.15742187,0.028537767,-0.018260166,0.0689938,-0.01676537,0.060146887,-0.005767398,0.006094973,0.43738627,-0.039403614,-0.107293166,0.054494288,-0.028136456,-0.01360612,0.041060146,0.0027326099,-0.022919627,0.03667815,0.11541908,-0.120250024,-0.06686964,-0.096685156,0.050301056,0.18810655,-0.10612803,-0.06499742,0.37854186,0.008959299,-0.18484439,-0.05578007,0.0729296,-0.06922182,0.04865728,-0.011443237,-0.108756684,-0.13032214,-0.1334832,-0.066661894,-0.037058167,0.11435587,0.075878635,-0.057941537,0.13497518,0.011677731,0.11825779,0.1073828,-0.16127191,0.07358917,-0.1236744,0.07266041,0.19562297,0.1942401,-0.2699859,0.10373298,-0.06849182
TCGA-73-A9RS-01,-0.024312498,-0.035851713,0.010094564,0.12677678,-0.029122464,-0.028836315,0.17479514,0.01803711,-0.03281749,-0.059350677,0.05245327,0.010299214,0.059552763,-0.10475924,0.18318634,-0.059997678,-0.2840996,0.18470472,-0.046540417,0.08172326,-0.013748514,-0.17578629,-0.052868053,0.04199485,0.12876567,0.05821355,0.14975072,-0.069761306,0.0807425,-0.24646464,-0.22757109,0.011412746,0.15708919,-0.0993983,-0.09779195,0.10568443,-0.14717665,-0.014782229,-0.049685683,0.024208512,-0.16062401,0.10924853,-0.08863658,-0.044479176,0.24786453,-0.014574536,-0.1542237,-0.14075443,0.058515854,-0.0021022763,-0.023528557,0.16908702,0.11478873,0.05294715,-0.07546926,-0.18714355,-0.08775369,-0.3268203,-0.04171235,0.017489003,0.04058735,-0.25615165,-0.034725778,-0.2390706
TCGA-55-8085-01,0.18952367,0.15468857,-0.06523002,-0.033725664,-0.10204837,-0.08677072,-0.08242638,0.10397717,-0.026520709,-0.064208195,-0.09900848,0.039958775,-0.04106045,-0.10584592,0.21575335,0.09437884,-0.008842972,-0.24594228,-0.09890943,-0.0332988,-0.07326852,-0.03388685,0.0021325634,0.14258371,0.20079969,0.024021342,0.064702176,0.081938915,-0.07571294,-0.12809744,0.17632928,0.10350803,0.30432984,-0.04708033,-0.218934,0.17664438,0.092421815,-0.10293252,0.023987798,0.13081643,-0.064413585,0.07702246,-0.047307853,-0.18766072,-0.0014886082,-0.0288325,0.0783409,-0.2514109,0.06997692,-0.05347581,-0.1067439,-0.1326408,0.20894794,-0.02124327,-0.09924686,-0.0854815,0.16806272,-0.2197824,-0.03039112,-0.062949084,-0.048259508,-0.28210938,0.101779886,-0.018875279
TCGA-50-5931-01,0.043061126,0.15285838,-0.104655616,-0.19610038,-0.12674971,-0.096931405,0.13884488,-0.022728262,-0.0521334,0.027265295,-0.17675169,-0.078338094,-0.22759154,-0.037854496,0.16192247,0.036001544,0.10219549,0.051348772,-0.124467306,-0.08609471,-0.0930724,-0.21170557,0.008120367,0.10913552,0.1731573,-0.308041,0.111376226,-0.05923856,0.121376865,0.1522271,0.18263133,0.12618467,-0.033822075,0.11652821,-0.13628344,0.013296772,-0.15218978,0.15607028,0.1786962,0.12669353,0.0961714,0.06184702,-0.09382331,-0.104891114,-0.20518754,-0.08673895,-0.06816664,-0.22918108,0.06931792,-0.08912735,-0.11833452,0.030117452,0.07752683,-0.036152434,0.009687386,-0.1246349,0.105091825,-0.10239291,0.014591962,-0.15675181,0.0015910544,0.24735452,0.027193766,-0.04031139
TCGA-99-7458-01,0.049269132,0.0564167,-0.038652126,0.3067719,0.026273085,-0.16169088,0.2575883,-0.0077409884,-0.061710443,-0.002601802,0.08560056,0.098046385,-0.18244189,0.008007555,0.063167915,0.014503404,-0.07759826,0.12975913,-0.011053157,-0.22266439,0.09300787,-0.05994043,-0.047359843,0.112664014,0.08037456,0.13146606,0.013152415,0.07978428,-0.10253043,-0.15899053,0.0041684653,-0.011625446,0.12547125,-0.09707254,0.06747105,0.13778737,-0.18587905,0.082420655,0.20195413,0.0031147075,-0.2147285,0.04618292,-0.009073038,-0.02359515,0.33689746,-0.029357951,0.0011149832,-0.005655225,-0.019021967,-0.09959983,-0.042107116,-0.32747266,0.04067874,0.07712072,0.04325059,0.025484972,-0.24403772,-0.034769133,-0.08407106,0.19981073,0.022139661,-0.006014716,0.22210082,-0.011218325
TCGA-55-8615-01,0.13377556,-0.010540478,-0.002233279,0.18591346,0.08528337,-0.15362291,-0.031220509,0.20215786,-0.012377786,-0.10477222,0.038761575,0.15310977,-0.09167041,-0.118300386,0.1719339,0.05848522,-0.09832277,-0.2336038,-0.07011411,0.031670894,-0.14239253,0.12583289,-0.07158454,0.23385,0.10623353,0.07347346,0.13451193,0.022228379,0.3232741,-0.12566148,-0.17957777,0.065320894,0.07778565,-0.04188903,-0.08918678,-0.021751795,-0.080708474,0.13014115,-0.16264789,0.16115421,-0.03727965,0.02587004,-0.14620383,-0.13984932,0.1438709,-0.005863725,-0.05479761,-0.052062534,0.053500295,-0.07626668,-0.1041047,-0.20588595,0.07623735,0.0062031746,-0.22235069,-0.101065844,-0.12823677,-0.054158542,-0.06586408,-0.23206496,-0.1882781,-0.041268684,-0.03921607,-0.14097911
TCGA-95-8039-01,-0.04483192,0.044231478,-0.040174372,-0.048632585,-0.040844627,0.06581612,-0.08248468,0.025837388,-0.048725132,-0.19158667,-0.06693332,-0.070899494,-0.00799111,-0.10443485,0.05264045,-0.23879708,-0.016506996,0.16346939,-0.044643346,-0.046503726,-0.2913967,-0.122002736,-0.035453703,0.11264441,0.038365185,-0.05963948,0.08003643,0.0990467,-0.051768117,0.04631376,-0.12979999,0.055803638,0.083997525,-0.021886531,-0.07249614,0.38983485,-0.10402368,0.051755242,0.109108366,0.056720696,-0.049049865,0.019587332,-0.06964569,-0.054973725,-0.13249382,-0.19859344,-0.10325707,-0.17953254,0.1307751,-0.092848115,-0.058877714,0.15583387,0.10190804,-0.085432634,-0.011305011,-0.2225406,0.031725902,-0.05262561,-0.02371565,0.03897325,0.12153476,-0.4400431,0.0027656164,-0.1711439
TCGA-86-8281-01,0.06338918,0.058285538,-0.05291452,-0.23786925,-0.03750919,-0.090996124,-0.25995195,-0.037380163,-0.027997227,-0.14719406,-0.15177347,0.026815707,-0.015713148,-0.15802723,0.059365902,0.14345008,-0.13041848,-0.21182904,-0.03913508,0.0248766,-0.4144466,-0.052132174,0.024265183,0.01024976,0.05098021,0.10546649,0.10836347,0.1343911,-0.13668314,-0.0025545508,0.21299526,0.094439834,0.011597307,0.053526115,-0.063820966,0.17466791,0.12828009,0.06541935,0.028790759,0.11931103,-0.021453764,0.056718994,-0.13018714,-0.068089426,-0.18946339,-0.11723302,0.17385864,-0.15145402,0.07962375,-0.102509715,-0.03610758,0.11769821,0.08316849,-0.06993797,-0.10636706,-0.13858649,0.1263434,-0.10805899,0.067864396,-0.14917003,-0.008603433,-0.266893,-0.04046713,0.009307045
TCGA-05-4396-01,0.07201814,0.027456997,-0.04282032,-0.10657261,-0.14780514,-0.12622894,-0.05949091,0.08780997,-0.10489714,-0.13171989,-0.005665385,-0.025059823,-0.14813872,-0.07892267,0.09075211,-0.15386312,0.074198164,0.34680146,-0.09464115,-0.04685002,0.34046936,-0.10449998,-0.076452985,0.016724149,0.0830267,0.0830343,-0.003505607,0.06563291,-0.107783295,-0.08262772,-0.14350365,0.0060537956,-0.010725996,-0.17580932,-0.07020038,0.0792992,0.07610398,-0.23030065,-0.21489137,0.11798781,-0.09609555,0.07759546,-0.03371063,-0.09846257,0.09553509,-0.097349,0.028076123,0.027230185,0.0750372,-0.11985862,-0.038296282,0.26970258,0.117137216,0.13836771,0.16802625,0.013677858,0.059813306,-0.107679725,-0.110694975,0.20637102,0.18516347,-0.17851916,0.11476666,-0.05869361
TCGA-55-6987-01,0.031397127,0.09654824,-0.024106136,-0.14269035,-0.13636039,-0.047170717,-0.17086296,-0.025363214,-0.031136213,-0.12688877,-0.064894915,-0.009872569,-0.06344106,-0.11973007,0.15518318,0.11945762,-0.05416151,0.18489204,-0.02121003,-0.080462135,-0.09686289,-0.11210846,-0.03415267,0.028035177,0.17350948,0.07674412,0.16122842,0.21861745,-0.12344134,0.019498846,-0.010619834,0.06410995,-0.08078392,-0.030189287,-0.0050619235,0.019054009,0.12734108,-0.07211117,-0.024196304,0.06948594,-0.15329415,0.11175804,-0.06821971,-0.09166522,0.018781485,-0.18293013,0.12271012,-0.1631863,0.14107198,-0.037004445,-0.0747117,0.53641754,0.14141774,-0.09041812,-0.10092208,-0.26919714,0.05280629,-0.08291668,-0.02872469,0.13857868,-0.10818726,-0.06296794,0.10764206,0.029266858
TCGA-50-5068-01,0.12806459,-0.042465866,-0.017875932,-0.088119514,-0.07463396,0.07359574,0.1492702,-0.06034575,-0.13067086,-0.09893966,-0.16657522,-0.02285236,0.038136188,-0.09732024,0.02794641,0.19880407,-0.30100068,0.3397791,-0.05303948,0.015428207,-0.062103115,-0.09204933,-0.04388451,-0.061279427,0.016969573,0.0027989764,0.093712494,0.06672457,0.1431463,-0.08788818,-0.040124487,0.08612663,-0.18248475,0.04580457,-0.019253127,-0.14974228,-0.21735947,0.29706833,0.0013073076,0.11978114,-0.031237863,0.057901483,-0.22284421,-0.047735926,0.026570676,-0.07014431,-0.042560827,-0.049670603,0.15856971,0.10217228,-0.03085085,0.18869098,-0.07550188,0.23630618,-0.16499506,-0.23958409,-0.07749861,-0.040723033,0.077762984,-0.049865093,-0.035591774,0.14473303,-0.1323902,0.06403484
TCGA-50-5044-01,0.03553602,0.12299048,0.014487158,-0.35874408,-0.15391043,-0.12819584,-0.21014479,0.021198798,-0.009118135,-0.0027621759,-0.017292613,0.089015454,-0.13118239,-0.013384367,0.011155819,0.30023882,0.05664176,0.057114743,-0.067500524,-0.03761314,-0.035719343,-0.03015209,0.06260096,-0.048509028,0.11489721,0.12252229,-0.020428166,0.06862747,-0.13595757,0.020003347,0.1801608,0.047473498,-0.15907452,0.094222106,0.011200638,-0.082980335,0.28853506,-0.22168806,0.034810033,0.07493865,-0.15003297,0.07337153,-0.09534964,-0.044413913,-0.10225116,-0.10680659,0.31197342,-0.051211957,0.04519346,0.0037067807,-0.06354169,0.16701482,0.038564395,-0.026602354,0.10587896,-0.02952908,0.1860345,-0.09382584,0.19512935,0.14508387,0.033180334,0.14258422,0.13331316,0.12235644
TCGA-69-7761-01,0.15152726,0.099879935,-0.06551161,-0.10857333,-0.22904894,0.09201999,-0.042591985,0.042460386,-0.1493309,-0.08355817,-0.29207912,0.0070795966,-0.072136216,-0.020184066,0.21758005,-0.0043962416,-0.100206785,0.18565165,-0.08244073,0.11222527,-0.056460194,-0.018424775,-0.11760335,0.13533154,0.20117883,-0.12791802,0.057442315,-0.0071000597,-0.05602822,-0.05251828,-0.1992993,0.027364887,0.14876284,-0.19279382,-0.006082346,0.00026285168,0.15029311,-0.019709952,0.0504745,0.108339004,-0.004196349,0.12418527,-0.025255725,-0.15085728,0.02692437,-0.10924158,0.12922764,-0.13095826,0.17580217,-0.017253038,-0.14449619,0.30868512,0.029899655,0.07281149,0.021245005,-0.25293225,0.023076344,-0.17060405,-0.2076942,0.11141575,-0.15012568,0.0045306515,0.046350494,0.05356861
TCGA-05-4390-01,0.10005736,-0.057797514,-0.12443833,0.0963919,-0.17685117,-0.09588922,0.24041234,0.11599831,-0.10155511,-0.049838997,-0.21660443,0.042467877,-0.108569786,-0.05543357,0.065541446,-0.11181383,-0.050886653,0.39617074,-0.09123104,-0.10692183,0.21451776,0.07989467,-0.1479444,0.17790744,0.060574155,0.10273444,0.06430591,-0.07631621,0.02197051,-0.16734473,-0.001389757,0.11862285,0.023882153,-0.1678495,-0.12281959,-0.08494811,-0.019364301,0.09920946,0.016422022,0.20866704,-0.11898822,0.046516813,-0.03149228,-0.12563355,0.063216254,-0.036328666,0.13908353,0.028151814,0.18572484,0.02954151,-0.031168887,0.32973203,0.008806248,0.1649315,-0.017902056,-0.13439591,-0.04846615,-0.12034,-0.06520877,0.028365435,0.06777527,-0.019934075,-0.03283043,-0.15062232
TCGA-50-5946-01,0.11350486,0.016453488,-0.014874657,0.2363087,-0.022684047,0.0067815958,0.20056427,-0.016297922,-0.12661798,0.015811784,0.13464308,0.025279505,-0.11673105,-0.07701735,0.2539666,0.13364896,-0.11024511,0.18191285,-0.039855395,0.08538769,0.19277841,-0.20763274,-0.112652756,0.06371532,0.18701503,0.056902897,0.09898258,-0.00020625841,0.10034239,0.0013151746,-0.3285849,0.019717148,0.004297221,-0.17063849,0.037881903,0.029582212,-0.16347402,-0.0038891702,0.042639308,0.011613986,-0.068876944,0.1465614,-0.0031955568,-0.04957827,0.28357762,0.02569064,-0.13759482,-0.1087109,0.0928882,-0.02323014,-0.08944307,0.040063478,0.11253124,0.0141213825,0.0062252814,-0.18845807,-0.15084988,-0.26184887,-0.118673354,0.120995775,-0.16654077,0.12899539,0.015634397,0.051590513
TCGA-44-7672-01,0.09262996,-0.1617555,-0.01398669,0.06382017,0.00021858282,0.14233045,-0.09840173,-0.042883467,-0.10388033,-0.07654251,-0.1807816,-0.03862519,0.09373306,-0.127881,-0.015857322,-0.21409386,-0.31276736,-0.057208743,0.01731874,0.052312803,-0.2481494,-0.07628516,0.025651881,-0.11150211,-0.16221339,-0.025226092,0.10036562,-0.1315214,0.18992284,-0.14904699,0.01562965,0.11110733,-0.10335157,0.03754614,-0.0057163313,-0.0024498422,-0.1355886,0.22351801,0.0057843756,0.08143839,-0.06843921,0.019496301,-0.24424885,-0.031486344,0.13267843,-0.079200916,-0.05643625,-0.097955585,0.111433394,0.13531029,-0.017703025,0.13425077,-0.09846675,0.22264814,-0.10657935,-0.17580236,-0.09055324,0.07489848,0.11560616,-0.07387588,0.10526949,-0.28428617,-0.15974216,-0.08475073
TCGA-17-Z005-01,-0.0035706332,-0.12965105,-0.061699193,-0.022961827,0.20558514,0.029863523,0.13581538,-0.16453902,-0.16012946,0.07411536,0.020777784,0.045857366,0.022213891,0.093099505,-0.08955766,0.096506074,0.029874926,-0.026513007,0.045264,-0.16560574,3.6542748e-05,-0.12714082,0.054388635,-0.16530387,-0.122902095,-0.4189726,-0.12719947,0.022634415,0.22268791,-0.0019476431,0.16045885,-0.07900287,-0.027817724,-0.06117126,0.12209924,-0.21021062,-0.21959507,0.20227827,-0.18208529,0.0130064385,-0.003646871,0.017557686,-0.21023265,0.06874575,0.10652959,-0.016887281,-0.18768397,0.053218797,-0.17597318,-0.11915879,-0.052773643,0.0048093637,-0.047551215,0.23862989,0.02811795,0.120126635,-0.011248689,0.00829336,-0.05468918,-0.0699946,-0.075282246,0.19515711,-0.05577665,0.034738563
TCGA-62-A46Y-01,-0.007950039,0.14967798,0.028314566,-0.16044019,-0.08744882,-0.16183819,0.037886918,0.07968037,0.021917174,0.071045585,0.27027547,0.21157524,-0.1659,0.013672755,0.011793799,0.2749857,0.15428875,-0.050084796,-0.036879767,-0.19947919,0.131695,0.102938086,-0.024487859,-0.015396357,0.06939214,0.12165832,0.021969832,0.11413014,-0.0128833,-0.079132445,0.01852218,0.043324362,0.053845197,0.01300715,0.031895634,-0.054600287,0.20003484,-0.15103132,0.06733855,-0.038652834,-0.2607945,0.07717895,0.0646748,-0.049941942,0.19650696,-0.051274136,0.22800818,0.07014581,0.02263745,-0.0034083494,-0.10146401,0.07335875,0.00022203507,-0.14106709,-0.10244795,-0.055479188,0.011809529,0.08640039,0.027053062,0.24434975,-0.1876691,0.18569453,0.24389504,0.20717743
TCGA-49-6761-01,0.14997463,0.20386887,0.06329267,-0.15210064,-0.20232439,-0.19233982,-0.16271892,0.054131594,0.090528965,-0.10267294,-0.24683703,0.07032443,-0.14186174,-0.07801502,0.072604805,0.32679972,0.06487779,-0.28287023,-0.06962834,-0.14089826,-0.05005186,0.081235506,0.08035117,0.09424154,0.13776535,-0.095427856,0.034638643,0.061792903,-0.00016244296,0.00658242,0.27311572,-0.03471517,0.07359587,0.0763136,-0.22619878,-0.1165669,0.0593985,0.120133266,0.019521208,0.09425445,-0.06305563,-0.0007707027,-0.07201686,-0.0753316,0.1660441,-0.073451795,0.14873786,-0.08813322,-0.020646455,-0.08072757,-0.0266274,0.033343278,0.19632962,-0.043374013,-0.0990627,-0.028967414,-0.057746854,0.05213151,-0.1488869,-0.16177341,-0.111821175,0.11212448,0.12083671,0.03793746
TCGA-62-A46S-01,-0.039502,-0.010827,-0.058164045,0.20995817,0.14690644,-0.2193209,0.24153793,-0.07676349,-0.037719958,0.02140729,0.37800694,0.20236103,-0.23988579,-0.0179133,0.12641749,-0.021078752,-0.061526783,0.07243702,-0.04103931,-0.11978945,0.01549975,-0.2303045,-0.064376205,0.024530632,0.070146695,-0.07310589,0.18041824,-0.02511295,0.0770724,-0.05795076,-0.14360385,0.06500374,-0.019257233,-0.03910879,0.12612557,-0.04019694,-0.06976079,-0.13439026,0.16643435,-0.03710595,-0.21411619,0.14154503,-0.04146857,-0.008930048,0.18534124,-0.08329269,-0.08418367,-0.03886123,0.06001344,-0.13900633,-0.10716234,-0.1424876,0.0768842,-0.05556002,-0.02551111,-0.10282573,-0.113126814,-0.059994854,-0.0041529275,0.15817471,-0.001726499,0.17168382,0.23502031,-0.078544326
TCGA-55-6970-01,0.029347332,0.08641137,-0.009297876,0.024025543,-0.1581517,-0.25087062,-0.0037476702,-0.0017154054,0.04255471,-0.071503684,0.13251056,0.15578623,-0.18646386,-0.09920812,0.06343932,0.16177599,0.06057725,-0.0034543183,-0.057878718,-0.09961695,-0.041798834,0.049109142,-0.079486795,-0.018903667,0.11316869,0.027870717,0.085908584,0.04817566,-0.0925652,-0.09637518,0.03261367,0.023941144,0.1691276,0.020777263,-0.07920336,0.0458733,0.072339565,-0.030550113,0.20616056,0.0015732984,-0.2630848,0.108436465,0.018397616,-0.06141449,0.28462282,-0.13110662,0.07477684,-0.11944631,0.08206088,-0.15420604,-0.09543119,0.18613158,0.11064552,-0.15269272,-0.30757618,-0.18207063,-0.20802993,0.114101626,-0.07950172,0.103419736,-0.2871644,7.2405215e-05,0.12767422,0.10019785
TCGA-55-8299-01,0.048771024,0.1532075,-0.061261944,-0.023431396,-0.14281009,-0.105457164,0.20530681,0.07843658,0.0056002624,0.031499386,0.06454505,0.06552518,-0.20339131,-0.028711813,-0.053674936,-0.04258325,-0.0017592172,-0.2815678,-0.013487711,-0.42557162,-0.17494364,0.06669622,-0.014911602,0.043087386,-0.015791288,-0.03663223,0.0878755,0.19253093,0.07652498,-0.070513986,0.15700696,0.14712083,0.15615523,0.11026972,-0.2009482,0.036087368,0.0010946837,0.25048333,0.11409142,0.022434864,-0.11288394,-0.0018746554,-0.09616685,-0.054411575,0.10811174,-0.095527895,0.21510528,0.0748551,0.03543219,-0.06818846,-0.049627304,-0.13823484,-0.051939443,-0.058308717,-0.09842728,-0.058761213,0.11591969,0.1352923,-0.10189715,0.11036265,-0.04182918,-0.10747387,0.22262354,0.1281794
TCGA-17-Z060-01,-0.009979853,-0.12563321,-0.08847108,-0.0026494437,0.1685525,-0.027234888,0.1208906,-0.12131407,-0.17189243,0.04607749,-0.039906275,0.021768037,-0.05069167,0.06614505,-0.045045935,0.064910226,0.04434726,-0.0057158303,0.033259984,-0.13618767,0.04533159,-0.1575385,0.038790204,-0.11757164,-0.060912568,-0.39737126,-0.0995445,-0.017642166,0.23034142,0.011045248,0.14646623,-0.08157135,-0.03657081,-0.094141185,0.11776071,-0.1891037,-0.24490693,0.19793731,-0.18982351,0.05818454,0.019207526,0.039779417,-0.22968954,0.050568108,0.13822423,-0.031419694,-0.22139634,0.029703258,-0.17456949,-0.16669475,-0.04619175,0.06586308,0.024270622,0.25146914,0.044559613,0.13517402,-0.06316092,-0.034516376,-0.11714548,-0.11463636,-0.047762368,0.20207319,-0.05262179,-0.03864858
TCGA-35-4122-01,-0.0053034723,-0.11518175,-0.051862318,0.120923996,0.1022714,-0.11891881,-0.067990564,-0.17179689,-0.0037513836,-0.1294353,0.057560027,0.1055387,-0.008665429,-0.16102146,0.08728166,0.1067806,-0.12644513,0.038616482,-0.0441757,0.205884,-0.12999062,-0.083529,-0.05600299,0.0439954,0.04871231,0.07768915,0.13021815,-0.14444718,0.13559495,-0.054643217,0.048510935,0.05918783,-0.090549104,0.06468444,0.05430299,0.04043815,-0.2211754,0.028786274,0.13926117,0.10355999,-0.094968386,0.054347333,-0.10817027,-0.05304463,0.073716186,-0.04062529,-0.24856326,-0.16191584,0.058153126,-0.108843304,-0.060673483,0.05851043,0.05811568,-0.0333536,-0.37649065,-0.12385641,-0.24014165,0.04098156,0.13709003,-0.29768422,-0.18915288,0.058915798,-0.2339172,-0.084556654
TCGA-55-8089-01,0.21194923,0.15237181,0.03754114,0.027714536,-0.18159531,0.12222714,-0.061746337,0.03724827,-0.09200348,-0.04250125,-0.22437268,-0.10387843,0.05717661,-0.074501514,0.22817686,0.041430455,-0.27214342,-0.0044194735,-0.06128655,-0.028114641,-0.16486762,-0.16280296,0.015040712,0.06172529,0.1808055,-0.06939613,0.09941697,0.060056835,0.024642633,-0.12086508,-0.02277728,0.037313007,0.028993454,-0.013867499,-0.12331532,-0.119365685,0.106452,0.005688568,0.013723475,0.053987127,-0.0948257,0.09507102,-0.13269489,-0.09608795,0.16156629,-0.06459816,0.14221463,-0.24740706,0.08942756,0.15023415,-0.052112807,0.062616706,0.07759187,0.1285991,0.19665432,-0.21690221,0.11919563,-0.2913984,0.0021493642,0.22540754,0.08065739,-0.13442095,0.12413155,-0.033905175
TCGA-55-7913-01,0.16903657,0.07626634,0.06715837,0.15900989,-0.05997764,0.15464684,-0.009131764,-0.100025155,-0.12604359,-0.026511263,0.087837845,-0.038278308,-0.004503589,-0.09181302,0.20201713,-0.05890477,-0.20119119,-0.08209373,-0.061476216,0.13587527,-0.22653577,-0.23708077,-0.05830152,-0.024304753,0.082667105,-0.18905915,0.07718947,-0.11155252,0.13915169,0.042677335,-0.33937547,0.045121163,0.03145804,-0.021964962,-0.07118909,0.067222975,-0.047180597,0.0012150327,0.14538977,-0.039023317,-0.065101326,0.1266448,-0.07827263,-0.0096478015,0.17554817,-0.07264676,-0.10673532,-0.21800347,0.09812799,0.04283619,-0.113507956,-0.15363073,-0.008330895,-0.020611253,0.19170207,-0.29052788,-0.06712849,-0.23459372,-0.027922407,0.16448146,-0.038333792,-0.13740662,-0.049417056,0.04625307
TCGA-55-6985-01,0.022696717,0.056056235,0.045801584,-0.06757521,-0.122965954,-0.0037621693,0.023278277,0.15319423,-0.00065945205,-0.04274526,0.1880239,0.024478547,0.027472103,-0.11985808,0.11590778,-0.05720652,0.048239734,0.049296565,-0.07489547,0.13819537,-0.02629067,0.05320894,-0.15081565,0.08974474,0.10300668,-0.051737525,0.13832416,-0.14556268,0.1365225,-0.029157897,-0.3752974,0.06500257,0.18210469,-0.041491147,-0.18935451,0.19690202,-0.012506615,-0.029835645,0.0097792875,0.0076490697,-0.0846399,0.08366161,0.095032655,-0.0634635,0.10591823,-0.05733342,-0.119461775,-0.11850785,0.13524605,-0.0073861545,-0.106298916,0.18068671,0.026167851,-0.24086073,-0.11577988,-0.37455568,-0.13912468,-0.16676387,-0.08065775,0.011866743,-0.15618096,-0.19633554,-0.14403397,-0.07764018
TCGA-97-7546-01,0.06847583,-0.07752382,-0.10473685,-0.28987166,-0.01854338,-0.0044296016,-0.10654008,-0.106383696,-0.12806627,-0.1446235,0.12815392,0.04763092,0.006006727,-0.10775238,0.012568618,-0.15002644,-0.11310625,0.37688243,-0.037037093,0.11250268,-0.06588817,-0.16736412,-0.07707826,-0.06316825,-0.07915012,-0.07304955,0.041766737,0.09620623,0.010348207,-0.024957728,-0.2150287,0.08922824,-0.07973226,-0.033738494,-0.060806923,0.13471891,-0.006692065,-0.1386654,-0.09268466,0.069691926,-0.08881252,0.046675164,-0.15840165,-0.08071488,-0.2738827,-0.18518527,-0.0767567,-0.076097585,0.21299699,-0.13134953,-0.124140516,0.07702169,-0.025260884,0.15999213,-0.13205546,-0.1920509,0.19065621,0.022946512,0.13503307,0.029411586,0.0593334,-0.19652624,-0.06870927,0.013927055
TCGA-71-6725-01,0.2020153,0.026850952,0.043132562,0.1714111,0.010997389,-0.28177333,-0.013919467,0.096189916,-0.04058294,-0.0075845984,0.046787493,0.0039282143,-0.17648508,-0.07853716,0.15038557,-0.032266017,-0.12228239,-0.13399293,-0.030210795,0.024840306,-0.03552555,-0.08868333,-0.14042312,0.114723876,0.1304834,0.012947072,0.108176604,0.005489528,0.048777357,0.07529986,-0.09799917,-0.027884344,-0.10172666,-0.05146924,-0.041185986,0.0075486917,-0.16092972,0.18199576,-0.030588394,0.048318144,-0.02017543,0.056226294,-0.08049237,-0.025791787,0.21459435,-0.016882854,-0.10674497,-0.14543067,0.010865025,-0.14581329,-0.052210137,-0.49245346,0.15554047,0.027826075,0.14158931,-0.045600463,-0.2438628,-0.12839846,-0.26312226,-0.10009711,-0.0030116485,0.001099127,0.10422816,-0.05617343
TCGA-MN-A4N1-01,0.13141467,-0.08957875,-0.1625342,-0.05471617,-0.11643571,-0.19159305,0.2064666,0.03304569,-0.08579403,-0.016157746,-0.11109554,0.06348193,-0.069078214,-0.068709746,-0.011030262,0.1748089,0.039513856,0.21177323,-0.08278742,-0.1212302,0.1739158,0.033083007,-0.086609446,-0.061513055,0.034647837,-0.10661535,-0.043788318,-0.043634143,0.031081954,-0.17306034,0.2509338,0.06413012,0.17746975,-0.052896157,-0.17877904,-0.01407524,-0.20814835,0.17043585,-0.009459799,0.20355794,-0.12591326,0.08206832,-0.11966708,-0.09630152,0.08845192,-0.047063448,-0.12495899,-0.09941842,0.04724737,-0.12475001,-0.06333717,0.19271855,0.024556767,0.22240995,-0.2932596,-0.064413376,-0.16071604,-0.024204075,0.0073576,-0.17820692,-0.13848336,0.078009665,-0.13153164,-0.011826306
TCGA-17-Z049-01,0.063189305,-0.11970143,-0.03712863,-0.004925174,0.21809112,-0.002447038,0.06637203,-0.07433303,-0.16408443,0.051893953,0.005135369,0.04163744,-0.0151533345,0.027362628,0.039534904,0.10105854,0.009563882,-0.04255727,0.012318435,0.009185905,0.045383472,-0.18080448,0.020443616,-0.082424775,-0.032456048,-0.36951038,-0.04904226,-0.07096008,0.2771073,0.081927985,0.059875406,-0.044699926,-0.1626007,-0.0824903,0.14346865,-0.21944436,-0.23429166,0.15265682,-0.21759295,0.07561285,0.037758473,0.061611276,-0.21544947,0.031155167,0.071635805,-0.017269747,-0.285195,-0.073243916,-0.11402536,-0.08450644,-0.07181364,-0.02600872,0.06502886,0.23349336,0.029609973,0.054825325,-0.06839563,-0.079148285,-0.06951801,-0.18014924,-0.03499465,0.26144654,-0.08272544,-0.095839344
TCGA-44-2666-01,0.07311304,0.032763004,-0.120226406,-0.36743307,0.079510674,-0.09861137,-0.30803216,-0.083605014,-0.16247314,-0.050048098,-0.070082635,0.07810702,-0.0026395957,-0.060073785,0.024369216,0.151406,-0.08701992,-0.086977415,-0.037804317,0.12387665,-0.32538334,-0.08124564,0.009928138,-0.01923577,-0.0064715575,0.019969156,0.011834196,0.016446792,-0.13228476,0.04150933,0.24199525,0.042014193,-0.053880684,-0.014762547,0.13866237,0.22876595,0.11539113,-0.040352367,-0.060889177,0.15762873,0.019481169,0.1034502,-0.19266719,-0.045712676,-0.25959358,-0.14209484,0.05300234,-0.06799279,0.062951885,-0.09081571,-0.05728689,-0.0875044,0.048035547,0.19243084,0.055126615,0.041450184,0.13730548,-0.11520014,0.02157809,-0.17626724,0.10370474,-0.13442253,-0.08032681,-0.065057606
TCGA-86-A4JF-01,-0.009457842,0.090024695,-0.0558714,0.01899471,-0.08679789,0.04175857,0.019975647,-0.0067275716,-0.06708069,-0.1557285,-0.03419558,-0.09393336,0.069001324,-0.17138307,0.06437557,-0.07587494,-0.2106216,-0.16154708,-0.030395672,-0.017627666,-0.060643945,-0.19387077,0.02398522,0.0021467016,0.085988976,-0.011566784,0.111650415,-0.009500232,0.15334265,-0.16646324,-0.020130087,0.050307713,0.2063271,0.022788113,-0.22747393,0.23227525,-0.34224138,0.1378899,-0.11285034,0.056044437,-0.023879789,0.026434742,-0.20825922,-0.045169912,0.22410002,-0.08261277,-0.20770484,-0.1550613,-0.005179623,-0.04468201,-0.026224462,0.0027166135,0.1149208,0.08651626,-0.18286541,-0.092775255,-0.0848915,-0.15308732,-0.018814512,-0.15027247,0.07376916,-0.30589947,-0.048909765,-0.12601887
TCGA-49-4490-01,0.14417273,-0.008004912,-0.13908559,0.23942043,-0.1222562,-0.015447053,0.19855979,-0.07307295,-0.094178125,0.09262654,-0.096455924,0.11743083,-0.054667614,-0.0029813494,0.026378507,-0.042630095,-0.11669545,0.06545576,-0.06850571,0.0174559,0.12849765,0.032638088,-0.12449214,0.025701256,0.06386888,0.0326235,-0.00656477,-0.038311962,-0.0071439142,-0.14384879,0.049575057,0.11488183,0.045924872,-0.12485668,0.06991461,-0.12893791,-0.112791926,0.1453221,0.3967854,0.04639436,-0.19719176,0.079392344,0.019557578,-0.07064891,0.24476002,-0.018201638,0.0063658888,-0.088968,0.20355517,0.061031617,-0.15223143,0.024111621,0.00620138,0.14143886,-0.2445386,-0.15244494,-0.20627637,0.1694688,-0.07336431,0.048399348,-0.17805608,0.1771996,0.07710906,0.15921451
TCGA-95-7948-01,0.03557791,-0.014168872,-0.051512413,-0.056543402,0.065784246,0.22453918,-0.07026169,-0.12665722,-0.120240435,-0.13645239,-0.032848667,0.012228499,0.13802226,-0.10236701,0.030545875,-0.25834593,-0.15352426,0.056579035,0.004471497,-0.027942365,-0.0643784,-0.12193089,-0.0077495617,-0.03931626,-0.15477315,-0.20333278,0.12170371,0.10672865,0.11342207,-0.13448596,-0.21947296,0.06118579,0.15322094,-0.13122258,-0.036074325,0.17139155,-0.006211997,0.01888543,-0.21807821,0.0014310017,-0.043851584,0.02645098,-0.13805167,-0.048046775,0.09813583,-0.08848973,-0.03606327,0.09231763,0.1089022,0.060786672,-0.06072331,0.25468838,-0.058790907,0.1091429,-0.012154055,-0.14334328,0.17804855,0.007487205,-0.20500715,0.08990284,0.09169979,-0.42266655,-0.047542077,-0.030613344
TCGA-L4-A4E6-01,0.036004804,0.1869855,0.03230877,-0.0071043,-0.11655034,-0.21465003,0.07741785,0.22360583,-0.03592096,-0.014903063,0.008633564,0.008306654,-0.29775402,-0.046633016,0.13055114,0.2435161,0.29924178,0.07910692,-0.07424801,-0.15062615,0.11125483,0.105888546,-0.03030622,0.16632064,0.080967024,0.086570345,0.06431217,-0.07588167,0.15277024,0.151342,0.022712603,0.1044363,0.14416155,0.060259152,-0.2250638,0.23943913,-0.08870074,0.1479641,-0.13712849,0.122927815,0.08581188,0.06774993,-0.021492375,-0.09399177,0.0012502248,0.0032155602,0.09745416,-0.03238623,-0.058855332,-0.014349034,-0.0639965,-0.041038,-0.0012160246,-0.16552775,0.064678304,-0.04870625,-0.100038275,-0.24844939,0.083040945,-0.12690635,-0.17108645,0.094187245,-0.10365286,-0.07392963
TCGA-50-8457-01,0.15644966,0.042451017,-0.030638654,-0.27198976,-0.08098343,0.0873597,-0.14133377,-0.00012636825,-0.077652246,0.0057894457,-0.25385535,-0.040722642,-0.0080597,-0.029917423,0.0760355,0.004138168,-0.21702102,-0.17907108,-0.016024716,0.034715187,-0.45190156,-0.06802209,-0.0010092187,-0.0023384783,0.06609996,-0.051613253,0.07779191,0.071963415,-0.085579365,0.025895923,0.05127265,0.075612694,-0.095549114,0.043775592,0.005915659,-0.026408188,0.24490961,0.12202416,0.07900387,0.0798788,0.007653422,0.055715512,-0.14563712,-0.040166643,-0.1951366,-0.11494525,0.25569648,-0.13922946,0.12596835,0.035223395,-0.06855138,0.04582793,-0.04445926,0.007152787,0.1441909,-0.18224347,0.22842376,-0.1752639,-0.078878574,0.04293222,0.056712028,-0.1498725,0.019109765,0.058142878
TCGA-86-8674-01,0.084104225,0.03208438,-0.047614224,-0.28017065,-0.08174288,-0.28290963,-0.272233,0.024988586,-0.029609146,-0.08608516,-0.089026935,0.08859738,-0.17526126,-0.08935802,-0.07327719,0.087700136,-0.07125235,-0.27158475,-0.051668514,-0.084259786,-0.38928717,0.025480784,0.009349301,-0.04843214,-0.055558328,-0.00947335,0.07274936,0.00024867425,-0.105418846,0.043365233,0.28196195,0.07468975,-0.046504557,0.12596835,-0.08043869,0.055371452,0.18697383,0.102647856,0.056505088,0.103892095,-0.014814652,0.048030894,-0.15611254,-0.008131099,-0.12939353,-0.11923971,0.24171598,0.017150478,0.02260378,-0.1613199,-0.011171781,-0.16970815,0.021904448,0.012846547,0.10928882,-0.012504966,0.043275367,-0.000553633,0.0066580917,-0.14693588,0.120089434,-0.11064723,0.044419296,0.005837452
TCGA-93-7347-01,0.110178985,0.1369911,-0.10412063,-0.17326616,-0.18315908,0.12787728,0.06774019,0.063174754,-0.13531631,-0.013725764,-0.17024124,-0.020544147,-0.04397594,-0.023316305,-0.07599983,0.06578867,-0.14313842,-0.066397876,-0.052491933,-0.26794213,-0.112786435,0.054780554,0.036790513,-0.08993609,-0.13116314,-0.049739677,-0.01795102,0.07673847,0.14477007,-0.17160793,0.2586145,0.15784667,0.2048607,0.08807412,-0.18554176,0.071369834,-0.06447676,0.24375714,-0.03575522,0.10130109,0.051483262,-5.9398684e-05,-0.22030285,-0.079673,-0.016075589,-0.032571796,0.18162447,0.09914294,0.0412539,0.13690872,-0.037210844,-0.13106035,-0.21278083,0.26776102,-0.03722129,0.023794446,0.1526634,0.06675953,0.1497263,0.012395922,0.05451591,-0.10304648,0.020718805,0.16808365
TCGA-55-8614-01,0.11032436,0.07507297,-0.07464148,0.1174373,-0.15166046,-0.008551682,-0.03922856,0.14102322,-0.082767375,-0.057995312,-0.13991767,-0.069278635,0.054286618,-0.084218696,0.067312315,-0.16486081,-0.0632338,-0.28821403,-0.084858365,0.12460511,0.20584191,0.056720633,-0.018167032,0.0717949,0.08285365,0.04373919,-0.026196111,-0.10328947,0.24021526,-0.14073263,-0.20049268,0.05079299,0.229841,-0.18846567,-0.28727365,0.08916873,-0.114917554,0.027855972,-0.22527966,0.12529787,0.10678497,0.01681229,-0.062281597,-0.07630897,0.17816153,0.06610658,-0.13880214,0.029196886,0.019892309,-0.00116153,-0.037024442,-0.027917454,0.082310475,0.1568557,0.03800988,0.046169445,-0.03877519,-0.18550698,-0.15354078,-0.20743981,0.068417706,-0.21297248,-0.10097159,-0.059766773
TCGA-78-7149-01,0.10102907,-0.08800922,-0.106628366,0.032602437,-0.14087868,-0.23117763,0.00819182,-0.003943332,-0.095431134,-0.037071664,0.007810666,0.1539406,-0.25579843,-0.08685773,0.076176435,-0.0029549778,0.019121759,0.1556468,-0.06080724,-0.014296432,0.11378516,-0.0049733086,-0.1781201,-0.048041057,0.08021225,0.07831587,0.0694361,-0.022916846,-0.15702824,-0.09964134,0.07861453,0.073248126,0.041326705,-0.112376235,0.07952955,-0.03189655,0.07769703,-0.0149288885,0.12963018,0.103225976,-0.17477465,0.1514751,-0.021535892,-0.1123744,0.21488465,-0.15358189,0.09889871,-0.08225922,0.17832124,-0.13110562,-0.12201722,0.2983473,0.074800506,0.03550199,-0.28509396,-0.12545513,-0.18118879,0.18231441,-0.14785305,0.04940229,-0.26759982,0.043660156,0.0570394,0.107140176
TCGA-05-5429-01,0.17685713,0.18898354,-0.11573888,-0.14886218,-0.21583803,-0.020265168,0.017698692,0.14689052,-0.02742219,-0.036465123,-0.031314395,0.0039690165,-0.10028788,-0.12348977,0.13835792,0.13272731,0.054831732,0.010404818,-0.09408892,-0.23856704,-0.07090175,0.03571009,0.026059764,0.012171493,0.08745878,-0.10362625,0.12606005,0.053275555,0.06888867,-0.018608958,0.11915107,0.21122,0.1514062,0.05486403,-0.18437147,0.07919666,0.03972517,0.03503964,0.18670069,0.096185505,-0.18712923,0.11730615,-0.02497967,-0.1692665,-0.015625406,-0.10326659,0.07792735,-0.22745784,0.16409557,0.073685504,-0.110698596,0.3039026,0.058046393,0.01749085,-0.089696966,-0.33781815,0.020548802,-0.038993537,0.10981142,0.12895821,0.016483821,-0.057806026,0.17120047,0.01183163
TCGA-55-A493-01,0.1286589,0.115381785,-0.03428118,-0.06456507,-0.09739923,0.04512041,0.14666969,0.067965284,-0.049094826,-0.09828458,-0.28844464,-0.035572525,-0.0063758143,-0.035335287,-0.070885606,0.027420266,0.0039607286,-0.09254178,-0.07056761,-0.27559558,-0.18051142,0.16129115,-0.025736602,0.1360144,0.002339586,-0.19338702,0.043248303,0.12714663,0.03324708,0.057514288,0.1235287,0.13338731,0.13951395,0.007386951,-0.14202508,0.14746556,-0.24343027,0.4697661,0.17890568,0.112205304,0.04821556,-0.034857847,-0.056332048,-0.09627996,-0.053006403,-0.051233996,-0.003941306,0.016066613,0.08935203,0.028821077,-0.03798245,-0.06001156,-0.016464122,0.0075334464,-0.016334511,-0.1637769,-0.06735754,0.058437705,-0.25365722,-0.15307143,0.06472495,-0.10718721,0.04851724,0.025673674
TCGA-69-7980-01,0.07515407,-0.0098147215,-0.13558213,0.17728072,-0.15108041,-0.057832327,0.077766545,0.0114994515,-0.06755175,-0.0646774,-0.22348325,-0.0042788065,0.009923201,-0.11152892,0.063382335,-0.15182035,-0.188298,0.016217899,-0.090022564,0.12354121,0.032919765,-0.07019617,-0.042820573,0.15061635,0.030716786,0.118711755,0.020625768,-0.2430593,0.17359033,-0.15571025,0.07061316,0.15154964,0.0958843,-0.024226569,-0.24913311,0.034641825,-0.21656765,0.094978645,0.12009014,0.16227713,0.002137448,0.00684972,-0.15927482,-0.0905363,-0.03119573,0.009517385,-0.042834546,-0.14461412,0.108137645,-0.0032171407,-0.052822907,-0.09215912,0.024031082,0.14868453,-0.09399158,-0.054625478,-0.06986837,-0.18750694,0.28133634,-0.2644383,0.08352771,-0.09063562,-0.1959111,-0.19989365
TCGA-55-A48X-01,0.07533244,0.20738414,-0.05023264,-0.1862867,-0.1709525,0.017597295,-0.13249022,0.19973208,-0.07779369,-0.009273336,-0.18401827,-0.15301676,-0.20387435,-0.10306204,0.1013639,-0.04380945,0.025910987,-0.3334608,-0.0220009,-0.07665269,-0.108252205,-0.10614655,0.04182674,0.058738228,0.059740126,-0.13118814,0.053366426,0.040043566,0.27213928,0.09794197,0.057705633,0.052366465,0.0738611,0.07401147,-0.19228369,0.12660076,-0.10407954,0.211948,-0.22254555,0.12442514,0.20096225,0.028950676,-0.22963834,-0.05171462,0.010997388,-0.051582884,-0.043502565,-0.06714922,-0.038790446,-0.052593797,-0.028427294,-0.120809555,0.09657506,0.12659213,0.020798756,0.07813258,0.13668455,-0.071834646,-0.1722791,-0.1459561,0.04411431,-0.120409615,0.030183425,-0.060742605
TCGA-55-7994-01,0.12847497,0.07068687,-0.040251523,0.15289812,-0.09225601,-0.07837934,0.19027382,0.12508982,-0.04899194,-0.10924076,-0.32280722,0.025420394,-0.12979949,-0.023157205,0.07437957,0.096374296,-0.10862692,-0.053094402,-0.0565141,-0.23768145,-0.00846753,0.093837865,0.053020615,0.20355776,0.09568377,0.07391945,-0.0105569465,-0.010695592,0.023734335,-0.2406447,0.21850818,0.030811185,0.22922969,-0.02386707,-0.20425965,-0.02113564,-0.049941845,0.19317915,-0.11349705,0.19849302,-0.009037267,-0.0208426,-0.17641558,-0.12048163,0.14467348,0.003754399,0.2236083,0.03045986,-0.05865245,-0.014455682,0.029939916,-0.139365,0.0161156,0.2073136,0.060868565,0.09869373,0.020795459,-0.20346329,-0.077127025,-0.07645806,0.09134048,-0.12390625,0.00969587,-0.15063177
TCGA-05-4418-01,0.12311588,-0.05994011,0.0066196006,-0.3382612,-0.0011054074,-0.030711675,-0.098601274,0.15894037,-0.100535005,-0.03484686,0.2338706,0.07745178,-0.012811024,-0.07076399,-0.00088618876,0.029313458,0.001751896,0.41029218,-0.111204974,0.08410589,0.23411246,-0.07347756,-0.10885572,-0.0447216,-0.116829485,0.022224141,0.0685118,-0.061493713,0.060577232,0.017377235,-0.17637762,0.120331585,-0.1426934,-0.055661775,-0.07433173,0.0317324,-0.0042113806,-0.19232883,-0.23345889,0.09891415,-0.013265577,0.08818878,-0.039489128,-0.066217236,-0.20900333,-0.056778386,-0.011398582,0.021131445,0.18093029,0.12478292,-0.12314685,-0.04950149,-0.04119445,0.116707765,0.06266792,-0.17271419,0.09561571,-0.095367044,0.24634045,0.037252814,0.15363349,0.015498501,-0.021384541,-0.08072466
TCGA-05-4430-01,0.11320285,-0.015100085,-0.036824428,-0.10558905,-0.18192501,-0.2460107,0.12648767,-0.017950125,-0.16214234,-0.05592418,0.032346975,0.1340074,-0.2149161,-0.045538366,-0.06718479,0.014744205,0.081432045,0.24543506,-0.1356515,-0.107097626,0.15587436,0.0042222408,-0.2347704,-0.1495912,-0.03445829,-0.08571708,0.022021135,-0.08986931,-0.21677355,-0.06479258,-0.0023043249,0.0669153,0.13002592,-0.16836509,0.003249692,0.029059371,0.11401487,0.08013924,0.08977149,0.050781865,-0.09862275,0.18528827,0.035697944,-0.047502134,0.18421966,-0.12445889,0.14167145,0.1283718,0.16797657,-0.1108531,-0.090527065,0.15555042,-0.057420082,-0.0012359695,0.09002847,-0.11819144,-0.18509158,0.027501274,-0.32297084,0.1101911,-0.092589125,-0.015837539,0.0042801523,0.15318929
TCGA-55-A490-01,0.10141311,-0.07070535,-0.06887042,0.17843021,0.024180252,0.08581777,0.05624461,0.1176958,-0.11214054,-0.050557125,-0.22108793,-0.054929875,-0.0710876,-0.07965097,0.118011944,-0.27400765,-0.12410568,0.025922531,-0.059236147,0.02324925,-0.18311931,-0.119151,-0.024704155,0.27001077,0.027381321,0.026462274,0.06678891,-0.1750524,0.14677572,-0.025719529,-0.06017869,0.15676612,-0.092868164,-0.04828991,-0.043100744,0.05276703,-0.12929249,0.1399909,0.07648949,0.18052827,0.05048116,0.013901815,-0.1477685,-0.107309036,-0.17219202,-0.058919847,0.027611999,-0.15002371,0.13826692,0.043390993,-0.084212,-0.09931046,-0.0008976062,0.09694209,0.16797385,-0.14246118,0.029453186,-0.1732034,0.16932632,-0.10522471,0.18521056,-0.1607863,-0.13372566,-0.31632718
TCGA-80-5607-01,0.05746074,0.0960221,-0.052173097,-0.268371,-0.17567213,-0.22298253,-0.06559089,0.07573215,0.015335812,0.07797742,-0.03618492,0.14338392,-0.28475103,0.03376341,-0.0051914486,0.090222195,0.04272528,0.0012311321,-0.037172385,-0.10896578,-0.20343898,0.004154287,-0.003996362,0.04581761,0.08013656,0.014513674,-0.054458696,0.08820611,-0.14696895,-0.02830791,0.187765,0.0014465624,-0.026125291,0.05105353,-0.028875407,-0.062988594,0.31617677,-0.13062356,0.20718305,0.07798548,-0.20561418,0.055459306,-0.09402619,-0.036160998,-0.0833067,-0.13983735,0.33030224,-0.066143215,0.077001296,-0.13857143,-0.08866977,-0.10545256,0.07117633,0.05849399,-0.0037962385,0.03941438,0.22341835,0.031846397,-0.0033249287,0.17812718,-0.015309859,0.039248325,0.24717672,0.02431447
TCGA-50-6595-01,0.109741725,0.096380934,-0.037220217,0.09676351,-0.07340359,-0.18564257,0.08426322,0.026617067,0.051860735,0.07727001,0.11840778,0.1629796,-0.26706654,0.019905135,0.118532345,0.061175432,-0.023456432,-0.12641083,0.013720038,-0.21405791,-0.09395353,-0.032784265,0.000583588,0.09612385,0.10521148,0.0701475,0.102779165,0.05605817,-0.08309703,-0.07959515,0.03625198,0.02943924,-0.020263355,0.03977433,-0.02005646,-0.14318411,0.27488735,-0.12284774,0.2178936,-0.0147303,-0.26222536,0.05111482,0.013821949,-0.027204681,0.1884316,-0.07603596,0.3180991,-0.059226472,0.037619498,-0.10926783,-0.0923938,-0.07525876,0.018825594,-0.14266175,0.040112108,-0.11667712,0.025244528,-0.040046427,-0.009551672,0.29997557,-0.0769298,0.13122049,0.30170083,0.072160296
TCGA-17-Z027-01,-0.0063781687,-0.1300317,-0.05908799,-0.023888811,0.20699112,0.0318557,0.134943,-0.16594952,-0.1591038,0.074677855,0.022077078,0.04594801,0.024721526,0.094581954,-0.09258324,0.09741101,0.03058816,-0.025448298,0.046895307,-0.16452788,0.0006826296,-0.12476726,0.05465594,-0.16549903,-0.12487255,-0.41840857,-0.12811828,0.024639597,0.2224124,0.00078738603,0.15872861,-0.080515005,-0.03021498,-0.0613174,0.12553619,-0.21033683,-0.21796083,0.20167683,-0.18338972,0.011113552,-0.0031984223,0.016020305,-0.20767798,0.07073975,0.105710015,-0.016100284,-0.18705629,0.0560275,-0.17691618,-0.11649501,-0.05117671,0.007003276,-0.048057433,0.23718289,0.027727092,0.12045377,-0.009401637,0.010747387,-0.055796307,-0.0689498,-0.076883025,0.19578768,-0.05583538,0.03554368
TCGA-50-6594-01,0.061584573,0.022377213,-0.048821554,0.03126602,-0.014951717,-0.18831074,0.06245746,0.041625638,-0.08416785,-0.0692156,0.14897329,0.07896312,-0.16186881,-0.11192386,0.052761696,0.053520996,-0.014938153,0.31881106,-0.1049178,-0.024751768,0.36990297,-0.08515105,-0.13188425,0.016126629,0.04062029,0.18959127,0.10464836,-0.022454055,0.112699926,-0.003322564,-0.1290324,0.11207445,-0.21615571,-0.106522396,0.07899352,-0.08333151,-0.25650102,0.073710136,0.019586356,0.08794683,-0.08827684,0.09570554,-0.007831587,-0.053512592,0.14573267,-0.0390744,-0.15158789,0.044161785,0.13653149,-0.01600719,-0.10029974,0.038374636,0.035160195,0.026054664,-0.083973005,-0.12520573,-0.35783303,0.053255025,0.06341675,-0.05129973,0.0038368239,0.2956452,0.043330736,-0.009119325
TCGA-05-4422-01,0.028157866,0.14444348,0.016375266,0.10216565,-0.14867878,-0.19838063,0.045477398,-0.1641104,-0.025279138,-0.099703506,0.15048526,0.014163659,-0.18684323,-0.0048886496,0.12625152,-0.0022633804,-0.10096965,0.2799627,-0.0671015,0.00561922,-0.012283011,-0.2888329,-0.098681204,0.028700748,0.20976718,0.025304774,0.037271693,0.07238221,-0.18992715,0.024856636,-0.17522919,-0.03582771,-0.005065443,-0.013592856,-0.047609255,0.081498966,-0.002250797,-0.16525134,0.20400263,-0.02497993,-0.16201907,0.10036314,-0.04982573,-0.0111469785,0.12656751,-0.17255653,-0.015693912,-0.199095,0.06576662,-0.26087353,-0.08671941,-0.12700303,0.14388902,-0.094192564,0.12938821,-0.14169651,-0.10461816,-0.19362187,-0.021226184,0.21678594,-0.037314646,0.025649047,0.14326932,0.03885483
TCGA-49-AAQV-01,0.045777153,0.040286604,-0.1724392,-0.008900932,-0.13304581,-0.092720605,0.15805677,0.115380555,-0.049542975,0.017480565,-0.01069374,0.09072175,-0.27736008,0.01635024,-0.018469807,-0.29783294,-0.040389378,0.08959743,0.0040924284,-0.2197637,-0.1972567,0.028495321,-0.09906839,0.16460776,-0.00868469,-0.003811214,0.09273101,0.07614425,-0.017138112,-0.06458347,-0.021998351,0.13322257,0.006505308,-0.017479153,0.035163887,0.068525374,0.10945322,0.05770667,0.34072906,0.07134338,-0.20588087,0.0007100712,-0.03570598,-0.05623304,-0.0684315,-0.17673115,0.19131471,-0.03885965,0.17454302,-0.14859596,-0.0967067,-0.12915516,-0.038343735,0.062023122,-0.051796824,-0.14963274,0.016504524,0.17862001,0.004826326,0.23827748,0.088570885,-0.018678345,0.28423783,-0.046684876
TCGA-55-8302-01,0.055951342,0.15129,-0.05003024,-0.1394637,-0.14647835,0.06456678,0.15164356,0.039302986,-0.16373174,-0.032113604,-0.31818044,-0.041511573,-0.08575973,-0.011624371,0.05134768,0.019797634,-0.2047304,0.16763356,-0.08530475,-0.11231382,0.018507345,-0.10015892,-0.027589308,0.10297974,0.0076989187,-0.18220274,0.033821065,0.013564046,0.19357115,-0.15165396,0.0787184,0.040501576,0.087056376,-0.080371656,-0.11156381,-0.12310575,-0.07896355,0.19399655,-0.16455986,0.14860119,0.10998786,0.0131540075,-0.24235667,-0.059975564,0.03019318,0.007903221,0.12179727,0.13994396,0.00776496,0.07651732,0.00042757922,-0.14251901,-0.049603797,0.31554204,0.17012729,0.119233385,0.16928144,-0.19656226,-0.137467,-0.020127049,0.17027783,0.03572366,0.055770174,-0.09972433
TCGA-NJ-A55R-01,0.08298439,0.035385203,-0.08134437,0.17666642,-0.11836806,-0.21018484,-0.019690586,0.11295451,-0.060645744,-0.08947523,-0.13493302,-0.034463465,-0.18040793,-0.066578865,0.008518044,-0.3420945,-0.1514878,-0.113922715,-0.027091745,-0.14910103,-0.026590126,-0.053919747,-0.04360879,0.11944238,0.016230091,0.012404677,0.05890255,0.011314633,0.10243204,-0.11494911,-0.044958647,0.044183254,0.050352298,-0.11999621,-0.17505544,0.032412436,-0.045315877,0.08945574,-0.086880796,0.13755025,-0.041968983,0.013651996,-0.17534502,-0.051613897,0.18727426,-0.08280792,0.007047498,0.05823064,0.021240477,-0.17226899,0.0169896,-0.18443467,0.11183165,0.18762308,0.21223323,0.06376569,-0.05969113,-0.08540105,-0.2048048,-0.016517617,0.2508666,-0.30031925,0.13194194,-0.19086936
TCGA-17-Z051-01,-0.009940191,-0.12560357,-0.08858639,-0.002618359,0.16853379,-0.027408386,0.12087752,-0.12132641,-0.17193486,0.04602053,-0.039880913,0.021852741,-0.050784424,0.06608595,-0.044998895,0.06490658,0.044281516,-0.0057723485,0.033195816,-0.13616593,0.045295175,-0.15756223,0.03873925,-0.117552355,-0.060862042,-0.39729998,-0.099513546,-0.017669488,0.23031394,0.010928352,0.14647466,-0.081529014,-0.03647002,-0.09419516,0.11767684,-0.18912959,-0.24489674,0.19793946,-0.18979841,0.05824779,0.019199282,0.039835915,-0.2297625,0.050514225,0.13825402,-0.03145717,-0.22133364,0.029720824,-0.17452762,-0.16682738,-0.046252903,0.06575101,0.024264336,0.25149506,0.044521965,0.13521983,-0.063248366,-0.03455011,-0.11716154,-0.11469416,-0.04777967,0.20209496,-0.05260675,-0.038649168
TCGA-67-3772-01,-0.034463897,0.13925642,-0.08931799,0.03975358,-0.051065408,-0.068563685,-0.08130432,0.09461327,-0.04715103,-0.19888496,0.1261652,0.10917916,-0.14722134,-0.08548593,0.10941014,-0.095832296,0.034962386,-0.05792165,-0.07988815,-0.14522053,-0.20024517,0.025232822,-0.020714168,0.14308284,0.04841255,-0.036090408,0.115966335,0.07724481,0.03602955,-0.17406099,-0.09629802,0.045302663,0.4096942,-0.07031631,-0.097315095,0.40272492,-0.03918427,-0.06739227,0.13707694,0.030700337,-0.09060362,0.030127754,-0.034471482,-0.10827728,0.120175675,-0.15366559,-0.011314563,-0.032699965,0.06762587,-0.17096229,-0.10600094,-0.06954298,0.0465236,-0.08862962,-0.15971103,-0.09051212,-0.12179037,0.059791196,0.012901006,0.0519114,-0.060463153,-0.29669726,0.1496105,-0.08424756
TCGA-05-4382-01,0.08178703,-0.13673458,-0.042740054,0.19430889,0.054611966,-0.081655644,-0.029895538,-0.08726141,-0.050807983,-0.14621459,0.11352908,0.12347535,0.017090885,-0.15664929,0.104117,0.098629475,-0.108848825,0.26052433,-0.03518024,0.18964438,0.10215639,-0.08255551,-0.07086048,0.016339527,-0.018552167,0.1444205,0.10480679,-0.2435313,0.007544852,-0.05050475,-0.048860673,0.07797203,-0.0048097544,-0.027795391,-0.037354346,0.14651173,-0.21144943,-0.09621506,0.12648867,0.08901611,-0.1341843,0.07822833,-0.01239376,-0.052806802,0.10338985,-0.035479438,-0.19398083,-0.18512543,0.103505224,0.0037038825,-0.06266935,-0.019405857,0.042684563,0.011668312,-0.16071962,-0.21773654,-0.29839203,-0.12439577,0.2658103,-0.1701408,0.0013554378,-0.05510057,-0.21886417,-0.1400012
TCGA-80-5611-01,-0.10003474,0.041183002,-0.14346911,0.14225298,0.072501495,-0.3693522,0.22540636,0.0018472432,-0.009079831,0.020716144,0.34326783,0.21851607,-0.30481216,0.008236119,0.013082533,-0.0033350321,0.011225464,0.007683854,-0.018228326,-0.2435497,0.034715008,-0.047041398,-0.068760775,0.028566433,0.031309027,0.021717956,0.12974313,0.06227261,0.07030681,-0.108409785,-0.032100115,0.060774155,0.17656055,-0.041960504,0.037616722,0.074729495,-0.09001018,-0.00013145438,0.075395025,-0.018535594,-0.17284423,0.11286609,-0.055801462,-0.019220967,0.20853919,-0.09208867,-0.020553201,0.10211253,-0.012992725,-0.23487352,-0.088242106,-0.16508104,0.03567533,-0.033724114,-0.11919754,0.03412039,-0.16285253,0.03998275,-0.0736344,0.037649177,-0.10297344,0.12583148,0.22250113,-0.036316335
TCGA-05-4417-01,0.058013752,-0.10457874,-0.04456575,0.06626092,-0.017340047,-0.07637484,0.042785637,0.14530413,-0.020933772,-0.019772459,-0.14214952,0.017722176,-0.07112294,-0.06452257,0.082476415,-0.17420985,-0.023903226,0.32625982,-0.07286442,-0.064842165,0.105949335,-0.015567752,-0.06597341,0.13162059,-0.035066295,-0.034535658,0.19315627,-0.30696446,0.053476673,-0.06757112,0.13333517,0.17489439,-0.11288836,0.0034008494,0.018594438,-0.021580223,-0.104582906,0.033092838,0.06385748,0.15674911,-0.12598619,0.056375396,-0.018664971,-0.11440602,0.015110083,-0.060361326,-0.01667043,-0.16718848,0.13436486,0.14919904,-0.055969648,0.20404416,0.007807928,0.0703372,0.067512564,-0.2372998,-0.20889513,-0.06764429,0.19930005,-0.074091524,0.22392735,0.026704246,-0.050251383,-0.3556613
TCGA-97-A4M6-01,0.06514471,0.14246999,-0.08144302,0.014224098,-0.07900287,0.07799266,-0.034207795,0.09946297,-0.15932004,-0.1427114,-0.012399761,0.016407905,-0.09164523,-0.008164159,0.03595661,-0.21373782,0.08446136,0.13469884,-0.058887392,-0.28271142,-0.09478077,0.06292499,-0.063767456,0.13749573,-0.04044115,-0.03803552,0.026360115,0.14598848,-0.0805168,-0.068887554,-0.06452511,0.1008748,0.2753872,-0.13180259,-0.04403016,0.3986158,0.043068938,0.014006648,0.11392899,0.05317273,-0.08587131,0.013371315,0.0063313204,-0.10170797,-0.0001271142,-0.15322846,0.07990771,0.053403337,0.11049864,-0.01301816,-0.08674324,-0.088412754,-0.047508243,0.022782974,0.1801023,-0.089855604,-1.2494109e-05,0.029313736,-0.07269992,0.25656226,0.12326523,-0.36659873,0.18161105,0.016607635
TCGA-69-7979-01,0.23019102,-0.052397076,0.09426586,0.18499623,-0.089548744,-0.001013558,0.016253341,0.090315714,-0.09736878,-0.043297444,-0.101002514,0.018674366,0.0741504,-0.10755121,0.09192113,-0.06973916,-0.13457654,0.05268023,-0.051851057,0.07888627,0.04810405,0.09518972,-0.17888951,0.09308474,0.06293833,0.04309111,0.10021016,0.02343927,0.07438763,-0.019443719,-0.32186756,0.0351874,-0.13175665,-0.15542006,-0.028134987,-0.11394979,-0.04828435,0.24921334,-0.020490028,0.057404224,-0.110689424,0.050989434,0.022391343,-0.04933803,0.32297188,-0.034596615,-0.011513721,-0.024686348,0.18681975,0.07893715,-0.08378945,0.14917158,0.04161849,-0.02123863,0.01983709,-0.34055373,-0.27530536,-0.043042213,-0.2813996,0.039180376,-0.1261042,-0.065424,-0.065390915,0.06456131
TCGA-97-7941-01,0.09935327,0.13027017,-0.017510975,-0.2743271,-0.10030286,0.15307817,-0.083649054,0.1406976,-0.079054035,-0.06004602,-0.1702764,-0.13825792,0.012590286,-0.05627316,0.04724348,-0.04206623,-0.064238474,0.04932403,-0.025922824,-0.121023014,-0.2542638,-0.055256344,0.043529745,0.078552425,-0.02063252,-0.08313143,0.0909224,0.047383733,0.06430643,0.011741373,0.030556295,0.12259995,0.06554565,0.061335176,-0.18040505,0.24439733,0.019545687,0.09157289,-0.09387776,0.11248586,0.101482354,0.020236522,-0.14622532,-0.07894648,-0.26056743,-0.075060815,0.069055796,-0.061191015,0.08690054,0.100599416,-0.018971179,-0.007944128,-0.048187796,0.06620139,0.19239436,-0.1466971,0.2600366,-0.22046603,0.047497775,0.017481968,0.24552517,-0.32448745,-0.039447237,-0.1268893
TCGA-78-7158-01,0.08674228,0.06321268,-0.13550594,-0.16945772,-0.12865464,-0.17625341,-0.012619141,0.05435786,0.020392511,0.032315165,0.0084148245,0.14724714,-0.24565925,-0.03651431,0.051726438,0.024522616,-0.018905336,-0.1333193,-0.0064794025,-0.2851828,-0.08728513,0.033401232,-0.038900625,0.026043996,0.02175039,0.029798666,0.19176751,0.124806635,-0.01746439,-0.055642538,0.25312012,0.17046206,-0.039950237,0.07883012,-0.04418556,-0.11901423,0.20117852,0.045749996,0.089329995,0.0669914,-0.14817984,0.046010554,-0.07635045,-0.102446444,-0.005775441,-0.12534952,0.30770963,-0.031098181,0.13203047,-0.046397325,-0.10812964,0.21007022,0.011759629,-0.07023293,-0.21485083,-0.14701086,0.13296813,0.1728534,0.006050513,0.07886805,-0.09685246,0.1273661,0.26616365,0.11207647
TCGA-93-A4JO-01,-0.00172979,-0.024596248,-0.0319362,0.16138105,0.05504226,0.015057987,-0.10536293,-0.01802498,-0.08911125,-0.119004734,-0.094368726,-0.025289867,-0.04347351,-0.08828569,0.1767227,-0.27458134,-0.09186097,-0.040110227,-0.04574735,0.20510715,-0.29406604,-0.15057659,-0.051251493,0.19363558,0.13676217,-0.084170684,0.031354286,-0.1040477,0.08526985,0.023701595,-0.29276535,-0.008469812,0.04186694,-0.124739185,0.052310262,0.20026976,-0.09324516,0.024235304,0.15663496,0.052781425,-0.025003595,0.05812659,-0.08359351,-0.05576963,-0.012962516,-0.111531645,-0.19574359,-0.21842425,0.069136955,-0.13309518,-0.08242247,-0.092948,0.11276595,-0.041429285,0.08202712,-0.09689656,-0.11646245,-0.16223724,-0.13181499,-0.08148352,0.0036860136,-0.2600704,-0.088946,-0.23992503
TCGA-78-7154-01,0.081624724,-0.052322455,0.037074976,0.059866954,-0.025909448,-0.091444455,0.051272802,0.032743465,-0.06283802,-0.017616363,0.039182685,0.08439551,-0.085409515,-0.019849079,0.12915792,-0.1308196,-0.09858095,0.3702004,-0.09255711,0.061862815,-0.01444486,-0.16263093,-0.090615496,0.074748755,0.015206107,-0.15364993,0.14687555,-0.27187338,-0.0683295,-0.06434661,-0.13778043,0.03216898,-0.046118222,-0.09462334,0.015734311,-0.044900928,0.10413735,-0.18111055,0.14862487,0.038873628,-0.17574327,0.14002945,0.009895794,-0.031430885,0.08344639,-0.08599968,0.043090392,-0.12564436,0.14036739,0.05492313,-0.06618227,0.022626592,0.051542513,0.026864732,0.26363918,-0.24209128,-0.10258601,-0.2579818,0.018920101,0.19092864,0.21089199,-0.039883964,0.058164682,-0.29003212
TCGA-17-Z036-01,-0.00624886,-0.13104212,-0.058818243,-0.02357833,0.20699155,0.033106495,0.1337388,-0.16573581,-0.15846384,0.074691325,0.02159734,0.0449447,0.024854595,0.09533423,-0.093421064,0.09713866,0.03161288,-0.026225153,0.04776472,-0.16554892,-0.00077860453,-0.12388796,0.055960726,-0.16664012,-0.12583205,-0.41894558,-0.12918715,0.024823295,0.22189628,0.0018120242,0.15906478,-0.08106224,-0.030680878,-0.06048055,0.12594132,-0.20939068,-0.21658567,0.20084327,-0.1829033,0.010847315,-0.0035748405,0.015757095,-0.2072805,0.071181156,0.10566073,-0.016546778,-0.1876357,0.055682413,-0.17772555,-0.116917424,-0.050511565,0.009565267,-0.048371565,0.23750408,0.028830316,0.12014766,-0.009011609,0.011788608,-0.054828927,-0.06758624,-0.0769362,0.19421442,-0.056585044,0.03644534
TCGA-44-7661-01,0.1212966,0.1837647,-0.07223072,0.027789721,-0.17300254,-0.16366379,-0.10981631,0.09399216,-0.116736375,-0.13116333,-0.044684384,0.04683242,-0.23288253,-0.011442977,0.021806626,-0.04332532,0.10275212,0.055473756,-0.056178514,-0.20794837,-0.10570277,0.093078025,-0.041011117,0.105645336,-0.007383177,0.017299829,-0.02079247,-0.008852924,-0.15189135,-0.016100066,0.0897226,0.046168126,0.27598825,-0.035164423,-0.13635726,0.32639807,0.10652399,0.0072583673,0.21953951,0.07249756,-0.054933473,0.028147556,-0.0120690735,-0.06508216,0.041024484,-0.13468435,0.16165978,0.010333477,0.024150917,-0.11733534,-0.04933322,-0.37624034,-0.02517884,0.014778154,0.24501845,-0.0064085643,-0.15613744,-0.034248535,-0.0054469653,0.13871332,0.07978623,-0.20043848,0.12889743,0.014084364
TCGA-49-4488-01,0.14436375,0.02120724,0.004114161,0.171292,-0.14865932,0.16838467,0.22437386,-0.038678262,-0.14071245,-0.012315836,-0.14341593,0.062029734,0.085185155,0.006811708,0.07496572,0.010582173,-0.16547787,0.1344256,-0.067462176,0.021783192,0.09595072,0.057727635,-0.13779365,0.06603936,0.10694587,-0.08700266,0.0010222266,0.00030646476,0.017354049,-0.1865111,-0.22796886,0.002121957,0.14579383,-0.20807596,0.02590433,-0.11473739,-0.03191507,0.11851834,0.21792385,-0.003668307,-0.15543026,0.05502641,0.044485837,-0.056763627,0.35434783,0.0024898027,0.034334052,0.03008825,0.15387276,0.10123339,-0.08083336,0.12986311,-0.03454635,0.09846608,-0.007128595,-0.20523462,-0.1571261,-0.03574582,-0.2711524,0.19305268,-0.13260978,0.03411793,0.04402942,0.1684989
TCGA-91-8496-01,0.053887367,0.19905467,-0.030210119,-0.22883357,-0.13688521,-0.064045675,-0.20761016,-0.036785197,-0.07352047,-0.14357893,0.19205153,0.01299416,-0.019907257,-0.09351517,-0.065168574,-0.008609833,-0.0019215464,-0.12176739,-0.013659248,-0.21831812,0.017286422,-0.03139724,-0.014377725,-0.15093677,-0.10671344,0.08004562,0.024550112,0.25950292,-0.052424747,-0.07011615,0.033472095,0.06683206,0.22855644,0.011473505,-0.23046678,0.3508973,0.004098433,-0.017185269,-0.20167509,0.008668354,-0.055896677,0.024179643,-0.08068672,-0.032262698,0.093835816,-0.14063329,-0.00046533954,0.076404095,0.0142659955,-0.09149585,-0.057783995,-0.13842382,-0.020833023,0.027584465,-0.07924235,-0.009624002,0.07466861,0.112532325,-0.012959007,0.09784259,0.002078866,-0.357448,0.11514369,0.22674502
TCGA-NJ-A4YQ-01,0.15682118,0.14346036,0.016894517,0.07005728,-0.143763,-0.023208331,0.25348124,-0.020986943,-0.1251999,-0.053606663,-0.24040307,-0.09555168,-0.059504483,-0.014726724,0.09285317,0.16199571,-0.21714209,0.02637501,-0.084452905,-0.20820038,-0.05478596,-0.11449345,-0.0059804083,0.020323928,0.16253038,-0.12063271,0.006580963,0.124022804,-0.037886716,-0.10376039,0.07876923,0.0057472344,0.1474134,-0.012044725,-0.12130586,-0.0203664,-0.21342692,0.34048814,0.08319477,0.05572994,-0.030668,0.047603965,-0.14092395,-0.061634097,0.2386532,-0.032535013,0.05997521,-0.11452095,-0.008227492,-0.002452132,-0.013392412,-0.20611347,0.03809716,0.18894753,0.17726856,-0.07621249,-0.117279984,-0.21147673,-0.16519964,0.08536239,0.02921631,0.018278034,0.13141273,0.10574266
TCGA-05-4434-01,0.030910546,0.15972829,-0.05196241,-0.22615497,-0.005503214,-0.006389341,-0.26062036,0.061298244,-0.1570706,-0.12670104,0.21001604,0.019782458,-0.07513332,-0.004831813,0.07128442,-0.065328576,0.031721342,0.27849805,-0.058129244,0.048884463,-0.044290412,-0.16277257,-0.027600873,-0.0008270605,-0.0023787322,-0.17731968,0.051946696,0.0029661162,0.07280122,0.13190351,-0.25697342,-0.017965792,-0.029090704,-0.07517152,0.08849569,0.22326846,-0.0066818297,-0.27772918,-0.06328036,0.057108715,-0.030997047,0.12215568,-0.11061208,-0.03789238,-0.03888536,-0.2347467,-0.19172098,-0.072577454,0.107684806,-0.08589616,-0.11801184,-0.021298755,0.06739075,0.17028089,0.19739398,-0.1348786,-0.087624654,-0.061876398,0.052890938,0.15297174,0.17297205,-0.027890217,0.14422962,-0.14441939
TCGA-55-7907-01,0.14696515,-0.06856725,0.022425147,0.18567665,-0.13227259,0.05952828,-0.14748862,-0.07679029,-0.063823625,-0.15604848,-0.16299836,-0.031128474,0.20997721,-0.12364794,0.019221786,-0.10218655,-0.24648914,-0.009304128,-0.036227375,0.21574265,-0.1298165,0.067745216,-0.07887277,-0.023703905,0.013925254,0.098238595,-0.009270157,-0.035053726,-0.023589894,-0.12417752,-0.24308205,0.0050648223,0.11388635,-0.13761371,-0.17702402,0.08161583,-0.06787859,0.107050225,0.09144809,0.024970775,-0.103309035,0.033920914,-0.021946324,-0.024504041,0.20794179,-0.054344095,-0.07850756,-0.11390489,0.15082158,0.021318523,-0.04948557,0.16274026,0.023229182,0.04196859,-0.102987655,-0.24714905,-0.224568,-0.0816819,-0.054070536,-0.062649645,-0.113825746,-0.3496694,-0.19885018,0.051617853
TCGA-MP-A4T6-01,0.12111452,0.09543836,0.12753294,-0.14963092,-0.13934109,-0.118765414,0.019805862,0.057506606,-0.099016845,0.0712686,0.07381563,-0.06900955,-0.09239728,-0.10982057,0.0826364,0.08467006,-0.09696956,0.02826443,-0.030265773,0.08271597,0.1720026,-0.2279869,-0.109983355,-0.1945546,0.040970482,-0.15971458,0.12184479,-0.14536275,0.1485574,0.058774434,-0.15882944,-0.013501755,-0.11769119,-0.0006675416,-0.012237743,-0.019235369,-0.17560364,0.15186556,-0.15432401,-0.003243885,-0.032926507,0.16972362,-0.08998927,0.045314368,0.37510672,-0.016633699,-0.24183263,-0.07972586,0.017317403,0.0019114533,-0.018546833,-0.03094676,0.07821804,0.10984851,0.134865,-0.1718067,-0.26437557,-0.16031216,-0.25416028,0.026032386,0.067459345,0.078716494,-0.0036589403,-0.002045788
TCGA-55-8203-01,0.04544272,-0.024846146,-0.07308124,0.20226844,-0.03810635,-0.055274677,-0.15457626,0.13946655,-0.12410194,-0.07056241,-0.18696354,-0.008630382,-0.03152943,-0.07955652,0.07087673,-0.19667725,-0.054182213,-0.17150667,-0.0388102,0.21517019,-0.022549732,0.077785276,-0.06405263,0.10126888,0.065313,0.13252774,-0.0556545,-0.15953487,0.19644478,-0.04551969,-0.17198887,0.03527734,0.076375864,-0.2007641,-0.02688308,0.15974626,-0.058403336,0.030916713,-0.17826314,0.18894586,0.04970149,0.07178356,-0.1484084,-0.078650035,0.13865937,-0.045184236,-0.1600693,-0.020622348,0.04287652,-0.046983458,-0.037449848,0.08260127,0.086470515,0.19676802,0.027141314,0.06767983,-0.13516921,-0.12476947,-0.14966184,-0.25079215,-0.0035371594,-0.2895462,-0.21464482,-0.1833613
TCGA-86-7953-01,0.17802432,-0.008109573,0.002499935,0.031743895,0.06923517,-0.043189738,0.19748905,-0.041345753,-0.11605814,-0.099125564,-0.109228596,0.052906763,-0.06630286,-0.06881051,-0.016794123,0.15329576,-0.27886674,-0.18429919,-0.041486423,-0.24512608,-0.14568481,-0.08275155,-0.0029717537,-0.044216324,-0.021112898,0.022575432,0.064355694,0.24440606,-0.023752607,-0.16265574,0.12448673,0.04478218,0.04493851,-0.0069669387,-0.029623652,-0.04351338,-0.17178793,0.4052356,-0.17493041,0.08263203,0.055618115,0.03168941,-0.23966299,-0.054367594,0.14671038,-0.040615033,0.16913666,0.11646486,0.021181844,-0.046612542,-0.014836244,-0.23328625,-0.06451898,0.16940701,-0.031056967,0.0020330034,0.0299413,-0.019445358,-0.20509098,-0.06972248,-0.007099304,-0.09111807,0.0459458,0.1428307
TCGA-55-7816-01,0.11569922,0.126494,-0.023411693,-0.05293443,-0.17403516,-0.099697605,0.13453661,0.028928429,-0.018339908,0.034380056,-0.035876337,0.13132764,-0.09728547,0.03670365,-0.13684286,0.17823446,0.11530448,-0.18765244,-0.06475603,-0.24319749,0.06782119,0.24890634,-0.058229752,-0.0155590065,-0.034798134,-0.1721325,-0.041799225,0.023157971,0.065984905,-0.009099813,0.2072909,0.08884427,0.19260827,0.04555378,-0.10293876,-0.043138828,-0.06815415,0.2462385,0.23538628,0.021562451,-0.07701073,-0.00891718,0.042899944,-0.06438351,0.17600062,-0.010653259,0.062196143,0.095755436,0.042561926,0.02939431,-0.06480493,-0.15179658,-0.063307494,0.0029561059,-0.16211763,-0.04305503,-0.12010658,0.25829494,-0.17759049,-0.069597,-0.18772472,0.1808995,0.10661737,0.2616359
TCGA-78-7156-01,-0.008110668,0.12107306,-0.16575083,-0.29104733,-0.08702932,-0.107586846,-0.14976601,0.07357971,-0.05860491,-0.083977185,0.14326619,0.13573833,-0.14324915,-0.041576575,0.12934579,0.08744954,-0.029491592,0.17890775,-0.06269782,0.04632831,-0.0733033,-0.05560624,-0.00688749,0.03520708,0.06342968,-0.044817142,0.13526203,0.02317215,0.046057884,-0.105518155,-0.10751575,0.10214978,0.2813664,-0.047830217,-0.09749369,0.18407214,0.2303775,-0.34353006,-0.08736469,0.11539636,-0.078934796,0.15664175,-0.09786244,-0.121232286,-0.13162483,-0.14707834,0.07490954,-0.05608585,0.09382056,-0.08213698,-0.11818706,0.1663398,0.03681239,0.074068174,-0.07871151,-0.11633366,0.18453988,-0.1972214,0.12144722,0.044049602,-0.026483707,-0.07011523,0.06546848,-0.13520704
TCGA-55-6983-01,0.09444198,-0.008014734,-0.019758916,-0.09817059,-0.043995004,-0.21961547,-0.21814781,0.022282345,0.0068732584,-0.15070261,0.14967078,0.12391652,0.014977458,-0.18955605,0.0566416,0.18448108,-0.010526021,0.14882116,-0.028908728,0.09856823,0.114024885,0.0015531267,-0.073045954,-0.050066005,0.0265937,0.22679096,0.09583053,-0.026917404,-0.14053747,-0.08092579,0.06923757,0.06778903,0.079835385,0.00095628196,-0.08794436,0.2582356,-0.09291631,-0.12204431,-0.07007153,0.08845453,-0.19252804,0.10142163,-0.0054441304,-0.10373725,0.11381172,-0.09903664,-0.105910525,-0.19859259,0.088304915,-0.081379026,-0.09545781,0.075232096,0.11228043,-0.037762422,-0.30838975,-0.23078649,-0.22697832,-0.012884959,0.16483173,-0.1432934,-0.1029086,-0.18899933,-0.104551345,-0.024281578
TCGA-86-8076-01,0.067980066,0.05062271,-0.079294585,-0.2004972,-0.10674097,-0.15327203,-0.35110575,0.012478093,-0.06863769,0.0077669392,-0.03593968,0.053284805,-0.09778846,-0.07860705,0.025580857,0.071798,-0.058388565,-0.17992315,-0.038986254,0.12230376,-0.2453964,-0.081795715,-0.00125369,-0.033020478,0.09710168,0.2055279,-0.09150098,0.13087666,-0.19924073,0.011577449,0.19192213,0.03287426,-0.003223866,-0.013113652,-0.023104003,0.13763514,0.24745765,-0.18959077,0.05573365,0.11428362,-0.08627167,0.099176,-0.14945306,-0.04361911,-0.15869302,-0.10966115,0.19737428,-0.13407205,0.083446205,-0.11667193,-0.057157684,-0.0807309,0.15563096,0.09930357,0.016725613,0.08657416,0.23084563,-0.09271942,0.08391797,-0.013842402,0.013086397,-0.25818533,0.05831531,0.04632459
TCGA-44-A4SU-01,0.19792077,0.08635818,-0.06130489,-0.03008855,-0.13690194,0.043554794,0.12474312,0.014657055,-0.00229766,-0.09486234,-0.17653131,0.05232973,0.05479349,-0.04870886,0.018404035,0.02712589,-0.18772216,-0.16028681,-0.052001655,-0.14418824,-0.21090655,0.11085337,-0.039619558,0.11884513,0.08501223,-0.052624352,0.046869628,0.28679958,-0.056670364,-0.18639545,-0.024114985,0.08398982,0.2884246,-0.0606955,-0.26062608,-0.0021320044,0.023761295,0.2136122,0.108272,0.073649816,-0.07421726,-0.0096909,-0.048786692,-0.11404998,0.016456092,-0.073682606,0.17404975,-0.027022196,0.16215108,-0.058019653,-0.09107294,0.018052718,0.016908057,0.015632872,-0.23328906,-0.22588813,0.122596584,0.009995716,-0.19078848,-0.009208311,-0.1562256,-0.21469668,0.07438319,0.1350644
TCGA-62-A46O-01,-0.029324958,0.07296013,0.0045278515,0.039980114,0.054138638,0.0032481502,0.2081075,-0.06431865,-0.023743773,0.05309955,0.109050006,0.07403329,0.00017597893,-0.038696643,0.17888717,-0.05712815,-0.057256877,0.26254055,-0.067572266,0.08054785,0.11749994,-0.21812764,-0.109317124,0.15133263,0.13308841,-0.2672271,0.1952853,-0.15366831,0.073555194,-0.024245614,-0.18827118,0.04342722,0.023068337,-0.08562188,0.09139718,-0.0059954124,-0.12883922,-0.09294695,0.14747623,-0.022138163,-0.17662123,0.11019961,0.077214025,-0.028364332,0.14975104,-0.01830006,-0.20990112,-0.16473413,0.11079249,0.032210995,-0.12180999,0.07358369,0.15185611,-0.07540373,0.004866881,-0.28050196,-0.078206584,-0.2105404,-0.16949756,0.080546424,0.07105966,0.1080827,0.09320028,-0.22517906
TCGA-55-8621-01,0.07951908,0.13259317,-0.10732654,-0.283993,-0.060834076,0.074037686,-0.3359185,0.009313486,-0.07063292,-0.05125476,-0.08112713,0.004890041,-0.020782297,-0.09344436,0.05799429,0.010613153,0.054144695,-0.40225127,0.0017465755,-0.057785846,-0.16538382,0.018018119,0.07550869,-0.05248591,-0.03222259,-0.087540224,0.0961725,0.043804873,0.08586604,0.04460029,0.120909415,0.12960222,0.104004435,0.006575327,-0.11911401,0.11249457,0.25692016,-0.059498478,-0.18740898,0.07270096,0.08644522,0.032925136,-0.09909968,-0.08721045,-0.08947781,-0.07273421,0.16189651,0.042582054,0.020719446,0.04692928,-0.053100213,0.26699215,-0.013964078,-0.09397793,0.029701164,-0.025150025,0.2903306,-0.051493846,-0.11341307,-0.062816836,0.009907137,-0.23525576,0.00332168,0.09298485
TCGA-55-A492-01,0.20223922,0.12904865,0.1430286,0.011719117,-0.11956625,0.11365932,-0.06348152,0.08681238,-0.034277566,-0.1113404,-0.1698832,-0.07499464,0.117235996,-0.059010193,0.13642973,0.10011808,-0.19878069,-0.036991615,-0.046461813,0.009847788,-0.2650108,0.052211225,-0.067645095,0.14759786,0.19006757,-0.107373245,0.040089868,0.23565765,0.030713607,-0.01288629,-0.2585268,-0.028109027,0.07683897,-0.048993133,-0.12929396,-0.00885473,-0.038356718,0.22533396,0.03943537,0.03265356,-0.08589187,0.0029975448,-0.028736247,-0.09493568,0.18028988,-0.1086319,0.0012054234,-0.21134633,0.09611086,0.04940167,-0.07672759,-0.056532275,0.092639364,-0.026418278,-0.019400101,-0.3351042,-0.11289069,-0.084192894,-0.18537113,0.10476026,-0.20719793,-0.14358962,0.057007957,0.110976905
TCGA-05-4426-01,0.00326096,0.17181528,-0.028471155,-0.38206294,-0.08891671,0.0671569,-0.022882607,0.054153673,-0.026097715,0.0037626722,-0.10331818,-0.010459543,-0.03578833,-0.05450498,0.13132176,0.16919285,0.12571344,0.1991765,-0.056505214,-0.12407428,-0.013513942,-0.06522292,0.010302064,-0.00026648998,0.1127499,-0.28360182,0.1207329,0.06606384,0.022872787,0.08192945,0.10438161,0.11190997,0.024766987,0.0051245177,0.061194755,0.07022431,0.03937031,-0.037685934,0.013383289,0.050962258,-0.10738736,0.11377904,-0.0016763784,-0.13681926,-0.102266915,-0.09062012,-0.03822385,-0.18220904,0.09376785,0.0901929,-0.097421035,0.49955556,0.08671161,-0.036328293,-0.050491143,-0.24719237,0.14977033,-0.049640533,-0.074299,0.095405795,0.011418795,0.04623444,0.15011698,-0.022055935
TCGA-55-8616-01,0.07286272,0.038402528,-0.016764997,0.19614835,-0.03047567,0.0325825,-0.18198918,0.019655282,-0.06372393,-0.10370234,-0.13487211,-0.00089550234,0.07549327,-0.14706452,0.0716457,0.015150885,-0.0039627906,-0.19498649,-0.056875434,0.24432951,-0.019028066,0.095369436,-0.022650607,0.087981656,0.0051108315,0.041083157,-0.009483678,-0.26203048,0.19444111,-0.016104098,-0.052910544,0.07357259,0.19535176,-0.045616925,-0.104376115,0.21818984,-0.1955191,0.08732036,0.024997767,0.10778492,0.0290487,0.026218351,-0.03954603,-0.06969527,0.17419833,0.043202795,-0.18576781,-0.13269727,-0.013849651,0.06853604,-0.058307555,-0.14989692,0.013056512,0.009583721,-0.07431093,-0.04918811,-0.27873188,-0.10416329,0.04538194,-0.31068608,-0.099531725,-0.18564418,-0.29593027,-0.103399314
TCGA-55-1594-01,0.21056658,-0.047441438,0.040535808,-0.057157487,-0.10306864,-0.04319776,-0.03737863,0.07880631,-0.085712485,-0.123558335,-0.00620734,0.10691317,0.010823812,-0.10329187,0.058761954,0.23140517,-0.04295073,0.14734918,-0.11457967,0.23766601,0.2670701,0.0971381,-0.15119588,0.015757805,0.051087692,-0.024149058,0.0953538,-0.24792428,0.14924136,-0.045240518,-0.21324155,0.116164654,-0.036990944,-0.022597404,-0.011023208,-0.15749153,-0.06436072,-0.030012887,-0.035998378,0.09220143,-0.028485592,0.085149564,-0.002614573,-0.1132352,0.15140277,0.013191225,-0.099096514,-0.04504758,0.11905064,0.07276022,-0.1129097,-0.008429773,-0.039420616,0.030233704,-0.060232885,-0.21716475,-0.2931428,-0.017210403,0.060043562,-0.1698164,-0.14431927,0.32910195,-0.18600805,0.08380852
TCGA-55-7573-01,0.110684566,0.07163106,-0.101070784,0.06895279,-0.101114444,0.063171774,0.11104112,-0.10818828,-0.031192595,-0.13231324,0.008839147,0.0472358,0.16614038,-0.1099472,-0.022369275,-0.027092729,-0.1779413,-0.06003481,-0.060516253,-0.08646796,-0.02202697,0.05048437,-0.05280629,0.021530503,0.0012479442,0.023119278,0.04879604,0.23695141,0.0017523213,-0.2200124,-0.12305513,0.11039609,0.33060026,-0.07579264,-0.26532137,0.17171626,-0.19222987,0.16418356,0.10171945,0.008755224,-0.13906786,-0.0079515865,-0.01125292,-0.08013884,0.13265778,-0.049426,-0.037005067,-0.023790551,0.15770857,-0.037684377,-0.120848775,0.018333748,-0.011014665,0.010200684,-0.32836515,-0.24290678,-0.039531693,0.054290712,-0.046751466,-0.028600268,-0.15272857,-0.26276097,-0.0051377234,0.18657939
TCGA-38-4625-01,0.083876975,-0.016902102,-0.0156272,0.17926359,-0.06166518,-0.24249014,-0.08136997,0.017663863,-0.08325606,-0.08003444,-0.12869787,-0.02675879,-0.10842277,-0.075830825,0.10414735,0.12055865,0.007619813,0.18500672,-0.049806044,0.1756398,0.24391386,-0.085714154,-0.06597225,0.024287585,0.15614472,0.16416164,-0.014162928,-0.1600499,-0.06695352,0.07019805,0.002813136,-0.027404854,-0.0772488,-0.10960412,0.03154487,0.07493781,-0.2187273,0.06768743,-0.029827207,0.12043969,-0.039479867,0.117090605,-0.04023328,-0.04044437,0.2378106,-0.044097375,-0.2031829,-0.19108349,-0.00509034,-0.083282,-0.032681443,0.035329297,0.20327555,0.10806724,0.034152534,-0.020396188,-0.40596062,-0.16834982,-0.07796912,-0.20394842,-0.050538633,0.10456118,-0.12240651,-0.10082615
TCGA-75-6207-01,0.028706452,0.078290544,-0.09491698,-0.027943408,-0.08911307,-0.18175715,0.2629945,0.014079042,0.05889387,0.024015639,0.10054457,0.07598138,-0.15281707,-0.05685077,-0.015439148,0.011888615,-0.118465096,0.23765959,-0.037795316,-0.15414579,-0.13622361,-0.11077164,-0.07301304,0.123342164,0.025899772,-0.048826624,0.14825293,0.05221715,0.04220118,0.0124648325,-0.016845824,0.14834362,-0.05268814,0.07674677,-0.11980847,-0.0286008,-0.15111814,0.106402025,0.36710098,0.034802802,-0.22789428,0.05263132,-0.015423686,-0.009268949,-0.1206109,-0.090414405,-0.029793708,-0.17477582,0.16376744,-0.08989543,-0.0975158,-0.21549109,0.08123045,-0.016299296,-0.17754003,-0.27728006,-0.04194836,-0.028261635,0.13916232,0.04720311,0.0686233,0.15578742,0.19119011,-0.1673402
TCGA-49-4494-01,0.025317157,0.073215574,-0.005845728,-0.06472841,-0.19039899,-0.26047856,-0.013023301,0.027436215,0.047591362,0.04833804,0.09590515,0.13336338,-0.20988946,-0.015811488,0.07584615,0.17960478,0.061077103,0.17507698,-0.048348375,-0.026672624,0.06641232,-0.06747815,0.0036303399,0.04120151,0.12983805,0.1665319,-0.010777583,-0.08920523,-0.19750677,-0.06950986,0.117754474,0.010515086,0.025967259,0.049317084,-0.13689066,-0.017864276,0.26249486,-0.34220105,0.15754047,0.057177503,-0.25214547,0.09604755,0.011258379,-0.029142207,0.047795482,-0.053104516,0.26138505,-0.117375046,0.031182222,-0.10564556,-0.0606708,0.015940005,0.11818568,-0.06346541,0.06178613,-0.05083259,0.10693366,-0.24470052,0.20315826,0.20071268,0.03459105,0.025005985,0.1303863,-0.05352037
TCGA-50-6593-01,0.11416895,-0.062439043,0.017646357,0.33636412,-0.013570899,-0.14892581,0.23656169,-0.032468848,-0.13571182,-0.007799796,-0.16150278,0.069487266,-0.19879617,-0.023796655,0.050460517,0.12848869,-0.06404986,0.1777635,-0.026709218,-0.07733373,0.06003372,-0.06918903,-0.051826578,0.07228632,0.08159066,0.1225896,0.012231794,-0.15747145,-0.054744132,-0.0075398386,0.1238474,0.038290843,-0.21490371,0.0017009462,0.15939069,-0.13260631,-0.10894324,0.21721429,0.1885647,0.11939064,-0.12299608,0.08783508,-0.111103766,-0.03882581,0.32904714,-0.04912229,0.1168877,-0.04842081,0.00788175,0.012183113,-0.009992286,-0.021054149,-0.008546549,0.08873336,0.18091786,-0.070019834,-0.29313487,-0.10344405,-0.039946113,0.055171553,-0.013505117,0.20531812,-0.07062303,-0.012734727
TCGA-97-8177-01,0.05534469,0.0078653,0.0980869,0.0077317674,0.03701217,0.030947315,0.047626145,0.13685983,0.009792797,-0.094482414,-0.18134996,-0.043598793,-0.056961544,-0.11458821,0.07326458,-0.024966445,-0.16736513,-0.034845952,-0.00062282843,-0.20850712,-0.4327085,-0.011709502,0.046985943,0.10172357,-0.033635188,-0.12461745,0.18791851,-0.058909565,0.15162602,-0.058497638,0.14491357,0.092837445,-0.036660735,0.17792636,-0.03841102,0.10320236,-0.10840562,0.29322493,-0.005354992,0.1056516,-0.07461646,0.012128192,-0.21643753,-0.069510154,0.056603692,-0.07536884,0.02182791,-0.1487294,-0.004810176,0.07630833,0.045415964,-0.03404822,-0.012713042,0.044750012,0.0508938,-0.19158757,-0.02367146,-0.101558596,0.028239494,-0.016432256,0.2076682,-0.29520762,-0.01717248,-0.27860618
TCGA-78-7153-01,0.07686819,0.03870327,-0.02177422,0.17824736,0.047297437,-0.30512092,0.08087527,-0.0011876563,-0.04501998,0.06885854,0.34446645,0.10990189,-0.28381768,-0.01915522,0.09621634,-0.15840484,-0.05614686,-0.083442904,-0.005142531,-0.17678839,0.0128340665,-0.19316533,-0.070342,-0.046719607,0.017007982,0.01072607,0.124509096,0.075363874,0.0005395084,-0.008349374,-0.11257154,0.030197699,-0.09118809,-0.05467384,0.03425678,-0.025719196,0.028318945,-0.09219836,0.013990859,-0.04250683,-0.19748658,0.11470494,-0.043791436,0.015418707,0.24844848,-0.10648413,0.009479003,-0.0053092767,0.021549623,-0.17144357,-0.08337082,-0.30126232,0.0634103,0.011829949,0.14859535,-0.011120696,-0.096276864,0.0062450315,-0.09642548,0.23348472,0.062353563,0.002714663,0.31808418,0.019581538
TCGA-44-8117-01,0.0035800983,0.0929707,-0.046415888,0.21609941,-0.084063,-0.13140284,0.03851416,-0.0076582055,-0.055290636,-0.051994305,-0.23743835,-0.040900912,-0.17385815,-0.095562436,0.12262037,-0.12620561,-0.0778219,-0.17172104,-0.061286025,-0.018905161,-0.14949527,-0.14643423,-0.00684474,0.18708372,0.087840065,-0.07136888,0.08324012,-0.21682672,0.15463005,0.0057716346,0.16702348,0.04039019,0.094232075,0.04571124,-0.20282686,0.115857705,-0.1416725,0.21473525,0.039419755,0.12045455,0.11392405,0.03382999,-0.20030521,-0.021788679,0.11862544,0.014084439,-0.009367727,-0.04905278,-0.058229495,-0.070288695,0.022861054,-0.14683056,0.11712883,-0.011495259,0.15211016,0.056365043,-0.023914926,-0.28122976,-0.14254078,-0.22238465,0.1035398,-0.16910096,-0.10665601,-0.23193881
TCGA-05-4403-01,0.032443784,-0.017037302,-0.11769763,-0.28888437,-0.16507566,-0.08211813,-0.07947697,0.10911877,-0.016038744,-0.04028894,-0.032504193,0.101235986,-0.06427654,-0.074320205,0.02518237,0.14953424,-0.0023187613,0.30272996,-0.04971133,0.020090627,0.11029589,0.06623296,-0.0040348587,0.050959457,0.053279158,0.24575083,-0.0045830146,0.0333467,-0.07017331,-0.12504086,0.099507526,0.11167389,-0.01989179,0.009569745,-0.110472254,0.02526052,0.13809276,-0.21786548,-0.04348949,0.1704234,-0.14718401,0.03185433,-0.07711647,-0.12472331,-0.188352,-0.07679025,0.22263661,-0.034621943,0.12664987,0.0045423503,-0.069300905,0.3331902,0.010415217,0.09809196,-0.1836733,-0.09953141,0.18536545,-0.065370396,0.33026147,0.034668818,0.017126814,-0.01977445,-0.00836313,-0.016605586
TCGA-73-4662-01,0.048550695,-0.046392426,-0.037352096,0.085014336,-0.081966385,-0.26325858,-0.02838194,0.08138472,-0.07442,-0.08217166,-0.046956655,-0.0073754806,-0.25292018,-0.11036261,0.17144884,-0.2586246,-0.031399075,0.116315335,-0.081656165,0.12369297,0.18150169,-0.25933197,-0.13546301,0.12675326,0.11590881,0.06283654,0.17885293,-0.15195456,0.10663398,0.10037837,-0.14912009,0.073817566,-0.24773861,-0.10258279,-0.06458698,-0.029085629,-0.10763438,0.0050397743,-0.094261676,0.119174324,0.07361919,0.085702546,-0.11531298,-0.04306791,0.024507856,-0.076885946,-0.10001828,-0.104161955,0.10547783,-0.17352293,-0.070341215,0.062601104,0.20858066,-0.045027208,0.10820403,-0.085618,-0.104811594,-0.18304436,-0.079042114,-0.1771824,0.117995664,0.05928495,-0.010988629,-0.20612007
TCGA-17-Z044-01,-0.007286631,-0.13137767,-0.058183283,-0.024136577,0.20759286,0.03339564,0.13298216,-0.16650452,-0.15796797,0.074687555,0.022217846,0.04515782,0.02552916,0.095708184,-0.0946104,0.097246595,0.03208226,-0.026097868,0.04840008,-0.16521625,-0.00077933987,-0.12293035,0.056230415,-0.16720279,-0.12683398,-0.41877866,-0.12949014,0.025360484,0.2215989,0.002631607,0.1587679,-0.081526145,-0.031407107,-0.060332242,0.1270844,-0.20928572,-0.2155444,0.20022696,-0.18341619,0.010244153,-0.0036864174,0.015307625,-0.2065429,0.07182793,0.1053748,-0.016491737,-0.18738365,0.056686565,-0.17812684,-0.11640919,-0.049923148,0.010933943,-0.048661042,0.23706508,0.028484836,0.12046978,-0.008288379,0.01304835,-0.055231936,-0.06721815,-0.07733574,0.1939119,-0.056785133,0.036790133
TCGA-91-A4BD-01,0.13291714,0.0888657,-0.09426459,-0.32003942,-0.12541617,0.082851395,-0.059316766,-0.08575148,-0.11951668,-0.12917046,-0.34021047,-0.046702497,0.076836444,-0.052154742,-0.000191286,0.03818994,-0.2102087,-0.107591584,-0.053244866,-0.031633448,-0.3389537,-0.0047098775,-0.01217639,-0.0010113909,-0.012258812,-0.20146306,0.08429972,0.05838848,-0.041956108,-0.0078434665,0.12399864,0.08726072,0.10309341,0.019839117,-0.13564767,0.13307062,-0.0033029942,0.2965756,0.062296916,0.0899553,0.13422099,-0.0088055665,-0.13010737,-0.061449096,-0.20186739,-0.07474119,0.09994914,-0.019946942,0.09391247,-0.021549158,-0.04451955,0.005648876,-0.07884691,0.0653628,0.056124642,-0.17559186,0.13543689,-0.101688035,-0.13567694,-0.1550745,0.10489819,-0.14925586,-0.047439568,0.12216844
TCGA-55-6984-01,0.050678995,0.2178177,-0.0065655215,-0.1233106,-0.1393806,-0.08687021,0.116160445,0.030410783,0.0030734604,0.047889646,0.0948119,0.14209299,-0.15184182,0.044297423,0.030907327,0.2543023,0.060387414,-0.1780654,-0.042279243,-0.2721333,-0.028867535,0.08451259,0.0035630912,0.031183451,0.10831413,-0.0150332665,0.034635663,0.20216735,0.035393987,-0.042832624,0.046568688,0.07243886,0.09340111,0.040737063,-0.04021981,-0.12311341,0.14218776,0.03491085,0.18607113,-0.036865722,-0.18254773,0.023583854,0.035208773,-0.063436575,0.12908316,-0.062464837,0.25617108,0.004596164,0.032759443,-0.01425896,-0.10309156,-0.03921608,-0.023200072,-0.12346089,-0.08443813,-0.09120663,0.053250022,0.08955692,-0.0019779394,0.20730779,-0.20235611,0.26767066,0.30043572,0.27429274
TCGA-50-7109-01,0.18072468,0.029295454,-0.09901314,0.18033181,-0.029715002,-0.13244951,0.1804299,0.1295015,-0.122679584,0.03457406,0.17823055,0.050557997,-0.19558293,-0.030246094,0.18766657,-0.1791303,0.047312677,0.065498486,-0.10014708,-0.059722453,0.18894483,-0.17344779,-0.05376309,0.07664422,0.08187262,-0.13720182,0.06284369,-0.20294718,0.09865207,-0.03421162,-0.18925498,0.11090603,0.07929224,-0.15522955,-0.062508605,0.023785003,-0.001595871,-0.1818091,0.07248259,0.041979898,-0.12305013,0.16854157,-0.012335154,-0.094175965,0.06690038,-0.04591531,-0.10009742,-0.13028334,0.121485665,-0.05978686,-0.09179322,-0.16575734,0.09082053,0.13234264,0.261925,-0.096499726,-0.0668895,-0.23313671,-0.008079205,0.1446415,0.1678214,0.015940005,0.12679178,-0.17806661
TCGA-99-8028-01,-0.030374479,0.10919727,-0.12417769,-0.15843223,-0.094188094,0.077600874,-0.26159763,-0.20094033,-0.0999741,-0.15730453,-0.011231816,-0.017407212,-0.058908578,-0.09627604,0.03853624,-0.019503431,0.05556706,-0.08773928,-0.016966263,-0.12960206,-0.05759691,-0.09771243,0.07644573,-0.12305798,-0.03296546,-0.09384491,0.08851499,0.11447834,0.07343738,0.08451709,-0.037927084,0.09979528,-0.032864094,-0.010044234,-0.0029623217,0.03435641,0.17407852,-0.15627812,-0.15120481,0.071753144,-0.076923534,0.073073626,-0.13782114,-0.0604755,0.05855592,-0.1889074,0.1032413,0.039692264,0.03676505,-0.07216048,-0.074955784,0.62317634,-0.010196551,0.016572757,0.07698036,-0.07744433,0.16975595,0.043171234,-0.061162658,0.10681331,0.025884427,-0.10745014,0.02923328,0.12070788
TCGA-MP-A4TC-01,-0.006880698,0.08172919,-0.053688034,-0.06532536,-0.13877288,-0.43231338,-0.020092096,-0.08407625,-0.01005828,-0.08884167,0.3436573,0.120822705,-0.25465655,-0.066449225,-0.0020566508,0.12829033,0.00054185535,0.07858273,-0.069407776,-0.01985771,0.047647905,-0.17480463,-0.13929759,-0.119310506,0.06404632,0.09413812,0.053714793,0.078851886,-0.09852067,0.0058895783,-0.044462025,0.0027003027,0.10738825,0.02618792,-0.16905011,0.13132596,-0.014549391,-0.111335516,0.0076795476,-0.014995722,-0.057200696,0.11738281,-0.05713156,0.0076165907,0.08441532,-0.1292545,-0.02444653,-0.04589975,0.017665923,-0.35091457,-0.09618933,-0.22486763,0.07613725,-0.11744463,-0.12906301,-0.015384423,-0.104672946,-0.031692043,0.05361992,-0.023558535,-0.22131866,0.09089172,0.065088935,0.1412906
TCGA-05-4395-01,0.13859643,-0.09020007,-0.07881679,0.12218913,-0.118664674,-0.12140371,0.19841652,-0.05054152,-0.054531824,0.05285876,0.03469731,0.16014765,-0.06723119,-0.03095849,0.048490673,-0.0545416,-0.09967099,0.18806125,-0.06386552,0.050563,0.12183986,-0.025133343,-0.20598137,-0.01938088,0.08659515,-0.011902399,0.037911322,-0.061277635,-0.13464308,-0.13833082,-0.028949473,0.070932955,0.081962705,-0.12983002,0.04452992,-0.04994928,-0.029745085,0.028648237,0.33161452,0.020196687,-0.2656967,0.12620437,0.060362954,-0.08326832,0.22651039,-0.0667641,-0.033020053,-0.16681099,0.21765932,-0.035899885,-0.14338103,0.076095484,0.065909885,0.03064429,-0.25625432,-0.24678797,-0.18621135,0.09823046,-0.16380703,0.09317116,-0.20439832,0.04218977,0.07435504,0.11600358
TCGA-91-6848-01,-0.019799631,-0.016648162,-0.02871067,-0.1238427,0.018969864,-0.16873184,-0.09936791,0.04124627,-0.0890993,-0.032890186,-0.21803534,0.015660614,-0.16334274,-0.085181795,0.12457667,-0.0055928244,-0.054901604,0.07764898,-0.049082823,0.23822722,-0.08002457,-0.18188438,-0.06400702,0.16855372,0.14044756,-0.07823572,0.09216031,-0.13349167,0.10825159,0.09078889,0.07668895,0.016067632,-0.20406617,-0.047990132,0.099693514,-0.05493776,-0.07342957,0.017000364,-0.11913639,0.19911736,0.06989516,0.10305778,-0.21872173,-0.044856302,-0.08619173,-0.06920081,-0.10911064,-0.14865534,0.0377386,-0.09401799,-0.034103274,0.019066332,0.23800623,0.17796911,-0.026650514,0.071544655,0.08226257,-0.1884927,-0.15754722,-0.28689662,0.08188896,0.06466682,-0.079771385,-0.34262466
TCGA-NJ-A55A-01,0.09209756,0.19372147,-0.028705586,-0.30361855,-0.2368199,-0.010640925,-0.021521317,-0.015358824,-0.07762889,-0.07833039,-0.16007029,-0.011106617,-0.08936988,-0.0008480211,0.01731898,0.11231946,-0.085380204,0.15002316,-0.07741587,-0.123844944,-0.32330072,-0.036915425,-0.03794592,0.05182916,0.07378647,-0.112577,0.07342281,0.1304986,-0.059081063,0.042545788,0.019432496,0.11020672,0.009028191,0.07560046,-0.14952613,0.010035176,0.18428709,0.08851124,0.19866331,0.05477471,-0.015478213,0.036522135,-0.10790632,-0.07007811,-0.23831682,-0.15794206,0.29331666,-0.072168306,0.14693771,-0.017625114,-0.0882571,-0.0123395305,-0.08041942,-0.06929139,0.15436713,-0.22779375,0.19040142,-0.13084987,0.077916205,0.13730182,0.014360192,0.03308652,0.09783417,0.12704892
TCGA-67-6217-01,0.045976415,0.08405871,-0.09954665,0.021055873,-0.044722963,-0.0629768,0.23653468,0.0727586,-0.011646725,0.020928875,0.13879386,0.13680808,-0.1395574,-0.0035685655,-0.068715975,-0.20784572,-0.09541361,-0.042202678,-0.027555106,-0.27178788,-0.23313509,-0.012849683,-0.034483977,0.064240195,-0.11567954,-0.13478588,0.10291533,0.047944564,0.09311052,-0.16048047,0.03294482,0.14487565,0.18423617,0.03974044,-0.12067317,0.09257668,0.009411798,0.056363136,0.28641796,0.004564959,-0.20246744,0.022313183,-0.09403993,-0.027517434,-0.007963832,-0.104136035,0.09095754,0.019496834,0.13103174,-0.038568407,-0.061317086,-0.3561945,-0.054897185,0.070913784,-0.08472156,-0.10666451,0.08292289,0.09943889,0.03857832,0.17560565,0.14151016,-0.17876793,0.24443382,-0.09834964
TCGA-05-4432-01,0.111361615,0.0049792957,-0.004644612,0.03616654,-0.0075605474,-0.10804094,-0.028816776,-0.08248677,-0.05256753,-0.17557529,0.14986135,0.14616165,0.06418583,-0.112401396,0.025165955,0.34359396,-0.048499327,-0.017600417,-0.08963191,0.12236548,0.26764467,0.06037687,-0.0568116,-0.093328394,0.053505283,0.092257425,0.0223875,-0.005703083,0.034729823,-0.16307575,-0.13755675,0.01120929,0.21930121,-0.09693937,-0.12026355,0.03292105,-0.14993274,-0.03027745,-0.13407108,0.058537774,-0.051509332,0.07323605,0.00088213786,-0.07884689,0.32319728,-0.0025707071,-0.119033955,0.022321858,-0.0059074075,-0.01746749,-0.094735004,0.0012155685,0.0018951787,-0.01435637,-0.24869391,-0.07900167,-0.296262,-0.009384184,-0.034215223,-0.17634453,-0.2741749,0.10757684,-0.13407828,0.16946253
TCGA-38-4628-01,0.040800784,-0.044359192,-0.18517181,0.104332566,-0.016157597,-0.07582005,0.28283194,0.07796055,-0.03272547,0.15090299,0.0433216,0.13838671,-0.19776374,-0.053970017,0.065962315,-0.02940134,-0.018633986,0.18957506,-0.01849902,0.09170945,0.17601618,-0.051753692,-0.12304831,0.12196742,0.058608856,0.0041086557,0.073258445,-0.1706924,0.17056383,-0.0008743933,0.031849917,0.14963523,-0.10788705,-0.06569187,0.1419516,-0.098656826,-0.13021527,-0.035204593,0.29658753,0.12898567,-0.19364657,0.10245407,-0.00872117,-0.056592908,-0.015348325,-0.0077367974,-0.14568596,-0.14978635,0.17843811,0.05203022,-0.09541834,-0.06387133,0.09699742,0.19989806,-0.28860933,-0.096606575,-0.04653372,0.07721312,0.023807887,-0.055982254,0.009851366,0.25091273,0.07310471,-0.18443169
TCGA-62-8399-01,0.07380551,0.116229445,-0.007816897,-0.137204,-0.22256252,-0.23542388,-0.014078655,0.03540635,0.045939554,-0.06125651,0.1847438,0.12508532,-0.22576375,-0.12277958,0.14435098,0.121009946,0.04533431,0.10190037,-0.07333993,-0.04547985,-0.02238083,-0.12551655,-0.097139515,0.0015534832,0.10936777,-0.033910364,0.13283806,0.062161718,-0.034067515,-0.016614439,-0.03292013,0.03653367,0.08268598,0.026902212,-0.1940107,0.055051837,0.116868176,-0.15937601,0.17865723,0.015607832,-0.20892552,0.121183,-0.0042972155,-0.066051096,0.08377738,-0.12548026,0.036578484,-0.21413594,0.15448186,-0.1949243,-0.11078551,0.10347066,0.17340279,-0.13187,-0.27836645,-0.2392892,0.017680584,0.0012499564,0.031608876,0.14729463,-0.19926712,-0.0020889,0.17458081,0.04644707
TCGA-78-7220-01,0.1580044,-0.09817374,-0.065719076,0.040151723,-0.060788404,0.14912929,-0.031323154,0.03033117,-0.15750904,-0.0901157,0.0049227444,0.043824438,0.09396,-0.06526792,-0.003466424,-0.09731011,-0.06702599,0.3670444,-0.056008946,0.049433824,0.19464204,0.055954028,-0.101273395,-0.028840622,-0.15889625,-0.004869371,0.07499748,-0.20547578,0.056983676,-0.06619537,-0.20332101,0.1440418,0.026799256,-0.14191999,-0.008489868,0.11558198,-0.118801646,-0.0007252096,0.10401386,0.06874409,-0.11928061,0.060386185,0.051888406,-0.075712085,0.10745525,-0.07584939,-0.07748257,-0.0176631,0.221654,0.20857257,-0.10441045,0.17360741,-0.13062651,0.14048658,0.03561581,-0.32260266,-0.28664425,0.039797585,0.17781644,0.07374439,0.08231772,-0.05045352,-0.12009613,-0.0149416765
TCGA-55-7227-01,0.19544445,0.095923066,-0.052383415,-0.1287835,-0.23007627,0.0049567805,-0.004083072,0.061568603,-0.1104449,0.021617439,-0.20371498,0.012179885,-0.061560042,-0.004532421,-0.07254722,0.2001286,-0.065235905,-0.03357614,-0.051402576,-0.15977179,0.09160712,0.12588358,-0.011907131,-0.08399218,-0.1117873,-0.05635924,-0.030186782,0.009572034,0.13647804,-0.03959298,0.27720556,0.14058954,0.084238835,0.077926956,-0.18651862,-0.10599957,-0.1338261,0.2845562,0.04025301,0.10504843,0.04257073,-0.01333067,-0.12839389,-0.07887205,0.05543542,-0.0053457627,0.11810411,0.029407475,0.052280284,0.15476948,-0.059911914,-0.16747221,-0.13684252,0.24074799,-0.12941737,-0.016208153,-0.100440666,0.16458109,0.18826948,-0.1237198,-0.12003848,0.24104021,0.019695153,0.22003117
TCGA-97-A4M3-01,0.016285866,0.10471066,-0.023212645,0.18730953,0.0046458063,-0.11204688,-0.07450493,0.084397174,-0.016523913,-0.12411777,0.20180632,0.06880788,-0.1324044,-0.07644936,0.025541652,-0.031646684,0.06642969,0.03717669,0.010367183,-0.14972223,-0.18725564,0.04803163,-0.02563485,0.12760012,0.0037636766,0.23272888,0.039854385,0.05757176,-0.11266163,-0.0005704325,-0.084781215,0.062085517,0.18825479,0.006136009,-0.06445874,0.44645837,-0.042018134,-0.015800387,0.1925422,0.014360789,-0.16168803,0.031592526,0.02324994,-0.03233459,0.07115899,-0.13796021,0.028115496,-0.074013144,0.03119444,-0.10924264,-0.06237901,-0.26924908,0.0008530162,-0.17241895,0.024640508,-0.14783743,-0.22160022,-0.05196154,0.13387586,0.12131431,-0.0112919165,-0.3269995,0.0307163,-0.07077089
TCGA-NJ-A7XG-01,0.0727962,0.0815264,-0.10714761,0.18493836,-0.13266131,-0.0035060144,0.22906487,0.025634235,-0.053126413,0.035841275,-0.0076242555,-0.042006627,-0.14066018,-0.033722635,0.021738345,-0.23546258,-0.15548295,0.1177988,-0.026959933,-0.24228148,-0.07280897,-0.22844994,-0.024434118,0.13671832,0.05305067,0.1314581,0.04818359,0.11131151,-0.018474184,-0.08055408,-0.016246129,0.147404,-0.0952699,-0.01581537,-0.06819567,0.008760247,-0.06996447,0.04591018,0.25213304,0.07864147,-0.25310183,0.047698896,-0.09394136,-0.024499394,0.0129603455,-0.13513851,0.09813667,-0.16054957,0.16314852,-0.032696955,-0.083271235,-0.12594554,0.057760853,0.13307303,0.04730822,-0.1568099,0.07182132,-0.050427068,0.15860099,0.29903433,0.17348816,-0.077911906,0.23877858,-0.12942527
TCGA-55-A48Z-01,0.14986774,-0.0625628,0.059631433,0.2957133,0.19733258,-0.033245984,-0.042182744,0.24061517,-0.04481377,-0.06609292,0.017176501,0.038520798,-0.07373949,-0.054847497,0.12566791,-0.1527479,-0.024224317,-0.03742698,-0.022932379,-0.030799992,-0.11317716,0.022804623,0.013451711,0.17287764,-0.0042977743,-0.010912982,0.09527405,-0.15311311,0.08984937,-0.020085497,-0.18866201,0.03346109,-0.027115367,-0.11339536,0.098729834,0.12607431,-0.054143593,-0.0033955106,-0.037788842,0.09088569,-0.107118234,0.06324812,-0.041912768,-0.05749349,0.14910811,-0.04586523,-0.08723136,-0.10337452,0.0273873,0.06902527,-0.027711367,-0.21880437,0.055702124,0.065578036,0.27382463,-0.11026232,-0.24463852,-0.15670837,-0.050202936,0.059016768,0.23742498,-0.23333211,0.053447753,-0.36695412
TCGA-50-5072-01,0.131042,-0.10464456,-0.033922024,0.19617595,0.05689483,0.17362908,0.06377592,-0.020818625,-0.15156195,-0.15617591,-0.06410519,0.030173227,0.01367534,-0.06362883,0.19762047,-0.046260115,-0.14048457,0.35688618,-0.031969365,0.074587815,0.05451951,-0.12500528,-0.036692727,0.13602795,0.09943247,-0.03590294,0.051447995,-0.025881669,0.039918136,-0.06684439,-0.36033982,0.011566313,-0.048447628,-0.2323444,0.098048046,-0.026578175,-0.018229887,-0.1424713,0.019203473,0.09315203,-0.12051271,0.07811607,-0.04741442,-0.09286315,0.08538733,-0.09158552,-0.07444278,-0.081021674,0.14236395,0.04844557,-0.05363286,0.2636685,0.0492557,0.14786282,0.14568852,-0.18706688,-0.031433903,-0.19973268,-0.060529657,0.16201729,0.10045424,-0.06988879,-0.02812669,-0.19021943
TCGA-17-Z053-01,-0.009859403,-0.12568149,-0.08874586,-0.0026521566,0.16856202,-0.027628392,0.12083452,-0.121324144,-0.1719469,0.04593258,-0.039858773,0.021987231,-0.050935492,0.06596724,-0.044910893,0.064871155,0.044280145,-0.0057771583,0.033120614,-0.13625689,0.045167584,-0.1576022,0.038719047,-0.117599376,-0.060881846,-0.39727828,-0.099392705,-0.01776619,0.23027611,0.010804906,0.14653875,-0.08140699,-0.03643492,-0.094168864,0.117560424,-0.18920979,-0.24478829,0.19790052,-0.18984076,0.058367614,0.019134989,0.039945804,-0.22991925,0.050420675,0.13822661,-0.03158519,-0.22120693,0.029719437,-0.17443916,-0.16701138,-0.04635572,0.065960735,0.02422233,0.25144777,0.04447905,0.13516146,-0.06328,-0.03460074,-0.11709727,-0.114749424,-0.047727108,0.20203334,-0.05266187,-0.03875786
TCGA-55-7910-01,0.16590092,-0.20572627,-0.016415818,0.24654676,0.14088991,0.14466459,-0.028256526,-0.11562158,-0.115566626,-0.13728647,0.11058658,0.11608543,0.08942986,-0.121695384,0.122359075,-0.15331237,-0.22052975,-0.04019005,-0.033404097,0.27920294,-0.10359093,-0.09296065,-0.0353442,0.051248714,-0.031383265,0.032490097,0.072196856,-0.22422989,0.15439743,-0.085576616,-0.3347338,0.106924534,-0.12138527,-0.073504694,0.00748418,-0.0509631,-0.00674045,-0.13027728,0.051168606,0.040864326,-0.0583115,0.03363361,-0.10191585,-0.065183915,-0.003987731,-0.05692443,-0.045915727,-0.09732469,0.15080552,0.031087056,-0.09666654,-0.070640415,-0.073689185,0.01057022,0.04130224,-0.22723475,-0.047985338,-0.108437024,0.21446052,-0.07452728,0.038228672,-0.12963247,-0.2594393,-0.06333237
TCGA-86-8669-01,0.10287048,0.031536672,-0.19370648,0.18048963,-0.05170894,0.035518844,0.078559905,0.110622324,-0.12425813,-0.13490848,-0.16441919,0.05323278,-0.050911106,-0.1348559,0.0425967,-0.024073297,0.02961613,-0.053584967,-0.11933088,-0.07946554,0.03304749,0.10211753,-0.015840743,0.19957939,-0.016584875,0.16525276,0.023045579,-0.09594723,0.25560445,-0.06498516,0.07562253,0.23055916,0.072828345,-0.056518182,-0.19165498,0.11586216,-0.25946543,0.22440593,0.051819626,0.23067534,0.065524735,-0.019298878,-0.11503958,-0.15714324,-0.07547905,-0.012510777,0.016164051,0.019957406,0.14115244,0.05250274,-0.10812442,0.090207174,-0.054710664,0.060306255,-0.2064883,-0.09891957,-0.095482595,-0.00088875723,0.24286096,-0.27797678,-0.01883577,-0.025250556,-0.18271641,-0.07066387
TCGA-49-AAR3-01,-0.024613172,-0.018912327,-0.034148242,0.021567062,-0.09309563,-0.16734883,-0.01386629,-0.10485891,-0.052219715,-0.11471601,-0.0494361,-0.0042310595,-0.09085143,-0.06451772,0.15348373,0.049907006,-0.055686608,0.42476207,-0.053673822,0.05935748,-0.032922715,-0.18933494,-0.017014818,0.0644028,0.21644671,0.08703027,-0.014271419,0.035132114,-0.24373439,-0.035123,-0.07026868,-0.054856397,0.042880885,-0.07178124,-0.07041791,0.18615013,-0.033737443,-0.1651214,0.060057435,0.10327716,-0.17085007,0.11067845,-0.06573938,-0.066679955,0.0382592,-0.14981115,-0.031187676,-0.19885756,0.041806117,-0.17563467,-0.062930904,0.3047475,0.18195646,0.033586957,0.036077634,-0.1216984,-0.012357096,-0.30118945,0.0064332834,0.081315614,0.019828832,-0.17799433,-0.012332678,-0.15347217
TCGA-64-5781-01,0.19611335,0.15743823,0.030489573,-0.07578862,-0.15975814,0.07818765,-0.013501563,-0.056727227,-0.10037453,-0.04977834,-0.227318,-0.013339973,0.027415618,0.019433744,0.1700964,0.18868817,-0.049520012,0.14503685,-0.117367275,-0.06298014,-0.03943623,-0.058041938,0.015815368,0.0062501905,0.17067035,-0.2643481,0.062474687,-0.11474123,-0.124654956,-0.006333239,0.07294038,0.052737508,0.08023325,-0.020858303,-0.0071511385,-0.053074766,0.088402495,-0.003960427,0.26472944,0.031642318,-0.10468858,0.11418585,0.042145297,-0.11927681,0.12518862,-0.07487093,0.078233,-0.21126737,0.08628249,0.14986698,-0.095185146,0.15712039,0.006192409,-0.020535763,0.28937355,-0.3090412,-0.1280423,-0.21297085,-0.048092373,0.17138635,0.050812144,0.12867509,0.110479236,0.099738315
TCGA-86-8585-01,0.29804614,0.067143045,0.053123746,0.11443468,-0.1699025,-0.106800534,0.033779204,0.17660943,-0.040652335,-0.016429927,-0.20001997,-0.018708479,-0.1269191,-0.055902112,0.084661156,-0.07816407,-0.1541842,-0.24827221,-0.059311975,-0.08483278,-0.2346432,0.061363325,-0.080025375,0.13131827,0.112024106,-0.07556075,0.038724698,0.036985807,0.057050053,-0.053685766,-0.054639377,0.02580769,-0.003439109,-0.017274814,-0.15742236,-0.12391097,0.048038766,0.27112094,0.11177149,0.10158205,-0.09741643,0.02360357,-0.105753325,-0.07917939,0.19142202,-0.06210082,0.119530834,-0.1504555,0.10544415,-0.06649349,-0.06030126,-0.32286483,0.07323579,0.09709602,0.08236127,-0.16832885,-0.10510245,-0.040966313,-0.26929533,0.050979715,-0.029815918,-0.11454196,0.12016601,0.014799351
TCGA-MP-A4T2-01,0.029072456,0.02558822,-0.025877587,-0.313608,-0.080776826,-0.32413146,-0.031858385,-0.10113909,-0.12867025,-0.07330293,-0.02617228,0.0731282,-0.20028524,-0.1281233,0.039767664,0.2703791,-0.020072958,0.12642136,-0.11692561,0.09700575,0.067536615,-0.22255038,-0.08068888,-0.11623839,0.117180236,-0.14108393,0.033440188,0.036610007,0.036901217,0.06285065,0.112708725,-0.0041713933,-0.16717316,-0.057669938,0.014432097,-0.1294108,-0.10609393,0.06084941,-0.1249547,0.12556389,0.03610634,0.15977445,-0.1960381,-0.041903924,0.001579847,-0.0860389,-0.0951745,-0.030449327,0.06028748,-0.20434628,-0.061348233,0.10599221,0.16892952,0.16034763,-0.10461637,0.04712346,0.05339896,-0.064190626,-0.21594623,-0.20667347,-0.079223156,0.19245256,-0.0140797915,0.056176726
TCGA-49-4501-01,0.11545389,0.010900173,-0.056144558,0.23189233,-0.032650247,0.0515387,0.07559692,-0.1651671,-0.19410738,-0.099008486,0.04736867,0.037338246,0.0030755103,-0.03747901,0.031696677,-0.04071244,0.03590728,0.027355507,-0.071185805,-0.059085604,0.23693445,0.00029163252,-0.0548796,-0.1249228,0.02077717,-0.11256343,-0.041237395,-0.024489652,0.0087748,-0.0877707,-0.19426538,0.0008482847,0.15365334,-0.20620145,0.080033615,0.06335991,-0.08102509,0.019492699,0.086830996,-0.02493186,-0.15118048,0.08790612,0.04613416,-0.04343578,0.4488575,-0.039767656,-0.110081084,0.08213003,0.037846062,0.007254263,-0.059034005,0.15656465,-0.046047933,0.102215335,0.13941383,-0.044527136,-0.2590446,0.054054104,-0.3279053,0.18590069,-0.038243532,-0.051836725,0.027023988,0.25062314
TCGA-73-4658-01,-0.0015394054,0.2004529,-0.085189395,-0.20088375,-0.1942519,-0.24284458,0.09893402,0.009361781,-0.0042375824,-0.056060407,-0.14603318,0.053091995,-0.26165494,-0.036385447,-0.1050892,0.25075588,0.03390107,0.045545597,-0.059208397,-0.2586919,-0.23552793,0.032489445,0.028788634,0.011680213,-0.016449522,-0.0880055,0.03103368,0.06134283,0.032891754,0.054676935,0.29738608,0.11051429,0.05562761,0.14082293,-0.123991966,0.030296504,-0.053981647,0.25129917,0.28093064,0.08573236,-0.07464388,0.046051364,-0.1430042,-0.014150972,-0.12722936,-0.09927414,0.1470402,-0.024809668,0.02707418,-0.11759752,-0.008347302,-0.1621216,-0.0025259631,0.08114949,-0.05893671,-0.0017576407,-0.02426184,0.061599012,0.080417976,-0.0750743,0.035172187,0.18604866,0.11954252,-0.014468037
TCGA-17-Z048-01,-0.00750291,-0.13136832,-0.058109615,-0.024210332,0.20783052,0.032948807,0.1331331,-0.16670252,-0.15800045,0.07480656,0.022687372,0.045505874,0.02559339,0.09554355,-0.094691,0.09723426,0.031831875,-0.025923364,0.048431665,-0.16470367,-0.00045837509,-0.12311837,0.055894848,-0.16714466,-0.12679,-0.4183122,-0.12929392,0.025492216,0.2216551,0.0026354752,0.15854733,-0.08150665,-0.031754635,-0.060550272,0.1272769,-0.2095978,-0.2157418,0.2003077,-0.18374707,0.010237223,-0.0037105568,0.0152993845,-0.20656405,0.07196002,0.105281405,-0.016372358,-0.1872553,0.056883153,-0.17807056,-0.11641327,-0.049955525,0.010406303,-0.048522756,0.23685876,0.028100677,0.12057047,-0.008335119,0.012910861,-0.055490863,-0.06760354,-0.07730734,0.19417861,-0.05675127,0.0364823
TCGA-55-7995-01,0.07732266,0.048127685,-0.11695805,0.18125753,0.019158453,0.09050213,0.09671524,0.12998036,-0.16962983,-0.15508525,-0.14740458,-0.007957626,-0.090241924,-0.082716204,0.10560067,-0.07495031,-0.017843233,-0.06677295,-0.1040469,-0.015887924,-0.059209153,-0.018268816,0.025955802,0.2465245,0.060811635,-0.023275219,-0.003594483,-0.219703,0.29840297,-0.049300287,-0.08433487,0.14248122,0.09109686,-0.051618144,-0.09946675,0.11675637,-0.16974252,0.06984649,-0.04715843,0.21113922,0.13954085,0.0071064504,-0.19527511,-0.13506413,-0.08863785,-0.03030866,-0.03436028,0.0058807796,0.016892415,0.010146317,-0.03707582,-0.14882697,-0.05455897,0.13365892,0.22838452,0.022613095,-0.012568264,-0.23436075,0.14839748,-0.18650982,0.19875634,-0.06836085,-0.1909045,-0.2462367
TCGA-86-8671-01,0.1255293,0.052904706,-0.032498714,-0.29878655,-0.074142754,-0.124971285,-0.27755043,0.09896503,-0.036451764,0.00065912085,0.006075185,0.07940623,-0.10855142,-0.056147613,-0.026484402,0.14990503,-0.016202489,-0.31613767,-0.017955873,-0.05204287,-0.34850147,0.117223226,0.027862756,-0.039110348,-0.030742297,0.1294922,0.023086537,0.048832975,-0.07345617,0.0136421155,0.17070891,0.105197534,0.004311752,0.10980373,-0.077446766,0.0737444,0.32175562,-0.01978974,0.025554148,0.07712483,-0.031404745,0.050402768,-0.08932292,-0.04177509,-0.18604049,-0.07291943,0.3321921,0.015012425,0.04983513,-0.022111682,-0.046622533,-0.12607029,-0.06632067,-0.041205898,0.10879729,-0.041580975,0.1857384,-0.063623495,0.10349582,-0.009325889,0.019230902,-0.168935,0.017724248,0.11478462
TCGA-97-7937-01,0.071976654,0.0043994496,0.03726659,0.024879739,-0.14067464,0.051088743,0.086779445,0.048989862,-0.061104804,-0.09884951,-0.33483106,-0.07231077,0.03205751,-0.076366305,0.057723198,-0.1333714,-0.2979288,0.05085369,-0.03649374,-0.012333098,-0.3218379,-0.04370797,-0.035757877,0.11722115,0.037401404,-0.20096987,0.14019458,-0.13146263,0.14249493,-0.08395209,0.015317935,0.04773752,0.0025625285,0.046832077,-0.112746775,-0.037116736,-0.11176162,0.27488863,0.14550905,0.10289912,-0.025358567,0.007817007,-0.1847209,-0.037773464,0.09628913,-0.06564695,-0.0033909606,-0.14167827,0.061840974,0.0632068,0.044682264,-0.046758413,0.02142944,0.14178482,0.1376569,-0.19890955,-0.069597945,-0.17535533,-0.06732315,-0.05708337,0.22905666,-0.18164472,-0.028719978,-0.23007013
TCGA-17-Z025-01,-0.009854598,-0.1256732,-0.08869965,-0.0026530277,0.1685619,-0.02754575,0.120848335,-0.12131007,-0.17195235,0.045951195,-0.039873824,0.021954278,-0.05088919,0.06599668,-0.04492066,0.064883,0.044292904,-0.0057561137,0.033123206,-0.13625984,0.045210905,-0.15760349,0.038722716,-0.11758956,-0.06088149,-0.39731005,-0.09941047,-0.017738074,0.23028122,0.01083309,0.14650801,-0.08142335,-0.036443714,-0.094188064,0.11758444,-0.18920177,-0.24479967,0.19790232,-0.18984644,0.058348592,0.019149225,0.039930504,-0.22988018,0.050429728,0.13824108,-0.031559583,-0.2212253,0.0297252,-0.17444363,-0.16694967,-0.046337754,0.065967485,0.024228683,0.2514455,0.044525214,0.13514672,-0.06325746,-0.03461073,-0.11712227,-0.11471153,-0.047728915,0.20204036,-0.052655943,-0.038737636
TCGA-73-7498-01,-0.0060089696,0.1069889,-0.104090914,-0.17851348,-0.0806339,-0.29657173,-0.11910843,-0.21352857,-0.061168093,-0.11731308,-0.075583786,-0.034017418,-0.22275154,-0.13341129,0.08420087,0.14949836,-0.040144887,-0.044577505,-0.06999766,0.037866194,-0.046407133,-0.32521763,-0.007881121,-0.1012554,0.0792535,-0.09077482,0.091502614,0.11505017,-0.07553804,0.10203618,0.19691299,0.012364143,0.058368463,-0.011002423,-0.13243166,0.1360908,-0.12256567,0.06948662,-0.11896688,0.08145876,0.15335332,0.12589593,-0.17197526,-0.015560771,-0.060659688,-0.09065506,-0.0685113,-0.09976041,-0.009903398,-0.294298,-0.043486282,0.030605657,0.20908305,0.044968113,-0.12656394,0.086419396,0.097921304,-0.10348139,-0.1278417,-0.26483116,-0.086046234,0.014851718,-0.013312688,0.04135443
TCGA-64-1678-01,0.046594948,-0.16152978,-0.10332702,-0.030097488,0.25300583,-0.10770475,-0.13886048,-0.11513106,-0.09387556,-0.11602928,0.24119191,0.18351457,0.023873907,-0.08953323,0.0020167395,0.092990555,-0.016359838,-0.1092832,-0.045479067,0.04152635,0.004004028,-0.032156624,0.04404742,-0.12860481,-0.1522476,-0.1530832,0.1045023,-0.19451176,0.23013514,-0.024604293,0.091784835,0.10974125,-0.07860088,0.0072909067,0.12061826,-0.008037352,-0.10219726,-0.18244383,-0.16112562,0.15660958,-0.08883872,0.09153384,-0.19273606,-0.0704512,0.065103054,-0.11700617,-0.2548244,-0.037508447,0.006223016,-0.062995106,-0.08424229,0.08949997,0.00093273044,0.22581781,-0.08607793,-0.02413421,-0.116923444,0.06967121,0.19837463,-0.25527784,0.09195655,0.033248775,-0.14612927,-0.16102278
TCGA-49-AARN-01,0.028832477,0.104274675,-0.15141687,-0.186217,-0.0440492,-0.11863503,-0.016165808,-0.23806405,-0.22610883,-0.07984645,-0.10617675,0.07879935,-0.08790959,0.081824556,-0.011865718,0.1198282,0.04042373,0.23650824,-0.08789199,-0.12480507,-0.038376946,-0.12957132,0.016626267,-0.027576866,-0.045845997,-0.34892827,-0.15932135,0.1291951,0.038157165,-0.008219248,0.17994872,-0.061027646,0.13145632,-0.116523206,-0.059993163,-0.021856504,-0.004421482,-0.035496272,-0.036346693,0.12278886,-0.0022557764,0.02292668,-0.23145574,-0.04242466,-0.053843312,-0.124584556,0.023506265,0.07163595,-0.04957871,-0.25410822,-0.091204695,-0.090802155,-0.004545459,0.32747954,0.14810896,0.20000242,0.18290232,-0.09035883,-0.010708624,0.019442312,-0.020750573,0.09835815,0.04998649,0.09990275
TCGA-75-7027-01,0.10332241,-0.14166346,-0.04021618,0.1494014,-0.07977908,-0.0657682,0.032087527,-0.006393519,-0.0982207,-0.18666837,0.010475803,0.026082747,-0.09789837,-0.14972557,0.16423021,-0.054773916,-0.058652997,0.23521002,-0.08322941,0.19559683,0.1260762,-0.0738193,-0.07655839,0.04865512,0.14835203,0.053772658,0.075631544,-0.23065056,0.18324308,-0.038354393,-0.31692827,0.07543415,-0.20177563,-0.036307737,-0.032619674,-0.13722533,-0.027810168,-0.12433557,0.02086772,0.113021985,-0.06824522,0.056940205,-0.09847984,-0.101223834,0.05637389,-0.07891172,-0.09711399,-0.118116654,0.13580658,-0.12369175,-0.037934624,0.31882674,0.011209687,-0.006301428,0.030321851,-0.20737581,-0.15724446,-0.15821607,0.12386385,-0.05914079,0.025922941,0.09318229,-0.23063783,-0.06088458
TCGA-64-5774-01,-0.009460136,0.060659982,-0.08192275,-0.08826045,-0.05249827,-0.20593263,0.15926732,-0.15152533,-0.08941843,0.018615251,0.22236842,0.20771237,-0.08823102,-0.070164904,0.015689794,0.07755918,0.046724945,0.13967761,-0.08573682,-0.049890094,0.35401797,-0.016654002,-0.14648077,-0.119604364,-0.04129705,-0.20777263,0.12793842,-0.15312822,0.15161268,-0.14786227,0.025380436,0.0730941,0.1344715,-0.07162469,-0.0050620423,-0.09433118,-0.061881587,-0.015756913,-0.039946355,-0.009903916,-0.16666837,0.10983744,0.005563239,-0.05359376,0.35544828,0.00017182554,-0.083891295,0.13247108,0.02938787,-0.0032387895,-0.10256207,0.10674072,-0.05613641,0.018472888,-0.16265288,-0.034698024,-0.13515069,0.08521111,-0.23518491,-0.016352631,-0.11262611,0.21335128,0.034237657,0.11790772
TCGA-55-6642-01,0.08415266,-0.03610229,-0.012913951,0.017000854,-0.17994937,-0.16811052,0.12001785,-0.018707743,-0.10417181,-0.14772409,-0.14380676,0.014060707,-0.07933909,-0.095888816,0.19794059,0.082697555,-0.009460221,0.3022326,-0.12582836,0.056930594,0.17954563,-0.12693368,-0.1213691,0.0961768,0.23419464,-0.019220665,0.0774442,-0.032290123,0.004797471,-0.046123352,-0.10494817,0.0048974366,-0.020540355,-0.1207484,-0.16996703,-0.08293232,-0.08049861,0.039592657,-0.03604685,0.15525869,-0.06425358,0.090947226,-0.05475325,-0.11281401,0.12595646,-0.09311276,-0.06745243,-0.15848379,0.11225628,-0.10974485,-0.061302584,0.3870782,0.18010083,0.0018798405,-0.110069215,-0.17901689,-0.081666596,-0.22288504,-0.15597764,-0.06888635,-0.14272505,0.082297735,-0.08144837,-0.042861477
TCGA-17-Z013-01,-0.0033366445,-0.12930517,-0.06164942,-0.022582563,0.20536828,0.030392071,0.13592637,-0.16430357,-0.16029142,0.074179135,0.02034708,0.045552444,0.022372702,0.09331205,-0.08948169,0.09656356,0.029867392,-0.026655747,0.045150414,-0.16583087,0.00021281671,-0.12709336,0.054481637,-0.16500317,-0.122610435,-0.41903523,-0.1275365,0.022751579,0.22265495,-0.0019840659,0.16036631,-0.079081535,-0.027518181,-0.061447892,0.12206548,-0.21010977,-0.2197931,0.20241241,-0.18177128,0.013032249,-0.00356874,0.017523255,-0.21002626,0.068660796,0.10692459,-0.016810985,-0.18782261,0.05325606,-0.17603762,-0.11898418,-0.052788567,0.004458239,-0.04749165,0.23880479,0.02871911,0.12008277,-0.011616122,0.008118679,-0.054726005,-0.06973045,-0.075338446,0.19527344,-0.05565104,0.03507148
TCGA-05-4427-01,0.136297,-0.03793749,-0.08054559,0.061061043,-0.23883018,-0.042645954,-0.04820437,-0.23613478,-0.13679066,-0.1733805,-0.21191226,-0.028912283,0.043884754,-0.11377387,0.012570236,-0.12783162,-0.07316045,0.19080094,-0.08918288,0.10174327,0.048994344,-0.038902897,-0.07904053,-0.08945933,-0.008427095,-0.10855438,0.0070259413,-0.20354976,-0.15360574,-0.102948986,-0.040581077,0.051763956,0.15137608,-0.06845111,-0.15335216,0.116831,-0.02310671,0.04838682,0.2188841,0.05169451,-0.13122478,0.061499618,0.007675525,-0.06444702,0.22181404,-0.1217858,0.010990671,-0.13879147,0.13615078,-0.074744046,-0.08220008,0.28544378,-0.043945022,0.048972886,0.027662678,-0.2549019,-0.23192687,-0.02970191,-0.05672246,0.029216917,-0.04558427,-0.17703354,-0.19322617,0.13444324
TCGA-49-6744-01,0.058326237,0.071165234,-0.082149856,-0.102323815,-0.08017992,0.05060588,0.21417607,-0.03409197,-0.09805274,-0.09511194,-0.10214404,0.0440559,0.0009441828,-0.037081905,0.04968322,0.038276,-0.17171581,0.27776337,-0.055926792,-0.2390875,0.017507557,-0.030422589,-0.051529415,0.058736954,0.024484081,0.02912247,0.10872475,0.3276871,-0.052346513,-0.21743672,-0.08965811,0.08513635,0.10912154,-0.14975664,-0.09805703,-0.045958094,0.017511105,0.12721495,-0.13910584,0.073617876,-0.085047774,0.051722232,-0.095821455,-0.09225405,0.025135199,-0.09171673,0.22145657,0.14439355,0.15806355,0.0040909043,-0.07827902,0.3677434,-0.050620507,0.10437984,-0.11773853,-0.15254892,0.17855567,-0.0629469,-0.12255467,0.17503132,-0.04675384,-0.08583739,0.120782055,0.07259952
TCGA-44-8120-01,0.1329836,0.07973757,-0.035289582,-0.14100477,-0.056222774,0.015531827,0.06425374,-0.058442563,-0.08755144,-0.11079196,-0.2951658,-0.089390285,0.0356799,-0.092672795,-0.018797137,0.083743714,-0.20559148,-0.13783969,-0.040562797,-0.15544021,-0.15470606,-0.07062529,0.01118375,-0.026124857,-0.0059729908,-0.17835322,0.06308059,0.16266803,-0.019011926,-0.041902035,0.23445743,0.059093546,0.12380394,0.014420151,-0.17594206,0.08996426,-0.25633842,0.3907248,-0.1393464,0.10042855,0.137998,-0.0061237332,-0.2055068,-0.05431465,-0.0042546536,-0.03506846,-0.008027004,0.003253381,0.010637956,-0.032836627,0.0058060195,-0.062541276,0.03362438,0.17593402,-0.041002367,-0.024139976,0.07966454,-0.0690736,-0.22850262,-0.23012947,0.09812172,-0.1916454,-0.009725034,0.04071642
TCGA-MP-A4T4-01,-0.046285737,0.1037858,-0.023985486,-0.19279654,0.030197287,-0.032950073,0.14009593,-0.1534619,-0.13297065,-0.019015322,0.030198427,0.0866497,-0.07630207,-0.045985498,0.07986921,0.16795404,0.054617327,0.33243138,-0.10343506,-0.059709948,0.2709016,-0.2189955,-0.10716889,-0.0027293141,0.058477,-0.21388507,0.13558674,0.07986039,0.10688607,0.05423361,-0.00583642,0.050493434,-0.12948936,-0.100554645,0.0926864,-0.105624296,-0.16106094,0.098913185,-0.10132312,0.050613113,0.017279422,0.10631489,-0.07480455,-0.041449137,0.10119421,-0.061042752,-0.10836667,0.12574375,0.09310628,0.046673063,-0.099825725,0.33582824,0.03743309,-0.03209846,-0.087364584,-0.06964582,0.017126441,-0.005051684,-0.2437658,-0.027664995,-0.10833651,0.3210582,0.029180763,0.058381986
TCGA-38-6178-01,0.047305096,0.09431289,-0.0701411,0.08617453,0.01669387,-0.049247872,-0.11430972,0.14314687,-0.114013635,-0.10803183,-0.13411267,-0.08340173,-0.07751914,-0.103485644,0.10380822,-0.08804275,0.07462241,-0.17433962,-0.053885773,0.036150116,0.15844682,-0.040787585,-0.017944572,0.15212487,0.108567566,-0.031138696,0.0400993,-0.021349477,0.2176382,0.08304918,-0.09490986,0.034572985,0.040677916,-0.15631482,-0.031105187,0.1803457,-0.30496636,0.15513314,-0.22268023,0.13959071,0.13598935,0.03671007,-0.10201979,-0.07964266,0.12814748,-0.020754429,-0.28591576,-0.028193964,-0.016391227,-0.061407123,-0.051699813,-0.049099952,0.2009634,0.113609105,0.037827097,0.068426594,-0.18095131,-0.0871146,-0.26749974,-0.2920879,0.0851107,-0.084322415,-0.01725277,-0.1536621
TCGA-67-6215-01,0.08293561,0.1273415,-0.0137325395,-0.039621964,-0.207135,-0.03337604,-0.029250124,0.16231647,-0.018839363,-0.07095037,0.06000055,0.013409422,-0.14565775,-0.059176665,-0.00691222,-0.12568294,-0.0815959,-0.15902294,-0.0019197246,-0.3055888,-0.08559191,0.028504992,0.00325181,-0.091569066,-0.061947033,-0.010040198,0.08222963,0.12616959,-0.026273161,-0.19921021,0.07567614,0.06599898,0.27941632,0.024493648,-0.17270675,0.2048924,0.06897689,0.008567826,0.0037295811,0.009112497,-0.16423146,0.04079762,-0.0984233,-0.050536834,0.28317374,-0.12635055,0.10339012,-0.0062876116,0.036477502,-0.060559,-0.018821348,-0.049450427,0.014849551,0.117573276,-0.050066732,-0.0746803,-0.02332423,0.11840073,-0.042591874,0.24332115,0.08967811,-0.3777136,0.2704544,0.05214752
TCGA-69-8254-01,0.05162822,0.0010770478,0.01234975,-0.18645814,-0.093430996,-0.061320145,-0.16607271,0.15172677,0.0090219565,-0.048267927,0.0011043103,0.008610123,0.027578548,-0.10178117,0.008442709,0.038816158,-0.11142886,0.15762284,-0.03681557,0.067948096,-0.2524816,0.040866066,-0.018262906,0.12284035,0.018509712,0.23278546,0.04930478,0.0042102416,-0.039548058,-0.038186412,-0.052324846,0.1041641,-0.059614025,0.08070943,-0.19452344,0.09286491,0.16726103,-0.1038789,-0.05126806,0.12538372,-0.08193069,0.034412913,-0.09815257,-0.051209714,-0.25987908,-0.048459176,0.22981642,-0.07362418,0.10723562,0.0451332,-0.036219534,-0.007848594,-7.669932e-06,-0.036167093,0.08711718,-0.18546115,0.20822789,-0.30866355,0.2693464,0.01698651,0.14278968,-0.29240993,-0.098397486,-0.19825755
TCGA-50-5045-01,0.005686052,0.16842227,-0.0035441564,-0.41885483,-0.09735603,-0.078252815,-0.19459338,0.018142408,-0.032497425,-0.0013282329,0.090210445,0.13281126,-0.08878381,-0.045712404,0.07121795,0.27839136,0.09396355,-0.0020856615,-0.048244845,-0.079224184,0.023535328,-0.039866764,-0.021780003,-0.060863025,0.09738475,0.014955961,0.0920622,0.16807023,-0.0762106,0.012694511,0.055123333,0.070599176,-0.030416664,-0.020368874,0.06946018,-0.03000126,0.2541293,-0.16665904,-0.07285669,0.00950171,-0.15470414,0.12362694,-0.02313107,-0.07260999,-0.013339151,-0.13184628,0.20305116,-0.02198656,0.0905263,0.016906768,-0.13055773,0.32982734,0.05827978,-0.12417355,-0.096202515,-0.12653007,0.13859147,0.014197972,-0.011271003,0.14174755,-0.16656235,0.14293191,0.18904655,0.16654794
TCGA-69-7765-01,0.056564044,0.082721025,-0.056488186,-0.10641446,-0.123608395,0.04566985,-0.017647486,0.034206193,-0.08105333,-0.11679904,-0.23032053,-0.0011514439,0.04137813,-0.052952804,0.086028785,0.015157107,-0.10371247,0.22585599,-0.07990717,-0.04018764,-0.30796522,0.006791509,0.002343952,0.19174466,0.08347209,-0.08078037,0.037226196,-0.0707806,-0.08075793,-0.038949326,0.046397064,0.09247065,0.124795586,0.0113322595,-0.108226635,0.17704847,0.0538354,0.028526211,0.3237326,0.120515674,-0.1127933,0.01917604,-0.035472885,-0.100426234,-0.1802977,-0.08730078,0.11313925,-0.17579985,0.09841834,0.062515296,-0.03506229,-0.0100636855,-0.0023217942,-0.005508282,0.2078245,-0.23892719,0.033772573,-0.28237712,0.13045512,0.07415975,0.20384236,-0.20944293,0.012006138,-0.1920043
TCGA-78-7542-01,0.1437909,0.024733873,-0.029906645,0.0072990526,-0.09158999,0.08366601,0.07081657,-0.08789743,-0.15941483,-0.117750734,-0.029753137,0.05252219,0.13240702,-0.09175735,0.107433885,-0.05646829,-0.24055777,0.2570967,-0.099257946,0.2212124,0.2394839,-0.061592266,-0.13986683,0.075162426,0.10584552,-0.098422386,0.030610645,0.020982588,0.1638258,-0.20484708,-0.38666216,0.023106933,0.0076290844,-0.2547076,-0.06602718,-0.20504752,-0.0439459,-0.08754586,-0.12449541,0.05056278,-0.11230448,0.0332057,-0.06927822,-0.09636241,0.17273206,-0.028112454,-0.07204093,0.025675628,0.16270697,0.012126546,-0.1047783,0.04172183,0.03219278,0.20127206,-0.0067390646,-0.13589025,0.023973528,-0.13251436,-0.16696382,0.045191377,0.0020540445,-0.0013214116,-0.042770885,0.057060145
TCGA-50-5935-01,-0.004568698,-0.07667202,-0.07444036,0.20861962,0.043080386,-0.16638832,0.09773711,0.01411493,-0.037556138,-0.049498394,0.14825317,0.091881506,-0.15526329,-0.06397663,0.06418205,-0.16741979,0.037339684,0.2781007,-0.029926695,-0.1098136,0.022731727,-0.15469715,-0.014021006,0.07926192,-0.05789864,0.07112588,0.06852787,-0.2090633,-0.117209546,-0.06855821,0.061979253,0.081252,0.08952183,-0.034295402,-0.060524523,0.27029777,-0.05748874,-0.18432665,0.18889128,0.06501751,-0.18487898,0.08499114,-0.010053969,-0.032137554,-0.0021334216,-0.07754431,-0.033224616,-0.097780704,0.06908371,-0.071865775,-0.016038185,-0.079434276,0.0689583,0.010647032,0.117250666,-0.075613596,-0.0824598,-0.18123795,0.2111245,0.11251896,0.2586332,-0.2700855,0.028982004,-0.31950358
TCGA-55-8096-01,0.13383126,0.019915445,0.050164882,0.25952774,-0.077935554,0.04727002,0.032012317,0.08603814,-0.12367556,-0.068722345,0.03123973,0.038868017,-0.04393631,-0.07667756,0.1937367,-0.22094692,-0.03219262,-0.035880882,-0.10567085,0.01011421,-0.03015624,0.024706772,-0.11099882,0.1936326,0.047133837,-0.043930992,0.08814859,-0.09922245,0.2884139,-0.09782681,-0.44044754,0.048010837,0.045826834,-0.16275667,-0.13960052,-0.06745285,0.12687539,0.016733175,-0.026081786,0.03932652,-0.063266076,0.03381501,0.004445719,-0.07913848,0.23653962,0.013469186,0.08324992,0.0924775,0.10497017,0.02541873,-0.08278076,0.047885463,-0.069717355,-0.09122234,0.2600491,-0.1800781,-0.045123916,-0.19172587,-0.14391589,0.1619649,-0.057496578,-0.14183408,-0.069822565,-0.017739227
TCGA-55-8087-01,0.09157712,0.1770662,-0.033451576,-0.21650568,-0.14390838,0.0900716,-0.05748258,0.05046836,-0.086675085,-0.05116641,-0.25647333,-0.1720563,-0.05543249,-0.089763306,0.07995967,0.03171053,-0.105259836,-0.11953078,-0.054327957,-0.12826793,-0.2992179,-0.13114674,0.052454326,-0.021497514,0.03416798,-0.14117631,0.053872276,0.11617792,0.052208945,0.03953507,0.17262593,0.11246158,0.13401219,0.078383476,-0.19465485,0.19420137,-0.058784544,0.21003145,-0.05293497,0.106719226,0.13780916,0.05239131,-0.19843799,-0.07335918,-0.16419296,-0.04999114,0.049588345,-0.13878278,0.037022952,0.023154106,-0.013450998,-0.0089931935,0.031485796,0.09978051,0.09849365,-0.06105484,0.23652524,-0.2112513,-0.02297325,-0.052325312,0.12317274,-0.2987045,0.014751888,-0.021571426
TCGA-83-5908-01,-0.022480207,0.16576211,-0.0638922,-0.01676833,-0.11559019,0.036617998,0.05367745,0.041773245,-0.09462653,-0.062132347,-0.06967672,-0.095264345,-0.1689778,-0.009553569,0.13572747,-0.18423544,0.11700544,0.1547605,-0.064908445,-0.22457291,-0.112021945,-0.09001108,-0.045212254,0.12870193,0.071347326,-0.28653738,0.10716875,0.023754157,0.026898516,0.09293812,-0.055354908,0.075379975,0.2470797,-0.053941857,-0.09514891,0.3939608,-0.13617176,0.104562834,0.17584854,0.03225009,0.017767165,0.055182405,0.004979911,-0.06969217,0.02229049,-0.1143885,-0.13772115,-0.081550166,0.041051574,-0.05990606,-0.07156308,0.09794991,0.07922397,-0.06411019,0.20707674,-0.14613858,-0.024822658,-0.1030256,-0.1920791,0.116041526,0.12783957,-0.22919159,0.14461064,-0.09268071
TCGA-64-1676-01,0.07227653,0.124644294,-0.056650154,-0.15266903,-0.09458358,-0.013336189,0.20263427,-0.084033385,-0.16373837,-0.115620404,-0.35721314,-0.01735547,-0.093744196,0.0021388272,0.07835671,0.18790054,-0.096603565,0.14206755,-0.13788301,-0.14535087,-0.012031001,-0.09236368,-0.037557814,0.0701902,0.12598783,-0.27094173,0.0355293,0.08672254,0.043668207,-0.016162585,0.18862434,0.02282591,0.09027942,-0.06809633,-0.06634398,-0.077361256,-0.15242715,0.31069678,-0.016701529,0.15708776,0.15918365,0.044359386,-0.18391211,-0.09837321,-0.004226177,-0.04192473,0.054708518,0.04952383,0.018498152,0.009366028,-0.00781362,0.016399324,0.022330116,0.18107796,0.117785,0.05463933,0.08907369,-0.14500462,-0.29081672,-0.13078417,0.041761924,0.14911677,0.03924322,0.056259956
TCGA-78-8662-01,0.084385276,0.033501007,-0.011040028,0.13744175,-0.10540885,-0.06228169,0.008884855,-0.06790136,-0.16998559,-0.08911219,-0.37219414,-0.05882533,-0.056452736,-0.055508945,0.11800463,0.1294524,-0.021806002,0.03132055,-0.09972788,0.16769695,0.06444534,-0.07094887,-0.028225789,0.084653385,0.20184135,-0.09609193,-0.029025154,-0.12395514,0.1115828,0.081871994,0.025063345,-0.039734297,-0.12935248,-0.09682314,0.02397692,-0.112576194,-0.16771232,0.2364656,0.030236471,0.16062959,0.084068805,0.06747157,-0.12699409,-0.038887914,0.20322539,-0.017208831,-0.13331668,-0.086360715,0.0069867773,-0.023343474,-0.008301902,0.16336776,0.16532353,0.15599403,0.096668266,0.0054114256,-0.1869881,-0.1616308,-0.2998402,-0.22227584,-0.042908162,0.17631097,-0.15859517,6.8087174e-05
TCGA-L9-A7SV-01,0.12858315,-0.044376433,0.041978754,0.20756392,0.049147088,0.04416471,0.028509969,0.048992824,-0.082883686,-0.028228492,0.021478271,-0.018574698,0.09576488,-0.047877144,0.11185794,-0.18446079,-0.28643024,-0.0019360805,-0.009826081,0.2099497,-0.0664843,-0.12575433,-0.117890835,0.119805634,0.10714416,0.1794573,0.020862194,0.1042754,0.022330843,-0.105347924,-0.46477693,-0.04587459,-0.002683501,-0.24123499,-0.033159766,0.08842129,-0.10000298,0.08010459,-0.10995679,0.0008850729,-0.030583072,0.06150983,-0.06281205,-0.0042756153,0.1358738,-0.035968874,-0.08061499,-0.06437198,0.13554956,-0.036303595,-0.09283305,-0.15225145,0.07037202,0.050314832,0.058066424,-0.15941185,-0.06933919,-0.2295385,-0.18429738,0.025901852,-0.06179075,-0.27484265,-0.075317144,-0.0595957
TCGA-78-8655-01,0.06311304,0.13987076,-0.053268827,-0.29543617,-0.21453632,-0.20621966,-0.03142149,0.09971503,-0.039299063,-0.068794325,0.04531248,0.081675276,-0.19908716,-0.056083925,-0.13670923,0.03536575,0.032914612,0.10377812,-0.08646879,-0.21266873,-0.17279282,0.07193052,-0.11025492,-0.033454105,-0.0648823,-0.111192,0.061212946,0.15363269,0.09228797,0.07460784,0.035244618,0.14689852,-0.090480834,0.07651371,-0.09043013,-0.116946645,0.014593351,0.19782175,0.22127861,0.05326668,-0.14083183,0.05092182,-0.0806244,-0.035018563,-0.11299542,-0.19431947,0.09388691,-0.025601419,0.17408516,-0.07132934,-0.11078869,-0.11824916,-0.043038,0.027125629,-0.15382761,-0.16378161,-0.08567805,0.28262642,0.03804213,0.038833585,-0.082051486,0.20066893,0.20047702,0.078415126
TCGA-35-5375-01,0.056110106,-0.043681946,-0.15059619,0.15990064,-0.11129334,-0.10735045,0.18395714,0.19105826,-0.028769366,-0.012416238,-0.018847927,-0.03030089,-0.040830553,-0.11500095,0.016751016,-0.03170186,0.0666057,0.12841399,-0.043714404,-0.0053639216,0.22477393,0.05726322,-0.056194663,0.12325584,0.10474311,0.23581845,-0.03480283,-0.1687324,0.069140606,-0.030733684,-0.10630994,0.13933137,0.028332453,-0.08597649,-0.12928277,0.1408213,-0.2848118,0.09621742,0.12332119,0.15183865,-0.12687698,0.05631665,0.038059726,-0.0881392,0.021741733,-0.023010988,-0.1945462,-0.16488725,0.13489819,-0.04015868,-0.062108915,0.19630302,0.092983976,0.051334303,-0.1493896,-0.1801544,-0.2885144,-0.13087772,0.13685817,-0.15499952,0.0381268,-0.015117,-0.13475211,-0.21717086
TCGA-97-A4M1-01,0.096398436,0.020977315,-0.051544454,0.09256826,0.01080899,0.076348506,-0.12428246,0.095491484,-0.1525189,-0.045180857,-0.18003146,-0.05910304,-0.05147674,-0.05554124,0.11717268,-0.30322427,-0.13691159,-0.15323152,-0.042944778,0.18747538,-0.10270463,-0.11512751,-0.038295813,0.06464952,0.04013668,-0.2112797,0.068903945,-0.11469974,0.22682925,-0.00921466,-0.22836588,0.041985963,0.057267174,-0.19358823,0.06476004,0.09732145,-0.0880953,0.05500101,-0.072851054,0.088067174,0.077542864,0.093948804,-0.16959487,-0.056726757,0.1133709,-0.0641957,-0.19927777,-0.090835616,0.06194601,0.02075783,-0.06494022,-0.13120635,0.08990506,0.22041148,0.16797687,-0.0085575385,-0.07416872,-0.09729591,-0.26901615,-0.102112435,0.13710691,-0.20812131,0.004123716,-0.1925373
TCGA-55-7576-01,0.17882517,0.007084776,-0.10749992,0.14173816,-0.0886593,-0.1016895,0.13157928,0.10193998,-0.025595507,-0.010083482,-0.0024349235,0.048295174,-0.17080371,-0.11820911,0.026204726,-0.122462034,-0.07595654,-0.21630628,-0.039175402,-0.15583427,-0.27496555,0.016945569,-0.05452146,0.107392624,-0.0017933365,0.084584355,0.08118895,-0.004913088,0.043886367,-0.0664731,0.067858666,0.18241729,0.09173787,0.0902807,-0.16075869,0.12999749,-0.11896424,0.27636525,0.28358072,0.098716885,-0.1306145,0.025095442,-0.09379685,-0.087734856,-0.0005632103,-0.09754569,0.11008617,-0.1780011,0.16208334,-0.10927242,-0.114867344,-0.23626825,-0.033502232,-0.016964762,-0.20173125,-0.24296932,-0.12365938,0.073214166,0.1113468,-0.03665408,-0.08170849,-0.15628514,0.0048640408,-0.018022556
TCGA-95-7039-01,0.058748953,-0.024174599,-0.14295205,0.058394708,-0.026345432,0.013199273,-0.07696474,-0.014913409,-0.15064953,-0.11479398,-0.30730176,-0.0495245,-0.052472938,-0.10146109,-0.043407213,-0.079883285,-0.025956757,-0.14308643,-0.05304989,-0.02251187,-0.07711823,0.022415008,0.013801019,-0.037735958,-0.101464435,0.0072714705,0.0073308637,-0.15553129,0.052780256,0.014954045,0.25497013,0.16791978,0.13589258,-0.015318363,-0.041809037,0.26333413,-0.27293518,0.3182527,-0.0082191415,0.15946329,0.12932801,0.048685126,-0.1883674,-0.0809782,0.0007735993,-0.05582266,-0.05124447,-0.044033237,0.037285328,0.029923532,-0.042286847,0.077649854,-0.025262585,0.16850023,-0.057519186,0.0069486937,-0.1767665,0.019252066,0.027536223,-0.34715515,0.04202361,-0.20917676,-0.21140514,-0.04700142
TCGA-55-7903-01,0.12576039,0.078393236,-0.11545054,-0.18653505,-0.1721625,0.036947418,0.074918754,0.064018235,-0.08934693,0.01033527,-0.29946154,-0.070747904,-0.09814674,-0.033406906,-0.07274608,0.07984579,-0.06743729,-0.03821956,-0.016403733,-0.2722531,-0.03233693,0.05937351,0.01613711,-0.033245206,-0.08232609,-0.08773909,0.029242648,0.054691315,0.06468086,-0.015798587,0.39483115,0.1636688,0.0726532,0.0965672,-0.1389275,0.038283218,-0.22220665,0.37737074,0.0012833225,0.15029977,0.08566083,-0.010617376,-0.18970877,-0.09513529,-0.053290673,-0.05297295,0.07915727,0.0058416026,0.049505256,0.09907848,-0.017362885,-0.007842225,-0.07813839,0.2503218,-0.13740826,0.0061979983,0.02658328,0.13892531,0.02951829,-0.16523722,0.04496303,0.03519371,0.031460147,0.07286238
TCGA-69-7760-01,0.15319103,-0.04522644,-0.046873614,-0.027771547,-0.088346936,0.15058635,0.15504497,-0.005774886,-0.15930268,-0.045892633,-0.2300576,0.024307108,0.00035973632,-0.075556196,-0.050292354,-0.04065568,-0.22967464,-0.036293704,-0.033242516,-0.20972714,-0.20982099,0.06386196,-0.059524454,-0.04967908,-0.112881996,-0.08673253,0.053659264,0.09933785,0.13925433,-0.14694229,0.12692337,0.12944917,-0.017252991,0.022742096,-0.036667593,-0.08496269,-0.093526475,0.41687217,0.011497813,0.10524327,-0.024440516,0.0035768684,-0.22347344,-0.07411099,0.109327234,-0.071022116,0.14926812,0.11282555,0.13872853,0.121770576,-0.023382908,0.13195208,-0.17366742,0.21148986,-0.12686718,-0.12415922,0.06040224,0.1477809,-0.12887536,0.01955142,-0.017578216,-0.15060982,-0.03666372,0.17182977
TCGA-55-6543-01,0.093276136,0.24823824,-0.10713396,-0.15647788,-0.27989307,0.023649927,-0.07944201,0.03749655,-0.1376408,-0.12771313,-0.09267931,0.0035264771,-0.061327204,-0.044602692,0.073510446,0.019559978,0.09245783,0.050084226,-0.100585334,-0.2042179,-0.030393127,0.06048544,-0.02493748,0.0061180578,0.10889697,-0.09863827,0.03345169,0.07301966,-0.100903794,-0.078817695,0.054684788,0.096455574,0.24639407,-0.059969757,-0.07297671,0.22745955,0.12900443,-0.03570288,0.23479699,0.044656143,-0.18495391,0.0753379,0.03067658,-0.12912077,0.14918615,-0.16884395,0.10841876,-0.099695995,0.113259405,-0.009849085,-0.106348805,0.23724286,0.0070027965,0.0019570421,0.08083951,-0.20656563,-0.07276045,0.028238151,-0.0742992,0.26107115,0.014511855,-0.12869051,0.20533678,0.1789091
TCGA-17-Z004-01,-0.002978584,-0.12963165,-0.062459968,-0.022682587,0.20561054,0.029038008,0.13560998,-0.1645629,-0.1605743,0.07370342,0.020586697,0.046455927,0.021478843,0.09275038,-0.08913626,0.09659181,0.029820198,-0.026788577,0.044817165,-0.16577618,-0.00014052477,-0.1273165,0.054196175,-0.16530316,-0.12267806,-0.41873908,-0.12713903,0.022267573,0.22241595,-0.0025864656,0.16062081,-0.07861639,-0.027252179,-0.061639883,0.121593855,-0.21043003,-0.21937263,0.20214662,-0.1821927,0.01366298,-0.0037298913,0.01804045,-0.21090652,0.0682107,0.106873006,-0.01738551,-0.18714122,0.053372927,-0.17566098,-0.120041594,-0.053325146,0.0048058503,-0.047722414,0.23875542,0.02823026,0.12030519,-0.011797928,0.007905769,-0.05468708,-0.07025433,-0.07538278,0.19515015,-0.05597828,0.034772422
TCGA-97-7554-01,0.18763505,0.042705186,-0.013704391,0.096499704,-0.17523412,-0.20311348,0.013730319,0.11126325,-0.09396354,-0.027954722,-0.015196351,0.18069534,-0.1624048,0.019578254,0.022117507,-0.03600688,-0.022977317,-0.014026857,-0.09107123,-0.034511503,0.071742594,0.15247293,-0.15677586,0.0069951518,0.027434317,-0.16066715,0.0088263415,-0.11922526,-0.018047169,-0.18538155,-0.05556029,-0.020476311,0.26119566,-0.1638032,-0.05784611,-0.042863045,0.16531706,-0.02205678,0.16545089,0.043096628,-0.16073312,0.09051663,0.0041561606,-0.059268977,0.36462107,-0.056099024,0.0527836,0.06289641,0.08319427,-0.048283637,-0.06861686,-0.23285954,0.017030135,0.119093955,0.04831394,-0.015495506,-0.24447325,0.06311448,-0.3450813,0.10893353,-0.07994037,-0.004237035,0.16970512,0.052843988
TCGA-55-8208-01,0.16274744,0.14509042,-0.12918921,0.066935964,-0.17682835,-0.0007366065,-0.12926462,0.0026712522,-0.17652781,-0.15491092,-0.041742057,0.023534697,-0.041866295,-0.073269896,-0.015427449,-0.018135533,0.02792169,-0.24643444,-0.08764513,-0.10535021,-0.13182531,0.13532841,-0.040004678,-0.064300664,0.00363379,0.063586384,-0.061334245,0.10770991,-0.088347815,-0.071120255,0.0039807972,0.116217546,0.3714383,-0.11095186,-0.16717184,0.3350309,0.098239936,0.065810055,0.10855311,0.059762396,-0.025191654,0.07492444,-0.024156542,-0.086090595,0.10565443,-0.11173003,0.1185578,0.02351854,0.09390569,-0.062264632,-0.08873002,-0.04696858,-0.05062213,0.035069186,0.02866103,-0.074849375,-0.051608,0.012859464,-0.10230855,0.060989257,-0.11039705,-0.35707325,-0.0095290365,0.29757297
TCGA-91-6849-01,-0.011221879,0.2261815,-0.05200266,-0.22570403,-0.19513111,-0.15084478,-0.15694755,0.06637796,-0.05158318,-0.068444125,-0.24014269,-0.16096313,-0.19145998,-0.07226152,0.13379225,-0.047391303,0.069626816,0.07623103,-0.068386264,0.09340342,0.041700736,-0.26368666,-0.009377096,0.1455233,0.17615783,-0.0748369,0.07552827,0.009445529,0.06394973,0.18226723,0.06339492,0.017176148,-0.09564652,0.0035736482,-0.12938246,0.06001819,-0.11023542,0.016945042,-0.1128106,0.13140431,0.15168567,0.06711677,-0.15465502,-0.04601763,-0.14331387,-0.110943146,-0.07845329,-0.21333994,0.017173786,-0.1543656,-0.053855907,0.008179753,0.24638736,0.061346993,0.0664516,0.043129366,0.07609138,-0.19630387,-0.054492522,-0.19400391,0.09027272,0.090665184,0.037842672,-0.20257401
TCGA-55-8507-01,0.055391874,-0.0004895913,-0.1340817,0.24984905,-0.077163674,0.024820518,-0.028893963,-0.087769575,-0.17297076,-0.09189557,-0.25121206,-0.043367293,-0.13835026,-0.089478716,0.028598143,-0.24421081,-0.081950195,-0.09509069,-0.055129312,0.12353689,-0.32486334,-0.109712675,-0.069458306,0.10962065,0.08640683,-0.05743762,-0.08816719,-0.052138034,0.038963556,0.047795944,-0.1312976,0.06484956,0.0826769,-0.14808388,0.032934677,0.18151481,-0.094846286,0.15101963,0.34501195,0.11804106,-0.017152585,0.07773229,-0.12998138,-0.04787944,0.006840723,-0.116058275,-0.069656566,-0.11496864,0.10813006,-0.15153873,-0.0616275,-0.117527105,0.04098498,0.09902054,0.10938753,-0.0125266,-0.08200137,-0.06004785,-0.18313254,-0.05737274,-0.0040018344,-0.268661,-0.11428561,-0.05021723
TCGA-49-6767-01,0.08935592,-0.018174414,-0.18739079,0.06290496,-0.09372296,-0.17331667,0.16397129,0.13671152,-0.042178765,0.032604318,-0.13505164,0.058618043,-0.20845583,-0.080896616,0.08384855,-0.12886648,0.02649548,0.050506976,-0.078678764,0.07597579,-0.0471078,-0.06628804,-0.09138554,0.24959503,0.10021336,0.07333081,0.054705452,-0.21196462,0.06935789,0.021449763,0.07373595,0.17582329,-0.024570266,-0.01022176,-0.097531885,0.014584983,-0.09018041,0.094313554,0.22638178,0.21782205,-0.055000383,0.059564237,-0.08484765,-0.11581715,-0.19515538,-0.089707375,0.06072205,-0.25799692,0.16807838,-0.10503643,-0.12984392,-0.09133666,0.09234667,0.034807183,-0.14403869,-0.1523913,-0.047714535,-0.11495461,0.15273127,-0.20588008,-0.005439102,0.09236613,-0.10071836,-0.29118943
TCGA-55-6712-01,0.057077195,-0.086390905,-0.16632158,-0.10897603,0.030667149,-0.13687079,-0.098486334,0.032149404,-0.15578313,-0.0066974233,0.06635294,0.023480667,-0.2283955,-0.108685724,0.103737995,-0.18449596,0.038128275,0.0004453016,-0.04780815,0.22396451,0.08879326,-0.130144,-0.090348914,0.023202484,0.05190732,-0.13032241,0.044447985,-0.17510392,0.28950325,0.09983502,-0.23717189,0.1363317,-0.105902694,-0.09124975,0.06253296,0.039126158,-0.0984329,-0.0574558,-0.14372839,0.15246089,0.075405724,0.13541207,-0.19056308,-0.09503918,-0.16018672,-0.09820859,-0.27847913,-0.048386056,0.08417364,-0.13761768,-0.0986438,-0.036688298,0.05640193,0.1885223,0.018840631,0.057321433,-0.0071584084,-0.019094424,-0.09152182,-0.25275508,0.026602669,0.08945684,-0.15029158,-0.15183882
TCGA-53-7813-01,0.22660628,-0.013166071,-0.09400247,0.22000426,-0.12287938,-0.189486,-0.071736135,0.00058492535,-0.11113056,-0.12563153,0.028552016,-0.017672637,-0.11636314,-0.081542596,0.056167547,-0.051206555,0.021556435,0.09131802,-0.11805178,-0.112734064,0.35930756,-0.05933996,-0.01540041,-0.10475985,-0.022734009,0.07265011,-0.028382638,-0.17937313,-0.08185522,-0.03086267,0.06447737,0.12449689,0.07479214,-0.10671308,-0.1789262,0.14828761,-0.212524,-0.039610147,0.05875099,0.09345444,-0.06438459,0.081742175,-0.00042567463,-0.08292194,0.16158046,-0.058017887,-0.16080992,-0.10586332,0.066708565,-0.042357158,-0.05543579,-0.09296221,0.048770558,0.15444809,0.19365317,-0.03895879,-0.39484942,-0.05281232,0.19924656,-0.060059387,0.18477099,-0.012982474,0.027097408,0.009196237
TCGA-78-7537-01,0.0073689665,0.0747752,0.033884637,-0.34197074,-0.034562882,0.0079409415,-0.17581347,-0.03561965,0.01713334,-0.09261083,-0.02810515,-0.0004773421,0.0692321,-0.1317596,0.05474688,0.18063843,-0.06039363,-0.06670339,-0.03228215,0.031007878,-0.3629457,-0.05404926,-0.006106775,-0.013528774,0.04269198,-0.06315514,0.14534605,0.15585025,0.016624691,0.08866478,0.048718687,0.114277035,0.010613622,0.100007825,-0.14010562,0.17330135,0.023786489,0.08521121,-0.03888642,0.03839989,0.020957718,0.0606749,-0.1046626,-0.06425541,-0.26390904,-0.092956506,0.024702244,-0.161112,0.09949508,0.010038863,-0.07103585,0.22187784,0.04305026,-0.19552207,-0.19670399,-0.25821903,0.21411349,-0.10770631,0.06917814,-0.13840194,-0.14025526,-0.20233776,-0.08525676,0.044394054
TCGA-4B-A93V-01,0.022744669,-0.0879919,-0.012239136,0.24191552,0.034799464,0.07005575,0.24973033,0.077442266,-0.07189199,-0.026662474,0.055605717,0.005903245,0.062191226,-0.11516021,-0.0016654531,-0.17303097,-0.19535786,-0.013201613,0.010027317,-0.16572753,-0.002712844,-0.05934515,-0.0018924288,-0.0066264933,-0.044452526,0.14255454,0.07769858,-0.038806573,0.14388347,-0.26279375,-0.13555184,0.10355406,0.07283043,-0.05713958,-0.045162585,0.11833873,-0.20281318,0.13698125,-0.065160014,0.054909334,-0.2153357,0.04626503,-0.14408596,-0.034811012,0.30854964,-0.03228109,-0.0529616,-0.003368175,0.07220829,0.06922722,-0.006691199,0.15288149,-0.033302672,0.12176244,-0.043387633,-0.15582564,-0.085685715,-0.13752075,0.0032227403,0.116136,0.16164498,-0.3858164,-0.048990995,-0.17421499
TCGA-44-5643-01,0.019595835,0.00580603,-0.045050766,0.14027047,-0.0771711,-0.010766552,0.04890793,0.108562626,-0.08708212,-0.0988953,-0.15894656,-0.025867444,-0.033057734,-0.052129213,0.16102546,-0.2364471,-0.18225351,0.22395997,-0.04973963,0.10515584,-0.07100478,-0.09787975,-0.05713273,0.2241861,0.11343414,0.022889929,0.059251286,-0.14189665,0.13397549,-0.13359158,-0.22634265,0.024208436,0.09417344,-0.13740855,-0.12373643,0.107959226,-0.07706826,-0.030049577,-0.004010291,0.1265561,-0.04564675,0.044518642,-0.14758328,-0.074165314,0.023371836,-0.06390264,-0.06587758,-0.12168267,0.0811488,-0.022724796,-0.0305939,0.006294384,0.07589791,0.14097857,0.15203913,-0.077972755,-0.017058782,-0.32537374,0.0012423223,-0.029514384,0.18368419,-0.24945126,-0.06824875,-0.36838174
TCGA-05-4420-01,0.05579423,-0.07856921,0.024048718,0.09011511,0.056566328,-0.018268686,0.049625084,0.0859907,-0.084537804,-0.052943386,-0.07072024,0.044501524,-0.007231329,-0.045685925,0.14389648,-0.16361542,-0.20519623,0.26719317,-0.031239325,0.24359676,0.014476302,-0.16098675,-0.1297638,0.1845947,0.1374323,-0.010936483,0.10778294,-0.07270338,0.11015315,-0.022769079,-0.30682167,-0.0019208882,-0.23062849,-0.18890402,0.1086564,-0.1409846,-0.055461187,-0.059515905,-0.02043817,0.11264708,-0.09775418,0.06968817,-0.10328481,-0.039264712,0.046117343,-0.07628755,-0.1482087,-0.15364464,0.14451976,0.0005309278,-0.06729428,0.005980099,0.16688728,0.11860677,0.05824309,-0.15959175,-0.056933064,-0.22129339,-0.15844853,-0.03907209,0.12149924,-0.008960824,-0.009451071,-0.31318954
TCGA-49-4510-01,0.12322606,-0.10021502,-0.0948645,0.098546736,-0.07191121,-0.11523529,0.18222755,0.07452388,-0.09048792,0.08874773,0.08244038,0.17914173,-0.20256178,-0.04106952,0.014876699,0.011067984,0.013414649,0.1256757,-0.03546979,0.042760815,0.09435887,0.050029367,-0.17580982,0.083174884,-0.006194829,0.087668195,0.08954982,-0.21553296,0.14768268,0.010429445,-0.019014502,0.18894583,-0.17014034,0.014017891,0.08546332,-0.16729054,-0.03509003,0.10182359,0.26660553,0.10445946,-0.1341016,0.088959046,-0.006446367,-0.07936145,0.046856187,-0.047789127,0.05092901,-0.06802882,0.20829833,0.0366637,-0.14406238,-0.034563757,-0.063848585,0.022822808,-0.21903093,-0.23097135,-0.1780771,0.15169784,0.12433382,-0.039757796,-0.1962456,0.3478196,-0.07213596,0.036641136
TCGA-05-4402-01,0.024456149,0.0289141,-0.21977586,0.057882506,-0.12575012,-0.11617457,0.15660404,-0.04887946,-0.025849234,0.011441813,0.033886384,0.17613715,-0.10604558,-0.07000317,-0.021215292,0.034370586,0.103903316,-0.053011846,-0.02193608,-0.0630296,0.17573725,0.13672586,-0.07187989,-0.031412385,0.024035826,-0.024136798,-0.0033716492,-0.023598967,0.05888425,-0.17380637,0.12291376,0.09526509,0.30072019,-0.044103466,-0.020065865,0.081278965,-0.0499597,0.0071923104,0.21779436,0.06442415,-0.21860148,0.06595381,0.00023028917,-0.10589234,0.23945157,-0.03307368,-0.058240756,-0.0076168217,0.08352012,-0.09530726,-0.08369776,0.16722591,0.01569711,0.096500255,-0.4519743,-0.015724627,-0.105385825,0.24763133,-0.15435165,-0.042189132,-0.21495083,0.02579762,0.03331158,0.12917382
TCGA-49-6743-01,0.13358913,0.078536905,-0.109543666,0.28645864,-0.11535455,-0.016613726,0.04433441,-0.09333646,-0.12662178,-0.04231915,-0.047583144,0.089711726,-0.066680126,-0.06861072,0.1362562,0.15729985,0.002729419,0.0012189329,-0.09105158,0.099320754,0.21410742,0.038125444,-0.07927144,0.019309903,0.12724234,-0.020407395,-0.009234288,-0.081973806,0.06341972,-0.07548397,-0.080086194,0.045916334,0.24817678,-0.14936566,-0.011821014,0.05380178,-0.13651615,0.03104003,0.23777978,0.042678285,-0.0934104,0.097758144,0.03250424,-0.08147183,0.3842909,0.022631694,-0.103140816,-0.07107663,0.062424958,0.013106909,-0.124552414,0.021899268,0.052065145,0.050416466,-0.13917758,-0.08311725,-0.32736173,-0.0052920757,-0.11584943,-0.02361473,-0.2743075,0.16419506,-0.014779817,0.18263268
TCGA-86-7711-01,-0.0030235078,0.08428765,-0.008108854,0.15305926,-0.12562303,-0.01608796,-0.092188545,-0.07419181,-0.0747747,-0.12924121,-0.087331176,-0.0032774834,-0.05250135,-0.119587414,0.09245357,-0.10286219,-0.1569542,-0.06783418,-0.03678415,0.13151439,-0.43970606,-0.08893392,-0.102689914,0.152065,0.10319574,0.041342363,0.04176441,-0.0064834766,-0.021056406,-0.014271271,-0.11336617,0.007244012,0.17314093,0.0031378092,-0.09110691,0.26226383,-0.060216285,0.13100226,0.29036382,0.02702975,-0.040914558,0.04083765,-0.08596368,-0.016726384,0.069469616,-0.13183254,0.01741985,-0.18093257,0.07641665,-0.14842731,-0.06764118,-0.21953475,0.03193177,-0.12124372,-0.07668959,-0.15399767,-0.12877154,-0.10245765,0.008180377,-0.035761736,-0.1812319,-0.28569183,-0.11778803,-0.029205373
TCGA-53-7624-01,0.15683042,-0.04134535,0.051581684,0.24098176,0.00966859,-0.15751357,-0.06866096,-0.09617751,-0.09891509,-0.028987378,0.13741589,0.12631471,-0.116569564,-0.06746195,0.09339625,0.11813417,0.027131256,0.04511107,-0.075559765,0.19042236,0.12640157,-0.08059841,-0.11579982,-0.046997678,0.03138169,-0.06094342,0.036022313,-0.32358006,0.044840448,0.110044844,-0.146512,0.0360828,-0.058682304,-0.022689972,0.039234214,0.0038465764,-0.08681307,-0.05675814,0.2142209,0.01829325,-0.075623,0.13067564,0.01959844,0.0070874095,0.25586438,-0.006906995,-0.17877679,-0.117042445,0.056125354,0.00050329446,-0.11274428,-0.22550197,0.026064165,-0.080258906,0.12793559,-0.16070011,-0.39517725,-0.10599474,-0.024259586,-0.072335355,-0.104699366,0.20294327,-0.13375792,0.034720402
TCGA-67-6216-01,0.0935462,0.09742179,-0.07736852,-0.23813708,0.009391641,-0.1266732,-0.3242688,0.01999209,-0.135941,-0.051068746,-0.018485771,0.061168186,-0.1733861,-0.026784074,0.06812782,0.0069803614,-0.07354322,-0.21865194,-0.0029972135,-0.059753586,-0.42931306,-0.109195635,-0.0156661,0.02683818,-0.0069289003,-0.022932839,0.092491135,0.100985385,-0.05247828,0.09436747,0.11318917,0.066263735,-0.041688666,0.014061613,0.048182018,0.10739812,0.26844049,0.003687269,-0.03216716,0.09351582,0.06309056,0.083256215,-0.20783557,-0.05015114,-0.18927616,-0.18364324,0.22825934,-0.023206053,0.05755252,-0.11747093,-0.07264814,-0.17030415,0.015194729,-0.024216402,0.18420146,-0.00634082,0.15602523,-0.11553588,-0.026853047,0.016052213,0.014128575,-0.13377625,0.1201792,-0.026514757
TCGA-78-7167-01,0.14557979,0.0020814969,-0.13181733,0.089905255,-0.14771236,-0.34956038,-0.014006664,0.19929734,-0.08290257,-0.01451101,0.1704328,0.09207782,-0.30271158,-0.09270935,0.055584583,0.04121597,0.1174558,0.18530798,-0.0478587,0.014045493,0.17482974,0.047033336,-0.1390246,-0.016788429,0.08909985,0.18248233,-0.02773342,-0.09424507,0.0313807,0.057565082,-0.09769857,0.058218874,-0.015197902,-0.081276745,-0.017002432,0.07974779,-0.07652791,-0.051397774,0.12872797,0.123186134,-0.19735505,0.14525469,-0.024210222,-0.08298785,0.13413776,-0.11580837,-0.10068688,-0.15141237,0.11928224,-0.18634464,-0.091111325,-0.093279995,0.091520235,0.13662231,-0.09620979,-0.088794164,-0.36131173,0.022522347,0.034925945,0.006567996,-0.08853315,0.09674176,0.052527297,-0.022981558
TCGA-L4-A4E5-01,-0.039416123,0.05040718,-0.06608949,0.25256968,0.07819344,-0.16185656,0.06600274,0.16359453,-0.05799597,0.037533123,-0.031236049,-0.003472716,-0.33965188,-0.09529349,0.17276573,-0.14929631,0.20879507,-0.05134529,0.00075136777,-0.09316329,-0.030053817,-0.08774526,-0.04833479,0.2863877,0.11873427,0.008617388,0.14736845,-0.12060425,0.22667316,0.20429397,-0.02506576,0.095363274,-0.12580402,-0.0039685066,0.13069129,0.18212128,-0.18511344,0.16151178,0.04411135,0.10766699,-0.0046408162,0.08726271,-0.089619696,-0.052674495,0.09233897,-0.04999169,-0.11218212,-0.096669786,0.004010286,-0.08153681,-0.05711995,0.025813673,0.16520338,-0.09338926,0.06476096,-0.021944169,-0.124794416,-0.088092245,-0.1661551,-0.082704924,0.011591381,0.024053426,0.024020407,-0.28124174
TCGA-17-Z043-01,-0.009968831,-0.12563485,-0.08854808,-0.002649596,0.16853957,-0.027347118,0.12086906,-0.12132066,-0.17189667,0.046050716,-0.039896104,0.021811524,-0.050748,0.06610623,-0.045020346,0.06487734,0.044317424,-0.0057402556,0.0332307,-0.13619183,0.04528277,-0.15754424,0.03877275,-0.11758235,-0.060899492,-0.39734828,-0.09951211,-0.0176697,0.2303357,0.0109750535,0.14648207,-0.081541955,-0.036516663,-0.09414933,0.11770955,-0.18912101,-0.24489051,0.19793831,-0.18980108,0.05821046,0.01918542,0.039818447,-0.22973937,0.05054436,0.13822661,-0.031443793,-0.22137195,0.029697955,-0.17454174,-0.16678084,-0.04622814,0.06585562,0.024264416,0.2514844,0.044519413,0.13518925,-0.063194685,-0.034521054,-0.11715371,-0.114665605,-0.047753725,0.20205535,-0.05261489,-0.038670134
TCGA-05-4397-01,-0.014684757,0.09064812,-0.038629316,-0.038278624,0.043918967,-0.04046703,-0.23060697,-0.11434611,-0.11636149,-0.19874728,0.051665403,0.025003096,-0.16651422,-0.08564559,0.17009473,-0.05066767,0.048718706,0.13661651,-0.074362464,0.07252058,-0.19825564,-0.16389903,0.021813996,0.02211197,0.0647608,-0.344569,0.12143756,-0.10693738,0.2429365,0.0840029,-0.24749762,0.009675521,-0.055112664,-0.02247552,0.11622752,0.03848495,0.05635645,-0.17601517,-0.06158962,0.09197031,-0.070808224,0.10305123,-0.18374012,-0.092667796,0.11868764,-0.2098792,-0.13867445,-0.12912697,0.00070541893,-0.17624977,-0.11120357,0.26433897,0.04570638,0.0020705403,0.1382494,-0.14521617,-0.08987971,-0.097502075,-0.08194601,0.059984997,0.008116342,0.0060000494,-0.03429167,-0.13662244
TCGA-73-4677-01,0.04179758,-0.028284468,0.094078705,0.20216474,0.04567347,-0.051018763,0.074009664,0.050458327,0.005517812,-0.061347652,0.13750778,0.0151694175,-0.03742228,-0.114390336,0.08637067,-0.059107892,-0.11536348,0.049349077,0.026074387,-0.21393245,-0.03661517,-0.08738322,-0.03232949,-0.009878392,0.052989975,0.19562693,0.13284284,0.20786284,-0.1010261,-0.13594416,-0.14307217,0.024757696,-0.06232932,-0.04790218,0.0554637,0.05031727,-0.019282939,0.046920903,-0.11585438,-0.023714097,-0.280495,0.09012456,-0.0385753,-0.03529993,0.3608017,-0.11782952,0.058939677,-0.062028654,0.062623665,-0.03233587,-0.031298924,0.30349815,0.0920204,-0.071716584,-0.060762655,-0.22383967,-0.10914551,-0.03468186,-0.103644654,0.29179215,-0.03047311,-0.31513703,0.13471179,-0.022794891
TCGA-97-8552-01,0.100077,-0.07755699,-0.021315105,-0.04413962,-0.003632509,0.14606349,-0.12416199,-0.069426,-0.14745378,-0.11584751,-0.17015259,0.00084795326,0.06522376,-0.07799413,-0.014496312,-0.35156995,-0.089110546,0.027222857,-0.014582786,0.050187413,-0.27093554,-0.0065709404,-0.078061596,-0.017285185,-0.13266757,-0.35279122,0.08505677,-0.1292965,0.06614979,0.00493631,-0.101911165,0.078154124,0.008406642,-0.09058257,0.07426275,0.10872961,0.032233384,0.11302675,0.09534021,0.04999609,-0.07135454,0.026102692,-0.08650873,-0.06545934,0.042520486,-0.15624908,-0.07574442,-0.052424174,0.15428603,0.039523873,-0.04880208,0.15335496,-0.05037618,0.09714974,0.08864273,-0.22763945,-0.032014366,0.10982938,-0.25255394,0.03831314,0.13946739,-0.36196,-0.05727407,-0.072701424
TCGA-17-Z031-01,0.037586194,-0.09144946,-0.07416837,-0.0040846467,0.16497166,0.09494467,0.073835924,-0.11184905,-0.19251058,-0.01888268,-0.08201422,0.033761043,0.040755566,0.034463692,-0.055953667,0.16253103,0.0075921724,0.01714821,0.011633916,-0.15512823,0.10013209,-0.071726866,0.071884185,-0.116506346,-0.14314927,-0.3093858,-0.093613856,-0.031028252,0.27332592,-0.039516658,0.18137087,-0.024643626,0.01986578,-0.07055101,0.059313435,-0.15062366,-0.24756844,0.20502874,-0.27915022,0.09064168,0.06037361,0.01430153,-0.24003322,0.013867839,0.12315142,0.008601874,-0.15064497,0.11616388,-0.15928002,0.010270639,-0.025659263,0.051990714,-0.08007034,0.30959064,0.053464923,0.14314626,-0.033068974,-0.026912013,0.004650846,-0.15169804,-0.009195249,0.16206928,-0.13683966,-0.012627264
TCGA-55-6978-01,-0.022361217,0.13620791,-0.037075922,-0.15593192,-0.115322195,-0.06739577,-0.105787106,0.043969754,0.014838626,-0.02710748,0.06483892,0.15594974,-0.09338645,-0.05722052,-0.05038402,0.25268918,0.13923165,-0.24957873,-0.01455433,-0.136046,-0.16364609,0.2360309,0.0076065315,-0.023728738,0.007189915,0.11539828,0.0090923095,0.13898124,0.07633995,-0.056531034,0.10650388,0.0908976,0.16329831,0.04057646,-0.051683046,0.09185528,0.18916363,0.021948805,0.04755188,0.033502407,-0.12544763,0.046314467,-0.03429351,-0.057532288,0.052194387,-0.08191948,0.21051648,0.076907,0.04834419,-0.020170087,-0.06872297,0.29185468,-0.045149434,-0.13644771,-0.32672548,-0.056607496,0.07463774,0.17483677,0.0146616,0.018038984,-0.3157182,-0.04353008,0.0016131819,0.22115397
TCGA-55-A4DF-01,0.119271256,0.006984021,-0.062270977,0.14496274,-0.012202145,5.2764855e-05,0.02745364,0.14173791,-0.15591288,-0.034722738,-0.01036868,-0.014458701,-0.2207033,-0.052637063,0.12349641,-0.25378966,-0.15198055,0.05412176,-0.03357027,-0.02032525,-0.106328025,-0.20420158,-0.03703279,0.079161,-1.28726715e-05,-0.104800716,0.0653609,-0.16084461,0.21136098,-0.04823762,-0.1362218,0.09090431,-0.018621461,-0.06270367,0.00067773246,0.07388637,-0.07047385,-0.02880953,0.03404396,0.10156902,0.016289884,0.08245011,-0.25972965,-0.056129232,0.0211786,-0.09235301,-0.058517314,-0.046690654,0.053382754,-0.026007086,-0.0142592825,-0.3031527,-0.036467284,0.21179825,0.33014002,0.028189424,-0.05415636,-0.16747494,0.07579956,0.05715943,0.27728415,-0.12367864,0.041241724,-0.27379644
TCGA-86-7954-01,0.084585175,-0.08924276,-0.07958221,0.04934681,-0.086546615,-0.14264834,-0.046704408,0.08104016,-0.033163484,-0.038340494,-0.3589199,-0.02596194,-0.16445585,-0.07443386,-0.008088057,-0.2331684,-0.22783054,-0.03510857,-0.0184358,0.10351508,-0.23890676,-0.039668173,-0.056322865,0.10944011,-0.04580185,-0.029247731,0.09987192,-0.22545119,0.05617043,-0.030398834,0.10591246,0.11980291,-0.05690361,-0.0050546564,-0.047458153,-0.014172648,-0.036139246,0.20945424,0.09462081,0.175806,0.06452965,0.02991248,-0.20026556,-0.038603295,-0.09060886,-0.06916413,0.062953345,-0.063752905,0.06777428,-0.077265196,0.018508947,-0.1604785,-0.0019886692,0.16293481,0.13683027,-0.026591513,-0.11693626,-0.08410249,0.033145916,-0.2682881,0.19022559,-0.11427271,-0.13892053,-0.29257503
TCGA-05-4384-01,0.03190809,0.1828015,-0.043625176,-0.39632404,-0.20701766,-0.03592819,-0.20378917,-0.045937374,-0.08116933,-0.072113484,0.1720306,0.06528653,0.024909975,-0.030012265,0.030773848,0.23919371,0.036426213,0.2361456,-0.06550317,0.022146342,0.13836297,-0.060400423,-0.018713899,-0.104346015,0.05145377,0.054703735,-0.015698751,0.10835646,-0.121865794,-0.048118837,-0.044107046,0.034465015,0.17626774,-0.027085474,-0.15957586,0.2872753,0.1233771,-0.30209696,-0.033857863,0.018583503,-0.13096908,0.080939606,-0.004059095,-0.06418011,-0.028544573,-0.10364012,0.030175604,-0.04909349,0.059699215,-0.006379664,-0.11178658,0.036689576,0.017916735,0.0062821535,-0.0025653306,-0.1113975,0.12104919,-0.12893721,0.17232738,0.18001662,-0.030163325,-0.073515296,0.10145564,0.22123256
TCGA-38-4632-01,0.047117375,0.0075765634,-0.112934396,0.13174106,-0.012053789,-0.28193444,0.2256439,0.08723768,-0.06923034,-0.030129971,0.20316985,0.17650044,-0.27390054,-0.10373252,0.105196856,0.1402342,0.03252808,0.25258234,-0.07413029,-0.089378774,0.14834823,-0.042863127,-0.14919454,0.14062253,0.110887334,0.16806947,0.14200284,-0.04263833,0.09714519,-0.063302435,-0.08533019,0.13720863,-0.021195225,-0.043693844,0.01251007,-0.043518476,-0.12933314,0.040593736,0.084247954,0.10999358,-0.1507327,0.13006154,-0.05055782,-0.11323087,0.10565416,-0.070109226,0.041398764,-0.037437733,0.13395047,-0.10313094,-0.14129615,-0.04029651,0.022219116,-0.042365175,-0.1877624,-0.15514103,-0.20564073,-0.04584131,0.076163225,-0.027628006,-0.18338272,0.2655741,0.012358665,-0.07267867
TCGA-17-Z018-01,-0.0098673655,-0.12567247,-0.08870763,-0.0026078206,0.1685346,-0.027541991,0.12085976,-0.121315345,-0.17197439,0.045944072,-0.039898988,0.021942642,-0.050903987,0.06601419,-0.044936106,0.06487325,0.044291526,-0.0057633515,0.033135325,-0.1362621,0.045229904,-0.15759219,0.03871249,-0.11756925,-0.06086713,-0.39727157,-0.099425495,-0.017724443,0.23026511,0.010837737,0.14650518,-0.081431165,-0.03642024,-0.09421613,0.11758398,-0.18917638,-0.24482965,0.19793165,-0.18981941,0.05834501,0.019172283,0.03992394,-0.22988091,0.05043775,0.13824722,-0.031551614,-0.22121294,0.02974175,-0.1744481,-0.16696325,-0.04633083,0.06594332,0.024240319,0.2514576,0.04451768,0.13516931,-0.06328941,-0.034612864,-0.11713642,-0.11471255,-0.047754083,0.20205621,-0.052639026,-0.03870908
TCGA-64-5775-01,0.15426768,0.13361864,0.024904069,0.105596334,-0.19221927,-0.09561043,-0.012480481,0.14471672,-0.042458966,-0.012827213,0.04107963,0.08678905,-0.15679829,-0.03355955,0.16474475,0.07654074,0.00046305737,-0.04150063,-0.02913968,-0.096854806,-0.057906512,0.0977442,-0.088157825,0.13084614,0.20381273,0.15650268,0.027934758,0.087363854,-0.031977113,-0.08662438,-0.17690425,0.0134135755,0.049395237,-0.08802829,-0.026277997,-0.053131476,0.22733852,-0.055578213,0.16335416,0.027848,-0.2630659,0.070582844,0.040373042,-0.10663544,0.28493536,-0.105099864,0.23696235,-0.11004836,0.09340384,-0.051423,-0.10557021,0.056258257,0.036421042,-0.10183155,0.031583942,-0.21099469,-0.13358387,-0.050746948,-0.08206552,0.30712458,-0.20970514,-0.0047989166,0.18581979,0.13702086
TCGA-38-4631-01,0.07857459,-0.063213535,-0.057562143,0.18861058,0.05658156,-0.09321654,0.027248168,0.050686203,-0.033229984,-0.031107046,-0.0069610463,0.040719748,-0.1092261,-0.098740734,0.09911503,0.031273287,-0.04153615,0.19869103,-0.018230991,0.022854872,0.19344102,-0.12339322,-0.029629324,0.12352634,0.060877446,0.19224326,0.13195142,-0.14621025,0.026949508,0.06577275,0.057011757,0.1556925,-0.27943555,0.007902953,0.10162723,-0.055443544,-0.27060533,0.02304846,0.10184091,0.12870918,-0.10395617,0.060394645,-0.027229061,-0.08337216,0.045379944,-0.067489654,-0.107981645,-0.22726776,0.11939674,0.048254475,-0.12361491,0.03938031,0.12327719,0.034511324,-0.1180318,-0.22899164,-0.27855882,-0.0040309816,0.30252257,-0.12349059,0.060859907,0.24343994,-0.0058699343,-0.16962788
TCGA-69-8453-01,0.109864235,-0.022294382,-0.08342334,-0.089285664,-0.019872501,0.008952012,-0.12233251,-0.20085815,-0.12261411,-0.16492942,0.09566138,-0.019605288,0.037106294,-0.13348308,0.025118694,-0.12555407,-0.2386492,0.04536743,0.00873299,0.108746015,-0.1332522,-0.25956178,0.00679323,-0.18611227,-0.04545818,-0.033509295,-0.020908065,0.14843942,-0.057003655,-0.16160505,-0.19635263,0.0072063636,0.12684152,-0.09191273,-0.10430479,0.20686862,0.0017479409,-0.11044161,-0.14413615,-0.0006336531,-0.080222175,0.09394236,-0.21384613,-0.042923104,-0.013955878,-0.16032517,-0.1227174,-0.09698306,0.102994576,-0.19907166,-0.04818714,-0.04018329,0.013420162,0.22606112,-0.1063944,-0.03539911,0.1444999,-0.025284573,-0.03419484,0.054696117,0.0035563046,-0.40528965,-0.09300398,0.06308805
TCGA-91-6840-01,0.19217633,0.011631727,-0.093358986,0.27015293,-0.08919671,0.10479,0.011867732,0.017293718,-0.16896312,-0.13169517,-0.18083042,0.0078239795,0.013924293,-0.06750675,0.115483865,0.0007730198,-0.04664518,-0.07114354,-0.094095424,0.20560633,0.25450817,0.048942942,-0.028736155,0.1552406,0.07201076,0.13399869,-0.10172036,-0.17707543,0.18455026,-0.107576996,-0.1822402,0.11037738,0.15623765,-0.19679654,-0.16340533,0.0622991,-0.10156686,-0.059799302,-0.116439894,0.1625361,0.13797222,0.0014097672,-0.09214613,-0.13719435,0.025270713,0.04989655,-0.036503524,0.012509007,0.038832773,0.026242381,-0.07266146,-0.16480848,-0.03611539,0.17229138,0.100575596,0.08585919,-0.02139926,-0.19582377,0.12950099,-0.21709585,-0.020983933,-0.020657318,-0.27018896,0.023201503
TCGA-91-6836-01,0.1194183,-0.18743926,-0.04485122,0.15910225,0.055162378,-0.07596019,-0.15292545,-0.12845336,-0.122994065,-0.057399206,-0.017227324,0.057324458,-0.029795198,-0.1231562,0.082478344,-0.03689296,0.01895896,0.109904744,-0.027024258,0.2906897,0.19932614,-0.10896938,-0.0704776,-0.10583765,-0.04183586,-0.00594781,0.01573932,-0.34241942,0.030340193,0.095498696,-0.024635462,0.048874304,-0.15069704,-0.09109256,0.107635684,0.06834168,-0.13901971,-0.05440369,0.025789682,0.1087095,-0.08223829,0.12063679,-0.025311543,-0.032540273,0.1736621,-0.055517755,-0.2771742,-0.18565875,0.07438573,0.019458856,-0.06881482,0.17387997,0.07077627,0.113926664,-0.053547256,-0.12066046,-0.31398946,0.0007622195,-0.0060655302,-0.19002548,-0.037875943,-0.002315136,-0.25615594,-0.054045513
TCGA-75-7030-01,-0.0030123924,-0.10044353,-0.1393475,0.03243802,-0.08468437,-0.18036559,0.046064943,-0.102599,-0.07543232,-0.0058609657,-0.27781686,-0.032533534,-0.17563662,-0.09916202,0.04008625,-0.07237756,0.053314492,0.14874744,-0.033689566,0.023417534,-0.017584594,-0.14556763,-0.04096315,0.008411981,0.05759989,0.02698178,0.056961425,-0.119519405,-0.08744182,0.12260317,0.2882295,0.13058671,-0.1829616,0.023248393,0.050979093,0.051879596,-0.187044,0.20726521,0.19032817,0.14039111,-0.013008781,0.078663364,-0.09869583,-0.052725565,-0.10884447,-0.10944049,-0.038513213,-0.21023096,0.11438074,-0.104521826,-0.05301407,0.3845276,0.10821454,0.029062988,-0.18137047,-0.093885034,-0.09676466,0.030451385,0.055717833,-0.22773828,-0.052059293,0.078705706,-0.14325656,-0.07815595
TCGA-67-3770-01,0.10130586,0.12997788,-0.11634202,0.1074119,-0.08968387,-0.15915427,0.17061165,-0.08920744,-0.17152543,0.04557233,-0.021966109,0.045207527,-0.28111944,-0.0008486168,0.055157892,0.013024919,-0.10197484,0.01939704,-0.044852,-0.20679787,0.12245409,-0.25611845,-0.07770065,-0.0052837026,0.009198061,-0.09528397,0.028248085,0.09323197,-0.020388348,-0.047996268,0.15324272,0.0057553453,0.15270524,-0.10497703,-0.07698521,0.10641593,-0.14553574,0.15870488,0.0014556356,0.041848432,0.072193295,0.091612376,-0.17339046,0.007528128,0.20120363,-0.014535129,0.048189603,0.11372042,0.004444712,-0.12499811,-0.05741762,-0.37680236,0.05805805,0.19632322,0.12284716,0.16086699,0.050694175,-0.09446001,-0.25056112,0.05698274,0.035995614,0.047303755,0.2009381,0.096679024
TCGA-55-7911-01,0.061780848,0.07014342,-0.07268743,0.14579272,-0.044142418,-0.10182347,-0.024098586,-0.012731745,-0.105288036,-0.10336815,0.17374611,0.07043141,-0.1720243,-0.073459275,0.0887171,-0.12816966,0.019221105,-0.02524661,-0.05634799,-0.10437291,-0.30289882,-0.10658662,-0.05582045,0.08035225,0.036460537,0.04929868,0.04838386,-0.036425453,-0.08591351,0.02085077,-0.09012493,0.08105702,0.12284342,0.0031506626,-0.040544994,0.35718268,0.039776653,-0.030715581,0.35913822,0.017503137,-0.15195338,0.0659518,0.0032825973,-0.039029524,-0.0017258369,-0.152272,0.031801026,-0.13666175,0.09723611,-0.17143506,-0.09032841,-0.2584151,-0.0060336785,-0.16256814,0.11802605,-0.19925036,-0.14190625,-0.092693485,0.09727323,0.17836581,0.021695774,-0.2446747,0.07443011,0.0043678503
TCGA-78-7152-01,0.12146334,0.05165993,-0.09018599,-0.3007961,-0.15260048,-0.13419178,-0.011853897,0.116742924,0.031078462,0.11636885,0.13025486,0.16513504,-0.13038447,-0.03275215,0.031982746,0.009283199,0.105679974,-0.20649132,-0.036098782,-0.15651628,0.13231513,0.10932094,-0.06881532,-0.06350435,0.010834389,-0.043336358,0.11824059,0.016963487,0.100244395,-0.05377481,0.11403036,0.16455403,0.0030604498,0.056626495,-0.1562195,-0.17538515,0.22195023,-0.053010017,-0.06320865,0.040777043,-0.119453095,0.044615667,0.014330865,-0.11362455,-0.0034176551,-0.0627875,0.18515022,0.023974469,0.13341954,0.022388034,-0.14359841,0.26290405,-0.032461062,-0.13391355,-0.24986978,-0.17185728,0.16641852,0.16265501,-0.035903536,0.010705496,-0.15704566,0.13171889,0.14447048,0.2052414
TCGA-78-7161-01,0.07390186,0.085691184,0.027184106,0.053657338,-0.1461832,-0.20418188,-0.0033338934,0.08605051,-0.08719116,-0.07710339,0.27234283,0.14856899,-0.17826822,-0.02153649,-0.005504425,0.029568234,0.14296183,0.019937173,-0.07270131,-0.14969884,0.082783245,0.13806672,-0.13808113,-0.07891353,-0.027350847,-0.013498551,0.037240572,-0.067301035,-0.032201227,-0.05167708,-0.18009846,0.019510947,0.27815855,-0.0737035,-0.10920558,0.20279697,0.1036362,-0.0070207953,0.09480972,-0.05247274,-0.11909946,0.10917096,0.08164964,-0.018464744,0.32995448,-0.096678846,0.046340764,0.14049631,0.046330668,-0.079027586,-0.06664419,-0.07358389,-0.07826326,-0.14410152,0.085856855,-0.12060944,-0.31511715,0.05291448,-0.15392691,0.18338393,-0.17333771,-0.067579426,0.066437036,0.17304696
TCGA-86-8279-01,0.17436117,-0.09162698,-0.0309689,0.14156614,0.0005821241,0.0461199,-0.017740589,0.096706204,-0.1271786,0.07672397,-0.12961052,0.08525819,-0.071151316,-0.053044107,0.13260564,-0.29576766,-0.1259045,-0.019884959,-0.047771364,0.30305505,-0.17534728,-0.037805676,-0.22686186,0.20867603,0.03968708,-0.005032475,0.031285163,-0.090732954,0.12791775,-0.0035052854,-0.3177444,0.060421526,-0.0907918,-0.21102726,0.07864154,-0.05462444,0.092648655,0.09481411,0.07806748,0.09856395,-0.010489213,0.07716555,-0.07609763,-0.057178836,-0.051127665,-0.030013634,0.038194127,-0.093144044,0.24600403,-0.0011597952,-0.16502696,-0.14744537,0.013164557,0.031121356,-0.05513901,-0.14678895,0.03829507,-0.06481611,-0.24201058,-0.044747554,-0.18354513,-0.116778634,-0.1241976,-0.108018085
TCGA-05-5715-01,0.041886948,0.18538514,-0.021327585,-0.16484609,-0.23174304,-0.10632288,-0.08503778,0.21647352,-0.06411661,-0.06584492,-0.006691455,-0.057233144,-0.24785249,-0.04545914,0.15711533,-0.17266394,0.119292505,0.23819858,-0.048886284,-0.08799232,-0.020619305,-0.058946066,-0.09799612,0.12242884,0.12673612,-0.13077027,0.08785985,-0.03133945,-0.02311766,0.06258015,-0.13173875,0.011273871,0.10068407,-0.061126772,-0.02337944,0.2236074,0.061755605,-0.09930732,0.15470223,0.025304385,-0.12137319,0.098639116,0.017382143,-0.08847229,0.052220386,-0.1682659,-0.047113724,-0.18990846,0.098714426,-0.10688387,-0.069674306,0.017718915,0.15760812,0.020225707,0.1654031,-0.15248504,-0.09655845,-0.044710554,-0.14704648,0.22630443,0.12094446,-0.15050878,0.24774273,-0.15619262
TCGA-78-7148-01,0.12369947,0.21344912,-0.077168204,-0.1587353,-0.20777366,-0.011817977,-0.090027,0.16387917,-0.08349581,-0.111005574,0.10440106,0.0045626704,-0.10060485,-0.043510225,0.15749834,0.03773128,0.12697858,0.16365625,-0.08670659,-0.11256052,0.15872212,-0.0060339957,-0.020477653,0.05751164,0.11106176,-0.051019367,0.060818635,-0.013255161,-0.078611106,-0.09922883,-0.0897287,0.0635902,0.33735752,-0.08762845,-0.15325864,0.34453818,0.09386371,-0.26524693,0.07889196,0.032904252,-0.10091147,0.09037153,0.079533555,-0.14260225,0.06687217,-0.0984368,-0.01871077,-0.1166368,0.08007262,-0.028009716,-0.09800812,0.0065904763,0.050029084,-0.0072827623,0.11080487,-0.16345792,-0.039574027,-0.11818959,0.043443117,0.24707094,0.068965375,-0.15883313,0.17687666,0.029261943
TCGA-86-8054-01,0.14518833,-0.004644813,0.019336455,0.1329369,-0.12681322,0.049443446,-0.051334832,0.045410722,-0.05286168,-0.12970412,-0.36286637,-0.037340753,0.037254695,-0.118669875,0.070355326,-0.06538521,-0.14044298,0.08043571,-0.06786446,0.017442254,-0.3467949,0.077277474,-0.040227633,0.1803327,0.007736004,-0.04735035,0.05912786,-0.13062678,0.011542832,-0.04112899,0.045722503,0.100201175,0.06354939,0.024829969,-0.14559336,0.08416798,-0.059486266,0.26217243,0.22987463,0.14173754,-0.06548517,0.0073038363,-0.093961544,-0.08541412,-0.0009588731,-0.08077763,0.087499484,-0.19882964,0.12889001,0.072657816,-0.044074126,0.032990005,-0.017322315,0.013049701,0.02493298,-0.26758242,-0.14275423,-0.1260535,0.07435067,-0.0834791,0.017008677,-0.25698945,-0.17484266,-0.19064641
TCGA-49-4514-01,0.00085888285,0.0515295,-0.10266934,0.057935078,-0.112319015,-0.36702695,0.09388477,0.020623539,-0.10802664,-0.13540643,-0.05099133,0.058443103,-0.38307527,-0.06187229,0.10194416,0.045167677,0.030911362,0.34894782,-0.058160987,-0.20984362,0.068709716,-0.13919191,-0.056083143,0.046520725,0.12432612,0.07476246,0.037110616,0.0486855,-0.10778114,-0.0050247363,0.11247336,-0.008975273,-0.007291281,-0.099936716,0.022104,0.10611521,-0.06968974,0.0071198563,0.052535832,0.13388935,-0.11168352,0.12831625,-0.13535087,-0.07644885,0.11308238,-0.14914325,0.042516615,-0.047445748,0.034048602,-0.26139036,0.0052807033,0.067780554,0.17301404,0.16280651,0.0785214,0.05841279,-0.11890794,-0.10109625,-0.10510294,0.091546685,0.105121136,-0.01179354,0.18745045,-0.09660153
TCGA-75-7031-01,0.13874556,-0.07023797,-0.060119875,-0.08239021,-0.22562964,-0.11626281,0.118262224,-0.020752799,-0.12136462,-0.009392498,0.030637449,-0.015241495,-0.06251219,-0.069590114,-0.019798284,-0.24744923,-0.06881835,0.07636832,-0.10066594,0.015707612,0.09766402,-0.047492452,-0.21317096,-0.14632629,0.07022216,-0.050391015,0.06687723,-0.01525156,-0.0259167,0.00074563,-0.21388009,0.084819786,-0.1486454,-0.098638386,-0.035396285,-0.11509564,-0.039371766,0.17318861,0.13099611,0.031927716,-0.12843908,0.10871597,0.04078574,-0.020019079,0.14982557,-0.14561753,-0.06967883,-0.038831722,0.23775265,-0.09783646,-0.09634889,0.32032847,-0.007467722,0.024030628,-0.032224488,-0.30273545,-0.21986924,0.13317847,-0.27031672,0.061682753,-0.0392677,0.04910017,0.015559791,0.19980267
TCGA-44-7662-01,0.17904685,-0.034780476,-0.029031299,0.06791681,0.034135804,-0.024072088,0.15432306,0.037654035,-0.1012203,-0.11806905,-0.3116675,0.005179698,-0.039021354,-0.064841315,0.010280836,0.016510185,-0.04562549,-0.20081487,-0.08439136,-0.22295852,-0.10323968,0.06690771,-0.010076791,0.136667,0.011471094,-0.024260744,0.06270134,0.013843168,-0.03959004,-0.06242638,0.23769172,0.120267704,0.078455426,-0.03140173,-0.101615496,0.10909171,-0.19543631,0.43666145,-0.12780792,0.1957968,0.124868475,-0.00886166,-0.13596912,-0.14051183,0.028590733,-0.04286643,0.11908345,0.058118142,0.026358608,-0.0017512885,-0.029180394,-0.0067608505,-0.035611264,0.035699025,0.040427368,-0.05150665,-0.022525206,-0.053361945,-0.24528573,-0.2783796,0.04314563,-0.18261975,-0.14383861,-0.0074332235
TCGA-44-6776-01,0.09150121,0.17441203,-0.044374436,0.05229339,-0.17990048,-0.17066452,0.06353754,-0.06333691,-0.038842157,-0.09105559,0.06590571,-0.0033115898,-0.12860398,-0.07624641,0.21327959,0.10550736,0.024503611,0.121653326,-0.10952405,-0.12831333,0.06186423,-0.15587808,-0.024706297,0.017777294,0.18637887,0.020184934,0.08460297,0.058872063,-0.1816605,-0.08277307,-0.0025904102,0.038853664,0.3111037,-0.049426842,-0.2799381,0.24491508,0.055433437,-0.10589447,0.0494282,0.024493307,-0.07448256,0.14063208,0.025347583,-0.09495867,0.13742214,-0.06870415,0.068961665,-0.12552649,0.053587396,-0.13401255,-0.08059794,0.1665882,0.11927334,-0.13844809,0.07022206,-0.17894755,0.00847191,-0.31431025,-0.04121379,0.14096925,-0.09594631,-0.19057459,0.05205229,0.075418726
TCGA-55-6982-01,0.15179038,-0.17958063,-0.10835032,-0.044646073,-0.023530435,-0.13602465,0.124242276,0.077130355,-0.081338465,0.037396457,-0.25671372,-0.0059640934,-0.17244355,0.08747616,-0.06628115,-0.08819464,0.05226201,0.2085936,-0.02654596,-0.29379806,-0.123571984,0.050073154,-0.039545435,-0.005912064,-0.085421674,-0.4282478,-0.054463964,-0.0066416073,0.053053573,0.037942864,0.19297323,0.030834185,-0.08579765,-0.052255437,-0.034100614,-0.246643,-0.052429758,0.26945028,0.106007606,0.14150843,-0.04781857,0.0004743201,-0.122252285,-0.032399066,-0.10007214,-0.09150479,0.0007781901,-0.038337857,0.0067454637,-0.16290629,-0.049394943,0.051501118,-0.04584792,0.19927056,0.19354095,-0.06625623,-0.08625279,0.03414594,-0.049617004,-0.016498836,0.07786457,0.14830253,0.05514394,-0.060178854
TCGA-75-5146-01,-0.040061753,0.13097128,-0.10941997,-0.19340993,-0.13381696,-0.0388596,0.026816225,-0.04622949,-0.15470381,-0.1597438,0.24185285,0.12808424,-0.11600849,-0.07110251,0.09164322,0.07491701,0.055594016,0.37958705,-0.08439235,-0.07331209,0.21744126,-0.017353125,-0.12545164,-0.0334203,-0.043523904,-0.124468796,0.11113694,0.044200737,0.19002046,-0.10803011,-0.24505322,0.059314433,0.31179953,-0.110564426,-0.15085955,0.25256377,-0.06264848,-0.1297306,-0.09064504,0.014310828,-0.01229206,0.068421036,-0.03248028,-0.08989623,0.097916506,-0.061235096,-0.09331687,0.15054771,0.07634039,-0.063673384,-0.108438596,0.074917264,-0.104968056,0.023058526,-0.1268845,-0.06543459,0.015194993,-0.0050479556,-0.0077160797,0.09892608,-0.11004677,0.0029968943,0.039378483,0.1369701
TCGA-44-7669-01,0.1413973,-0.11900833,-0.0483923,0.11061964,-0.04720884,-0.114493445,-0.09926743,0.0064277914,-0.067945115,-0.065029725,-0.20867346,0.015211575,-0.027319279,-0.108056344,-0.006948947,-0.03830782,-0.10013995,-0.14582698,-0.0631184,0.14103203,-0.12892175,0.0010019505,-0.028600458,0.03317011,-0.08229752,0.10614994,0.023612805,-0.32342353,0.037767276,0.010568299,0.20543373,0.14969485,-0.05637378,0.08770201,-0.12604423,0.021671591,-0.114451654,0.1892174,0.08509104,0.16460589,0.08012688,0.01759762,-0.10404235,-0.055538982,-0.07740222,-0.014235839,0.035185777,-0.12190567,0.044663634,0.012237023,-0.035133723,-0.18426429,-0.058414012,0.060063098,0.041705932,-0.08279609,-0.20350985,-0.053961653,0.2810006,-0.3787912,0.03259898,-0.024503663,-0.32955986,-0.11413277
TCGA-73-7499-01,0.084753826,-0.043972537,-0.033668384,0.069173634,0.009520817,-0.25216654,0.029974803,0.14127229,-0.07268785,-0.06989695,-0.23320933,0.067929216,-0.31262466,-0.02772588,0.009674904,-0.071519405,0.0981361,-0.0034662986,-0.052527677,-0.26333806,-0.2671719,0.11599963,-0.0490674,0.10700292,-0.03497121,-0.22088294,0.106922485,-0.12832996,0.01428493,0.06297614,0.19528157,0.089437515,-0.022002866,0.009374344,0.06474183,0.0093764495,0.040989,0.319243,0.06629634,0.14956683,-0.027516697,0.06339846,-0.13150036,-0.08508275,0.06860117,-0.14028232,0.14321889,0.01711487,-0.0046951943,-0.103599615,-0.02783336,0.0062568206,-0.020108966,-7.247952e-05,0.22582103,-0.05975427,-0.2035324,0.016842961,-0.23369008,-0.08738207,0.06682915,-0.03648909,0.020413987,-0.18018956
TCGA-80-5608-01,0.13037391,-0.013937389,-0.07645533,0.11097694,-0.20253962,-0.3074959,0.15837842,0.031121807,-0.07147841,-0.071784556,0.023860235,0.11365024,-0.27607587,-0.06497153,0.047693666,0.013708782,0.06201005,0.21758829,-0.10084695,-0.16212104,0.07471198,0.0103937965,-0.13526918,0.012642855,0.09552889,0.07941523,0.02622949,-0.10275227,-0.17907621,-0.074656144,0.03342434,0.08703725,0.08766656,-0.04507388,-0.104387306,0.04030889,-0.0047052912,0.07376518,0.26855314,0.0971915,-0.20533508,0.11349326,0.02423216,-0.108247064,0.17416716,-0.14514653,0.13836321,-0.10817905,0.14052635,-0.17766865,-0.11255611,0.09940619,0.009485926,-0.062222682,-0.045673404,-0.22452003,-0.29635093,-0.0045241825,-0.010209341,0.10654625,-0.12395308,0.041532453,0.053724,0.05569739
TCGA-17-Z059-01,-0.009950282,-0.12563005,-0.08857002,-0.002629754,0.16853957,-0.027355053,0.120880514,-0.12131209,-0.17192522,0.046025205,-0.039901912,0.021832712,-0.050777245,0.06609686,-0.045006726,0.06488733,0.044332333,-0.005735861,0.03320412,-0.13621616,0.045306657,-0.15755276,0.038765006,-0.11756869,-0.0608972,-0.39732906,-0.099506006,-0.01767441,0.23031922,0.010957998,0.14649157,-0.08152618,-0.036494285,-0.09417479,0.117706895,-0.18911864,-0.24487855,0.19793692,-0.1898048,0.05823808,0.019200452,0.039829567,-0.22975014,0.050524566,0.13824145,-0.031454258,-0.22132595,0.029729746,-0.17453128,-0.16679351,-0.04623517,0.065868,0.024255527,0.25147548,0.044548713,0.13520007,-0.06321683,-0.034542542,-0.117153235,-0.11466203,-0.04774694,0.2020715,-0.052610148,-0.03867527
TCGA-62-A46R-01,0.14157686,-0.097315945,-0.1198722,-0.07626158,-0.14968729,-0.1453111,0.22730248,0.04590175,-0.072587945,0.012663661,-0.12893175,0.13152665,-0.18422472,-0.044586267,-0.055352923,-0.06582669,-0.06058482,0.14389482,-0.048263215,-0.2027418,0.023921842,0.079193495,-0.16496818,-0.00939299,-0.028125264,-0.09706833,0.13600239,-0.06354326,-0.08026998,-0.13911085,0.20896555,0.15480779,0.010280493,-0.023186408,0.018316275,-0.12438434,0.0074005746,0.23268647,0.18053752,0.12708107,-0.16966355,0.08959114,-0.061557956,-0.108739614,0.13099995,-0.1321907,0.15443294,0.008158714,0.20300609,-0.011550287,-0.07538289,0.23257019,-0.03880491,0.11431707,-0.20332295,-0.19808178,-0.1030034,0.20706367,-0.22669378,0.0069707255,-0.03802759,0.06211804,0.06941081,0.022714332
TCGA-93-7348-01,0.08493199,0.12627499,-0.11760848,0.16460265,-0.17383313,-0.026656937,0.08328687,-0.107979454,-0.050316814,-0.053797457,-0.095310844,-0.03961221,-0.12572415,-0.11143194,0.04478247,-0.051838834,-0.0010836341,-0.40541476,-0.056414023,-0.22763671,-0.16331248,-0.036912225,0.06241154,-0.039215535,0.04585551,-0.057823636,0.017178554,0.06919746,0.062361594,-0.06958864,0.16275397,0.11228663,0.26496944,0.082605235,-0.32306907,0.1427355,-0.05442821,0.19534348,0.078656524,0.045974676,-0.005437329,0.014389841,-0.13222829,-0.05662947,0.19351909,-0.061303284,0.12501033,-0.03027768,-0.0057139057,-0.11091809,-0.05857684,0.12369745,-0.002954323,-0.06937648,-0.11050805,-0.03324661,0.105643064,-0.02797052,-0.09504697,-0.01677207,-0.120777704,-0.26226872,-0.01669803,0.20544945
TCGA-75-5147-01,0.057222355,0.0752666,-0.12866628,-0.065293334,-0.15952137,-0.20859908,0.3086143,-0.11469286,-0.08015789,0.00020698112,0.095904596,0.15851615,-0.19239417,0.013398094,0.040005565,0.018844396,-0.06345705,0.2009076,-0.10491303,-0.123191245,0.08590564,-0.11753717,-0.17050472,0.0197559,0.09434291,-0.16718204,0.090670414,0.003247342,-0.10474113,-0.096718475,-0.003292953,0.060653124,0.1761014,-0.05152556,-0.05082476,0.014265678,-0.08545398,0.09466114,0.31372526,-0.0026793296,-0.13478579,0.08975046,0.035875697,-0.059833538,0.111700535,-0.08608687,0.03039078,-0.053672776,0.1385395,-0.18193313,-0.14787312,-0.15291251,-0.006771541,-0.02240474,-0.12210766,-0.17367701,-0.10257742,0.022072311,-0.16570649,0.07962073,-0.12420615,0.23847944,0.18055521,0.15445599
TCGA-62-A46V-01,-0.018704038,0.047133245,-0.041191183,-0.15700443,-0.019738449,-0.06402837,-0.04090348,0.029027054,-0.071568236,-0.0784047,-0.012511778,-0.030466022,-0.089351125,-0.04662341,0.08943996,-0.117271036,-0.06433026,0.41199625,-0.03795773,-0.026276235,-0.0915231,-0.27062765,-0.02889439,0.15990056,0.086601935,-0.07559219,0.087588266,0.12650402,-0.038327206,0.046076413,-0.0809245,0.027239393,-0.16900975,-0.05034849,0.00053005834,0.005974393,-0.004576172,-0.15303032,-0.061633825,0.12369466,-0.122643836,0.07085239,-0.14521703,-0.05596891,-0.20676446,-0.18110839,-0.01935262,-0.15461457,0.14081669,-0.10323197,-0.064500764,0.08650664,0.19693947,0.15317698,0.057066448,-0.11836019,0.18596715,-0.18237472,0.034196153,0.117064,0.20097263,-0.08050659,0.15306556,-0.30913165
TCGA-73-4676-01,0.04704989,0.13256285,-0.008419595,0.11636609,-0.15662871,-0.25663042,0.035486326,0.070958965,-0.012662945,-0.063481964,0.23566464,0.1822291,-0.19737798,-0.01654997,0.011796447,0.16524549,0.07571303,0.16686012,-0.033395555,-0.13296543,0.014188558,0.1234881,-0.078001685,0.0627411,0.0009610462,0.10896821,0.022504967,-0.09867789,-0.017319642,-0.053252768,-0.105617546,0.029233763,0.23662958,0.022927517,-0.18474863,0.18846972,0.053634837,-0.08950922,0.26729333,-0.017846262,-0.20007703,0.051754925,0.0594472,-0.0043999106,0.18706153,-0.060542885,0.09059709,0.029568853,0.018022757,-0.09256577,-0.06619639,-0.30615386,-0.05266377,-0.12829237,0.04715428,-0.12735872,-0.27957076,-0.08247802,0.15855552,0.14595439,-0.08484599,0.051396392,0.076537244,0.024182662
TCGA-17-Z022-01,0.119227745,-0.09569171,-0.08437753,0.14252044,0.16502734,0.06293476,-0.0014002292,-0.20785482,-0.1818582,0.09774551,0.067385994,0.11857229,0.118109465,0.08864114,0.014682291,-0.038305126,-0.07458839,-0.24583466,-0.03922826,0.1240626,-0.15716745,-0.025485093,-0.028665422,-0.030140938,0.008002312,-0.24629742,-0.2158009,-0.055168632,0.17962947,0.022249931,-0.1537894,-0.048476152,-0.14144213,-0.14777459,0.21904527,-0.2572653,0.084190704,-0.07715813,-0.032834925,0.0777628,-0.1298218,0.081982434,-0.20052002,-0.006640026,0.091998674,-0.08474012,-0.12637071,-0.06749424,0.038555462,-0.16794586,-0.14813958,0.043362588,-0.014707042,0.29724646,0.14090665,0.044534612,0.033865936,-0.06548153,-0.11603733,0.0061689755,-0.15610889,0.10734137,-0.12412832,0.025062308
TCGA-17-Z052-01,-0.009882952,-0.1256662,-0.08867135,-0.0026193094,0.16856188,-0.027539168,0.120851986,-0.121336736,-0.1719604,0.045978453,-0.039856885,0.021936947,-0.05084619,0.06601433,-0.04496106,0.06485317,0.044260334,-0.0057673524,0.03315909,-0.13618061,0.045250613,-0.15758207,0.038701326,-0.11759068,-0.060883544,-0.397255,-0.09943138,-0.017698577,0.23027831,0.01085965,0.14647187,-0.08145818,-0.03648718,-0.09422406,0.1176273,-0.18918942,-0.24484359,0.19794056,-0.18986444,0.05831062,0.019148178,0.039910015,-0.22986062,0.050473355,0.13825841,-0.031541727,-0.22124738,0.029718785,-0.17444505,-0.16691741,-0.046329547,0.06588534,0.024255103,0.25149024,0.044472843,0.1351703,-0.06326227,-0.034570154,-0.11717641,-0.114721194,-0.04775344,0.20203069,-0.052641015,-0.038702033
TCGA-69-7973-01,0.08785304,-0.12876551,-0.014955318,0.064612664,-0.019315036,-0.08470577,0.02311806,0.11868768,-0.074148074,0.01053574,0.07578191,0.079892,-0.028405564,-0.005847753,0.07261483,-0.33642462,-0.19017267,-0.04038207,-0.037894975,0.22597905,-0.11709133,-0.013965078,-0.12946275,0.037985906,0.046817064,-0.111284465,0.084684074,-0.26971272,0.18181972,-0.039848503,-0.39976028,0.058575653,-0.13879043,-0.13110141,0.037710015,-0.14320019,0.11550134,-0.123041,0.0114536,0.054556474,-0.10758548,0.09883333,-0.09847828,-0.026963599,0.05325574,-0.11279023,-0.09836082,-0.088761225,0.13945271,-0.090597175,-0.07666565,0.028738895,0.011740066,0.09056589,0.20683508,-0.20238611,-0.13429506,-0.15547156,-0.039109368,-0.014944256,0.1378161,-0.041220803,-0.042298112,-0.22269334
TCGA-05-5423-01,0.045521267,0.10222874,-0.025643902,-0.2279961,-0.10353293,-0.14013474,0.0143915005,0.08092984,-0.06650796,-0.122758895,0.29249,0.17568544,-0.18595238,-0.07857078,0.12928021,0.21054319,0.05481013,0.32679537,-0.083730854,-0.08028523,0.03874212,-0.057313714,-0.1287857,-0.009920848,0.023507532,-0.12631509,0.16452383,0.08676488,0.09767525,-0.030093327,-0.24790725,0.04784939,0.15713319,-0.046841267,-0.07262099,0.07342252,0.07232129,-0.13838853,0.0030600706,-0.019040894,-0.11810004,0.1399817,-0.023066428,-0.08823861,0.024528287,-0.12387221,0.00879993,-0.007885089,0.15694568,-0.0985272,-0.124961495,0.08846948,-0.0006663471,-0.06603538,-0.18561073,-0.21772343,-0.024196927,0.0013576515,0.033265255,0.1708837,-0.22096364,0.1442032,0.14501804,0.06484892
TCGA-55-8205-01,0.20320728,0.15477997,-0.024860252,0.10985286,-0.21102433,-0.022024112,0.07440134,0.09774268,-0.097898416,0.039164547,0.042439777,0.0437458,-0.061759938,0.0019474279,-0.026060835,0.12623645,0.016412035,-0.2593475,-0.052275736,-0.14804198,0.22199728,0.14325084,-0.05376613,-0.071196,0.056761608,0.11058749,-0.13093023,0.16205803,0.07920471,-0.13902935,-0.04695746,0.022770809,0.23522313,-0.09865289,-0.18935525,-0.038583927,0.0050843963,0.08397778,-0.0422762,0.0342818,-0.070893414,0.023660578,-0.02576093,-0.054211862,0.34605166,0.006721568,0.103101104,0.10638362,0.029950904,0.011946748,-0.07667047,-0.19983648,-0.05550452,0.13716274,-0.06891428,0.06272652,-0.073807426,0.09055543,-0.13890731,0.10565656,-0.21681756,0.025613466,0.10288955,0.35552502
TCGA-55-1592-01,0.1916927,-0.050045546,-0.08511011,-0.10376596,-0.12954985,-0.099645615,-0.02512894,0.08846793,-0.09994905,-0.08658892,-0.04541017,0.03423887,-0.13132286,-0.115491115,-0.00431758,-0.047673903,-0.11376329,0.1041173,-0.08041976,-0.042267416,0.2560976,-0.056354094,-0.07637632,-0.060284518,-0.1155911,0.017558368,0.17798296,-0.19340219,0.2048026,-0.006769341,0.094143614,0.22022454,-0.24171068,0.07479859,-0.12049331,-0.2205063,-0.15069638,0.13291605,-0.09712359,0.13126129,0.084446415,0.019247,-0.1757302,-0.089341916,-0.0078737205,-0.0503251,0.04374156,0.037868097,0.1402256,0.0872785,-0.07638378,0.016000351,-0.09854346,0.120688975,-0.009306239,-0.14083448,-0.15499353,0.101669565,0.24860018,-0.19578768,0.13173555,0.28924003,-0.044593412,0.0054186354
TCGA-44-3396-01,0.10896066,0.23873383,0.096716344,0.08640035,-0.058622964,-0.07951394,-0.01716899,0.17505455,-0.03207382,0.004048979,0.18788046,-0.01054186,-0.15848401,-0.113130204,0.15053865,0.15060194,0.08648932,-0.15419056,-0.055507466,-0.231134,0.089363776,-0.040694192,-0.00937454,-0.037777014,0.07431074,0.021852346,0.10618801,0.11504576,0.04019617,-0.09047699,-0.038893767,0.050619587,0.2417771,-0.0037144679,-0.07560146,0.1727907,-0.007934691,0.04486437,-0.19800147,-0.026959263,-0.11659705,0.15409298,-0.042046353,-0.0759942,0.45294076,-0.042039625,0.051406275,-0.04634204,-0.037580222,0.035284165,-0.085631825,-0.029026922,0.06544208,-0.07050191,0.05974017,-0.09159849,-0.13194983,-0.10258468,-0.157763,0.22189426,-0.14350994,-0.21018371,0.12735637,0.05344867
TCGA-44-6777-01,0.036473803,0.06836661,-0.002138253,0.2248078,0.00655411,-0.16025311,-0.035398003,0.031241069,-0.033712756,-0.13701098,0.09986114,0.038587376,0.005580331,-0.070153885,0.055152502,0.11707665,0.021665385,0.10293483,-0.037013624,-0.0056786253,0.17975752,0.046739962,0.0050147194,0.031805474,0.06249171,0.12150287,-0.0030397456,-0.09113884,-0.069040805,-0.0844517,-0.07699589,-0.02351177,0.27716118,-0.103895,-0.10025813,0.34274775,-0.23871076,-0.05735028,0.022611558,0.04114723,-0.12735249,0.06608175,0.04567752,-0.030529771,0.31684852,-0.02342755,-0.2394328,-0.073647656,-0.054546323,-0.05184133,-0.014233595,-0.14505306,0.12141777,0.03641277,0.043368686,-0.038422257,-0.39708522,-0.18258192,-0.015821217,-0.059305187,0.062382028,-0.20285481,-0.03265154,-0.13011527
TCGA-75-6212-01,0.007989886,-0.095299795,-0.19398326,0.0924413,-0.0025631425,-0.041002512,0.2759848,-0.06397548,-0.058656845,0.0017289015,-0.023479166,0.09970717,-0.05672675,-0.03226074,-0.029564379,-0.052307602,0.022117982,0.22091459,0.0053159604,-0.22658882,0.21453364,0.03252132,-0.07486104,-0.016917346,0.017346224,-0.03944377,0.0012032482,0.15546854,-0.031133816,-0.1814933,0.040072624,0.07253347,0.1320028,-0.17079486,0.058949545,-0.024501998,-0.12271026,0.06900132,0.06845458,0.06857599,-0.23716357,0.05736187,-0.0211969,-0.08526008,0.17601402,-0.06269029,-0.057486393,0.060882755,0.110903986,-0.08317399,-0.059005994,0.44367763,0.04316691,0.14198074,-0.2972876,-0.05197361,-0.026172131,0.1418236,-0.21922274,0.09754605,-0.07777746,-0.039155766,0.105041355,0.0422794
TCGA-78-7160-01,0.17295192,0.1463922,0.08342266,0.0043864762,-0.050353415,0.06628891,-0.06368568,0.15550621,-0.032878,-0.11021941,-0.18175216,-0.02372219,-0.05985942,-0.02283429,0.20890345,0.06974536,-0.13226338,0.13290025,-0.057258457,-0.1018327,-0.13746093,-0.07670936,0.03047282,0.21631151,0.2071351,-0.053111084,0.09124718,0.10675763,0.006211039,-0.011241232,-0.1346319,-0.0029004945,-0.16737483,-0.061627783,0.04304194,-0.16510896,0.08636331,-0.040821254,0.1032042,0.08331093,-0.16856992,0.02628598,-0.056278795,-0.109738454,0.085522555,-0.12584665,0.12397901,-0.22773989,0.10497257,0.073632695,-0.08036719,0.023282718,0.13914725,0.037517823,0.22065154,-0.25431234,-0.039323524,-0.17162414,-0.003517893,0.25940874,0.14864059,0.04449012,0.28283453,-0.14045554
TCGA-05-4410-01,0.10390196,0.0769008,-0.06977473,0.18289772,-0.19601683,-0.16728623,0.09891071,0.009393721,-0.15283999,-0.017095212,0.045529705,0.15428887,-0.24707745,0.018261267,0.032017827,-0.0025476296,0.07361322,0.09202111,-0.08937822,-0.1060181,0.18024787,0.057281967,-0.16494593,0.04262648,0.029691916,0.010416825,-0.01313362,-0.13004723,-0.076723665,-0.080216065,-0.0829267,0.027289497,0.17826013,-0.15461321,-0.0009116038,-0.032624114,0.13296898,-0.015598456,0.20255105,0.006754028,-0.11270516,0.09881762,0.06398831,-0.04426568,0.3357897,-0.05745908,0.22312051,0.14498812,0.06903687,-0.079616934,-0.10370615,-0.099069834,-0.07574062,-0.015401648,0.18681553,-0.024391986,-0.25868592,0.01230788,-0.1535148,0.18891168,-0.15214716,0.16881575,0.09574388,0.17150454
TCGA-05-4425-01,0.10196722,0.07291634,-0.021430941,0.08355867,-0.032920316,-0.13129437,0.035915155,0.05562595,-0.07521842,-0.11849719,-0.23177452,0.054233406,-0.22068207,-0.06902221,0.14937267,0.14630185,0.027090482,0.1822992,-0.07876291,-0.28548425,-0.19367258,0.047905046,0.044572446,0.15828499,0.11129626,0.06227946,0.09934682,0.01735476,-0.044756074,-0.0248872,0.17087172,0.113941096,-0.11591194,0.02439057,0.046931412,-0.039199617,0.085318804,0.166592,0.13640118,0.16340554,-0.16911426,0.065989845,-0.10015373,-0.14417857,0.056806244,-0.141867,0.29791263,-0.0937472,0.06655309,0.018481923,-0.05928767,0.30794498,-0.018255694,-0.036116365,0.18001592,-0.20225714,-0.097675525,-0.115965545,0.07344149,0.13747941,0.05604484,0.016007673,0.060936786,-0.074877314
TCGA-55-6969-01,0.106617704,-0.056876972,-0.10000471,-0.046641868,-0.18214896,-0.1638325,0.18737055,0.027761376,-0.121900454,0.030326769,-0.14277044,-0.006323054,-0.100713,-0.10131498,0.035908125,0.0006365529,0.10501588,0.27478877,-0.099790886,0.0037661858,0.24055323,-0.015335986,-0.14515123,0.0014078654,0.08434202,-0.015689302,0.07157131,-0.16181007,0.02639539,0.037510507,0.07479992,0.16180016,-0.11915367,-0.047624547,-0.07548562,-0.06648775,-0.15751158,0.19947256,0.07004775,0.16822106,-0.0779393,0.12006498,-0.013757378,-0.10187236,0.038085602,-0.08708658,-0.05598798,-0.11259201,0.18103276,0.020747567,-0.098423034,0.39973998,0.033096716,0.056723353,-0.11585005,-0.23326944,-0.17088464,-0.01576477,-0.06594984,-0.1409747,-0.07405051,0.16807477,-0.16833943,-0.018201085
TCGA-78-7146-01,0.12861471,0.0043939236,-0.0501595,0.08375142,-0.14321426,-0.05548177,0.28223205,0.15443955,-0.040159494,0.04380078,-0.10159039,-0.016352357,-0.15840779,-0.013678543,0.0073288484,-0.15753518,-0.010508416,0.2915716,-0.026079359,-0.21341716,0.01220872,0.0105025405,-0.076877646,0.1826039,0.048188277,0.06960663,0.061774056,-0.018325852,0.041263856,0.04604946,-0.09900675,0.16005377,-0.251123,-0.0018836525,-0.06593383,-0.15078224,-0.036953684,0.16635543,0.20711713,0.1164873,-0.18838573,0.010493223,-0.00670463,-0.07125352,-0.05134483,-0.1252161,0.1724547,-0.09450994,0.19370775,0.024751952,-0.08893921,0.1255377,-0.026751684,0.023447596,0.12572916,-0.32737526,-0.057806958,-0.051510278,0.110625155,0.17964758,0.14117779,0.1083973,0.08282898,-0.11247349
TCGA-44-2668-01,0.08784395,0.13936825,-0.13375558,-0.1583882,-0.113247454,-0.00709682,0.14837973,-0.053029083,-0.10019046,0.011606904,-0.1555761,-0.03442029,-0.19353327,-0.062452875,0.09631147,0.057751317,-0.093398094,-0.18368033,-0.073841706,-0.1250332,-0.3563005,-0.1556853,0.014889614,-0.056580685,0.060077656,-0.28050706,0.06072983,0.07998672,0.102693565,0.017950464,0.20432024,0.12809512,0.18619339,0.13300991,-0.09585863,0.091644794,-0.07421903,0.2830176,0.16933821,0.06557813,0.07308155,0.09451947,-0.21317972,-0.083230734,-0.12505159,-0.07280454,0.0412031,-0.15970747,0.056001034,-0.09755997,-0.07129468,-0.11062702,-0.019500084,0.11589609,-0.10313999,-0.06539127,0.16979505,-0.022747913,-0.06290893,-0.06454409,-0.08679256,-0.015986852,0.052828327,0.11408824
TCGA-55-8204-01,0.09444246,0.13709089,-0.031355128,0.044160523,-0.044929914,-0.037799776,-0.08953255,0.15171996,-0.05244065,-0.07942373,0.113008775,-0.076917715,0.020006929,-0.08213337,0.07378969,-0.17360084,-0.01375756,-0.012234931,-0.047794897,-0.004017062,0.002426231,-0.039813217,-0.051237304,0.13736239,0.026372232,-0.009442823,0.06941125,0.06164081,0.12354311,0.00858649,-0.2520074,0.063213326,0.21533318,-0.085583106,-0.2143225,0.36891738,-0.2484759,0.049308557,-0.004182452,0.022915946,0.006366529,0.027391762,-0.00026539224,-0.03904464,-0.009403223,-0.042539243,-0.27790403,-0.09898776,0.07749723,-0.037410032,-0.07655335,-0.40112376,0.08926368,0.041758165,0.07880588,-0.10983573,-0.1509497,-0.11543429,-0.026114414,-0.082039945,0.11195149,-0.27304792,0.025441578,-0.146067
TCGA-69-8253-01,0.18174134,0.10830068,-0.060445473,0.035040144,-0.09095421,0.07932238,-0.08684468,0.13105278,-0.109157555,-0.07969965,0.08444232,0.020551601,-0.051365975,-0.07189923,0.040181227,-0.123183675,-0.11352515,-0.15280464,-0.025743794,-0.26187164,-0.23691933,0.04725589,0.0065463074,-0.062052064,-0.060553208,-0.011956823,0.122466385,0.11317515,0.017422559,-0.12271065,-0.04559817,0.15047874,0.13907701,-0.0045398274,-0.032048624,0.20135343,0.09026425,0.039815616,0.13134788,0.009569242,-0.20679139,0.07705192,-0.06653279,-0.06829137,0.17731994,-0.14970647,0.09001442,-0.06678992,0.136497,0.06965753,-0.08250442,-0.03609894,-0.05372103,0.09092045,0.062175825,-0.24777083,-0.07970296,0.08420696,0.02393843,0.31164992,0.13254572,-0.31728178,0.2552334,0.08052111
