,dim_0,dim_1,dim_2,dim_3,dim_4,dim_5,dim_6,dim_7,dim_8,dim_9,dim_10,dim_11,dim_12,dim_13,dim_14,dim_15
154,-0.16078395,-0.030002365,-9.652168e-05,0.3622579,-0.11625954,0.66659755,0.17339183,0.18025911,0.20715657,0.15599626,-0.3146733,0.24829006,-0.028290942,0.16633767,-0.15827309,0.2003896
526,-0.20612194,0.056403566,-0.09020797,0.3115706,-0.087922126,0.671765,0.1754692,0.20552649,0.3528475,0.16659583,-0.16251957,0.26898193,-0.05581706,0.14908081,0.02956132,0.19963899
271,-0.12967415,-0.09909051,0.06444108,0.36869162,-0.15317488,0.6191178,0.1855384,0.17787196,0.107870154,0.14847751,-0.40360498,0.20845729,0.005617257,0.1421057,-0.24533601,0.19999743
466,-0.17465273,-0.040050134,-0.010326184,0.35165796,-0.1131381,0.6563185,0.16500081,0.1672193,0.21606152,0.18526581,-0.30939278,0.2527634,-0.025111964,0.16389419,-0.14009507,0.24008954
255,-0.14262284,-0.07624185,0.053097207,0.36352286,-0.14745821,0.63445485,0.18849221,0.17188352,0.13857257,0.160579,-0.3853925,0.22190723,-0.004356307,0.15502714,-0.21619383,0.18967648
257,-0.17858233,0.04075932,-0.061929937,0.3227868,-0.12382488,0.6856614,0.20012225,0.22602612,0.31251308,0.14107686,-0.2165674,0.25116825,-0.04032752,0.13511479,-0.02082889,0.18425332
706,-0.18255524,0.20904766,-0.25639305,0.15860216,-0.089992516,0.5539378,0.19801526,0.27979082,0.5024995,0.07652103,0.099956125,0.17806356,-0.07591039,0.04933846,0.29728776,0.054828003
48,-0.18821514,0.1954952,-0.23896988,0.18339446,-0.08324746,0.5790547,0.19157818,0.27400059,0.49236667,0.084112644,0.07510401,0.19794121,-0.078698024,0.06525751,0.26663542,0.07573555
39,-0.23012757,0.12854123,-0.17430566,0.24898809,-0.039980937,0.6123908,0.14550503,0.18508376,0.45101687,0.16512915,-0.015148267,0.2834336,-0.0807127,0.14622235,0.17192575,0.19336586
364,-0.1396366,-0.1763783,0.07110909,0.3767634,-0.12347333,0.5800611,0.16462237,0.17702799,0.042740993,0.13751139,-0.4154601,0.20601578,-0.060497563,0.12572852,-0.29697466,0.22086659
588,-0.14872773,-0.0112103885,0.012878978,0.3533849,-0.12671602,0.68884254,0.19691965,0.21458021,0.20512933,0.120265536,-0.30954152,0.23867662,-0.04767449,0.14163505,-0.14139943,0.16022857
193,-0.16844718,0.06362997,-0.051848873,0.30314916,-0.13410293,0.6991791,0.22354881,0.25521642,0.3217564,0.11253015,-0.2007678,0.23871312,-0.051567364,0.104677945,0.021143744,0.15329325
112,-0.16719164,0.06106261,-0.0485478,0.30547583,-0.13582624,0.69917303,0.22336167,0.2535192,0.31755516,0.11410208,-0.2069651,0.23832662,-0.048110273,0.10629429,0.014464489,0.1545147
546,-0.18994485,0.14342816,-0.14786892,0.27350643,-0.059505768,0.66816354,0.17371976,0.21841376,0.4145757,0.08357557,-0.055973828,0.2781446,-0.11123761,0.14431937,0.099215485,0.12810422
601,-0.2120026,0.101145096,-0.2387495,0.28472662,-0.095788255,0.61573684,0.18476327,0.25117844,0.44848132,0.13706373,-0.04013554,0.22135177,-0.06446292,0.13697328,0.10684048,0.12789531
110,-0.16840443,0.08168563,-0.058906484,0.29982418,-0.123492464,0.7022653,0.21836862,0.25998992,0.33077586,0.10279567,-0.17989048,0.244336,-0.062328063,0.10430741,0.033035025,0.14142077
114,-0.1887456,0.20391135,-0.24312672,0.16899689,-0.081063375,0.5648888,0.19100937,0.26998967,0.49859625,0.08654843,0.09063734,0.19414243,-0.08009754,0.059925348,0.2887283,0.06862356
690,-0.13680264,-0.17531675,0.073262654,0.3736041,-0.1281753,0.58211136,0.16906053,0.18102679,0.04178376,0.13363315,-0.41814598,0.20309772,-0.060472894,0.121288046,-0.29572493,0.21782444
437,-0.14534096,-0.15131193,0.055707235,0.3813241,-0.12251768,0.5884648,0.1565007,0.16229324,0.076280266,0.15682581,-0.40267032,0.21643133,-0.030179085,0.14794776,-0.28190053,0.23166835
609,-0.1684436,0.057542145,-0.047718074,0.3069327,-0.13491046,0.69876343,0.22250564,0.2520603,0.3151815,0.115858674,-0.209439,0.23914587,-0.049728308,0.10767589,0.010952959,0.15592194
385,-0.16858551,0.0541658,-0.043841537,0.31224012,-0.13290542,0.69861823,0.21870114,0.24633831,0.30887184,0.11911893,-0.2167935,0.24182077,-0.04738041,0.11437001,-0.0011990336,0.15681304
723,-0.19458711,0.19900334,-0.24344304,0.17529254,-0.079559654,0.5661129,0.18755911,0.26259252,0.49952394,0.09727562,0.08413089,0.1988238,-0.07345558,0.06854287,0.28189206,0.08026307
753,-0.1684216,0.052250285,-0.053219337,0.31538025,-0.13231629,0.69736737,0.21616605,0.24557835,0.3096997,0.121667884,-0.21583775,0.2393422,-0.04869813,0.11763797,-0.008520407,0.15770632
175,-0.12699772,-0.096933395,0.06966837,0.37178382,-0.14704451,0.6200786,0.17969841,0.17833601,0.098206036,0.14369547,-0.40314606,0.21072862,-0.000737009,0.14405917,-0.25651836,0.19339691
751,-0.22690208,0.136482,-0.17680675,0.24691577,-0.061284225,0.6161321,0.16243356,0.20681278,0.45396405,0.1669546,-0.01807116,0.2615498,-0.06099192,0.13386507,0.18167607,0.16670746
471,-0.12703605,0.24941753,-0.4372177,-0.104463436,0.042095914,0.031172743,0.029954735,0.10403563,0.48041221,0.03130057,0.45812872,0.031057332,-0.08503664,-0.017655004,0.50366795,-0.03563669
207,-0.21669619,0.06370055,-0.115068205,0.31557477,-0.056462742,0.6492226,0.13819313,0.1592368,0.37010154,0.18658419,-0.14182119,0.29335144,-0.051536635,0.18963183,0.018108826,0.22388364
66,-0.16340792,-0.10598868,0.031765517,0.38108155,-0.0988784,0.6196626,0.14443047,0.15881124,0.12377398,0.16732833,-0.35935843,0.24157822,-0.045757357,0.17070179,-0.2498315,0.22699411
380,-0.13775417,-0.18979341,0.07554332,0.37332964,-0.12279215,0.5752543,0.16698219,0.18114065,0.030372152,0.12842739,-0.42081755,0.19938213,-0.07283684,0.11786951,-0.3044952,0.21692774
698,-0.1902461,0.18286122,-0.25008294,0.19342223,-0.097184196,0.581032,0.20057878,0.2758167,0.48961017,0.09566336,0.057171743,0.19106208,-0.072167635,0.07076363,0.25000578,0.07552118
727,-0.16731513,0.060046863,-0.048122417,0.30614242,-0.13560434,0.69916546,0.2230086,0.25332797,0.31654888,0.11436491,-0.20788537,0.2384622,-0.048270203,0.10661787,0.012951329,0.1549329
77,-0.18254337,0.20895945,-0.2561359,0.15891972,-0.09011764,0.5543411,0.19809392,0.27977726,0.5023603,0.076640606,0.099457964,0.17820965,-0.075771995,0.049525768,0.29684496,0.054951437
681,-0.12692495,-0.11238378,0.070779726,0.36954874,-0.15144886,0.6120357,0.18331367,0.18148735,0.08817745,0.14269735,-0.4107951,0.20628592,-0.007165548,0.13466677,-0.2607486,0.19999334
7,-0.15500963,-0.055258896,0.024989747,0.35937577,-0.13490501,0.6517209,0.18545327,0.17304651,0.17395094,0.16771479,-0.35284472,0.2357842,-0.02306956,0.15955706,-0.18034402,0.19715543
303,-0.20045613,0.059315167,-0.09883386,0.3240779,-0.07227349,0.6760329,0.15879688,0.19884475,0.3425872,0.15663244,-0.15337297,0.27824944,-0.06742002,0.15656272,0.012334893,0.20603287
375,-0.13270079,-0.11605273,0.06472967,0.37539786,-0.141041,0.6093957,0.17393918,0.17423414,0.09044025,0.14817888,-0.4042261,0.21217382,-0.0093212975,0.14342329,-0.26358956,0.2079697
416,-0.13486435,-0.18245581,0.07789424,0.37166458,-0.12901245,0.57949024,0.1722656,0.18394476,0.03370144,0.12707731,-0.42239922,0.19824822,-0.06625641,0.11657248,-0.30013582,0.21280651
249,-0.16833352,0.06293481,-0.051417317,0.30344748,-0.13439758,0.69920975,0.22369616,0.25538722,0.3209339,0.112514265,-0.20166843,0.23856787,-0.05157761,0.10455569,0.02017594,0.15335329
156,-0.12390941,-0.07451577,0.070940055,0.36836514,-0.15500194,0.62868786,0.18725087,0.17699881,0.11509944,0.1456236,-0.400631,0.21122296,0.015278992,0.1485683,-0.24057375,0.18151255
9,-0.12582959,-0.13291986,0.08161992,0.36837658,-0.13890463,0.6108712,0.18174718,0.18917201,0.062195495,0.124755934,-0.41484907,0.20202786,-0.04265917,0.1233931,-0.27715248,0.19145094
115,-0.15170063,-0.028332716,0.019119268,0.35176513,-0.13257726,0.676642,0.1957075,0.19751368,0.196177,0.14177543,-0.32699877,0.23797977,-0.038628083,0.14491533,-0.14780267,0.18127123
232,-0.15977952,-0.08200783,0.023299985,0.38121292,-0.102279864,0.61506814,0.13597028,0.13702486,0.13155185,0.18062429,-0.36083177,0.25069934,-0.025295973,0.19330171,-0.2583492,0.21935089
531,-0.1555687,0.11075089,-0.057259206,0.2791519,-0.13581799,0.7047188,0.23575316,0.2858448,0.34609222,0.0762381,-0.15928432,0.22928873,-0.05916484,0.08148563,0.066170104,0.109134704
332,-0.16392754,-0.06536443,0.005462482,0.3660472,-0.116269946,0.64236665,0.16566466,0.15324248,0.17943043,0.17671272,-0.34299687,0.24642462,-0.030662341,0.17672582,-0.19051293,0.2179248
725,-0.16473818,0.07537062,-0.05109271,0.29977515,-0.13228981,0.70321673,0.22361632,0.26385313,0.32412794,0.10338552,-0.19214423,0.23731786,-0.053802263,0.099307545,0.026595792,0.14358707
532,-0.14553893,-0.081526935,0.029794479,0.37153023,-0.13496761,0.6410202,0.18080673,0.18775168,0.13818108,0.14880092,-0.36853036,0.2209307,-0.028821575,0.15022022,-0.2245369,0.1910763
55,-0.14061782,-0.18053687,0.06768988,0.37885717,-0.11840882,0.5795554,0.16295035,0.1800304,0.039088983,0.13050757,-0.41169974,0.20751804,-0.07451149,0.12620486,-0.30309767,0.21489799
658,-0.12731367,-0.13806607,0.07963954,0.36844254,-0.1481146,0.6018008,0.18459392,0.18905489,0.06393568,0.13346298,-0.4195728,0.19964157,-0.02900094,0.121597536,-0.27497968,0.19919512
44,-0.17526089,0.0535526,-0.055583358,0.32023117,-0.11655844,0.6947142,0.20146425,0.23915772,0.3146103,0.121630654,-0.20392232,0.25267455,-0.05284751,0.12732469,-0.012134849,0.16860072
76,-0.22715008,0.12677097,-0.23422211,0.25949854,-0.08207166,0.6127397,0.17328414,0.22847389,0.4547077,0.17251733,-0.027042998,0.22910255,-0.0639304,0.14841433,0.13954675,0.10193812
643,-0.221374,0.0014316196,-0.15819591,0.34181708,-0.11609835,0.6276314,0.17064407,0.19853163,0.34604368,0.21213704,-0.19787334,0.2354937,-0.01204295,0.18263467,-0.043409135,0.19608165
369,-0.17450324,0.017367827,-0.038206965,0.3227122,-0.13643883,0.68716764,0.21597971,0.22625099,0.28870776,0.14054112,-0.24702585,0.243065,-0.045551572,0.12459046,-0.029316159,0.18256167
521,-0.16590881,0.058756664,-0.045399833,0.30812824,-0.13666074,0.69930786,0.22242169,0.25101802,0.31318286,0.11555064,-0.21289937,0.23851024,-0.045377184,0.10878591,0.0068996996,0.1556885
429,-0.14156315,-0.17448331,0.0671035,0.37886748,-0.12331942,0.5771462,0.16044287,0.17045948,0.04770595,0.14351687,-0.41444647,0.20766446,-0.050438553,0.13432105,-0.29990464,0.22377658
700,-0.18543725,-0.0361511,-0.023569541,0.36930737,-0.09879742,0.6321928,0.14164095,0.14105822,0.23257291,0.2019841,-0.2965511,0.26735577,0.0005273736,0.2021877,-0.15717635,0.24099879
367,-0.18332852,0.20542386,-0.25239336,0.16351677,-0.09160129,0.5601532,0.1994572,0.27986938,0.49990752,0.07857931,0.09191522,0.18064727,-0.07549369,0.051515993,0.290778,0.05839533
537,-0.19410726,0.20011263,-0.24413486,0.17372474,-0.07949867,0.5647803,0.1877125,0.26301157,0.5000562,0.09628133,0.08609287,0.19789341,-0.07377639,0.06740536,0.28403214,0.07890863
121,-0.20949581,0.1010798,-0.11911362,0.30629292,-0.0661254,0.6611422,0.14631851,0.20571981,0.37950498,0.1667472,-0.105210565,0.2818751,-0.045185555,0.15653387,0.053099293,0.20239562
558,-0.15611267,0.28048265,-0.3459025,-0.026581071,-0.0062127938,0.2581587,0.10070444,0.18688686,0.5319762,0.047575068,0.35010603,0.10127838,-0.07559113,-0.008275939,0.49085686,0.0058292956
73,-0.21721615,0.22744356,-0.26513788,0.13395652,-0.0053644013,0.4884293,0.108504996,0.20909312,0.5179079,0.11228515,0.19038716,0.23464584,-0.09058357,0.078088626,0.33936664,0.13093276
23,-0.1706711,0.054813538,-0.0509148,0.3098122,-0.13107882,0.6967222,0.21688631,0.24519055,0.31595644,0.12158404,-0.20952974,0.24251968,-0.048079994,0.113528386,0.0066182865,0.16418143
415,-0.19425271,0.25436836,-0.2600206,0.0866989,-0.018961191,0.4566022,0.13379242,0.20814279,0.52711934,0.08380271,0.21438608,0.20812926,-0.10194217,0.048098825,0.39879307,0.080422595
197,-0.232144,0.09355204,-0.14559752,0.31745794,-0.028965835,0.62232715,0.09441322,0.1553842,0.38445544,0.2146004,-0.08100783,0.30412853,-0.03214928,0.19820908,0.034578875,0.24445628
20,-0.18709654,0.19140574,-0.25045937,0.1836263,-0.091583386,0.5746899,0.19804807,0.27759477,0.49495277,0.085563265,0.072369896,0.18793768,-0.0756584,0.06490018,0.26397198,0.06706463
143,-0.16509403,-0.06605155,0.0080729555,0.36332545,-0.114376396,0.63695467,0.16279185,0.13845158,0.18073605,0.18361446,-0.34642425,0.25345582,-0.030144302,0.18333577,-0.18898362,0.22579274
108,-0.14761834,-0.016658911,0.023130115,0.35667568,-0.12535012,0.6854831,0.19421871,0.21243443,0.19414501,0.12039813,-0.31813335,0.23947972,-0.04467652,0.14345504,-0.15264693,0.15844809
61,-0.1749892,0.26254565,-0.307169,-0.0024249498,0.029699756,0.30642068,0.091675885,0.2023845,0.5224459,0.013640739,0.34796527,0.14456905,-0.123481184,-0.008013881,0.48017654,0.030872602
641,-0.18278836,0.2082988,-0.25573683,0.15959305,-0.090222426,0.5551229,0.19821839,0.27974796,0.5020187,0.07704953,0.098430745,0.17859906,-0.0759182,0.04984618,0.29597068,0.055545762
665,-0.16202797,0.09025825,-0.056487672,0.2915329,-0.13323857,0.70368713,0.22702022,0.2721703,0.335912,0.093918435,-0.17620504,0.23414558,-0.053074315,0.09207264,0.045672838,0.13403349
478,-0.18492107,0.2089441,-0.3118227,0.14159653,-0.080595456,0.5018139,0.18237652,0.27128386,0.52278686,0.07596305,0.14883052,0.15812649,-0.073465995,0.048288614,0.32147014,0.04890404
748,-0.1318676,-0.105028495,0.059900478,0.3762217,-0.14277175,0.611689,0.17313686,0.17040707,0.098482154,0.15092392,-0.40154433,0.21350941,-0.0032758683,0.15162362,-0.26490456,0.20102559
238,-0.1826181,0.20885706,-0.25625354,0.15887944,-0.0900405,0.5542311,0.19803946,0.27977252,0.5023937,0.076661855,0.09957828,0.17820847,-0.07588084,0.049493305,0.2969207,0.055038467
718,-0.12889642,-0.119789325,0.07596486,0.3688323,-0.14477007,0.61414456,0.1845867,0.18695995,0.07887741,0.13262905,-0.411025,0.20628959,-0.027208405,0.1306671,-0.265751,0.19058666
759,-0.12788905,0.24959375,-0.43721655,-0.102673545,0.04170485,0.03465941,0.030783135,0.10496837,0.48168206,0.031922016,0.4568658,0.03249952,-0.08542868,-0.016756859,0.5031205,-0.03481987
654,-0.1346519,-0.12409087,0.06061121,0.38588798,-0.13365759,0.5932379,0.15843767,0.16260028,0.07673695,0.15942167,-0.40342373,0.21931595,-0.010589175,0.15394793,-0.2842004,0.21404262
288,-0.15263362,-0.049971282,0.0249145,0.35516945,-0.14180692,0.6596145,0.19158925,0.19522838,0.18390106,0.15486757,-0.34423414,0.22883578,-0.012429024,0.14241129,-0.16454375,0.2030817
426,-0.16287671,0.064045206,-0.04400322,0.3154108,-0.12636542,0.7045694,0.21322621,0.25238425,0.30503345,0.10654612,-0.21008466,0.24428642,-0.054148536,0.114342414,-0.010009282,0.14860755
171,-0.13499632,-0.14453064,0.07017711,0.371109,-0.13954471,0.60109264,0.17798486,0.18689227,0.06799848,0.13648964,-0.4118699,0.20463932,-0.037943725,0.12546636,-0.27497315,0.20805942
310,-0.22813721,0.14838623,-0.16942905,0.24098569,-0.046359938,0.61045134,0.1509929,0.19699863,0.45868862,0.16645579,-0.0010816067,0.27106836,-0.06165863,0.13548636,0.19782372,0.17283696
504,-0.1679732,0.0622569,-0.050454445,0.3043933,-0.1348913,0.6990324,0.2233177,0.25434992,0.31981078,0.113492854,-0.20367299,0.2386294,-0.04976756,0.10552948,0.017911732,0.15421127
129,-0.12239957,0.26410344,-0.41346645,-0.09804694,0.026769483,0.07132201,0.048137926,0.12149095,0.49169442,0.029469617,0.43919504,0.035825584,-0.07437488,-0.023952268,0.51685935,-0.041984394
91,-0.16256906,0.088975385,-0.05672854,0.29205942,-0.13268438,0.7035991,0.22665188,0.2721482,0.33529302,0.094096154,-0.17645398,0.23456198,-0.054316252,0.09217393,0.044742208,0.13478222
516,-0.13585944,-0.09297727,0.05775508,0.3733385,-0.14323115,0.6189417,0.17436247,0.16849749,0.11674386,0.15794224,-0.39461124,0.2171155,0.009719628,0.15452658,-0.24453513,0.20634906
195,-0.18839236,-0.05562249,-0.06572905,0.3777481,-0.09707378,0.60106087,0.120482214,0.121359386,0.22411431,0.21833017,-0.2959741,0.2664424,-0.00012508337,0.22459005,-0.20294717,0.2575717
262,-0.117734276,-0.05106303,0.06818397,0.36546713,-0.15747629,0.64040715,0.18953314,0.17738692,0.12757877,0.14301737,-0.3923582,0.21378803,0.019843277,0.1504716,-0.22984171,0.17539592
444,-0.1296873,-0.11181583,0.06711687,0.37572625,-0.14090583,0.61428887,0.17720225,0.18224525,0.08556286,0.13732597,-0.40234765,0.2120303,-0.022075484,0.14111803,-0.26929817,0.19297972
498,-0.13224488,-0.11324504,0.061589565,0.37367463,-0.1484543,0.6078783,0.17735595,0.17647985,0.09579242,0.15215874,-0.40524834,0.20960532,-0.0005646821,0.14265877,-0.26055655,0.20826747
295,-0.17824008,-0.046546433,-0.017514521,0.35835484,-0.106173396,0.65032464,0.1563116,0.1644081,0.21845253,0.1854304,-0.3033457,0.25464964,-0.02275139,0.17034549,-0.14770153,0.2477067
423,-0.18132758,0.20550315,-0.23876774,0.17289402,-0.08710987,0.57612705,0.1974764,0.27501622,0.49347848,0.07715758,0.08007899,0.19191797,-0.08170036,0.058788,0.27771837,0.06218639
365,-0.1355784,-0.11009026,0.05993261,0.37488925,-0.138097,0.6113719,0.17134836,0.17027864,0.097140856,0.14961728,-0.40030846,0.21803649,-0.011461229,0.1500171,-0.26284307,0.20695896
189,-0.15018222,-0.053163983,0.033209827,0.3556751,-0.14030671,0.65340704,0.18973911,0.17454027,0.17065124,0.16641624,-0.3581622,0.23331267,-0.01848445,0.15336852,-0.17650627,0.19841878
1,-0.18004596,0.22106789,-0.32267362,0.11807108,-0.07331295,0.47416475,0.17670861,0.2642695,0.5279296,0.07018464,0.17832139,0.14760572,-0.07719211,0.037016887,0.35097563,0.04059256
758,-0.1834691,0.08390642,-0.07997326,0.309746,-0.075284764,0.69824433,0.18095945,0.22515582,0.3432744,0.11068811,-0.15020832,0.27204514,-0.09968935,0.14105389,0.01711679,0.15335819
536,-0.18327421,0.20563577,-0.25252613,0.16323584,-0.091542296,0.55985165,0.19943137,0.27990147,0.50003326,0.078428835,0.09231167,0.18049236,-0.07551691,0.051366944,0.2911612,0.058120966
618,-0.13772865,-0.186299,0.077894054,0.3729078,-0.121650115,0.5783606,0.16764659,0.18308713,0.029150339,0.12627254,-0.41969416,0.20132078,-0.07661768,0.117047004,-0.3031859,0.21286188
147,-0.16698256,-0.08042681,0.02115385,0.3594414,-0.122057326,0.64463323,0.1783217,0.1701852,0.16578534,0.17582159,-0.3495915,0.24102794,-0.047982268,0.15425481,-0.17920528,0.21879905
8,-0.20913999,0.09555953,-0.1361655,0.3072272,-0.058539413,0.6656094,0.15563963,0.19972657,0.38405743,0.14129156,-0.10282095,0.2834513,-0.08714561,0.16735955,0.04828446,0.16524827
296,-0.19307686,0.19126375,-0.23407403,0.19069822,-0.07911123,0.58536834,0.18747975,0.26872098,0.48765326,0.0902021,0.067740336,0.20771703,-0.082461245,0.07222819,0.25606528,0.08628671
454,-0.12593672,-0.09149607,0.069202416,0.36781412,-0.16078578,0.6185178,0.187587,0.18412955,0.107828595,0.14928378,-0.40583128,0.20409612,0.021108277,0.13905434,-0.24511538,0.19507213
376,-0.16804248,0.06339731,-0.051121235,0.30337772,-0.13477923,0.6992073,0.22380896,0.25520602,0.32102886,0.11266854,-0.20196725,0.23843458,-0.05070066,0.104660325,0.020180456,0.15325493
555,-0.21427456,0.067509085,-0.17454338,0.29580328,-0.10311637,0.63770616,0.18452582,0.2408233,0.4072389,0.14621286,-0.098726116,0.25245366,-0.05928592,0.13563673,0.0687151,0.18676445
593,-0.13613987,-0.1735754,0.07244236,0.3754873,-0.1279572,0.58091646,0.16753787,0.17897657,0.041530322,0.13447161,-0.4181628,0.20405784,-0.0579675,0.12432623,-0.29855865,0.21656117
51,-0.2057676,0.050916884,-0.09345645,0.32003328,-0.07968763,0.66360325,0.16054362,0.17829071,0.34881496,0.17548484,-0.17350002,0.28085306,-0.04837907,0.17322345,0.0034200104,0.2140667
93,-0.1579758,0.27846643,-0.3457361,-0.019044979,-0.0096503645,0.27046204,0.10495668,0.1914918,0.53373784,0.04897701,0.34234723,0.104263306,-0.07593093,-0.0057921675,0.48525202,0.0077598896
185,-0.19665527,0.1538409,-0.14046802,0.27081013,-0.052120253,0.6582617,0.15895481,0.18962528,0.41212413,0.13127457,-0.056048285,0.29467052,-0.10641703,0.15630539,0.11055854,0.14936668
206,-0.1846936,-0.03622652,-0.034823608,0.3596282,-0.10901106,0.65205836,0.16081353,0.17843564,0.23832962,0.18443911,-0.27990928,0.25909466,-0.023607267,0.16480422,-0.121081166,0.2461515
196,-0.1485403,-0.18556498,0.06662289,0.37109822,-0.11325594,0.58807325,0.1658828,0.18367985,0.041536067,0.13205315,-0.40636632,0.20732161,-0.09175042,0.119522296,-0.28931597,0.21851742
324,-0.15477075,-0.05756149,0.028330494,0.35567585,-0.13803808,0.651049,0.1879402,0.17261676,0.17427588,0.17123573,-0.35529575,0.23526944,-0.020465802,0.15422997,-0.17256673,0.20523608
622,-0.17060572,0.011617044,-0.02876608,0.32729328,-0.1392927,0.685959,0.21464995,0.2207493,0.27631828,0.1437822,-0.2620461,0.24193966,-0.038892373,0.12857883,-0.046300657,0.18342932
353,-0.13691904,-0.1125243,0.06356601,0.3737597,-0.13846083,0.6133951,0.17379235,0.17590412,0.094752654,0.15113236,-0.39984477,0.2148464,-0.016699858,0.14471146,-0.2598336,0.20419563
666,-0.12291886,0.19035842,-0.51519406,-0.11472575,0.06437158,-0.097243704,-0.019674245,0.044296235,0.44000897,0.06896295,0.4867117,-0.011569695,-0.07959924,0.0009862898,0.46010977,-0.026350139
168,-0.14074722,-0.21395996,0.07855836,0.37241572,-0.110659584,0.56256753,0.1612736,0.18116577,0.008465234,0.120108,-0.4214016,0.19769068,-0.09989764,0.11053534,-0.31710017,0.21927126
387,-0.1784953,0.2111765,-0.25102746,0.15853757,-0.08897093,0.55871,0.19860123,0.28146684,0.50068885,0.070883885,0.09920314,0.17795876,-0.077823155,0.047265664,0.29752064,0.051212143
738,-0.17731838,-0.025084246,-0.037504032,0.36462292,-0.10945534,0.65706867,0.16035977,0.18515342,0.24087265,0.16968223,-0.27358642,0.26082435,-0.020638408,0.16498974,-0.124233246,0.23892213
417,-0.18303157,0.20772137,-0.25535363,0.16053352,-0.09029692,0.55602455,0.19815154,0.27945083,0.5017785,0.07766047,0.0972306,0.17917286,-0.07566664,0.050550576,0.2947322,0.056424692
543,-0.19118868,0.18958624,-0.2310461,0.19012696,-0.083961695,0.58803976,0.19092777,0.27255085,0.48657414,0.088292025,0.0631735,0.20488136,-0.07820388,0.0685491,0.25554052,0.08810601
610,-0.18327278,0.20558427,-0.25243574,0.16334069,-0.0915974,0.5599871,0.19947183,0.27990267,0.49998227,0.07846938,0.09212651,0.18053362,-0.07546843,0.05142013,0.29101416,0.058170564
316,-0.18871686,0.2018212,-0.23478928,0.17863752,-0.079542235,0.57728535,0.18982828,0.2642766,0.49416676,0.08912312,0.077475294,0.2021,-0.0798636,0.068545364,0.27456862,0.07549439
598,-0.1946359,0.19825852,-0.24283636,0.17619497,-0.07989881,0.56718326,0.18777184,0.26282093,0.49889278,0.09753305,0.08277526,0.19916777,-0.073351026,0.068691276,0.28068087,0.081090234
673,-0.12928459,-0.10158583,0.06814898,0.37118396,-0.15092199,0.6147254,0.18112437,0.17825258,0.1000406,0.1489043,-0.40568325,0.20960793,0.0052097286,0.14220433,-0.25396872,0.19963688
46,-0.15449004,-0.015064589,-0.0006462094,0.3632831,-0.11640977,0.6755839,0.1765132,0.1932724,0.20518735,0.13892832,-0.30532736,0.25236645,-0.04090127,0.16075301,-0.15824445,0.18596427
82,-0.14042433,-0.21740323,0.07867651,0.37251705,-0.11281491,0.55863714,0.16140419,0.18220124,0.005478241,0.12099695,-0.42293888,0.19589433,-0.09825614,0.10915621,-0.31963438,0.21988393
714,-0.16756298,0.060811438,-0.048975334,0.30573028,-0.13538663,0.69894856,0.2229333,0.2532745,0.3178181,0.11442933,-0.20659803,0.2386107,-0.048149318,0.10662454,0.014475024,0.15502343
702,-0.12956123,-0.15609768,0.079648204,0.3698829,-0.14195172,0.5927322,0.1806826,0.18850392,0.050253347,0.13007013,-0.4219188,0.19809538,-0.0438688,0.11883488,-0.28672943,0.20265186
484,-0.24806972,0.029785044,-0.113635406,0.32758558,-0.035188735,0.62532765,0.11637645,0.15143271,0.34309337,0.23332117,-0.13868712,0.30634084,-0.06915721,0.19413465,0.010839999,0.24653904
447,-0.18426982,0.20240173,-0.24062201,0.17438364,-0.08360965,0.57383686,0.19328423,0.27753663,0.4940153,0.076845914,0.08463986,0.19286469,-0.080704525,0.057683535,0.27815178,0.067666166
95,-0.21262027,0.26384225,-0.29417837,0.07399367,0.03250691,0.38888124,0.050986614,0.16456176,0.5369747,0.11405988,0.28138885,0.21767445,-0.056235343,0.07406494,0.39226484,0.14410175
363,-0.13288327,-0.17500493,0.079168275,0.37093365,-0.13327038,0.5833565,0.1746219,0.18588476,0.03772774,0.1279107,-0.42261544,0.19783357,-0.058819477,0.11620319,-0.29624635,0.2109334
184,-0.1656703,0.2561673,-0.33941624,0.069046505,-0.05550455,0.40202594,0.15433219,0.24295977,0.5417812,0.05666271,0.24449806,0.12619929,-0.068583034,0.023528129,0.4018064,0.016088184
177,-0.17146619,0.05677124,-0.05493819,0.31671163,-0.12544408,0.6955163,0.20640649,0.24715038,0.31486857,0.12240898,-0.20354739,0.24583066,-0.041318916,0.116898365,-0.0021983362,0.17180842
404,-0.17306654,0.05682624,-0.051197197,0.31260884,-0.12709223,0.69432616,0.21103267,0.23976457,0.31830075,0.12681253,-0.20898041,0.24690314,-0.04517279,0.12176288,0.00032472782,0.16526514
689,-0.21009392,0.2563974,-0.29131752,0.08988976,0.011380309,0.42161852,0.07709774,0.18604076,0.5367425,0.10956229,0.25230774,0.21310236,-0.060188714,0.07107394,0.37930205,0.13044348
634,-0.18715005,0.19492196,-0.23823224,0.18272096,-0.08948781,0.58179307,0.19869158,0.27279928,0.48996672,0.084131844,0.06674852,0.19779968,-0.08165116,0.065964855,0.2637657,0.07164832
153,-0.18326621,0.20558645,-0.2524229,0.16334097,-0.09160804,0.5600046,0.19947802,0.27991316,0.49997073,0.07847011,0.09210959,0.1805322,-0.0754687,0.051410645,0.29100284,0.058176186
672,-0.14912662,-0.043597355,0.029090669,0.3530117,-0.13991326,0.65923256,0.19080864,0.17571367,0.17915116,0.16309959,-0.35167664,0.23519938,-0.020145634,0.15363652,-0.16910885,0.19659847
428,-0.13725717,-0.18923123,0.076647945,0.37314218,-0.12355101,0.57508475,0.16723524,0.1820285,0.028881453,0.12804651,-0.4208044,0.20008354,-0.07250382,0.11680672,-0.30428135,0.21754369
442,-0.20604545,0.17146742,-0.23351254,0.19892919,-0.07949078,0.5832259,0.18843725,0.25297174,0.48941693,0.11179356,0.050843026,0.2166837,-0.08279972,0.08687445,0.24887368,0.100817256
188,-0.15026566,-0.026940161,0.009276445,0.35786864,-0.1340929,0.6681905,0.18847528,0.1860324,0.19910932,0.15050462,-0.3270176,0.24226086,-0.025666758,0.15558968,-0.15573317,0.19209684
450,-0.13299985,-0.13416062,0.070033014,0.3692779,-0.13908118,0.6092954,0.179905,0.18292616,0.072506174,0.13611537,-0.40938887,0.2082265,-0.04188159,0.12943183,-0.26935184,0.2020641
746,-0.18712138,0.19703181,-0.25718668,0.17692827,-0.09028121,0.56573766,0.19703135,0.2775607,0.4981993,0.08414388,0.08320078,0.18475674,-0.07629674,0.061980724,0.27337444,0.06251253
218,-0.13088442,0.27291343,-0.38791648,-0.09079568,0.026628828,0.117125005,0.06147114,0.135059,0.5014297,0.021189468,0.4232954,0.05116985,-0.08289036,-0.023565102,0.52013993,-0.039594658
409,-0.12756258,-0.13172565,0.07618976,0.37052554,-0.1489575,0.60247487,0.18275534,0.18525623,0.070053495,0.1383117,-0.41712373,0.20249939,-0.020608068,0.126722,-0.27235705,0.20174508
321,-0.22270834,0.13418503,-0.17056039,0.24968942,-0.06201585,0.6220467,0.16686398,0.22239764,0.4515148,0.14777678,-0.0160898,0.26038998,-0.067388356,0.12391927,0.17991775,0.16381198
456,-0.13274714,-0.12535892,0.06946891,0.375869,-0.14265542,0.6019526,0.17394604,0.1754111,0.08230814,0.1481165,-0.4103991,0.20927384,-0.008627359,0.14065045,-0.2701912,0.20746012
470,-0.16800474,0.06280784,-0.0507454,0.30374426,-0.13483004,0.69921803,0.22372766,0.25506982,0.32037887,0.112794824,-0.20271593,0.23844711,-0.050632257,0.10482907,0.019213455,0.15348044
708,-0.17637417,0.00024661774,-0.01849377,0.34222877,-0.116160154,0.6773958,0.19182646,0.18375808,0.25276193,0.16111413,-0.28028286,0.26258937,-0.056204323,0.16295789,-0.0908563,0.18215322
319,-0.1274671,-0.13534252,0.07762083,0.3683534,-0.14723438,0.6038629,0.18385616,0.18812479,0.06678389,0.13377537,-0.4179287,0.20055678,-0.028789034,0.123006925,-0.27386224,0.19999872
57,-0.13785677,-0.111975,0.059364587,0.37379265,-0.13900247,0.61185414,0.17262582,0.17081614,0.102742165,0.15521075,-0.39852068,0.2159814,-0.009229953,0.1486707,-0.2557992,0.2116902
649,-0.24678323,0.12557676,-0.1740782,0.25624517,-0.025835562,0.5980599,0.12680642,0.17080261,0.44749263,0.19905865,-0.0070476597,0.28913745,-0.06857466,0.15982723,0.1731444,0.20004208
487,-0.22161959,0.13710336,-0.2644038,0.26602122,-0.071767434,0.5924321,0.15198612,0.19758892,0.46525785,0.17583194,-0.012429281,0.24387279,-0.056201894,0.1703998,0.13010062,0.13043085
756,-0.13419937,-0.17600009,0.073263265,0.37217414,-0.1348596,0.58215964,0.17519134,0.18697461,0.039833426,0.12953661,-0.42173532,0.196287,-0.058253057,0.11775937,-0.29770908,0.20913555
282,-0.13331257,-0.114082515,0.066443525,0.36964244,-0.14754944,0.6148741,0.1824478,0.18616532,0.09515758,0.14454593,-0.40394217,0.20763083,-0.012069479,0.13357605,-0.254429,0.20353419
742,-0.14040841,-0.074505016,0.04071686,0.36963794,-0.13875562,0.64376944,0.1843016,0.18813638,0.13528557,0.14454956,-0.37291533,0.2201351,-0.023107106,0.14891921,-0.22403882,0.18374857
529,-0.13720809,-0.19888595,0.080118336,0.37239087,-0.12107934,0.56970495,0.16698675,0.18350087,0.018956684,0.123888165,-0.42343715,0.19714521,-0.081647314,0.112715386,-0.31027207,0.21501318
160,-0.12649842,-0.08884242,0.06651858,0.37107995,-0.15252839,0.62032765,0.18133152,0.17616464,0.10909319,0.14954537,-0.40152937,0.21025293,0.014788176,0.14695616,-0.24854285,0.19674379
515,-0.13203096,-0.15450494,0.07674173,0.3699101,-0.13981766,0.59528714,0.17960142,0.18763475,0.055234395,0.13163662,-0.4191538,0.19943501,-0.043479364,0.12097399,-0.28356513,0.20449047
69,-0.19414413,0.19992708,-0.24396203,0.17399946,-0.07959237,0.56506705,0.18776402,0.26300755,0.49993056,0.09641687,0.08567385,0.19800873,-0.0736868,0.06754727,0.28365067,0.07909201
259,-0.19725145,0.18757816,-0.22601698,0.19332907,-0.07751337,0.58810985,0.18458049,0.26017326,0.48764423,0.10066896,0.060276497,0.21345823,-0.075036615,0.077658765,0.25513667,0.09959912
263,-0.1515826,-0.17651144,0.057665564,0.3880804,-0.10792839,0.5682174,0.1445018,0.15628915,0.049965464,0.15501991,-0.40438598,0.22132047,-0.051670823,0.15123695,-0.3055694,0.23271109
362,-0.16391276,-0.0740936,0.018039685,0.36306515,-0.12677872,0.6444533,0.17844327,0.17470519,0.1660275,0.17307536,-0.3509859,0.23620228,-0.03748305,0.15878431,-0.18991409,0.20629247
15,-0.18256283,0.20893852,-0.25624993,0.15878308,-0.090073474,0.5541777,0.19807886,0.27981588,0.50240505,0.07658169,0.09964991,0.17813726,-0.07586918,0.04941066,0.29703104,0.05493143
509,-0.17002745,0.008686028,-0.029359158,0.3329222,-0.13380098,0.68216085,0.20500873,0.20817119,0.27227572,0.15011682,-0.2665113,0.24762632,-0.03695869,0.13980018,-0.06185724,0.19223289
382,-0.16771086,0.062309165,-0.049950603,0.30436867,-0.13496964,0.69932145,0.22346565,0.25444528,0.31936297,0.113209575,-0.2040904,0.23848803,-0.04996057,0.10542603,0.017501295,0.15379556
421,-0.12242827,-0.10469411,0.0761489,0.369251,-0.1550411,0.6148388,0.18751574,0.18389463,0.08776071,0.13818775,-0.41283074,0.20351808,-0.0040447125,0.13543537,-0.26236686,0.18713492
477,-0.12835373,-0.10506499,0.06711438,0.37218317,-0.1446636,0.6164888,0.17834458,0.17793019,0.09352266,0.14238405,-0.40475553,0.2096631,-0.008966848,0.14320618,-0.2634095,0.1955293
220,-0.15306884,-0.19838078,0.0545254,0.38492987,-0.09617825,0.56189805,0.1408882,0.1704954,0.025714701,0.13676247,-0.3974955,0.22125489,-0.099253714,0.13494848,-0.32121325,0.23369014
307,-0.13473727,-0.12199616,0.061870314,0.37455472,-0.14118312,0.6055136,0.17241935,0.17416248,0.08892915,0.15092526,-0.40464416,0.21212053,-0.011101135,0.1417382,-0.26532882,0.21487734
669,-0.13840884,-0.19770385,0.07785756,0.37279734,-0.115958184,0.57240283,0.16443989,0.18087028,0.019516554,0.12220724,-0.42025596,0.20013948,-0.08833204,0.11576857,-0.31104565,0.21431302
633,-0.22573848,0.09035048,-0.1863465,0.27414414,-0.06687129,0.6220503,0.16092737,0.20897062,0.43277723,0.15465836,-0.054253317,0.27378073,-0.08101322,0.1460169,0.11383283,0.20014408
422,-0.18424398,0.10524663,-0.10194625,0.29332367,-0.09102641,0.68572104,0.19222485,0.22188874,0.36951563,0.11266621,-0.13055608,0.27345234,-0.08835733,0.13734679,0.055972654,0.15165938
323,-0.1306339,-0.11773635,0.06801747,0.37362343,-0.14792934,0.60569644,0.17742428,0.17700812,0.08936221,0.14872818,-0.40962526,0.20790505,-0.0010576107,0.14017825,-0.2642112,0.2066586
628,-0.19408555,0.20003262,-0.24392639,0.17397285,-0.07961154,0.5650864,0.18778256,0.2630031,0.49993068,0.096368864,0.08568533,0.19799218,-0.07365692,0.06754515,0.28367034,0.07899735
25,-0.16262972,0.0911244,-0.05803017,0.2906968,-0.13261813,0.70321184,0.22696269,0.27262962,0.33781007,0.09360065,-0.1736664,0.23423986,-0.053845286,0.09164203,0.048376895,0.13378824
734,-0.15707234,0.27928793,-0.34614334,-0.019178918,-0.0101782,0.27001238,0.1052048,0.19178091,0.53388005,0.048281174,0.34258434,0.10331508,-0.07513212,-0.005874485,0.4849404,0.0064558065
500,-0.19737212,0.10958414,-0.1085376,0.30934548,-0.05886302,0.68078387,0.1462058,0.20218322,0.36623517,0.14067687,-0.11372576,0.2846819,-0.07092148,0.16324162,0.027780844,0.17896912
757,-0.12343264,-0.108798854,0.07609581,0.36849722,-0.15472378,0.61357534,0.18638714,0.18550035,0.08493828,0.13880311,-0.41295844,0.20382555,-0.00483912,0.13157599,-0.26139146,0.19380443
124,-0.16669218,0.054356497,-0.046173725,0.31190816,-0.13412626,0.69867593,0.2195985,0.24877955,0.30975825,0.11594809,-0.2146113,0.24108079,-0.04829652,0.11148915,0.000536605,0.15891163
413,-0.16187462,0.088454016,-0.05517885,0.2930105,-0.13391954,0.703703,0.22684026,0.27118045,0.33393207,0.09513784,-0.17934069,0.23422061,-0.05160768,0.09319382,0.042228792,0.13501453
667,-0.17240359,-0.058831237,-0.011251666,0.3680895,-0.1047347,0.6319717,0.14596343,0.13782132,0.20253979,0.19582011,-0.32166103,0.2569273,-0.009428564,0.1886844,-0.17733549,0.2540825
605,-0.17397235,0.047837418,-0.05351537,0.31560233,-0.12821384,0.693419,0.2105599,0.24260578,0.31266758,0.12713839,-0.21067922,0.24513604,-0.044889722,0.11742662,-0.0018162095,0.17408259
542,-0.16788344,0.054575864,-0.04729003,0.30943042,-0.1349845,0.6989331,0.22165787,0.2518931,0.3112626,0.11617979,-0.21307488,0.23872206,-0.050170567,0.108797975,0.0042706295,0.1562014
127,-0.14340636,-0.18506013,0.061602853,0.37650806,-0.11211873,0.57702875,0.15489669,0.1684666,0.040640872,0.13631411,-0.41004175,0.20887576,-0.07694963,0.13320225,-0.30808362,0.22616631
256,-0.22552484,0.13970238,-0.16063757,0.24867909,-0.05379983,0.62083185,0.1573704,0.20089594,0.4491903,0.16536787,-0.01972149,0.27069268,-0.060964175,0.13533019,0.18238647,0.17449135
70,-0.19157858,0.084462434,-0.09129173,0.32627645,-0.07148985,0.6843085,0.14399336,0.18951325,0.33190832,0.15841012,-0.15918788,0.28015155,-0.042481083,0.17074639,-0.016809631,0.20251144
373,-0.22737613,0.1429743,-0.16492186,0.24682103,-0.04906339,0.6159194,0.15232144,0.19677827,0.45305842,0.16804059,-0.012200122,0.27215296,-0.06028311,0.13801914,0.18637061,0.17583564
182,-0.14250363,-0.079154864,0.05229857,0.36274955,-0.14646468,0.6345347,0.18675515,0.1748534,0.13591239,0.15998632,-0.38463464,0.22137626,-0.0077993996,0.15112457,-0.21796206,0.19529842
527,-0.1426767,-0.058938496,0.042904157,0.3538311,-0.15055944,0.6509733,0.19860186,0.18096086,0.15863584,0.15754794,-0.3715037,0.22596374,-0.016502999,0.1446521,-0.1840904,0.19068624
505,-0.11544708,0.22469571,-0.4913786,-0.11170034,0.03067501,-0.031775042,0.01081504,0.081394054,0.47438407,0.05890508,0.45803127,-0.021016283,-0.03953368,-0.010169418,0.48086947,-0.04376143
74,-0.16758357,0.06263074,-0.049937103,0.30421808,-0.13527125,0.699308,0.22376235,0.25471595,0.31952047,0.1130371,-0.20401064,0.23832259,-0.04977873,0.10523397,0.017818544,0.15333812
122,-0.14420395,-0.017760783,0.0055063795,0.3635747,-0.13484722,0.67104656,0.18808095,0.19468363,0.20327935,0.13479893,-0.31826052,0.24552555,-0.02152789,0.15359169,-0.15510106,0.18903293
624,-0.18115528,0.20874925,-0.24925984,0.1639377,-0.08695443,0.5626754,0.19572087,0.27847585,0.49963012,0.07578325,0.09493806,0.18287225,-0.07689048,0.0523029,0.29117003,0.057652194
162,-0.16264558,0.089356855,-0.057107303,0.2917944,-0.13247517,0.703555,0.2266285,0.2722793,0.33575884,0.09388448,-0.17570569,0.23462917,-0.05465977,0.0920236,0.045493536,0.13462354
645,-0.18827708,0.19032575,-0.22728737,0.1972772,-0.082958296,0.5980425,0.19419599,0.2659923,0.48288772,0.08138418,0.051946342,0.21097898,-0.08727208,0.079199284,0.24002849,0.078943305
410,-0.18286267,0.20845258,-0.2559382,0.15962005,-0.0899142,0.55495894,0.1979658,0.27949002,0.50209993,0.077066675,0.09874143,0.17880793,-0.076106735,0.05008964,0.29599482,0.055469703
18,-0.12678254,-0.085427545,0.06502066,0.370987,-0.15516733,0.6195651,0.18217188,0.17457993,0.11417345,0.15298767,-0.4012705,0.21010505,0.022614602,0.1487843,-0.24475184,0.19751476
692,-0.19548772,0.18352324,-0.24130788,0.19592571,-0.07610123,0.58657676,0.18776219,0.26417688,0.48629025,0.08946172,0.06479248,0.21092668,-0.0957272,0.078651115,0.246559,0.08525798
94,-0.16180982,0.08599334,-0.05402118,0.29409978,-0.13416024,0.7039114,0.22683129,0.27079135,0.33164412,0.09552492,-0.18203777,0.23438548,-0.052321162,0.09338103,0.039165597,0.13623697
508,-0.15264218,-0.025975747,0.021414317,0.3538601,-0.12859224,0.677236,0.1930816,0.19703022,0.19427614,0.14119326,-0.32627702,0.24076769,-0.04014312,0.14840317,-0.15078978,0.17489141
204,-0.1827503,0.20770444,-0.2546142,0.16081882,-0.090613514,0.5568757,0.19862528,0.28000247,0.5012711,0.07711521,0.09648063,0.1791513,-0.07588195,0.05031227,0.29419747,0.05595143
78,-0.20084316,0.1379255,-0.15186085,0.26551762,-0.06898011,0.6575826,0.16828872,0.2263114,0.41948098,0.123724036,-0.050647732,0.26845676,-0.08227292,0.12843671,0.123556815,0.16102451
24,-0.16533576,-0.08222687,0.0029549531,0.38010663,-0.121155225,0.6151145,0.15281859,0.15286681,0.1629367,0.19372575,-0.35191533,0.2403006,-0.0024390281,0.18412602,-0.22289792,0.22888452
265,-0.123324126,-0.11245943,0.07845347,0.3669757,-0.15476264,0.6149788,0.18992434,0.18891299,0.08213286,0.13450122,-0.4141499,0.20092623,-0.012709995,0.12845768,-0.26194957,0.1881482
126,-0.18362032,-0.03058501,-0.040755663,0.36526856,-0.10631724,0.6500903,0.15353638,0.1810074,0.24223794,0.18143694,-0.2716143,0.2605792,-0.013159581,0.16805656,-0.12542224,0.25017354
691,-0.13477708,-0.14239565,0.06913004,0.3744584,-0.137697,0.5967285,0.17299621,0.17647475,0.06993241,0.14394015,-0.41278526,0.20775215,-0.028776573,0.13409384,-0.27782962,0.21279976
148,-0.20751661,0.2555812,-0.2888654,0.09350949,0.005459927,0.43152648,0.08505486,0.19319451,0.5359875,0.10553265,0.24462241,0.21098882,-0.06193467,0.06865858,0.3766153,0.12433554
469,-0.16718194,0.06173219,-0.048545845,0.30503765,-0.1354771,0.69956934,0.22358298,0.25401843,0.31779537,0.1133293,-0.20620619,0.23833017,-0.049202345,0.1059182,0.015251924,0.15341717
499,-0.14018092,-0.15478955,0.06469432,0.3785899,-0.12449155,0.5905087,0.16139843,0.17306545,0.059658553,0.14578937,-0.40738785,0.21242973,-0.047084436,0.13664052,-0.2894786,0.21927999
243,-0.122237,-0.08381218,0.07164276,0.37107006,-0.15215951,0.6222187,0.18260168,0.17493087,0.104610085,0.14345047,-0.40419605,0.211598,0.0100848265,0.14840928,-0.2535879,0.18668638
445,-0.12655666,-0.12858066,0.07937811,0.370392,-0.1439354,0.60779834,0.18208559,0.18496259,0.068568036,0.13195848,-0.41600943,0.20291144,-0.027134044,0.1288118,-0.27453554,0.19340801
544,-0.12617752,-0.07537359,0.06387933,0.3670982,-0.15594694,0.62879723,0.1859078,0.17890322,0.12120076,0.14912774,-0.39661732,0.21079193,0.018361785,0.14732453,-0.23682936,0.1910125
299,-0.18253213,0.20920342,-0.25657305,0.15835874,-0.089891516,0.55363226,0.19793175,0.27974793,0.5026268,0.07643854,0.10034959,0.17796375,-0.07594956,0.04924377,0.2976246,0.05470262
342,-0.16830039,0.08164913,-0.058651667,0.29987502,-0.123264566,0.70251024,0.21830909,0.25988084,0.3305036,0.102548,-0.18008123,0.24436773,-0.0626954,0.104404494,0.032682717,0.14120518
394,-0.17834732,-0.004470931,-0.03675087,0.34141588,-0.1259524,0.6748757,0.19191355,0.20983186,0.26854554,0.15769795,-0.26117107,0.24924527,-0.030394334,0.14161253,-0.0710116,0.21150878
224,-0.13098432,-0.15997644,0.077826336,0.37101075,-0.13447677,0.5933954,0.17642266,0.18674332,0.04672464,0.12672102,-0.41860494,0.20055445,-0.055312745,0.1204965,-0.29098517,0.20346916
361,-0.18328644,0.20549159,-0.2523539,0.16343836,-0.091639444,0.5601318,0.19951923,0.27993414,0.49990875,0.07849149,0.0919453,0.18057472,-0.07549982,0.051442564,0.2908617,0.0582268
440,-0.19805989,0.18307143,-0.23331346,0.19581637,-0.07618317,0.5876794,0.18509382,0.25265646,0.4886748,0.10174845,0.055698387,0.21795186,-0.08461388,0.08563522,0.24694343,0.099884
372,-0.18537633,0.19119222,-0.24596298,0.18334329,-0.09392579,0.57832736,0.2010483,0.2800085,0.49137226,0.08422821,0.06894262,0.18781908,-0.0766784,0.061404977,0.26483908,0.06707289
117,-0.1409799,-0.21501748,0.07601079,0.3745957,-0.10905156,0.559306,0.15810174,0.17902784,0.0068970392,0.12132375,-0.42068237,0.19843341,-0.10041628,0.11390788,-0.32263345,0.21854667
354,-0.1268176,-0.0922454,0.06318055,0.37058178,-0.15328269,0.6191787,0.18379113,0.17326197,0.108876295,0.14779687,-0.40334672,0.21092254,0.009148811,0.14839533,-0.24955423,0.19532482
513,-0.21703175,0.094117574,-0.13769926,0.2815447,-0.07565868,0.6474614,0.1807853,0.22811632,0.41840306,0.13205712,-0.07649172,0.2687967,-0.07102522,0.13296357,0.11976043,0.16879101
741,-0.19689889,0.12734324,-0.13685536,0.26568922,-0.078635074,0.6648935,0.17750245,0.245368,0.41258708,0.11173142,-0.06090279,0.2605147,-0.0742069,0.11107207,0.12466938,0.16745077
165,-0.19225855,0.16334066,-0.14202718,0.2612908,-0.05488769,0.6596728,0.1660177,0.2012363,0.4168314,0.116634116,-0.04530047,0.28974193,-0.11463297,0.14493558,0.12405296,0.13704936
722,-0.16288695,-0.06206153,0.014076081,0.36175585,-0.12138561,0.6435653,0.17012657,0.15362759,0.18046129,0.1807564,-0.34555903,0.24673627,-0.024776706,0.17174752,-0.18016972,0.22134644
660,-0.13102126,-0.12154393,0.070543684,0.37345254,-0.14565851,0.60559344,0.17749652,0.17763042,0.08573884,0.1461129,-0.4109161,0.20688647,-0.005807688,0.138708,-0.26617426,0.20524006
350,-0.16963415,0.25651163,-0.33657637,0.053511534,-0.047111552,0.38034546,0.14649633,0.23402329,0.5420129,0.058483053,0.26117572,0.12731113,-0.0695243,0.017048437,0.42298833,0.022497686
159,-0.18405038,0.20542002,-0.25386265,0.16392575,-0.09049078,0.55909795,0.1978948,0.27897388,0.50066537,0.079613514,0.09324864,0.18119104,-0.074975945,0.05262683,0.29047263,0.059559934
105,-0.13779216,-0.17194144,0.07401135,0.37265188,-0.12905106,0.5858832,0.171472,0.18311805,0.046758737,0.1333176,-0.41740412,0.20200872,-0.058278263,0.12159554,-0.29174942,0.21438517
13,-0.109931685,0.20244925,-0.49477175,-0.13040893,0.05725814,-0.07850086,-0.0048381183,0.068227276,0.4468566,0.016698563,0.48754942,-0.023033269,-0.083532415,-0.0255997,0.4733554,-0.03333864
583,-0.16776253,0.04976835,-0.043760248,0.3121063,-0.13520846,0.69849443,0.22029155,0.25010118,0.3065503,0.1179293,-0.21881275,0.23879507,-0.047571193,0.11018967,-0.0027027363,0.16001299
140,-0.14452136,-0.21101376,0.06983022,0.37810645,-0.10871305,0.559255,0.15361181,0.17336188,0.016765341,0.13209616,-0.41614705,0.20389335,-0.088131994,0.12016672,-0.31649163,0.23163542
371,-0.22825414,0.14782397,-0.16951708,0.24158287,-0.046149053,0.6108029,0.15043586,0.19659613,0.45814177,0.16663657,-0.0018669354,0.27167907,-0.061966084,0.13616405,0.19602807,0.17371507
613,-0.1262189,-0.091272645,0.06554098,0.3691961,-0.15568061,0.61879843,0.18363905,0.17779225,0.10759313,0.14972168,-0.403837,0.20876507,0.013154551,0.14366281,-0.24886549,0.19811426
304,-0.16496883,0.071125425,-0.04902783,0.29946303,-0.135847,0.70112896,0.22596548,0.25759494,0.32347196,0.10915546,-0.19963053,0.23770288,-0.05255895,0.102599554,0.023789607,0.14640214
12,-0.12750559,-0.08574746,0.06701239,0.3678873,-0.15439868,0.62416196,0.18635802,0.17940137,0.10915553,0.1474117,-0.4022517,0.21052904,0.005805024,0.1446228,-0.24577737,0.18734129
586,-0.12304579,-0.08681306,0.06863987,0.36984769,-0.15640602,0.62138814,0.18531244,0.17816699,0.107022785,0.14628491,-0.40394148,0.20856437,0.0142288795,0.14392783,-0.24807592,0.19280528
116,-0.16810985,0.06133288,-0.05021868,0.30536288,-0.13461974,0.69896775,0.22258882,0.25364277,0.31866258,0.114261314,-0.20491828,0.23890454,-0.049688138,0.10655535,0.0153737245,0.15466875
674,-0.13873753,-0.16710709,0.07256051,0.3731894,-0.12252828,0.5914491,0.16705547,0.18409954,0.04608587,0.13031776,-0.4109286,0.20633772,-0.06697817,0.12320877,-0.29308516,0.2134404
517,-0.12571533,0.23077242,-0.4858996,-0.08949469,0.020661581,0.022966743,0.028956424,0.10258932,0.49326548,0.06217249,0.43996048,-0.002368618,-0.0449709,-0.0046193847,0.48006955,-0.035455782
676,-0.12630008,-0.12009812,0.07387436,0.3718809,-0.14407791,0.61101556,0.1817717,0.18257971,0.077493355,0.13324499,-0.4108446,0.20810947,-0.02667893,0.13376433,-0.27070048,0.19403987
331,-0.16753843,0.062178317,-0.049515907,0.30468518,-0.13533066,0.6992252,0.22355254,0.25423157,0.31903377,0.11340844,-0.20485878,0.23840229,-0.04913561,0.1057334,0.016811725,0.1536781
289,-0.1361974,-0.1475704,0.06812057,0.37425676,-0.1366667,0.5957938,0.17339349,0.18002553,0.06570559,0.14146687,-0.41323063,0.20588118,-0.03489391,0.13220397,-0.28121656,0.20877568
683,-0.13901201,-0.20208026,0.07528502,0.372212,-0.11975738,0.5693866,0.16646115,0.1828169,0.02089239,0.12408947,-0.42133263,0.19703634,-0.084650524,0.113641955,-0.31000966,0.21815118
273,-0.13352089,-0.105283946,0.06874273,0.37250313,-0.14133601,0.6176344,0.17827374,0.17532885,0.09769288,0.14612478,-0.40305528,0.21262437,-0.009261826,0.14635408,-0.25670478,0.19409202
427,-0.1829441,0.20714287,-0.2541067,0.1612296,-0.09095054,0.5574054,0.19890276,0.27976835,0.50111806,0.07772576,0.095414765,0.17949878,-0.07576968,0.05058255,0.2936986,0.056655586
740,-0.18547432,0.086097844,-0.08416502,0.30320942,-0.10060291,0.69135267,0.18941887,0.24463943,0.34661907,0.11981349,-0.15306205,0.26297367,-0.06562344,0.12397525,0.03025649,0.16635586
33,-0.23097639,0.08554336,-0.13823904,0.32000718,-0.032119527,0.62734884,0.098992504,0.15664802,0.37643877,0.21300983,-0.0929136,0.30403918,-0.03684552,0.19653559,0.026698235,0.24501555
169,-0.16421343,-0.00032641608,-0.010957594,0.331487,-0.14368044,0.6804309,0.21323748,0.20785357,0.25577435,0.15168941,-0.2895712,0.24145262,-0.036732133,0.13661943,-0.07781367,0.18459825
682,-0.1866313,0.136848,-0.1396928,0.27975568,-0.06919084,0.67422026,0.17915222,0.22554058,0.40510395,0.08396819,-0.07244461,0.274473,-0.100427836,0.14130487,0.08674304,0.13045663
519,-0.1704092,-0.062006146,-0.012197669,0.3674906,-0.107898764,0.63134736,0.14789176,0.14039184,0.19884667,0.19415429,-0.32345045,0.25543386,-0.010730041,0.18449478,-0.17905556,0.2584135
606,-0.20276831,0.13226353,-0.15124409,0.26189077,-0.06824157,0.6546774,0.16619375,0.23832563,0.42353195,0.116463,-0.041889828,0.26476097,-0.07608585,0.11645893,0.13349038,0.17402126
705,-0.13791312,-0.18890075,0.07864791,0.37225413,-0.1221029,0.5772196,0.16811293,0.18406259,0.027920563,0.12598072,-0.4205906,0.1993043,-0.075820334,0.11551913,-0.30367523,0.21383128
383,-0.13204096,0.27227712,-0.38906237,-0.08792912,0.024748793,0.12174876,0.06320663,0.1369119,0.5034011,0.022838285,0.42061755,0.052166667,-0.08223246,-0.022400897,0.5185278,-0.038004145
621,-0.16162856,0.07963664,-0.05056451,0.3003659,-0.13409017,0.703613,0.22385724,0.2625125,0.32488334,0.10061465,-0.19334453,0.23757257,-0.04936686,0.101589434,0.02388576,0.14091802
318,-0.14682257,-0.23861162,0.07668497,0.37042803,-0.09697369,0.54920274,0.15284,0.17853945,-0.006490585,0.11573567,-0.41862476,0.19563183,-0.12248986,0.10644,-0.32716525,0.22764114
215,-0.1878315,0.19124593,-0.22808701,0.1950796,-0.084276475,0.5961232,0.19532953,0.26741138,0.4838068,0.08102487,0.053792045,0.2089608,-0.086018346,0.07690562,0.2437718,0.07749925
164,-0.16061112,-0.033248447,-0.06799003,0.38361278,-0.11336659,0.64277464,0.15267593,0.16579066,0.21202382,0.18083745,-0.30614638,0.2293078,-0.027380133,0.20064195,-0.2137551,0.18397677
320,-0.13450938,-0.10440088,0.05571106,0.38233113,-0.13701494,0.60348445,0.16163233,0.1579551,0.099139184,0.1625092,-0.3977998,0.22231452,0.0046179206,0.16203934,-0.26867256,0.21287563
402,-0.13566828,-0.113540836,0.060447607,0.3768264,-0.14127634,0.60619396,0.17011337,0.16881339,0.099335626,0.15671524,-0.4018641,0.2141276,0.003863923,0.14976683,-0.2601813,0.21510904
138,-0.20697345,0.1808773,-0.23550326,0.18911135,-0.0728291,0.574597,0.183123,0.24756606,0.49419677,0.11404211,0.065536655,0.21696924,-0.083674096,0.08478758,0.26493472,0.099720486
497,-0.1739476,0.25467247,-0.33299223,0.040894717,-0.04025477,0.3621554,0.14003834,0.22702399,0.54118425,0.060071982,0.2741527,0.1289499,-0.07031249,0.010903654,0.4406442,0.02988947
524,-0.14204359,-0.22314738,0.07710705,0.3714005,-0.10862563,0.55750495,0.1601622,0.18252568,0.0032282323,0.11843151,-0.42166892,0.19483006,-0.106802955,0.10735638,-0.32097444,0.22092861
552,-0.13663025,-0.17823441,0.07618456,0.3746924,-0.123152,0.5819301,0.16733338,0.18108569,0.034766696,0.12884302,-0.41742373,0.20355415,-0.06983831,0.12170086,-0.30101535,0.21208419
58,-0.20461486,-0.04193264,-0.06964658,0.37421307,-0.08624789,0.63618463,0.13364024,0.18943061,0.23577577,0.19366369,-0.23672336,0.28094518,-0.048666887,0.16560152,-0.1219233,0.26991376
49,-0.20368022,0.08259502,-0.20122007,0.31387722,-0.09570289,0.644679,0.18497302,0.24448127,0.40754744,0.13553531,-0.090695314,0.23300931,-0.067904934,0.15002207,0.050957613,0.13126191
494,-0.14287665,-0.12447731,0.05644635,0.3777899,-0.13243526,0.60197204,0.16728851,0.16351736,0.09440844,0.15692422,-0.4003409,0.22032593,-0.017144116,0.15405275,-0.26604745,0.21537283
258,-0.12964052,-0.106182724,0.0668111,0.37351578,-0.14497918,0.61252546,0.17736849,0.17212886,0.09506076,0.14674571,-0.40590099,0.21270934,-0.005344302,0.14756447,-0.26280123,0.1980061
128,-0.13593033,-0.09871696,0.06030624,0.3707763,-0.14436452,0.61900973,0.17838351,0.17206751,0.11163185,0.15426183,-0.39758927,0.2155183,-0.0023082446,0.15037563,-0.24720594,0.20177025
564,-0.16193913,0.0894661,-0.055775415,0.29227096,-0.1334454,0.7037561,0.22690365,0.2717098,0.33499247,0.09438055,-0.17767325,0.23418932,-0.052450776,0.09267664,0.04398577,0.13428201
10,-0.14820424,-0.22221194,0.0731919,0.37340623,-0.102208935,0.55899036,0.15526897,0.17839846,0.008946597,0.12462894,-0.4155311,0.20012553,-0.10823281,0.113371894,-0.3177127,0.22622828
661,-0.21304727,0.08394372,-0.124747336,0.3141874,-0.052571796,0.65987706,0.137761,0.19040215,0.37113371,0.16952331,-0.1072165,0.28824985,-0.0646125,0.16446617,0.0438366,0.21365592
575,-0.14226237,-0.17413406,0.06727275,0.37705407,-0.11898666,0.58391756,0.16195126,0.17337078,0.05032128,0.13914947,-0.41140422,0.20808554,-0.060157318,0.13014877,-0.29309583,0.22456491
250,-0.18350175,0.21605814,-0.31188545,0.14097534,-0.07510299,0.4964217,0.17711276,0.26255527,0.52812576,0.075111195,0.15565103,0.16201635,-0.07393543,0.05436375,0.32283416,0.049411945
358,-0.18173127,0.21955818,-0.3189483,0.12443652,-0.07314445,0.48083675,0.1764217,0.26308176,0.52796155,0.07267787,0.17192364,0.15251616,-0.07640093,0.042111382,0.34388113,0.044222884
194,-0.13709597,0.27713814,-0.37389684,-0.07782822,0.025838306,0.13980383,0.067822106,0.13652383,0.5018133,0.032875095,0.41563457,0.07630622,-0.10021041,-0.019890135,0.52214265,-0.023428164
523,-0.1685213,-0.06845203,0.021090526,0.36314398,-0.12438664,0.6419594,0.17040803,0.17578298,0.17143327,0.18241887,-0.34363297,0.24179712,-0.022949535,0.15886058,-0.18291096,0.22054207
102,-0.15179116,-0.117874414,0.04151861,0.37398994,-0.12983395,0.61901647,0.1756331,0.17268094,0.119701944,0.15463997,-0.38501486,0.21952012,-0.03217426,0.15292056,-0.24197054,0.20768145
219,-0.18376373,0.21519727,-0.31067362,0.1423604,-0.07563612,0.49853143,0.17769545,0.262798,0.52754813,0.07564717,0.15336952,0.16281897,-0.073891565,0.05488805,0.32120982,0.050332386
253,-0.19024654,0.13745552,-0.15572672,0.27963948,-0.06723001,0.6660194,0.17513545,0.21871112,0.41284153,0.093910664,-0.063599676,0.27379596,-0.10323547,0.14751874,0.08897207,0.13134912
707,-0.18140838,0.03471989,-0.059979178,0.32480612,-0.12283472,0.6860733,0.20014477,0.23920614,0.3040271,0.13915792,-0.2102332,0.25264582,-0.049580764,0.122237764,-0.015322678,0.19043638
446,-0.15544862,-0.07277512,0.030117273,0.36291042,-0.13323179,0.63963974,0.17734651,0.16739878,0.16117917,0.17478627,-0.361365,0.2338475,-0.0148850195,0.15842128,-0.1936284,0.21669254
736,-0.17405076,0.03662521,-0.05355159,0.32488978,-0.12678422,0.69088274,0.20483738,0.23507099,0.3015731,0.13410984,-0.22353831,0.2450131,-0.04337975,0.12679107,-0.025998576,0.17823459
597,-0.1968431,0.19115387,-0.22574031,0.18901429,-0.07446024,0.5845687,0.18358783,0.2590842,0.48943225,0.09962496,0.06702829,0.21380314,-0.079161346,0.075957544,0.26319793,0.094609976
88,-0.17205864,0.062079597,-0.057825413,0.3154959,-0.12408001,0.69473994,0.20925795,0.23483512,0.31950602,0.12296021,-0.20667176,0.25122628,-0.04870495,0.12912303,-0.0030478572,0.15677764
459,-0.16228154,0.08830374,-0.055717047,0.29295945,-0.13301535,0.70370424,0.22645967,0.2714665,0.33419728,0.0947366,-0.17822626,0.23464324,-0.053225186,0.09296376,0.04272114,0.13520922
551,-0.18402947,0.087447,-0.09793254,0.29779685,-0.100577906,0.6861906,0.20023084,0.229823,0.35769865,0.11272358,-0.14635612,0.2697819,-0.08841007,0.12918396,0.048546355,0.15687253
378,-0.13459843,-0.1783966,0.077872455,0.37235343,-0.13015607,0.58051777,0.17171098,0.18386635,0.036111746,0.12947114,-0.42164132,0.19934106,-0.06192214,0.11779331,-0.2989158,0.21323311
647,-0.13253763,-0.14739479,0.0709631,0.3757524,-0.13339071,0.5959992,0.17181556,0.17834657,0.059147555,0.1345796,-0.41448057,0.20548376,-0.041695517,0.13424796,-0.29010412,0.20148833
581,-0.18861988,0.21066311,-0.2963356,0.15310259,-0.07522817,0.5164153,0.17836106,0.2605498,0.5219357,0.08443685,0.13563314,0.17428122,-0.07375165,0.062130414,0.30915225,0.05961622
560,-0.15515424,-0.110547714,0.03500131,0.37883013,-0.118272275,0.6001342,0.14193869,0.15450753,0.11737669,0.17979428,-0.37589824,0.23744111,-0.005244484,0.16859163,-0.25915268,0.24780777
656,-0.21147732,0.079716034,-0.23844124,0.3165398,-0.08751727,0.62546384,0.17576379,0.23904079,0.42185447,0.14274356,-0.06830692,0.22823627,-0.074070245,0.16079916,0.052512877,0.12561202
85,-0.16745207,0.062168755,-0.049334597,0.30480653,-0.13520713,0.6993631,0.22341323,0.25414926,0.31875455,0.11336342,-0.20505188,0.23845011,-0.049195934,0.105827525,0.016413875,0.15365304
584,-0.20957725,0.101503484,-0.11943661,0.30604348,-0.065874,0.6610516,0.14624558,0.2058259,0.37992656,0.16657093,-0.10444174,0.281914,-0.04547633,0.15643956,0.053783704,0.20213456
64,-0.18246788,0.04062751,-0.06663522,0.32794043,-0.1097002,0.68627745,0.191315,0.22317263,0.3119971,0.13517573,-0.20636138,0.26103392,-0.05556505,0.14053664,-0.023446744,0.184188
760,-0.17596295,0.05049205,-0.05921805,0.31865618,-0.120011665,0.69335353,0.20204453,0.2427143,0.31505564,0.12588707,-0.20196651,0.249356,-0.047304694,0.12058423,-0.0046433965,0.17801283
284,-0.15784433,-0.054432977,0.020051392,0.3577963,-0.1345654,0.65370524,0.18399715,0.18061006,0.1840275,0.1669001,-0.34330094,0.23599285,-0.01702179,0.15305308,-0.16802254,0.211121
675,-0.16775751,-0.07007725,0.016200338,0.35643137,-0.120460935,0.6519773,0.17878632,0.17533977,0.17122097,0.17047767,-0.34333807,0.24302827,-0.05571787,0.15530828,-0.17750691,0.20806295
731,-0.1825224,-0.06572576,-0.025902132,0.3690341,-0.09072068,0.6252059,0.13392062,0.12827156,0.20978767,0.20444834,-0.30775347,0.26468998,-0.020161005,0.1954604,-0.17281505,0.27008963
38,-0.18495426,0.20531483,-0.25753936,0.16996159,-0.08498438,0.5621529,0.1921751,0.27145237,0.50128657,0.083439566,0.091782644,0.18639843,-0.07738249,0.062558405,0.28233436,0.059458468
592,-0.18817209,0.20166193,-0.25598502,0.17593898,-0.08430909,0.56605035,0.19002786,0.2687669,0.499758,0.089943565,0.08568203,0.19050182,-0.07505223,0.06795835,0.2749329,0.06522355
431,-0.12694061,-0.11455957,0.07098551,0.37263176,-0.14733623,0.609014,0.17879042,0.1795728,0.081991434,0.14226434,-0.41051957,0.20808469,-0.011961292,0.13768241,-0.26985988,0.19834097
344,-0.16786164,0.06099545,-0.048792854,0.310126,-0.12897025,0.6998113,0.21468225,0.24830522,0.3146791,0.11743842,-0.20751059,0.24270768,-0.04797777,0.112828836,0.0038634446,0.1600011
566,-0.13847925,-0.1695517,0.06855606,0.3804048,-0.12103879,0.5820052,0.16055694,0.17574337,0.043032397,0.13553196,-0.4108147,0.2102877,-0.059863694,0.13253255,-0.30243286,0.21633
580,-0.2237962,0.042504244,-0.12685911,0.35066557,-0.06983994,0.64400345,0.15151238,0.20234457,0.34092826,0.18420589,-0.15095386,0.28357175,-0.06952548,0.18627933,-0.02443576,0.17898849
638,-0.12678625,-0.102989756,0.06907426,0.37427607,-0.14892519,0.61329436,0.17974898,0.17591357,0.09603307,0.14544936,-0.40668786,0.20960397,0.002815253,0.14504595,-0.26039636,0.19580969
227,-0.14392911,-0.16710141,0.06673334,0.3729599,-0.12416642,0.59123135,0.16606838,0.1861932,0.05318468,0.13699462,-0.40726334,0.20675138,-0.05912605,0.123692945,-0.28763887,0.22102715
340,-0.13090691,-0.11190655,0.06802296,0.37286615,-0.14394422,0.61336046,0.17935301,0.17921619,0.0894403,0.14164408,-0.4058183,0.21151589,-0.01537762,0.14112476,-0.26353586,0.19589092
45,-0.1443262,-0.048719183,0.035640735,0.35035977,-0.15045716,0.6549736,0.19691819,0.17900851,0.17137426,0.1620595,-0.36333767,0.22872151,-0.01177985,0.14733002,-0.1737924,0.19574632
155,-0.1278731,-0.12787803,0.076580524,0.3707246,-0.14429246,0.60760313,0.18124965,0.18511908,0.07218044,0.13534907,-0.41368553,0.2045218,-0.025956374,0.12887481,-0.27155846,0.19837154
726,-0.13309267,-0.09554716,0.062245566,0.3690477,-0.14592245,0.6217955,0.17973547,0.17505893,0.11204642,0.1512033,-0.3977433,0.21422352,-0.0013917224,0.14684796,-0.24558613,0.202054
313,-0.17339419,-0.07551499,0.005000056,0.36957264,-0.11278004,0.6402262,0.15523896,0.18371402,0.18097676,0.17602263,-0.32696304,0.2404181,-0.01088769,0.1555068,-0.181961,0.24761105
264,-0.16920596,-0.046808247,-0.010433029,0.3635987,-0.11151113,0.6424168,0.15711059,0.14202936,0.20631114,0.19010259,-0.32382378,0.25540906,-0.015111422,0.18710054,-0.16887946,0.2330689
463,-0.13632016,-0.16790468,0.075694345,0.37406307,-0.12758781,0.5885245,0.17048416,0.18294166,0.0453943,0.13210395,-0.4161763,0.20299928,-0.057767745,0.12239733,-0.2918124,0.21214023
425,-0.1995737,0.13085505,-0.23448664,0.25300413,-0.109222926,0.6174879,0.20205867,0.26362336,0.45524162,0.12814355,-0.022315353,0.2090031,-0.064223595,0.107831426,0.158016,0.1092659
635,-0.13661768,-0.18848847,0.07688268,0.3709397,-0.12520929,0.5778727,0.17107633,0.18313457,0.031144667,0.12544286,-0.42185235,0.19812705,-0.07529445,0.11588391,-0.3021877,0.21341385
620,-0.1739425,0.2537969,-0.33076838,0.045180038,-0.042817533,0.3706004,0.14322524,0.2304875,0.5406948,0.0597288,0.26804814,0.13035476,-0.07088962,0.01162613,0.43619138,0.029701533
186,-0.15678078,-0.01075881,-0.004650217,0.36330536,-0.111057304,0.6794013,0.17564163,0.19685327,0.20995344,0.134121,-0.2966826,0.25551367,-0.050233927,0.1607257,-0.15293235,0.18069148
230,-0.16190758,0.08580342,-0.053696044,0.29557276,-0.1340631,0.7036255,0.22586958,0.2693849,0.33124694,0.09694165,-0.18310182,0.23487847,-0.05004384,0.095284924,0.037105016,0.13694274
381,-0.16504899,-0.055719484,0.005857213,0.37414595,-0.120584115,0.63943684,0.15876468,0.17625506,0.18478684,0.17128319,-0.32849193,0.24800758,-0.0055354144,0.1708982,-0.19294965,0.22489402
392,-0.14245307,-0.14576218,0.06181836,0.37753844,-0.12458018,0.6013517,0.16598453,0.17828469,0.06991701,0.14156276,-0.40116158,0.21446767,-0.04874179,0.13773757,-0.27861938,0.21164092
403,-0.17416589,0.06922017,-0.05991384,0.30913088,-0.12202848,0.6955752,0.20833214,0.24847914,0.3297514,0.118834,-0.18966149,0.24715647,-0.045693967,0.11742314,0.015166253,0.16075395
167,-0.17440456,0.04709846,-0.053944234,0.31591302,-0.12775145,0.69313735,0.21009196,0.242426,0.31250834,0.12757267,-0.21049118,0.24545056,-0.04547567,0.1176033,-0.002198052,0.174908
26,-0.2195371,0.11579108,-0.15522963,0.27267516,-0.05847808,0.6383459,0.1655075,0.25283876,0.4304214,0.11510168,-0.026986638,0.2653961,-0.077687345,0.114153594,0.14447565,0.16765594
360,-0.18798795,0.19654724,-0.3670316,0.12793562,-0.096168526,0.45119074,0.17468691,0.24808022,0.5459998,0.11296252,0.16137484,0.13246498,-0.043259222,0.058386095,0.3249318,0.068869345
54,-0.18754373,0.20439145,-0.24284133,0.16976508,-0.081593394,0.56638145,0.19116995,0.26917523,0.49931234,0.08612609,0.08901176,0.1925347,-0.07598648,0.060775593,0.28777498,0.069334455
212,-0.21155544,0.13512559,-0.1563862,0.27193433,-0.049642988,0.6462214,0.15014814,0.23333183,0.42252064,0.1221463,-0.025989112,0.278283,-0.08473969,0.1275891,0.12999603,0.17206593
190,-0.12784088,-0.13399833,0.07798659,0.3701847,-0.14108469,0.606271,0.17978573,0.1870774,0.06438272,0.13174857,-0.41446444,0.20378874,-0.03574536,0.12516017,-0.27666503,0.19872665
237,-0.16163278,0.0892718,-0.05523396,0.29282552,-0.13420558,0.70355666,0.22677967,0.27026916,0.33470297,0.09570768,-0.17932485,0.2342112,-0.050196774,0.09381262,0.042762693,0.13521391
37,-0.19831587,0.13191362,-0.23010962,0.25111762,-0.10849913,0.62122875,0.20478228,0.2662765,0.45145312,0.12360987,-0.022136856,0.20981249,-0.07079654,0.10339816,0.16222818,0.10536081
96,-0.16253106,0.082777634,-0.05321776,0.29661512,-0.1338218,0.7035587,0.22557779,0.26919484,0.32931265,0.097545266,-0.18516538,0.23515624,-0.051410098,0.09542547,0.03437138,0.13851899
40,-0.21640483,0.077366985,-0.19246581,0.27499047,-0.123590074,0.6373986,0.20768921,0.24398206,0.4164289,0.16657043,-0.103247106,0.22100948,-0.05586978,0.12625004,0.097376004,0.14526029
616,-0.16466624,0.062403407,-0.04098001,0.31198558,-0.13389175,0.70150745,0.21744165,0.2577447,0.3075999,0.112925395,-0.21212272,0.23891221,-0.042426515,0.108081795,-0.0022550737,0.1526173
132,-0.15489052,-0.091292016,0.01817969,0.38054457,-0.117395714,0.62232316,0.15995488,0.15221481,0.14093874,0.16403311,-0.36488467,0.2411573,-0.030529307,0.17962617,-0.23894118,0.21059066
11,-0.17077188,-0.055127397,-0.0015486649,0.36008674,-0.11527544,0.6443964,0.164326,0.15278955,0.20020336,0.18909465,-0.32725534,0.25202042,-0.023338746,0.1744231,-0.16294909,0.23511945
50,-0.1326643,-0.12415283,0.06496256,0.36886564,-0.14656664,0.6113186,0.1826148,0.18725282,0.08479763,0.1416491,-0.40730283,0.20545915,-0.024490522,0.12996227,-0.26239133,0.20346229
145,-0.14678188,-0.2209812,0.07188713,0.3721887,-0.10585775,0.56107366,0.15850678,0.18222944,0.0084487265,0.12201851,-0.41673523,0.19804572,-0.10816568,0.111305445,-0.31738517,0.22117047
72,-0.18327075,0.2056226,-0.2524924,0.16328438,-0.09156595,0.55990785,0.19944283,0.27989808,0.5000124,0.07844956,0.09223544,0.18051443,-0.07548957,0.051395547,0.29109287,0.058143362
34,-0.20653602,0.1383686,-0.1727388,0.2595975,-0.064229496,0.6414254,0.16357076,0.24178752,0.43646687,0.11592285,-0.020562686,0.26112956,-0.07967856,0.11770062,0.14559121,0.16200946
405,-0.21307705,0.08671166,-0.12717943,0.28742325,-0.08285916,0.6549883,0.18539333,0.22864525,0.40623277,0.13372602,-0.09582361,0.26722506,-0.067739345,0.13304453,0.10366128,0.17097832
631,-0.13589393,-0.054064047,0.03618226,0.36505535,-0.14330746,0.65185887,0.18626882,0.18580483,0.15182689,0.14460662,-0.3661276,0.22263835,-0.01146033,0.15181126,-0.21109042,0.18450446
632,-0.17440346,0.048639175,-0.05491317,0.31495148,-0.12778889,0.69327193,0.2105339,0.24314676,0.31426314,0.12688766,-0.20855528,0.24527742,-0.0456405,0.116935,0.00040734897,0.17416044
290,-0.16954216,0.0115331225,-0.027240403,0.32923636,-0.1386342,0.6865367,0.21368,0.22160612,0.27389506,0.14163014,-0.26315507,0.2418156,-0.038494237,0.12923115,-0.05078854,0.1819295
28,-0.198245,0.124057814,-0.13696721,0.2678065,-0.077955045,0.6645738,0.17599556,0.24359933,0.41125497,0.11455659,-0.06315577,0.2615328,-0.07351564,0.11295363,0.12122026,0.17110981
322,-0.15628752,0.28035676,-0.3457889,-0.025957763,-0.0064963554,0.2592606,0.10106836,0.18726932,0.53213406,0.047721867,0.34942377,0.10158634,-0.075618654,-0.008063243,0.49041563,0.0060137366
209,-0.18623084,0.2054754,-0.25344077,0.16659877,-0.087094225,0.56001645,0.1938844,0.27547216,0.5007348,0.08347183,0.093416594,0.18523124,-0.0745447,0.05666095,0.28777185,0.064113125
574,-0.1393208,-0.17945272,0.07282594,0.37467745,-0.12455963,0.58136207,0.16876334,0.18408976,0.03887018,0.13049223,-0.41586414,0.20297278,-0.06941937,0.120859005,-0.29868826,0.21333534
92,-0.11797647,-0.08859421,0.077141695,0.36621395,-0.1610085,0.62306535,0.19301091,0.18559796,0.09740656,0.1361379,-0.41080946,0.20302087,0.004990212,0.13600062,-0.2524374,0.17912592
178,-0.14882939,-0.10194176,0.045822434,0.37000215,-0.12962231,0.6239007,0.16793717,0.16848345,0.12613244,0.16333655,-0.38064304,0.22107212,-0.014338004,0.15535699,-0.23850338,0.21962988
485,-0.13397862,-0.1417631,0.06980259,0.37135208,-0.1412115,0.6000772,0.17732044,0.18261191,0.06930544,0.14102231,-0.4125475,0.2053353,-0.03254,0.1289261,-0.27495804,0.20981888
191,-0.18279028,0.2088112,-0.25644857,0.15893134,-0.08976856,0.5541498,0.1977243,0.27952707,0.50247526,0.076813586,0.09974676,0.17848286,-0.076023884,0.049729735,0.29678586,0.055390306
131,-0.20577472,0.12576701,-0.16258627,0.26061594,-0.07762163,0.6506727,0.1750022,0.24198581,0.42663336,0.12331708,-0.04629159,0.2551128,-0.07503773,0.115304425,0.13530093,0.16498707
596,-0.17280939,-0.0354017,-0.023340674,0.36571458,-0.09696003,0.65891075,0.15825038,0.16919683,0.22132662,0.15756157,-0.29091236,0.26570013,-0.053351574,0.1766264,-0.15565605,0.22371125
75,-0.16184136,0.08782156,-0.054892354,0.29352373,-0.13416258,0.7035309,0.22667997,0.2702633,0.33367217,0.095917985,-0.18043353,0.23430693,-0.05060865,0.0938994,0.04127084,0.1359005
539,-0.13452585,-0.13490117,0.071015835,0.3750291,-0.13191587,0.60368407,0.17144372,0.1764251,0.07088008,0.13888375,-0.4092408,0.21085513,-0.036353357,0.13785338,-0.27904555,0.20302069
602,-0.16563195,0.05214298,-0.041180756,0.3131619,-0.1343692,0.70041656,0.21989647,0.2488145,0.3040448,0.1156937,-0.220906,0.2396052,-0.048379287,0.11230166,-0.006748621,0.155381
612,-0.17920466,0.22624609,-0.30854335,0.118752904,-0.07000809,0.48309425,0.17695576,0.25981465,0.5264727,0.06994256,0.1736806,0.15553762,-0.081082754,0.038937174,0.35204569,0.043010112
637,-0.16806072,0.062476117,-0.04961193,0.30912903,-0.12832664,0.7001911,0.21479295,0.24934253,0.31600067,0.11647833,-0.20510557,0.24281731,-0.049396012,0.111882865,0.0064070653,0.15917423
626,-0.13310912,-0.15147972,0.07301051,0.3735129,-0.13559887,0.59405315,0.17332818,0.18099844,0.057996746,0.13693725,-0.41557163,0.20535238,-0.041117743,0.12696187,-0.28435236,0.21154894
486,-0.13746317,-0.13057338,0.06627754,0.37776822,-0.13568452,0.6014667,0.16797803,0.1747897,0.08160409,0.14944276,-0.40578738,0.21022245,-0.010911697,0.1431075,-0.27250928,0.21284537
225,-0.16241437,0.08840069,-0.056160152,0.29280767,-0.13291751,0.7035946,0.22608377,0.27086478,0.33461484,0.09533127,-0.17805092,0.23478185,-0.052746333,0.093328886,0.042870637,0.1360602
511,-0.19442584,0.09696641,-0.103066325,0.32159758,-0.06526033,0.6797408,0.13643739,0.18540132,0.34508067,0.16200863,-0.14074063,0.2830726,-0.038608022,0.17365648,-0.002920489,0.2062327
216,-0.14594658,-0.1981218,0.06373144,0.38172242,-0.11083448,0.5634909,0.15104899,0.1714409,0.027067509,0.13880494,-0.411508,0.2089382,-0.0762313,0.1297961,-0.31512696,0.22957075
229,-0.13422632,-0.12020566,0.07048367,0.3727137,-0.13914025,0.61353004,0.17789029,0.18155897,0.08311397,0.1431417,-0.40474468,0.20986967,-0.024970412,0.13628592,-0.26292494,0.1991855
242,-0.13014704,-0.14966334,0.0774676,0.3706044,-0.1395237,0.59681135,0.17846644,0.1852257,0.05659852,0.13159928,-0.41862705,0.20140074,-0.041241243,0.123460844,-0.28387648,0.20406443
287,-0.21887745,0.12092437,-0.16740331,0.26843137,-0.042257596,0.63421047,0.15091404,0.18334135,0.42862868,0.1458244,-0.04442043,0.29371288,-0.10748564,0.15958974,0.123644285,0.17735618
254,-0.17008519,0.0012751276,-0.023757974,0.33311865,-0.13845357,0.68333757,0.21009652,0.22044772,0.26540044,0.1449046,-0.27104726,0.24035612,-0.03467264,0.12995371,-0.06299283,0.18960188
614,-0.15611419,0.2804823,-0.34589395,-0.026571058,-0.006218826,0.25818267,0.10071333,0.18689418,0.53197813,0.047575533,0.35009176,0.10128582,-0.075592704,-0.008274679,0.49085218,0.0058343196
703,-0.14295907,-0.17595325,0.067776516,0.37449172,-0.12481799,0.58479786,0.16837259,0.1825543,0.047773376,0.13676983,-0.41204697,0.2039195,-0.06319384,0.124330804,-0.29194668,0.21790677
630,-0.14071971,-0.12425047,0.058652915,0.3744803,-0.13443382,0.60904956,0.1722492,0.17396207,0.09541848,0.15006384,-0.39908805,0.21521185,-0.024452139,0.1455484,-0.26204637,0.21089303
384,-0.19044466,0.0862135,-0.10198155,0.29641634,-0.08960253,0.6844468,0.19521597,0.2212793,0.36576566,0.11352594,-0.13711217,0.27188155,-0.099237576,0.13681129,0.052822642,0.15400593
432,-0.17020851,0.051560182,-0.047630906,0.31172925,-0.13204476,0.6966324,0.21689934,0.24328174,0.31162435,0.12313796,-0.21538553,0.24242756,-0.0470256,0.11524866,0.00035418628,0.16442154
684,-0.1347311,-0.1885732,0.07799328,0.37251875,-0.12775065,0.57527614,0.1711442,0.18422866,0.027686734,0.1250337,-0.42366886,0.19634257,-0.070201494,0.11580879,-0.30587062,0.2111837
623,-0.13444126,-0.15928993,0.075749554,0.3723682,-0.13387293,0.59148395,0.17467773,0.18315136,0.05118599,0.13379768,-0.4175442,0.20353754,-0.05075689,0.12373777,-0.28773573,0.20821293
198,-0.19849558,0.1849954,-0.24155091,0.19296172,-0.08069634,0.5777492,0.18788716,0.26352027,0.49332297,0.10129818,0.06668866,0.20452973,-0.07499056,0.077988334,0.2577183,0.08781491
183,-0.13342246,-0.15686579,0.07307522,0.37530324,-0.1288989,0.5936502,0.17159207,0.18241085,0.050469086,0.12939039,-0.4132005,0.20677243,-0.05879605,0.12743157,-0.29230508,0.20427789
712,-0.18059348,0.20723256,-0.24753346,0.16430147,-0.08841243,0.5640417,0.19788215,0.2807962,0.49863836,0.073513515,0.0929761,0.18210611,-0.07754477,0.050550032,0.2908034,0.05676722
179,-0.12951761,-0.113804765,0.07039421,0.37257233,-0.14518338,0.6117806,0.17896864,0.17977089,0.08851608,0.14296162,-0.4080659,0.20820338,-0.009800005,0.1390829,-0.2639272,0.19892178
737,-0.18358809,0.21472782,-0.30056867,0.1447284,-0.07831868,0.5089352,0.18170764,0.26634908,0.52330565,0.07567298,0.14409895,0.1655572,-0.07445326,0.053366486,0.3179382,0.05065881
317,-0.14589694,-0.1750246,0.0607947,0.38234994,-0.11570808,0.5758798,0.15376633,0.16404992,0.051886663,0.1488397,-0.40856704,0.21430427,-0.053689253,0.13999552,-0.29791865,0.23167859
346,-0.16760042,0.061720654,-0.049712013,0.30469915,-0.13517874,0.6993211,0.2236122,0.2545237,0.31871894,0.113093734,-0.20482904,0.2383881,-0.050120454,0.10546288,0.01654717,0.15367393
349,-0.17179123,0.047121923,-0.045892145,0.3209635,-0.11821308,0.69844925,0.20288698,0.23414195,0.30028886,0.12517866,-0.21873704,0.2514297,-0.05567915,0.12629557,-0.021604951,0.17008509
292,-0.17249876,0.040383093,-0.047258183,0.32054353,-0.12725377,0.69458914,0.2091395,0.24026856,0.3018156,0.12660348,-0.22079289,0.24565041,-0.047748826,0.12005601,-0.016539223,0.17416771
458,-0.15627211,-0.060144532,0.026442181,0.35650665,-0.13560465,0.65016204,0.18587635,0.17172718,0.17347138,0.17205557,-0.35398334,0.23646255,-0.023586882,0.1549088,-0.17396373,0.20807524
655,-0.21624026,0.11271445,-0.14705856,0.2780867,-0.06441029,0.6451057,0.1689962,0.25246978,0.4230474,0.116821475,-0.042091727,0.26501685,-0.07252914,0.11637024,0.13182437,0.16782197
401,-0.12863672,-0.142438,0.07602727,0.37408048,-0.14029197,0.5979497,0.17735691,0.18298252,0.059023175,0.13376085,-0.4166507,0.20411883,-0.035627536,0.12814604,-0.28371075,0.20115562
573,-0.22017379,0.21023431,-0.32472888,0.13093504,-0.023283387,0.45106792,0.11530626,0.18620236,0.5342177,0.15118432,0.18655464,0.21683888,-0.09510445,0.09729549,0.33052796,0.122204915
281,-0.1450488,-0.24379101,0.077094585,0.3719555,-0.096889414,0.5427963,0.15113972,0.17522848,-0.011237865,0.116040125,-0.42105213,0.19454692,-0.12263447,0.10685992,-0.3320702,0.22850566
752,-0.13875042,-0.15778601,0.07005727,0.37244725,-0.1285623,0.5986801,0.1759158,0.18881042,0.056089107,0.12774068,-0.41054073,0.20534708,-0.06435135,0.124479644,-0.28454816,0.19976549
522,-0.138503,0.27761626,-0.37243316,-0.074536614,0.02385114,0.14763467,0.06994563,0.13986188,0.5042521,0.033910442,0.41179907,0.07808809,-0.09871706,-0.019091483,0.520576,-0.021450825
697,-0.14143386,-0.21220806,0.078735955,0.36981103,-0.11253128,0.5661115,0.16351528,0.18419942,0.011795767,0.11975492,-0.42107984,0.1957534,-0.09822159,0.10863862,-0.31378996,0.21947777
763,-0.1555354,-0.24627344,0.055943366,0.3759597,-0.08117465,0.5342843,0.13051632,0.15186058,0.000780415,0.1334205,-0.4071208,0.20973194,-0.1271597,0.1280182,-0.33795688,0.2534327
732,-0.1824775,0.08369705,-0.07864992,0.30927393,-0.07680459,0.69891924,0.18245211,0.22549164,0.34261408,0.1097773,-0.1522911,0.2712181,-0.09950676,0.14055233,0.016145613,0.15242621
192,-0.14881402,-0.0067722495,0.0058682375,0.3550955,-0.12723579,0.68651277,0.19392993,0.20923296,0.21273437,0.12422256,-0.304663,0.24298552,-0.04102434,0.14627638,-0.13743451,0.16819207
52,-0.1881877,0.18708365,-0.24853516,0.18756858,-0.09680274,0.57915413,0.2021616,0.2783798,0.48990312,0.090725474,0.062680095,0.188772,-0.07470175,0.065145455,0.25857297,0.07067125
483,-0.19491851,0.09247288,-0.10690612,0.29981816,-0.07364244,0.6817708,0.18068255,0.20697708,0.36532632,0.1210076,-0.12849651,0.2840546,-0.109877355,0.15095955,0.045934923,0.1553673
180,-0.13710049,0.2771381,-0.37389576,-0.0778186,0.02583746,0.1398207,0.06782496,0.13652697,0.50181764,0.032879215,0.41562748,0.07631474,-0.10021357,-0.019884601,0.52213776,-0.023423191
247,-0.14841531,-0.21811685,0.066171266,0.38060698,-0.103159465,0.55187476,0.14620613,0.17020135,0.012010485,0.13495632,-0.41297132,0.20608225,-0.09041403,0.12445865,-0.324052,0.23570792
556,-0.13591614,-0.15940228,0.073248446,0.37499094,-0.13043323,0.5900539,0.16876334,0.17969622,0.051749878,0.13649991,-0.4145336,0.2054072,-0.04574519,0.1289071,-0.29126018,0.21284565
489,-0.19291344,0.09293906,-0.13132967,0.30219042,-0.08965431,0.67394894,0.18608035,0.22154355,0.37455207,0.1256077,-0.12287697,0.26969668,-0.091122895,0.14561206,0.045858946,0.15529613
2,-0.18694459,-0.03777011,-0.04360984,0.3658952,-0.10359753,0.6472972,0.15135887,0.18094587,0.24087375,0.18326384,-0.27038404,0.26104575,-0.017443627,0.16710971,-0.12606671,0.25590247
438,-0.1260228,-0.09607459,0.07077939,0.36720464,-0.15198229,0.62423056,0.18843912,0.18381095,0.09959944,0.13767113,-0.40516302,0.20884712,-0.009261596,0.13797113,-0.25048327,0.1856598
65,-0.19874491,-0.0453217,-0.040154755,0.37418696,-0.08240127,0.61742014,0.12317519,0.13133293,0.241756,0.21290784,-0.27971256,0.2753925,0.00038001995,0.21368168,-0.15878369,0.26013824
47,-0.19525672,0.13347697,-0.22079161,0.25045806,-0.11071526,0.62685966,0.20792232,0.27076274,0.4476778,0.11861168,-0.02645973,0.20939046,-0.070231184,0.09873809,0.16202344,0.104228385
213,-0.13417752,-0.12854654,0.06410221,0.36570537,-0.14152865,0.6112255,0.17814285,0.18323167,0.083468944,0.14215234,-0.40582126,0.20877579,-0.03277305,0.12857413,-0.2630143,0.21552859
549,-0.22798634,0.14840333,-0.16912428,0.24113874,-0.04658747,0.61077505,0.15120007,0.19712235,0.45849067,0.1663555,-0.0015283488,0.2710409,-0.06156505,0.13549177,0.19748324,0.17265953
161,-0.13561238,-0.12931281,0.06528706,0.37804946,-0.1298568,0.6042754,0.1675529,0.17169952,0.076451555,0.14075589,-0.4052111,0.21650322,-0.03349987,0.1450915,-0.27898973,0.20347393
453,-0.12661745,-0.084584564,0.067791924,0.36452147,-0.15687652,0.62795544,0.18982424,0.18343852,0.114224814,0.14458735,-0.40122813,0.20834364,0.008753796,0.13985349,-0.23755865,0.19054371
559,-0.19525701,0.197571,-0.24133919,0.17735529,-0.07880737,0.56806904,0.18713903,0.26298216,0.49839574,0.09702207,0.08241511,0.20055681,-0.07396398,0.06913275,0.27969468,0.08210519
17,-0.18145713,-0.029798638,-0.038095243,0.36527836,-0.1090904,0.649724,0.15467668,0.17975101,0.24112652,0.18213217,-0.27520314,0.2590435,-0.007847662,0.16845997,-0.12689085,0.24966477
84,-0.13295688,-0.15026382,0.068285,0.37607065,-0.13638943,0.5916032,0.17155083,0.17757891,0.05935386,0.13951375,-0.41497868,0.20687921,-0.03726087,0.13158004,-0.28714526,0.21199887
443,-0.15624039,0.28039366,-0.3457856,-0.026081458,-0.006449766,0.25907424,0.10101567,0.18722036,0.53209335,0.04766537,0.34954756,0.1015237,-0.0756223,-0.008124548,0.49050754,0.005956785
619,-0.22333719,0.14812547,-0.20977819,0.22692347,-0.06308624,0.5977152,0.17148641,0.22312215,0.4713265,0.14622375,0.019227307,0.2491292,-0.08730716,0.1167745,0.2143074,0.13817497
6,-0.19298881,0.07276521,-0.090181045,0.32705373,-0.0786511,0.6793879,0.14873265,0.18935764,0.33074456,0.16464913,-0.16796425,0.27782187,-0.03799474,0.16841573,-0.01747112,0.21123724
435,-0.1363699,-0.14885876,0.06842033,0.37524295,-0.12969805,0.5953441,0.16954686,0.1773819,0.061441563,0.13687377,-0.4107026,0.21088073,-0.048669305,0.1343635,-0.2876459,0.20849423
79,-0.1581284,-0.06169881,0.020088337,0.3573928,-0.13517928,0.65110594,0.18711564,0.1776377,0.17258024,0.17016931,-0.3516245,0.23531099,-0.033363197,0.15380317,-0.17708194,0.20098896
306,-0.16855586,0.053652667,-0.044412624,0.3119631,-0.13287562,0.69850016,0.21855652,0.24546818,0.30897292,0.11966661,-0.21696413,0.24192402,-0.04756087,0.11441273,-0.001031071,0.1584253
721,-0.15360339,-0.11768707,0.024805376,0.38254765,-0.11153362,0.5918953,0.14641845,0.1184888,0.11993803,0.17207429,-0.38440502,0.2486597,-0.028061764,0.1946572,-0.26777503,0.23100685
538,-0.19232525,0.13336669,-0.12648748,0.27584934,-0.06358194,0.6738719,0.17628852,0.21001065,0.39818496,0.11152574,-0.078277454,0.28277645,-0.11601618,0.14219126,0.09572287,0.141011
120,-0.22798432,0.14774792,-0.16864112,0.24181588,-0.04688041,0.61132824,0.151351,0.19692916,0.45786944,0.16667601,-0.0028393117,0.27124095,-0.061403114,0.13589779,0.19624823,0.17295589
80,-0.13114262,-0.14506292,0.074327655,0.37139583,-0.14316949,0.5974314,0.17912245,0.18630205,0.062016744,0.13718227,-0.41694728,0.20185676,-0.032672066,0.12393587,-0.27879208,0.2065793
144,-0.14415799,-0.08774514,0.033758644,0.37247306,-0.13702783,0.6213718,0.16715424,0.16216701,0.13901891,0.1699241,-0.37502873,0.22760691,0.0059535997,0.16042429,-0.22835149,0.23228765
550,-0.18061106,0.20724244,-0.24760266,0.16424018,-0.08836843,0.56394684,0.19785035,0.28078938,0.49867818,0.073500834,0.09309565,0.18208383,-0.07758243,0.050525416,0.29089487,0.056749616
266,-0.18946195,-0.034949604,-0.04700046,0.36029446,-0.096033715,0.64431167,0.14391264,0.16213809,0.24657412,0.19495149,-0.26918232,0.26577407,-0.018158998,0.17698197,-0.12305748,0.26609498
729,-0.1483029,-0.041597303,0.02956286,0.35174534,-0.14232224,0.6599658,0.1926686,0.17713712,0.18057203,0.16303061,-0.35189837,0.2339921,-0.017583637,0.15223007,-0.1667153,0.19575685
226,-0.13256674,-0.1607028,0.07699243,0.37136754,-0.13472195,0.59162337,0.17558548,0.18546343,0.048921876,0.13035758,-0.41856626,0.20166184,-0.052218307,0.12074357,-0.28900445,0.20804518
4,-0.1321258,-0.14316988,0.071182534,0.37399495,-0.13953121,0.59532833,0.17326422,0.17965165,0.064596705,0.14063314,-0.41501817,0.20613499,-0.029281348,0.13113211,-0.28246814,0.21071929
578,-0.18256566,0.20903577,-0.25641513,0.15858929,-0.08997152,0.5539134,0.19800436,0.27979097,0.50250536,0.07651413,0.099989794,0.17806248,-0.07594194,0.049327716,0.29731068,0.054832663
720,-0.19624707,0.09877986,-0.10684205,0.3204388,-0.0624761,0.67813796,0.13429871,0.18470943,0.34858412,0.16265342,-0.13487706,0.28412163,-0.039882127,0.17413738,0.0014581638,0.20713475
86,-0.19443904,0.19869849,-0.24295993,0.17560767,-0.07993598,0.56682754,0.187948,0.26288012,0.4991173,0.09720525,0.083254606,0.19881004,-0.07348961,0.06839491,0.28136328,0.08039636
474,-0.13541934,-0.18058538,0.07982277,0.3701469,-0.12899233,0.5822455,0.1740852,0.18646576,0.03359196,0.12620406,-0.42190337,0.19858894,-0.070901915,0.11453816,-0.29772505,0.20895882
379,-0.21917112,0.069727115,-0.18948437,0.29170817,-0.10191173,0.63019633,0.18191214,0.23746029,0.41580376,0.15490165,-0.08936539,0.24869485,-0.058026798,0.1385953,0.07625015,0.18433376
301,-0.17037514,0.0044267396,-0.02685067,0.3324401,-0.13749383,0.68469447,0.21148795,0.22065477,0.26807237,0.14337355,-0.26758936,0.2413134,-0.040021688,0.13063845,-0.059744157,0.18465142
56,-0.2087786,0.13242397,-0.15389754,0.27069995,-0.05157214,0.6508185,0.15700102,0.24181974,0.41934276,0.10926381,-0.027563144,0.27637854,-0.09619752,0.12076985,0.13058166,0.16352153
326,-0.16169421,0.068010405,-0.043241978,0.30645952,-0.13100049,0.7066353,0.2222614,0.26307192,0.3109684,0.09895201,-0.20362447,0.23781325,-0.05761371,0.1019883,0.00795706,0.14158241
158,-0.19243655,0.19445565,-0.23507857,0.18153475,-0.08029216,0.57610124,0.19016066,0.26551837,0.49520645,0.09187166,0.07483447,0.20171764,-0.076190606,0.06906123,0.27379942,0.08023159
214,-0.20774889,0.17972273,-0.23268239,0.19148965,-0.07114734,0.5767026,0.1815555,0.24581246,0.49300435,0.11552263,0.06338709,0.21975787,-0.08361513,0.08673125,0.26235563,0.103161626
337,-0.13038798,-0.12710598,0.07104143,0.37316167,-0.13600726,0.6121498,0.17802826,0.18679497,0.07292833,0.12996581,-0.40628734,0.20844422,-0.04176757,0.13179575,-0.27484894,0.19326158
604,-0.15621108,-0.07578527,0.031989563,0.3602484,-0.13327214,0.6436097,0.18336602,0.17199148,0.1584801,0.1693437,-0.3622542,0.2333506,-0.02891515,0.15298922,-0.18967523,0.21014534
451,-0.1345701,-0.1591278,0.07008669,0.37349492,-0.13351123,0.59284025,0.17545973,0.18414952,0.0533995,0.1309045,-0.41633943,0.20084934,-0.053644884,0.12729035,-0.29194516,0.20049366
106,-0.16844971,0.053738657,-0.046624474,0.30878687,-0.13472322,0.6987531,0.2215282,0.25256094,0.31190524,0.11592086,-0.21223263,0.23871505,-0.04952636,0.10749154,0.0062163286,0.15858606
711,-0.1938022,0.094948225,-0.11503288,0.29953918,-0.08009964,0.6753857,0.1801532,0.20575199,0.37030995,0.124168694,-0.12599713,0.2865398,-0.09739368,0.15127885,0.04905245,0.16677445
335,-0.18037434,-0.06648928,0.0062822993,0.36777812,-0.09408282,0.6407747,0.1517619,0.15264563,0.17499998,0.17659082,-0.32909134,0.26666644,-0.06130125,0.18557982,-0.195317,0.21071327
482,-0.18257804,0.20894843,-0.25626692,0.15878907,-0.090047926,0.5541476,0.19805095,0.27978703,0.50242716,0.076604016,0.099682495,0.17814974,-0.0758485,0.04944044,0.2970449,0.05493523
374,-0.11954299,-0.05452699,0.06522697,0.3679302,-0.15478143,0.6367902,0.18477675,0.17228846,0.12874389,0.14715052,-0.39195123,0.21549813,0.024122093,0.1547756,-0.23202547,0.18209215
31,-0.16839114,0.06356476,-0.051689908,0.30353186,-0.13423252,0.698991,0.22323404,0.25463822,0.32167795,0.11313456,-0.20132397,0.23879449,-0.05045947,0.1052647,0.020474028,0.15376395
563,-0.15624535,0.28039026,-0.3457816,-0.026067296,-0.0064558117,0.2590999,0.10102357,0.18722676,0.5320976,0.047671154,0.34953102,0.1015327,-0.075623065,-0.00811877,0.49049842,0.0059645227
743,-0.12562722,-0.10392983,0.07149819,0.36978114,-0.1517518,0.61651874,0.18395385,0.183134,0.0921193,0.14197601,-0.40787423,0.2074284,-0.0044569834,0.13563716,-0.25721544,0.19610506
43,-0.174155,0.015869914,-0.03703283,0.32329756,-0.13693179,0.68709314,0.21620649,0.22662754,0.28682706,0.1404202,-0.24885587,0.2425456,-0.04544033,0.124189995,-0.031294145,0.18264832
134,-0.21081182,0.25308633,-0.28628406,0.09780485,0.008532248,0.43464884,0.081088424,0.18952167,0.5349672,0.109827265,0.2415456,0.21707837,-0.06149069,0.0732156,0.37125698,0.13342613
377,-0.1559015,-0.03577148,0.0122046005,0.35802236,-0.1221882,0.6710404,0.18428016,0.18681644,0.1942524,0.14451094,-0.32476765,0.24498422,-0.04335743,0.155642,-0.16000175,0.19023106
514,-0.18325765,0.20568384,-0.2525673,0.16316001,-0.09152589,0.5597784,0.1994253,0.27990535,0.50005865,0.078387454,0.092413835,0.1804585,-0.07554606,0.05132338,0.29125753,0.058068134
570,-0.21006718,0.23752445,-0.29926577,0.09888476,-0.01003033,0.43494594,0.112496525,0.18331814,0.5345621,0.12343324,0.21833843,0.21629703,-0.102277994,0.07576912,0.37636706,0.10617801
293,-0.1845244,0.20111471,-0.2515116,0.17209338,-0.09315024,0.5670148,0.19938678,0.27793986,0.497197,0.08297209,0.082293525,0.18475455,-0.07475239,0.057802696,0.2784199,0.063234314
267,-0.12407301,-0.11302593,0.07445442,0.36874193,-0.15309006,0.61287355,0.18619794,0.18491869,0.08326293,0.13817973,-0.41261515,0.20455627,-0.01142982,0.13056959,-0.2619749,0.19614023
420,-0.16486129,0.25863507,-0.3399818,0.06361002,-0.053223617,0.39483562,0.15201798,0.24010147,0.5420798,0.056279935,0.25047702,0.1246496,-0.068671905,0.02179312,0.40756214,0.014722784
472,-0.1290836,-0.095839776,0.06525434,0.36880353,-0.15339553,0.6193744,0.18343598,0.1805323,0.107390255,0.14915429,-0.40293416,0.20839134,0.008309524,0.14171244,-0.24758907,0.19866595
640,-0.13304904,-0.07651954,0.054998398,0.36840442,-0.14949211,0.6295552,0.18099178,0.17544544,0.13046154,0.1561822,-0.38759843,0.21752144,0.012211683,0.15068127,-0.22939861,0.20255947
680,-0.22465315,0.12853652,-0.1992928,0.2646689,-0.06196866,0.61703885,0.16097993,0.21318473,0.4518997,0.16142482,-0.020835988,0.25499117,-0.06558917,0.14503792,0.15294662,0.15114953
245,-0.12982762,-0.11720987,0.07051052,0.37269694,-0.1459694,0.6091712,0.1792163,0.17780395,0.08816001,0.14364195,-0.4101456,0.20733249,-0.007213382,0.13976328,-0.26448232,0.20063512
389,-0.19239654,0.066610396,-0.08067454,0.31837717,-0.09529562,0.6796867,0.1769241,0.20703991,0.34017873,0.15804459,-0.17542736,0.27002203,-0.044365514,0.14994954,0.014657999,0.19077982
5,-0.18252063,0.20926419,-0.25662795,0.15827662,-0.08985716,0.5535301,0.1979017,0.27972624,0.5026714,0.0764116,0.10048213,0.17793375,-0.07595369,0.049215928,0.29774168,0.05466167
639,-0.1475436,-0.20284449,0.06680527,0.3745682,-0.1118864,0.56949586,0.16026819,0.1791495,0.026713217,0.13110614,-0.4136801,0.2042261,-0.092271656,0.12054677,-0.30801824,0.22143501
68,-0.16461414,-0.07691909,0.0059485985,0.36844474,-0.12494738,0.6402586,0.17601545,0.17030151,0.1682953,0.17599025,-0.3489264,0.23704723,-0.038418073,0.16461724,-0.19308648,0.20634326
157,-0.13730742,0.27722484,-0.37325802,-0.07718393,0.02545527,0.14168043,0.06845487,0.13747768,0.50221574,0.03260239,0.41482392,0.07672334,-0.100166395,-0.019980332,0.5220019,-0.023220029
716,-0.16308865,0.08996361,-0.058027428,0.29195645,-0.13199052,0.7031485,0.22599518,0.27189368,0.3367134,0.09454448,-0.17438854,0.23507993,-0.054241303,0.092613876,0.04632298,0.13494377
338,-0.1926925,-0.03569762,-0.054823365,0.36446512,-0.09870011,0.6454337,0.14761116,0.18140405,0.25167444,0.18603787,-0.25701922,0.2645445,-0.020471586,0.16752611,-0.114784285,0.26283014
268,-0.16168699,0.06463859,-0.040788095,0.3095865,-0.13578977,0.70274633,0.22045985,0.25420198,0.3088692,0.11123315,-0.21391858,0.2382181,-0.043279644,0.10815977,0.0006889028,0.15101324
693,-0.12535897,-0.08740469,0.07037239,0.36832947,-0.14714612,0.63230026,0.18592633,0.18913391,0.10254427,0.13460769,-0.39701524,0.21083207,-0.012510992,0.13616772,-0.24632366,0.18480128
370,-0.14005715,-0.17556,0.06830494,0.37715706,-0.123690695,0.5809109,0.16333246,0.17673412,0.045626782,0.13870001,-0.41382203,0.20596693,-0.057435736,0.12698933,-0.2962405,0.22317271
699,-0.19386263,0.10272988,-0.121101566,0.29655933,-0.078860775,0.67283124,0.17979944,0.20615426,0.37778157,0.12207964,-0.11648048,0.2868964,-0.09698837,0.15161632,0.057853427,0.16205443
701,-0.16732398,0.058900647,-0.048019078,0.3077575,-0.13499455,0.69870543,0.22139312,0.250695,0.315382,0.11624392,-0.20962867,0.23950925,-0.047047373,0.10895461,0.009557104,0.15739743
406,-0.18996692,0.104133286,-0.10883053,0.295494,-0.0806329,0.681343,0.18511759,0.21245171,0.37074515,0.11503412,-0.1236572,0.28316507,-0.10093101,0.14677186,0.054531608,0.15136959
685,-0.13337746,-0.16148373,0.07561472,0.37287647,-0.13319568,0.5893021,0.17366555,0.18364507,0.04739257,0.1313496,-0.4187093,0.20168471,-0.053420465,0.12448319,-0.29461345,0.20453781
300,-0.17198478,-0.101242945,0.02847574,0.37933758,-0.11133283,0.61954606,0.14571735,0.18758243,0.13514677,0.18058972,-0.34787342,0.23768891,-0.018340003,0.1530931,-0.22788747,0.24231057
111,-0.17356029,-0.023123479,-0.02075623,0.36332303,-0.100531064,0.66605926,0.17029497,0.16783103,0.22462368,0.15364912,-0.29531434,0.26748973,-0.05898056,0.1847123,-0.14673746,0.18451092
540,-0.16705745,0.058445703,-0.046579864,0.30722386,-0.13591275,0.69924235,0.22286303,0.2525473,0.31428358,0.11491207,-0.21060894,0.2385477,-0.04798092,0.10737514,0.009721345,0.15522073
568,-0.15845549,0.27789646,-0.3451953,-0.018329345,-0.010304773,0.27156165,0.10563463,0.19218126,0.5339389,0.049177982,0.34137806,0.10472621,-0.075428315,-0.005842923,0.48519564,0.0084382575
396,-0.15692759,-0.0145170055,0.00864837,0.35388255,-0.12125651,0.6853684,0.19140391,0.20719016,0.20966554,0.13036367,-0.30639514,0.24387027,-0.047791656,0.14803682,-0.13842861,0.16790664
455,-0.18539517,0.20590062,-0.25345057,0.16762497,-0.08746969,0.5623402,0.19401051,0.27508953,0.49980134,0.08277775,0.091701835,0.18531331,-0.07452873,0.057523955,0.2852346,0.06387823
599,-0.13359042,-0.14572246,0.0706626,0.3773713,-0.13166623,0.5961542,0.17039497,0.18026407,0.05894374,0.13609824,-0.4106392,0.20998262,-0.045792837,0.13255867,-0.28765792,0.20523316
600,-0.19683181,0.10053834,-0.10874403,0.3193715,-0.06110834,0.67769915,0.13338086,0.18464673,0.35054827,0.1624653,-0.13146393,0.28459808,-0.040966842,0.17402741,0.004157473,0.2071028
246,-0.19224262,0.09451804,-0.10726556,0.29011098,-0.08294261,0.68381935,0.19299513,0.22393006,0.37307498,0.11150259,-0.12142707,0.27189386,-0.10794689,0.13246548,0.06818794,0.14973602
172,-0.19338727,0.11405362,-0.11402622,0.29165533,-0.065954484,0.6832187,0.17147751,0.21628346,0.3804853,0.11504684,-0.10114879,0.27811128,-0.10153711,0.14410535,0.06388208,0.15319444
60,-0.18870686,-0.043558724,-0.022938816,0.36489388,-0.098969646,0.6360828,0.14767237,0.14595589,0.2299108,0.20159172,-0.2975606,0.26632622,-0.0155903855,0.19393928,-0.1495023,0.24111259
678,-0.122451745,0.2641188,-0.41344482,-0.09791923,0.026704896,0.07160981,0.04823436,0.12160576,0.4917821,0.02949665,0.43907547,0.03590969,-0.074388236,-0.023918226,0.51682216,-0.041941524
464,-0.1625936,0.089890674,-0.05733268,0.29102534,-0.13278346,0.70345235,0.22722223,0.27305204,0.33648884,0.09337318,-0.17485832,0.23415446,-0.054752875,0.09116987,0.047110062,0.1340145
260,-0.17932576,-0.048776854,-0.009941483,0.37122756,-0.09956495,0.6599776,0.1710439,0.17976218,0.21097477,0.14733605,-0.30625266,0.25463438,-0.05831279,0.1798483,-0.16612501,0.17974772
419,-0.19195244,0.18451217,-0.242888,0.19756606,-0.09042655,0.5874158,0.19450316,0.27141643,0.4861609,0.097567216,0.055438586,0.19923738,-0.07459277,0.07547601,0.24447557,0.08173234
677,-0.14026564,-0.080583,0.037710726,0.37228647,-0.13903043,0.6258478,0.17026408,0.1631442,0.1373947,0.16475071,-0.37720785,0.22666125,0.006606117,0.16102168,-0.22940828,0.22115801
430,-0.1859902,0.20401861,-0.25171882,0.17037158,-0.087903015,0.56538576,0.19425352,0.27485308,0.49851587,0.08413534,0.08775017,0.18681571,-0.07431965,0.059113078,0.28138688,0.06584193
557,-0.13523765,-0.15653788,0.07433395,0.37210616,-0.13525026,0.5936676,0.17498253,0.18455347,0.05576639,0.13554554,-0.41583127,0.20271578,-0.045735188,0.12451047,-0.2847417,0.20890492
664,-0.17881235,0.20975187,-0.24937738,0.16051169,-0.089708075,0.56125206,0.19925328,0.2814438,0.4996813,0.071835674,0.09581791,0.17901734,-0.07764467,0.048220824,0.29482684,0.052596714
611,-0.19239992,0.18915614,-0.240375,0.18777268,-0.08496592,0.57952833,0.1929082,0.26876193,0.4928287,0.09399814,0.06749885,0.19851154,-0.075973205,0.071292266,0.26251873,0.07871016
452,-0.19252823,0.19058385,-0.23959142,0.18252042,-0.085726105,0.57482153,0.19468266,0.27233607,0.4945947,0.088155635,0.07277267,0.19780137,-0.076442525,0.0660552,0.27015746,0.077766046
104,-0.22570743,0.13774914,-0.19941558,0.2264056,-0.06246432,0.6030302,0.1757187,0.21854909,0.46685722,0.14360526,0.0071044723,0.25613117,-0.10009548,0.11771158,0.21011934,0.14356257
715,-0.17201874,0.06372948,-0.053499978,0.31424844,-0.12435537,0.6955947,0.20730284,0.24389037,0.3211681,0.12234747,-0.20184225,0.24705838,-0.04005843,0.12173455,0.0012547474,0.16321413
424,-0.18218492,-0.035286825,-0.02574972,0.36538377,-0.09894711,0.6529408,0.15662488,0.1710571,0.23212667,0.170156,-0.28652686,0.26494893,-0.036307413,0.1797942,-0.14625818,0.22652565
418,-0.13184087,-0.08889341,0.05905927,0.3735298,-0.146589,0.61864316,0.17448264,0.17028552,0.11508574,0.15662315,-0.39609134,0.21500455,0.015318343,0.15388834,-0.2483158,0.2039278
541,-0.2121841,0.24734865,-0.2672367,0.09778392,0.009878239,0.44555503,0.09675228,0.18951286,0.52489513,0.10479542,0.23134102,0.23057087,-0.09875645,0.06727764,0.38341802,0.12024692
231,-0.22520503,0.13896154,-0.15954798,0.24965686,-0.054582886,0.62188727,0.15784703,0.20102565,0.44815937,0.16552986,-0.021901464,0.27071953,-0.06032184,0.13564971,0.18043177,0.17472115
615,-0.12028781,-0.06257631,0.06621339,0.37063032,-0.15138832,0.6325044,0.18149497,0.17172118,0.11895417,0.14707708,-0.39417386,0.21650599,0.01566612,0.15386039,-0.24168399,0.18465082
687,-0.1789669,0.2270787,-0.31723294,0.11416662,-0.06825734,0.47208658,0.17415734,0.2569561,0.5289302,0.07043953,0.18282016,0.15157197,-0.08082739,0.037850533,0.35772905,0.042324513
561,-0.15624599,0.28038958,-0.34578422,-0.026067734,-0.006453058,0.25909516,0.10101971,0.18722479,0.5320973,0.047671948,0.3495348,0.10153257,-0.07562211,-0.008118076,0.49049842,0.0059667984
119,-0.16280739,0.090115175,-0.057663023,0.2915146,-0.13238713,0.7032036,0.22649963,0.2720739,0.33696806,0.09417374,-0.17472176,0.2346336,-0.053789802,0.09225141,0.046794612,0.13464394
636,-0.12682635,0.24937871,-0.43711185,-0.10496234,0.042285923,0.03025212,0.029697573,0.10376084,0.48005378,0.031097071,0.45849442,0.030730827,-0.084991515,-0.017901924,0.503866,-0.03584278
724,-0.13078831,0.2728946,-0.38793898,-0.091036595,0.026671946,0.116662145,0.06137057,0.13494785,0.5012936,0.021142459,0.4234791,0.050970476,-0.082828045,-0.023691213,0.52025676,-0.039701246
465,-0.17714779,-0.015342448,-0.027851272,0.34531018,-0.12400483,0.66770655,0.18498555,0.19235273,0.25335798,0.17060553,-0.27897924,0.2527257,-0.030318398,0.15247522,-0.09420576,0.21886355
251,-0.13103594,0.27291778,-0.38784358,-0.090376176,0.026347207,0.11803455,0.061821572,0.13548046,0.50167555,0.021315107,0.42285138,0.05137829,-0.0828708,-0.023499748,0.5199991,-0.0394616
139,-0.19417164,0.1997256,-0.24375744,0.17428826,-0.079681545,0.5654107,0.18783875,0.26305914,0.4997553,0.09649736,0.08523267,0.19812545,-0.073682226,0.06765426,0.28323218,0.07923999
286,-0.22816917,0.14873405,-0.16971649,0.24060558,-0.046160046,0.61012596,0.15088634,0.19694585,0.45903662,0.16635576,-0.00040196686,0.27100486,-0.06178408,0.13537034,0.19849654,0.17264907
562,-0.16797228,0.062671065,-0.050531965,0.3040111,-0.13470988,0.6992621,0.22352616,0.25472045,0.3200815,0.11294313,-0.20311119,0.23857339,-0.050488748,0.10520124,0.018577704,0.15355645
285,-0.19637902,0.09883731,-0.10711227,0.32046136,-0.062010746,0.6781804,0.13401344,0.18486087,0.34847608,0.16243571,-0.13435061,0.28437692,-0.040777657,0.1740796,0.0013872433,0.2070778
547,-0.16228268,0.09167133,-0.05774514,0.2902281,-0.13301425,0.70340097,0.22726968,0.27275828,0.33780155,0.093461834,-0.17378436,0.2339623,-0.053605616,0.09128871,0.048732057,0.13346599
506,-0.1745603,0.06994243,-0.060810335,0.30904275,-0.12139407,0.69526345,0.20773205,0.24800536,0.33094007,0.11921061,-0.18830626,0.24755444,-0.045396976,0.11797911,0.016214926,0.161017
490,-0.2008498,0.065399,-0.10257462,0.31970865,-0.07075389,0.6779893,0.16083157,0.20680653,0.3474467,0.15094922,-0.14220552,0.2770936,-0.07407702,0.14940153,0.025155894,0.2009645
244,-0.14405221,-0.047692087,0.0369351,0.3569714,-0.14608712,0.65213054,0.19104837,0.1750795,0.17064494,0.16247568,-0.3623941,0.23023368,-0.0042820857,0.15493743,-0.18140475,0.19397695
272,-0.12569523,-0.093887165,0.06875882,0.36801824,-0.15883867,0.6189257,0.18890788,0.17919542,0.10765268,0.14751633,-0.40692124,0.2059978,0.014303623,0.14111505,-0.24453545,0.19452219
651,-0.13231546,-0.15844914,0.07776131,0.37313297,-0.1313852,0.59406203,0.17460026,0.18349832,0.0492552,0.12885357,-0.41693655,0.20339121,-0.054956377,0.12360036,-0.28883296,0.2045182
617,-0.12341344,-0.044885322,0.055350352,0.35870975,-0.15702337,0.65028894,0.19326226,0.18371324,0.14653441,0.14132425,-0.37988406,0.2173221,0.010754116,0.14641991,-0.21093851,0.18261988
398,-0.18871646,0.199524,-0.25206095,0.17239037,-0.08916806,0.5651565,0.19512118,0.27456033,0.49853662,0.08835883,0.08428371,0.18748638,-0.07397602,0.060522616,0.2794731,0.06836009
277,-0.14615388,-0.08360614,0.049238347,0.3650926,-0.14146909,0.63193715,0.18181951,0.17237878,0.13389419,0.16379228,-0.38182718,0.22463298,-0.013028891,0.1533862,-0.22098322,0.20065619
352,-0.22032565,0.024225637,-0.14934976,0.3296891,-0.097580984,0.64880896,0.1707551,0.1994821,0.34836832,0.18464427,-0.1804983,0.25495642,-0.0519711,0.17934227,-0.02360705,0.17884485
582,-0.18404368,0.20564361,-0.25421312,0.16349459,-0.09029184,0.5585506,0.1977483,0.27892992,0.50088835,0.079460114,0.09396841,0.1810196,-0.075115964,0.052433055,0.29108447,0.059356183
30,-0.17273843,0.25614035,-0.33291766,0.0719548,-0.045561966,0.40678716,0.14397116,0.2351515,0.5417294,0.064501695,0.24600744,0.13947493,-0.06920641,0.029629791,0.40068993,0.033796832
585,-0.18399143,0.20675647,-0.31348073,0.13891561,-0.084844425,0.5020721,0.18621609,0.27736995,0.52014846,0.07455308,0.14754878,0.1527592,-0.07283623,0.042409766,0.3233452,0.04551103
201,-0.18142444,0.20630704,-0.24030866,0.17191832,-0.08627237,0.5743809,0.19654846,0.27474722,0.4943621,0.07700161,0.08254005,0.19157209,-0.081771806,0.058595315,0.27920055,0.061935864
411,-0.13889986,-0.16979817,0.071181886,0.3741205,-0.12840883,0.5860016,0.16952331,0.18172196,0.048042282,0.13656446,-0.4148912,0.20456035,-0.05706479,0.12388597,-0.29104468,0.21667027
646,-0.18326113,0.20547944,-0.25218946,0.16363981,-0.09172258,0.56036985,0.19955148,0.2799032,0.49983093,0.07858357,0.091643535,0.18066503,-0.075354345,0.051578928,0.2905852,0.058299955
181,-0.13785845,-0.090839796,0.05110975,0.37671694,-0.14020267,0.6152855,0.16685298,0.162176,0.12015152,0.16649212,-0.38884082,0.22227676,0.012635754,0.16123462,-0.24661103,0.21472716
27,-0.1712806,0.0030415333,-0.024500078,0.33106488,-0.13733168,0.68311375,0.2106219,0.2137659,0.26693258,0.14958858,-0.27134833,0.2434073,-0.039397508,0.13326137,-0.05942919,0.1885161
368,-0.13980596,-0.11997419,0.05522361,0.38029176,-0.1372849,0.60208774,0.16638541,0.16843557,0.09611554,0.15844208,-0.39937636,0.21561117,-0.0036710687,0.15298891,-0.26712278,0.21417819
572,-0.18531314,0.19750205,-0.2330269,0.18064098,-0.0849928,0.5830564,0.19392174,0.2761349,0.49019155,0.079812385,0.07293749,0.19723716,-0.07882396,0.061041944,0.26851338,0.07593158
90,-0.21185616,0.2525664,-0.28730008,0.096927434,0.009187713,0.43141893,0.08050293,0.18746127,0.5357532,0.11217317,0.24274154,0.21662143,-0.060768466,0.074081324,0.37312126,0.13303694
663,-0.1834534,0.20710471,-0.2551709,0.16136584,-0.09016348,0.55655307,0.19792558,0.27924323,0.50168025,0.07822839,0.09648936,0.17970356,-0.07550852,0.051220678,0.2937135,0.057185058
476,-0.16297391,0.08784087,-0.056609333,0.2930284,-0.13210833,0.7035242,0.22596465,0.27143055,0.3346641,0.094729066,-0.17720109,0.23505527,-0.05434085,0.093078986,0.04319871,0.13569134
625,-0.15256402,-0.09699975,0.045806043,0.37611583,-0.122538276,0.6237746,0.16658708,0.16499594,0.12356708,0.16067271,-0.37798622,0.23248863,-0.027237361,0.16414723,-0.24043941,0.20288494
507,-0.16993853,-0.1591562,0.022719884,0.38968658,-0.100563705,0.58394027,0.13776816,0.17043313,0.08650875,0.1713848,-0.37174466,0.22886394,-0.05853046,0.15719666,-0.2839882,0.24099004
534,-0.16790417,0.06314983,-0.05074468,0.30370682,-0.13480332,0.69927657,0.2237062,0.25498247,0.32051283,0.11273999,-0.20258199,0.23848699,-0.05052366,0.10491995,0.019356053,0.15328868
35,-0.14320576,-0.17659037,0.06913506,0.3715014,-0.12328206,0.5876622,0.17047077,0.18484001,0.046240326,0.1315303,-0.4131249,0.20362633,-0.07322532,0.122042306,-0.291986,0.21132255
704,-0.22512117,0.064724706,-0.2009097,0.29361802,-0.093510225,0.6199775,0.17420058,0.23613141,0.42258656,0.15231,-0.075899534,0.25440544,-0.06442452,0.14296377,0.0763626,0.19145198
569,-0.13045388,-0.15685268,0.07747979,0.37138107,-0.1339529,0.59533125,0.17597571,0.18619622,0.04889359,0.12674376,-0.41765878,0.20107314,-0.054037,0.12191233,-0.2903472,0.20259541
275,-0.12793669,-0.14513598,0.078305796,0.37255085,-0.14139067,0.59654903,0.17832913,0.18306829,0.057363693,0.13231798,-0.4195621,0.20247877,-0.034796644,0.12640387,-0.28440708,0.20139408
412,-0.1424896,-0.1920756,0.06707121,0.37103882,-0.11572631,0.57959604,0.16459224,0.1780727,0.035093483,0.12768695,-0.41368935,0.20489042,-0.08792242,0.11948442,-0.2995584,0.22386198
269,-0.15972978,-0.05628358,0.022629885,0.3533168,-0.13325317,0.6547614,0.18828756,0.17260115,0.1807472,0.17254525,-0.34762603,0.23928656,-0.03280458,0.15421349,-0.16297098,0.20567125
136,-0.12127243,-0.09683756,0.077643074,0.3640172,-0.15361895,0.6268479,0.19095568,0.1901322,0.09188877,0.13132797,-0.40877667,0.20229922,-0.011045366,0.13005781,-0.25360197,0.18210462
627,-0.20999497,0.25626734,-0.28867465,0.09306429,0.010930385,0.4272156,0.078450084,0.18632546,0.53584087,0.10941171,0.2481139,0.21573693,-0.061874654,0.07274945,0.37589204,0.13082752
240,-0.14814246,-0.044481736,0.030726006,0.35376105,-0.14076474,0.6577928,0.18978766,0.17590159,0.17623256,0.16291887,-0.35392892,0.23417471,-0.017130308,0.15387712,-0.17370139,0.19664599
548,-0.23608126,0.13738528,-0.18986231,0.23721208,-0.05426426,0.5999539,0.15791838,0.20863411,0.45880458,0.17135675,0.0044828057,0.268506,-0.08457015,0.12928227,0.19837587,0.16284575
491,-0.1864501,0.20475048,-0.2553243,0.16528885,-0.086984426,0.55830055,0.19434422,0.2738424,0.5022766,0.083535194,0.09392592,0.18462797,-0.07542138,0.057293914,0.2891587,0.06343671
141,-0.18651304,0.20427087,-0.25234714,0.16838753,-0.087286755,0.56205803,0.19410107,0.27545673,0.4998227,0.08391926,0.09099004,0.18626004,-0.07484306,0.057576656,0.28524846,0.0652126
280,-0.14526853,-0.16342872,0.058135152,0.38579366,-0.12070149,0.57676536,0.15045315,0.16297781,0.057767026,0.15667792,-0.40446496,0.21646585,-0.033095174,0.14671302,-0.2965929,0.23371989
329,-0.1786087,0.21078427,-0.25067043,0.15907094,-0.08913367,0.5593453,0.19874084,0.28148836,0.5004302,0.07113576,0.09836851,0.17821926,-0.07779746,0.047524367,0.29679495,0.051542234
414,-0.16830508,0.06314445,-0.0513906,0.30371293,-0.13439402,0.69903255,0.22328314,0.25463548,0.32113045,0.113188066,-0.20192342,0.23872611,-0.050444245,0.10524174,0.019810637,0.15391035
211,-0.17014836,-0.04960454,-0.0023720786,0.35849747,-0.11639957,0.6463318,0.16536903,0.15192094,0.20432042,0.18957938,-0.32560033,0.25247747,-0.020771172,0.17543654,-0.15884049,0.23335592
393,-0.17131543,0.0048639346,-0.025182547,0.32980472,-0.1377408,0.6840961,0.21183436,0.21587355,0.2688886,0.14836253,-0.26914027,0.24287364,-0.04010485,0.13152483,-0.055787716,0.18716525
279,-0.12959643,-0.12108349,0.068897344,0.37584668,-0.13624583,0.60479623,0.1684751,0.1701913,0.07578787,0.14291589,-0.40890956,0.21373884,-0.021485131,0.14435141,-0.28051957,0.20443915
97,-0.12690115,-0.099365555,0.068071894,0.36542192,-0.15339337,0.62224567,0.18735397,0.18303607,0.10110461,0.14289974,-0.40517327,0.20788883,-0.005534547,0.1348819,-0.24728641,0.19781998
480,-0.1373737,-0.19346514,0.07481298,0.37170443,-0.124862276,0.5747354,0.17059283,0.1846392,0.02750079,0.12499427,-0.421967,0.19646254,-0.07797874,0.114356026,-0.30504364,0.2135191
235,-0.18060237,0.22648135,-0.30994558,0.11761622,-0.068368375,0.47970915,0.17488325,0.25717342,0.52762085,0.07251488,0.17630638,0.1561343,-0.08011513,0.03985371,0.3542472,0.045495022
252,-0.18289353,0.20819591,-0.25577766,0.15988292,-0.09011972,0.5552567,0.19799735,0.2794369,0.50209546,0.077359356,0.098229185,0.17884704,-0.07567348,0.050226294,0.29562205,0.056026705
14,-0.19874823,0.12782654,-0.14064258,0.2659096,-0.07466423,0.6625588,0.1732801,0.24390514,0.41462684,0.11260785,-0.05563697,0.26230264,-0.07532329,0.112758614,0.12523039,0.1703874
174,-0.14069232,-0.1719399,0.07063098,0.37455794,-0.12358628,0.58586395,0.16553906,0.17863642,0.049101394,0.13746727,-0.4135082,0.20485665,-0.056851033,0.12597294,-0.29201022,0.22113572
62,-0.20770465,0.060703542,-0.09229932,0.31049395,-0.08760962,0.6701671,0.17602177,0.2079904,0.3583843,0.16559301,-0.15640558,0.26911306,-0.054479007,0.14927904,0.035489984,0.19480407
461,-0.15325342,-0.057887472,0.030607903,0.35461843,-0.1395635,0.65280634,0.19031647,0.1764522,0.17109202,0.16744475,-0.35698584,0.23344749,-0.023457898,0.1510386,-0.17409238,0.20140395
761,-0.161772,-0.044921782,0.0050808433,0.3601751,-0.12225044,0.6522984,0.1712549,0.16161925,0.19636081,0.17711984,-0.331904,0.24632739,-0.01943138,0.17087588,-0.16801983,0.21817262
473,-0.1354292,-0.16446926,0.07088346,0.37590003,-0.13298348,0.58416015,0.16897741,0.17974092,0.04805414,0.13873474,-0.41685906,0.20499873,-0.046780717,0.12621686,-0.2935345,0.21647511
41,-0.14194858,-0.21782807,0.076114476,0.37275687,-0.110008925,0.5592495,0.15900144,0.17959084,0.007895188,0.121982664,-0.42068857,0.19779912,-0.098868914,0.11146483,-0.31894314,0.2242645
762,-0.18387799,0.20768663,-0.31479767,0.13779713,-0.08435094,0.50034165,0.18555956,0.2767441,0.52063835,0.07474539,0.14933757,0.15211637,-0.072668105,0.04242395,0.3245686,0.04444754
565,-0.15327749,-0.019820657,0.011340002,0.3531793,-0.12528126,0.6852205,0.19409598,0.21355288,0.20556422,0.12572014,-0.30872327,0.23990381,-0.046999015,0.13976173,-0.13958155,0.17491986
576,-0.12666735,0.2177195,-0.50269496,-0.09075189,0.013417876,0.008598623,0.029598333,0.12011175,0.48942596,0.05544086,0.44184992,-0.01970922,-0.04227346,-0.015016067,0.4671528,-0.03978743
336,-0.20356765,0.13635674,-0.15314604,0.2577219,-0.066194504,0.6514371,0.167462,0.24377505,0.42842108,0.111077346,-0.031474605,0.26272637,-0.07845755,0.111111596,0.14555292,0.16818245
234,-0.16459881,-0.060121205,0.020690078,0.35577184,-0.12046146,0.65279526,0.17371136,0.17015499,0.17475924,0.1723286,-0.34377417,0.24443859,-0.03956491,0.16007796,-0.17912155,0.21228851
309,-0.14362529,-0.23233955,0.07799465,0.3714716,-0.1043725,0.550595,0.15701261,0.17978911,-0.0038950327,0.11739641,-0.4220318,0.19466732,-0.11323449,0.10709639,-0.32611367,0.22326027
502,-0.21871512,0.08583939,-0.20718259,0.26658994,-0.121373564,0.6290668,0.20704472,0.24551877,0.42910177,0.16548169,-0.084681556,0.21765786,-0.05860956,0.12381344,0.114869654,0.13848628
330,-0.19298677,0.081002414,-0.18606152,0.32225844,-0.11063214,0.6476663,0.17637327,0.21493635,0.38201573,0.16178893,-0.12623844,0.2488079,-0.049152125,0.1657636,0.009346292,0.16963217
63,-0.12751372,-0.13167714,0.075678915,0.3706686,-0.14895849,0.60241383,0.18243247,0.18511812,0.07024488,0.13856886,-0.41684365,0.2026039,-0.020073634,0.12676063,-0.27227306,0.20270924
200,-0.19428161,0.19847025,-0.24214499,0.17590694,-0.080446124,0.5676162,0.18854085,0.26308224,0.49871162,0.097152896,0.082136765,0.19892164,-0.07357288,0.06835272,0.28084043,0.08026531
433,-0.20967695,0.100750044,-0.11930639,0.30648533,-0.065867,0.6609521,0.14603812,0.20550896,0.379428,0.16694616,-0.10512681,0.28203487,-0.045323,0.15673834,0.052867234,0.20276244
327,-0.21396172,0.1845478,-0.31949055,0.19036077,-0.064482175,0.51651275,0.16192648,0.23327589,0.51896405,0.13560171,0.11363847,0.19345076,-0.072409526,0.108314715,0.26473024,0.07186174
668,-0.18260086,0.20888385,-0.25623736,0.1588594,-0.090066545,0.5542223,0.1980527,0.27976543,0.50240755,0.07666735,0.09957115,0.17819136,-0.07582652,0.049487572,0.2969474,0.055031233
71,-0.1740318,0.03437708,-0.04759703,0.32392377,-0.12682647,0.6903725,0.20408957,0.23185815,0.29949495,0.13569398,-0.2268975,0.2472339,-0.040162224,0.12613651,-0.024979334,0.18537669
312,-0.22733466,0.031500623,-0.12613764,0.3531104,-0.05013656,0.64396995,0.13038664,0.22417322,0.34109345,0.15706737,-0.12112199,0.2965759,-0.08034851,0.16397132,-0.009371399,0.21258096
150,-0.12247575,0.26412794,-0.41343087,-0.0978547,0.02667485,0.071757786,0.04828177,0.121662915,0.4918261,0.029507436,0.4390161,0.035953194,-0.07439678,-0.02390135,0.5168046,-0.04192089
468,-0.14143552,-0.16011226,0.064518236,0.38034385,-0.12634297,0.5846522,0.16094427,0.17087606,0.061122797,0.14781399,-0.40951017,0.21089679,-0.03547791,0.13913247,-0.28973284,0.22434549
339,-0.12338542,0.26456848,-0.41299018,-0.09536208,0.025370117,0.07727423,0.050116513,0.12389932,0.49360076,0.0299752,0.4367153,0.03746184,-0.0744114,-0.023208797,0.5159642,-0.041090276
341,-0.15694529,-0.05875651,0.025578136,0.35710973,-0.13455024,0.6492486,0.18371949,0.16941568,0.17441913,0.17398001,-0.3532664,0.23780742,-0.021490395,0.15754905,-0.1751459,0.20893052
210,-0.12959965,-0.11210859,0.06751915,0.36733407,-0.1521888,0.6152813,0.18533719,0.18538554,0.092776634,0.14444155,-0.40736553,0.20623319,-0.010339744,0.13132255,-0.25346503,0.20284359
520,-0.14269902,-0.2103882,0.07463,0.37340528,-0.11128317,0.56425685,0.15930621,0.17941585,0.015388156,0.12503001,-0.41869202,0.1996467,-0.09203417,0.11444411,-0.3143155,0.22503628
696,-0.13599034,-0.18579094,0.075874485,0.37344554,-0.12716478,0.57618886,0.16895151,0.18374969,0.030752063,0.12912376,-0.42116398,0.19914739,-0.06775012,0.11647571,-0.30297157,0.21608071
457,-0.19012432,0.10752257,-0.11195178,0.29065794,-0.07546483,0.6833988,0.18459046,0.2181642,0.38096133,0.10576761,-0.110942565,0.27522087,-0.10528848,0.14192328,0.063770145,0.14563884
223,-0.14136423,-0.21375233,0.07706936,0.37204853,-0.11320764,0.5624275,0.16305462,0.18185452,0.011124453,0.121842355,-0.4216913,0.19704123,-0.09822662,0.1109019,-0.31573778,0.21888678
688,-0.1470801,-0.06778883,0.026790041,0.36653087,-0.1303946,0.644193,0.17451228,0.17379406,0.14719307,0.15534525,-0.36284646,0.23450945,-0.03136291,0.15982479,-0.21822995,0.19864856
297,-0.11529701,0.22497275,-0.49095243,-0.111967355,0.03139295,-0.03239297,0.010230675,0.07998139,0.47410786,0.059248365,0.4583886,-0.02048411,-0.039760366,-0.009624363,0.4812331,-0.043579794
652,-0.17536138,0.25221807,-0.33014342,0.049050957,-0.043526452,0.37564853,0.14397982,0.23110843,0.5408915,0.06157729,0.2641009,0.13272241,-0.07097274,0.013768832,0.43254602,0.032301065
176,-0.13490601,-0.1226515,0.06222603,0.37486002,-0.14261131,0.6045832,0.17357296,0.17430992,0.09032693,0.15190668,-0.4055402,0.21070065,-0.00771163,0.14193645,-0.26418188,0.21425427
118,-0.20445578,0.12333986,-0.2083353,0.26423782,-0.09864033,0.63099396,0.19460088,0.25957388,0.44048432,0.12980527,-0.036109123,0.22614487,-0.07050913,0.11319682,0.14205398,0.12386649
311,-0.1358127,-0.07683756,0.056474354,0.36872706,-0.14465955,0.6337678,0.18095513,0.17856526,0.12895952,0.15220611,-0.38470605,0.21888359,0.002685291,0.15078962,-0.22922723,0.19567233
274,-0.133051,-0.16373794,0.077750765,0.3698224,-0.13603264,0.5910125,0.17763972,0.18741553,0.04767223,0.12961069,-0.42018336,0.19945754,-0.053661678,0.118149616,-0.288259,0.20700558
222,-0.18359445,0.2067655,-0.3235817,0.13466543,-0.083969034,0.49186385,0.18394218,0.2766225,0.5227056,0.07386935,0.15636104,0.14760745,-0.07194824,0.040768582,0.3282455,0.0432137
545,-0.13530885,-0.111269735,0.06485386,0.37480882,-0.14110363,0.61299783,0.1757937,0.1792624,0.0954069,0.14708129,-0.40104437,0.21365176,-0.011166387,0.14363685,-0.25981516,0.20106877
187,-0.22425602,0.09867303,-0.15160489,0.27773345,-0.06432548,0.6355836,0.17058857,0.22553566,0.4306427,0.13411109,-0.053381186,0.27203032,-0.0734479,0.13501866,0.13378696,0.17311674
495,-0.13524753,-0.14922273,0.072518885,0.37453148,-0.13398486,0.5962076,0.1735967,0.18250243,0.059789628,0.13777894,-0.4131227,0.20640115,-0.04313444,0.1283936,-0.28258398,0.20741381
518,-0.12713474,-0.14273944,0.07797051,0.36804998,-0.14764005,0.60054284,0.18515694,0.1886059,0.061992593,0.13115801,-0.42020643,0.19866608,-0.03342735,0.12082332,-0.27685618,0.20041315
390,-0.18256527,0.20904131,-0.25643402,0.1585753,-0.0899715,0.5538887,0.19799776,0.279788,0.5025165,0.07651803,0.10001293,0.17805454,-0.0759324,0.04932106,0.29733098,0.0548389
217,-0.20969042,0.17586643,-0.22849035,0.19503735,-0.06992457,0.57894146,0.18148059,0.2469877,0.49055558,0.11420371,0.060462676,0.22426237,-0.0874483,0.08769314,0.25857338,0.1049701
113,-0.19687557,0.09320715,-0.107272916,0.30938616,-0.06364217,0.68314326,0.15668243,0.19699065,0.3569758,0.14147967,-0.12838645,0.28368118,-0.08525866,0.15953436,0.026764935,0.18273614
202,-0.14580615,-0.19207919,0.06834564,0.375323,-0.11370081,0.5759862,0.16002186,0.17705743,0.035683736,0.13372006,-0.41196746,0.2058054,-0.078845,0.12382372,-0.30188262,0.22528638
407,-0.19637747,0.19791006,-0.24218966,0.17481984,-0.07794017,0.5650674,0.18711565,0.2644597,0.49790856,0.09647479,0.0863409,0.20186152,-0.08009767,0.06692478,0.28291902,0.079760484
355,-0.16948977,-0.093193315,0.02941579,0.3786664,-0.113979705,0.6228469,0.14831623,0.18506207,0.13935237,0.18034962,-0.34857786,0.23820627,-0.013717396,0.15600196,-0.22459143,0.23664194
493,-0.13037455,-0.08326771,0.060167924,0.3675771,-0.14879273,0.626447,0.17894526,0.17479312,0.11874717,0.15265556,-0.394322,0.2145336,0.010329691,0.14827149,-0.24034727,0.20349352
642,-0.16194177,-0.05848087,0.020495186,0.35333776,-0.13115674,0.65407723,0.18713775,0.17161523,0.18156658,0.17413284,-0.34589088,0.24072585,-0.03636398,0.15463614,-0.16171776,0.20815939
