modality,modality_fraction,survival_fraction,year
Systemic and radiotherapy,0.40827586206896554,0.7027027027027027,< 2019
Systemic and radiotherapy,0.34210526315789475,0.7692307692307693,2019
Only radiotherapy,0.22482758620689655,0.7300613496932515,< 2019
Only radiotherapy,0.13157894736842105,0.8,2019
No therapy,0.3641379310344828,0.7159090909090909,< 2019
No therapy,0.5263157894736842,0.95,2019
Only systemic therapy,0.002758620689655172,0.5,< 2019
Only systemic therapy,0.0,,2019
