{"train": [[1.6228867769241333, 1.6383509635925293]], "val": [[NaN]], "lr": [0.1, 0.1]}