{"train": [[1.1828718185424805, 1.1466877460479736]], "val": [[NaN]], "lr": [0.1, 0.1]}