{"train": [[1.5869865417480469, 1.6678212881088257]], "val": [[NaN]], "lr": [0.1, 0.1]}