{"train": [[1.7238869667053223, 1.5428287982940674]], "val": [[NaN]], "lr": [0.1, 0.1]}