{"train": [[1.6407541036605835, 1.638883352279663]], "val": [[NaN]], "lr": [0.1, 0.1]}