{"train": [[1.613268256187439, 1.4995512962341309]], "val": [[NaN]], "lr": [0.1, 0.1]}