{"train": [[1.6121866703033447, 1.5145375728607178]], "val": [[NaN]], "lr": [0.1, 0.1]}