{"train": [[1.664673089981079, 1.623180866241455]], "val": [[NaN]], "lr": [0.1, 0.1]}