{"train": [[1.5955090522766113, 1.5621535778045654]], "val": [[NaN]], "lr": [0.1, 0.1]}