{"train": [[1.1571393013000488, 1.2732255458831787]], "val": [[NaN]], "lr": [0.1, 0.1]}