{"train": [[1.4380512237548828, 1.4209553003311157]], "val": [[NaN]], "lr": [0.1, 0.1]}