{"train": [[1.6570727825164795, 1.6928355693817139]], "val": [[NaN]], "lr": [0.1, 0.1]}