{"train": [[1.1394468545913696, 1.1416113376617432]], "val": [[NaN]], "lr": [0.1, 0.1]}