{"train": [[1.4326910972595215, 1.4528354406356812]], "val": [[NaN]], "lr": [0.1, 0.1]}