{"train": [[1.4239521026611328, 1.4577339887619019]], "val": [[NaN]], "lr": [0.1, 0.1]}