{"train": [[1.6543352603912354, 1.6351277828216553]], "val": [[NaN]], "lr": [0.1, 0.1]}