{"train": [[1.4038411378860474, 1.3945388793945312]], "val": [[NaN]], "lr": [0.1, 0.1]}