{"train": [[1.6687960624694824, 1.7202599048614502]], "val": [[NaN]], "lr": [0.1, 0.1]}