{"train": [[1.1700572967529297, 1.0903291702270508]], "val": [[NaN]], "lr": [0.1, 0.1]}