{"train": [[1.6845898628234863, 1.6606100797653198]], "val": [[NaN]], "lr": [0.1, 0.1]}