{"train": [[1.6001226902008057, 1.6037859916687012]], "val": [[NaN]], "lr": [0.1, 0.1]}