{"train": [[1.1983985900878906, 1.0861833095550537]], "val": [[NaN]], "lr": [0.1, 0.1]}