{"train": [[1.5657825469970703, 1.6004643440246582]], "val": [[NaN]], "lr": [0.1, 0.1]}