{"train": [[1.625849962234497, 1.6787567138671875]], "val": [[NaN]], "lr": [0.1, 0.1]}