{"train": [[1.416149616241455, 1.4814262390136719]], "val": [[NaN]], "lr": [0.1, 0.1]}