{"train": [[1.7027188539505005, 1.6210979223251343]], "val": [[NaN]], "lr": [0.1, 0.1]}