{"train": [[1.5840641260147095, 1.549607753753662]], "val": [[NaN]], "lr": [0.1, 0.1]}