{"train": [[1.5988084077835083, 1.546654224395752]], "val": [[NaN]], "lr": [0.1, 0.1]}