{"train": [[1.6396310329437256, 1.6896343231201172]], "val": [[NaN]], "lr": [0.1, 0.1]}