{"train": [[1.3867555856704712, 1.398681640625]], "val": [[NaN]], "lr": [0.1, 0.1]}