{"train": [[1.1569207906723022, 1.1861543655395508]], "val": [[NaN]], "lr": [0.1, 0.1]}