{"train": [[1.588639259338379, 1.564133644104004]], "val": [[NaN]], "lr": [0.1, 0.1]}