{"train": [[1.637772798538208, 1.6673057079315186]], "val": [[NaN]], "lr": [0.1, 0.1]}