{"train": [[1.417738437652588, 1.3498122692108154]], "val": [[NaN]], "lr": [0.1, 0.1]}