{"train": [[1.4507603645324707, 1.3373265266418457]], "val": [[NaN]], "lr": [0.1, 0.1]}