{"train": [[1.4069559574127197, 1.4032292366027832]], "val": [[NaN]], "lr": [0.1, 0.1]}