{"train": [[1.1425904035568237, 1.1172833442687988], [1.1423254013061523, 1.0923327207565308]], "val": [[1.0463955402374268], [NaN]], "lr": [0.1, 0.1, 0.1, 0.1]}