{"train": [[1.159456729888916, 1.172842264175415]], "val": [[NaN]], "lr": [0.1, 0.1]}