{"train": [[1.6027189493179321, 1.5279979705810547]], "val": [[NaN]], "lr": [0.1, 0.1]}