{"train": [[1.6473987102508545, 1.6334240436553955]], "val": [[NaN]], "lr": [0.1, 0.1]}