{"train": [[1.1799447536468506, 1.1245810985565186]], "val": [[NaN]], "lr": [0.1, 0.1]}