{"train": [[1.7338793277740479, 1.6634585857391357, 1.6764767169952393, 1.5426826477050781, 1.582789659500122, 1.4781872034072876, 1.6002552509307861, 1.5630412101745605, 1.5697506666183472, 1.4209139347076416]], "val": [[NaN, 1.117823839187622, NaN]], "lr": [0.1, 0.1]}