{"train": [[1.6805521249771118, 1.6525200605392456]], "val": [[NaN]], "lr": [0.1, 0.1]}