{"train": [[1.4470107555389404, 1.37827467918396]], "val": [[NaN]], "lr": [0.1, 0.1]}