{"train": [[1.6533164978027344, 1.5180258750915527]], "val": [[NaN]], "lr": [0.1, 0.1]}