{"train": [[1.6989296674728394, 1.7220263481140137]], "val": [[NaN]], "lr": [0.1, 0.1]}