{"train": [[1.1755821704864502, 1.1937971115112305]], "val": [[NaN]], "lr": [0.1, 0.1]}