{"train": [[1.697474479675293, 1.6224274635314941]], "val": [[NaN]], "lr": [0.1, 0.1]}