{"train": [[1.6414152383804321, 1.5956239700317383]], "val": [[NaN]], "lr": [0.1, 0.1]}