{"train": [[1.6845686435699463, 1.7412467002868652]], "val": [[NaN]], "lr": [0.1, 0.1]}