,dim_0,dim_1,dim_2,dim_3,dim_4,dim_5,dim_6,dim_7,dim_8,dim_9,dim_10,dim_11,dim_12,dim_13,dim_14,dim_15,dim_16,dim_17,dim_18,dim_19,dim_20,dim_21,dim_22,dim_23,dim_24,dim_25,dim_26,dim_27,dim_28,dim_29,dim_30,dim_31,dim_32,dim_33,dim_34,dim_35,dim_36,dim_37,dim_38,dim_39,dim_40,dim_41,dim_42,dim_43,dim_44,dim_45,dim_46,dim_47,dim_48,dim_49,dim_50,dim_51,dim_52,dim_53,dim_54,dim_55,dim_56,dim_57,dim_58,dim_59,dim_60,dim_61,dim_62,dim_63
TCGA-71-6725-01,-0.26157057,-0.14736384,0.07215277,-0.15832813,-0.17300351,-0.071285285,-0.059579328,0.058836874,-0.024013776,-0.22300835,-0.00999505,-0.04739078,0.012739216,0.07489381,-0.122215666,-0.3077021,-0.018687492,-0.011536629,0.003960459,-0.16330379,-0.073654115,0.0041935565,0.053470813,-0.11910434,0.096844025,-0.11630182,-0.16940905,0.044191513,0.17491418,0.018117884,-0.0029656996,-0.11465372,0.14974047,-0.042754076,0.00969652,-0.04846633,0.05773497,-0.022790356,-0.0006638465,0.07366113,0.08272766,0.016537687,0.09090255,-0.119430505,0.041917555,-0.38279244,0.06246681,0.0015900913,0.18981044,0.24910042,0.16631827,0.18136545,-0.09468457,-0.23378594,0.10619277,0.018107496,-0.02625988,0.020334888,0.20063531,0.10925801,0.07402452,0.028403254,-0.050320692,-0.0919447
TCGA-69-7973-01,-0.048225205,-0.03959617,0.055438,-0.13734059,0.07149089,-0.047395412,0.059169818,-0.027558297,0.31259748,0.024108678,-0.0637586,-0.32464078,-0.101869315,-0.19575024,-0.10788151,0.12727499,-0.1893598,-0.12684074,-0.15065587,-0.03811735,-0.06343428,0.009217185,0.18693846,0.022676177,-0.106101006,0.049551006,0.015756607,0.0036116147,0.117248975,-0.07571009,0.22119436,0.2787542,-0.1293249,-0.100749135,-0.0055762753,0.07107901,-0.082750104,-0.039385412,-0.20225489,0.052565485,-0.037053313,0.053681716,-0.19742209,0.042038932,0.07224081,0.213568,0.19291548,0.09393904,0.057839103,0.086279966,0.0123053705,-0.19307093,-0.02924855,-0.07013742,0.07733525,0.10881487,0.11700033,0.05431014,-0.14308184,0.16779296,0.07764605,0.015427415,-0.10825937,-0.14681119
TCGA-50-8457-01,0.05862863,0.20385556,0.08291565,-0.0061499286,0.31021953,-0.017448314,-0.031557016,-0.1458638,0.024237515,-0.17481306,-0.027069258,0.12826878,0.090688124,0.027787147,-0.07373035,0.02322308,-0.10579074,-0.07767417,-0.15872528,0.018316807,-0.07249108,-0.03898632,0.16976252,0.1212136,-0.3633739,0.1267973,0.05121774,-0.0950289,-0.07097611,-0.009619525,-0.10685102,-0.1551425,0.097994246,0.026781138,0.10903796,0.002851372,-0.06185355,0.028430495,-0.06561158,-0.04276846,0.08729017,0.042369403,-0.2824552,-0.009435368,0.032521054,-0.0835319,-0.1886939,-5.920307e-05,0.073034994,-0.105650306,0.3530914,-0.18794799,-0.11603611,0.1542228,0.06849357,0.100450374,0.051332448,0.1318898,0.14880472,-0.09276828,0.12082789,0.08820193,-0.067043334,-0.021394104
TCGA-64-1676-01,0.28177783,0.1648578,0.13115934,-0.14913054,-0.02228262,-0.16312557,-0.09755247,-0.11477119,-0.007854386,-0.10388721,0.026222946,-0.21092942,0.094951905,-0.13776171,-0.01663256,-0.04104237,0.11241832,-0.0854227,-0.17124006,-0.077396214,-0.09312795,0.035543516,-0.10426035,0.07750797,0.061393403,0.0073011895,0.1540825,-0.20382008,0.046700373,-0.07556661,0.0036663688,0.08919309,0.1707746,-0.09013714,0.09186109,-0.15906435,0.19787139,-0.20591207,0.023031216,0.045100365,0.05867545,0.1246371,0.004572646,0.119323544,0.052033186,-0.056828525,-0.09022053,0.015890878,0.049270567,0.09162805,0.21937932,0.18225658,-0.22175263,-0.34455627,0.025832325,0.10400513,-0.016275322,0.056307904,0.20261052,0.028035382,0.10292327,-0.068418555,-0.11129896,-0.063061096
TCGA-62-8399-01,0.037548866,-0.037460886,0.01103828,-0.10241323,0.060776483,-0.044486985,0.03726134,-0.119942255,0.13357499,0.13031279,-0.04430782,-0.16776854,0.10819992,-0.04412067,-0.15746465,0.13639905,-0.17638955,-0.12297949,-0.40659374,-0.2720569,-0.059008636,-0.08712237,0.17376728,0.08525231,0.08641176,-0.032508213,0.026653873,0.016349675,-0.15157665,-0.02993404,-0.17737824,-0.14094716,-0.03568122,0.06812713,-0.07021829,0.0037981845,0.036707222,-0.08523873,-0.11067673,0.13105102,0.0008715283,0.056320876,-0.23300964,-0.03106477,0.09319518,0.036287602,0.057299152,0.057027377,0.14490102,-0.16699472,-0.029277349,-0.17220984,-0.14456832,-0.015624253,-0.00279332,0.22283168,-0.0012056017,0.109036885,0.14175999,-0.088511385,0.106070705,0.11358907,-0.09003963,-0.2796157
TCGA-55-8514-01,0.01702769,-0.03780687,0.08232521,-0.18577963,0.0945967,-0.113798,0.06751877,0.06844257,0.014085375,-0.044318818,-0.01680298,-0.106279574,0.014068405,-0.12969302,-0.18753956,0.026466697,0.019632146,-0.05431029,-0.24537048,-0.24345075,-0.1289401,-0.2931605,0.06576567,-0.025126958,0.28423843,0.044836868,-0.1378705,0.1505306,-0.19984052,-0.13926634,0.039990228,-0.0674061,0.14497182,0.027308831,-0.08831479,0.10672706,0.024155732,0.052883573,-0.058355696,0.1665362,0.058218423,0.048447095,-0.014284089,0.1307905,0.12350966,-0.1434221,0.09010154,-0.012586908,0.19642945,0.041576266,0.105856374,-0.015493299,-0.2518168,0.05100664,0.03041798,0.29118338,-0.07249813,0.12904598,0.12130642,0.0277899,0.119151756,0.081914715,-0.16124697,-0.09235183
TCGA-44-6146-01,0.009321122,0.25732085,0.13745137,-0.15049353,0.034256242,-0.077737324,-0.005834776,-0.0900831,-0.05548571,-0.29205087,0.08016106,0.06376368,0.183483,0.008499635,0.042415284,-0.06727098,-0.010108135,-0.08455182,-0.032191355,0.040955234,-0.13866708,-0.08278801,-0.02234068,0.103003465,-0.34303027,0.16048275,0.1313855,-0.26877248,-0.02763412,0.029914642,-0.040673926,-0.0019392347,0.107446745,0.027239624,0.1236554,-0.15860079,0.024788333,-0.072806306,-0.022671795,0.029930439,0.05983093,0.06601335,-0.047510818,0.14430477,-0.032590464,-0.13922626,-0.20081148,-0.018591134,0.07954693,0.0003489949,0.43959728,0.11938572,-0.07978041,-0.14276007,0.054134358,-0.0030725545,-0.0038544352,0.09561278,0.20856825,0.04248205,0.04282492,-0.012265863,-0.02743124,0.039553557
TCGA-97-7941-01,0.12415269,-0.014382007,0.06438537,0.0060492903,0.20293875,-0.116056316,-0.05732671,0.11439799,-0.013205506,-0.2264395,0.0018490537,0.18911593,-0.020033732,-0.015556157,0.01279301,0.1379009,-0.19315466,-0.117694095,-0.04045448,0.06712984,-0.20813107,-0.14570801,0.13349777,0.17338082,-0.2633597,0.08525968,0.060177624,-0.09297616,-0.0576764,-0.065071255,0.041383978,-0.045315973,0.11056862,0.054502193,0.002945502,-0.060766593,-0.109394014,-0.15011422,-0.08262136,-0.091698185,0.024316853,0.09292956,-0.07037913,-0.01845598,-0.069924384,-0.02808462,-0.32815617,0.016988978,0.07005518,-0.10537476,0.39388344,-0.19556879,-0.07307849,0.1860255,0.13595909,-0.018656205,0.18312256,0.10902087,0.056174383,0.0693687,0.07603951,-0.005048673,-0.0762404,0.04665978
TCGA-97-A4M0-01,0.02300535,0.094195254,0.22780064,-0.1181379,0.2849441,-0.15937683,-0.018210512,0.295062,-0.165528,-0.08850883,-0.006922425,-0.09683694,0.12361294,-0.26503477,-0.060456872,0.10650324,-0.0143385,-0.07226586,-0.0273697,-0.14522396,-0.12070412,0.08787535,0.08501875,-0.11599165,-0.010402193,0.011991704,-0.08344073,0.04791843,-0.20918517,-0.039311294,-0.014233897,-0.015485635,0.2970619,-0.10164472,-0.1769342,-0.017523075,-0.0023324194,0.07484083,-0.18350028,0.0836206,0.03330814,0.13950892,0.0094056325,0.14076936,0.091752626,0.0067605665,-0.04580192,0.054628745,0.09855367,-0.17044841,-0.054123167,0.14231962,-0.20182022,-0.18710448,0.049058158,0.10203244,-0.036319442,0.05810373,0.1626324,-0.06449113,0.0732348,0.12951808,-0.08215741,-0.122067444
TCGA-62-8395-01,0.11943566,0.035889532,0.04664118,0.013291262,0.14854145,-0.043553744,-0.08186674,-0.2254135,0.06956148,0.13002494,0.0030504062,-0.18763503,-0.023167042,-0.1123847,-0.016094262,0.2751015,-0.2288997,-0.1476543,-0.19854645,0.011504217,-0.06610277,-0.07377039,0.11324461,0.1932733,0.016220381,-0.022636542,0.10644659,-0.15099935,-0.0627488,-0.12095641,-0.005483259,0.15914395,-0.09955904,-0.15547399,0.031863637,0.050148297,-0.048836075,-0.17920807,-0.17746137,0.10323498,0.047604915,0.11171267,-0.2497108,0.047780145,0.08154357,0.17462616,-0.1256002,0.13583367,0.014476616,-0.27873784,-0.19136806,-0.085119165,-0.15183061,0.12850769,0.00050658325,0.04022056,0.06758444,0.071836546,0.06650233,-0.07473908,0.08653009,-0.073333375,-0.117208,-0.16632651
TCGA-86-7711-01,0.07507129,0.2593191,0.09138838,-0.009080466,0.051093623,-0.13599366,-0.09702546,-0.08803462,-0.0060149184,-0.12295347,-0.010252135,-0.14301276,0.010403088,-0.10959536,-0.084822506,-0.05423113,0.18229611,-0.016766053,-0.08559741,-0.030495508,-0.094971664,0.059849188,-0.21518634,0.10576386,0.2792805,-0.0006674667,0.06509696,-0.036611866,-0.06293903,-0.1429034,0.06339486,-0.014559612,0.30009076,0.0026034354,-0.0355997,-0.05550709,0.29974872,-0.08079144,0.08170495,0.26773548,0.13457023,0.06379104,0.016525663,0.058866426,0.084060274,-0.1538314,-0.06702783,0.057762686,0.0788408,0.04146097,0.1325947,0.2068115,-0.12979306,-0.0006470567,0.010348793,0.14820974,-0.09684019,0.09782052,0.32194868,-0.041017048,0.085075885,-0.13777311,-0.049656667,0.06784425
TCGA-J2-A4AD-01,-0.018486857,0.12586677,0.11724917,-0.1912125,-0.13343278,-0.15127675,-0.029050434,0.14519207,-0.27925348,-0.3287145,0.032166697,0.14943944,0.03950783,-0.025694596,-0.023153128,-0.063701816,0.061015297,-0.077439286,-0.05773084,0.047071405,-0.14269242,-0.047112674,-0.07387913,0.089584336,-0.29106125,0.14055786,0.036379438,-0.21157545,-0.0020980816,-0.025457487,-0.0438051,0.056585755,-0.11534896,-0.027655296,0.023736976,-0.11211606,0.033246737,-0.015830152,0.076793596,-0.036589585,0.05507032,0.07943997,0.1259151,0.055726223,0.017436655,-0.09207176,-0.21260725,0.00854056,0.09762719,0.051064193,0.3973499,0.15719855,-0.09053702,-0.108845964,0.08004345,0.051210936,0.05148016,0.15792534,0.22001797,0.11765529,0.06022756,-0.015643869,-0.09981706,0.03695216
TCGA-17-Z042-01,-0.058788653,-0.096436195,-0.04658959,-0.13291821,0.07287197,-0.05982609,0.08716031,0.009770611,-0.37094146,0.14747587,0.051746313,0.13261427,0.035592526,-0.0058098175,-0.006394772,0.11400893,0.17205815,0.06037246,-0.01001825,-0.15781443,0.0039859544,0.20750055,-0.25019592,-0.14805187,-0.033041846,0.057318687,-0.26139155,0.07592355,-0.14537105,0.11815507,0.06961713,0.14074214,-0.036635544,0.025071835,0.02571578,0.13234073,0.04802969,0.028431667,0.07683972,-0.14243577,-0.06672086,-0.07034693,0.26685506,-0.032733772,-0.025296828,0.07721411,0.115863144,-0.21405742,-0.049919635,-0.025704382,0.063933276,0.37081033,0.053303298,-0.002497075,0.025197778,-0.056904998,-0.05890857,-0.0857841,-0.18591274,-0.13359146,0.027117463,0.084135,0.010169514,-0.11494471
TCGA-78-7220-01,-0.093391076,-0.008796839,0.03038264,-0.28882286,-0.027924655,-0.02516979,0.03572368,-0.13124791,0.15758196,-0.03262137,-0.0107580535,-0.16000819,-0.02222029,0.051033847,-0.08639707,-0.19773634,-0.05453249,-0.055644948,-0.16710003,-0.11288379,-0.03236065,0.041161742,0.017213501,-0.111816674,-0.16804452,0.004990133,-0.109595194,-0.013779423,0.1478057,0.07090841,0.16831793,0.21069391,-0.22556847,-0.03485223,-0.051781144,-0.09110567,0.09068255,-0.018587217,-0.13201872,-0.07166104,0.008958404,0.013791519,-0.17878743,0.053249627,0.055725638,-0.1274812,0.18401352,-0.15446831,-0.022540083,0.21465315,0.15596119,0.07977427,-0.043236334,-0.5013181,0.050038543,0.074315816,0.0039741807,-0.10112341,-0.09037168,0.017086923,0.0630807,0.030798053,-0.110153005,-0.052142207
TCGA-17-Z017-01,-0.055845257,-0.09455764,-0.04398692,-0.130924,0.07559575,-0.06258981,0.085373744,0.009832181,-0.37230882,0.1489275,0.049270965,0.13272265,0.033035036,-0.008776007,-0.01000281,0.116606325,0.1718318,0.06622227,-0.0117282905,-0.15722783,0.0040872665,0.20505439,-0.25261357,-0.14659415,-0.023159575,0.05657916,-0.26248166,0.07572758,-0.14219846,0.11599714,0.06939023,0.14142588,-0.04109147,0.021045508,0.027481146,0.13478531,0.046521522,0.033029918,0.07815252,-0.14141959,-0.06288179,-0.070818424,0.2639437,-0.033394385,-0.024304224,0.0747182,0.11350461,-0.21376155,-0.04635389,-0.020942625,0.05716714,0.37844297,0.048731726,-0.0040548844,0.025286412,-0.0559016,-0.057605397,-0.082517095,-0.18115498,-0.13773715,0.030075751,0.08658512,0.0064333603,-0.112427674
TCGA-86-8279-01,-0.0021203433,-0.12785923,-0.0072424924,-0.057509717,-0.074798636,-0.13497445,-0.20872152,-0.18213099,-0.12577663,-0.010830378,-0.13504046,0.039368097,-0.058591872,-0.039062332,-0.058614913,-0.21478118,0.30089176,0.034641445,-0.007826994,-0.10495922,-0.08443119,0.09463526,-0.151589,0.047144283,0.25487003,-0.2595736,0.12714684,0.038222842,0.13094251,-0.092977986,0.10706352,-0.014443057,-0.023503544,-0.051385395,-0.13683116,-0.11115537,0.27397415,-0.1832634,0.02800567,-0.020063577,0.17163843,0.13183944,0.1158789,-0.23826084,0.11519542,-0.20089819,-0.12951867,0.03824374,0.022760475,0.109247,0.0026847993,0.14188398,-0.15079409,-0.1577746,0.07082635,-0.020306332,0.011655088,0.016613794,0.103746966,-0.03629672,0.1131941,-0.083928,-0.0833401,-0.0025080638
TCGA-05-4430-01,-0.048577145,-0.27329263,0.09991482,-0.014166455,0.17833479,-0.10420478,0.036281466,0.09577781,0.2164285,0.012630596,-0.06976265,-0.34050375,-0.017098779,-0.15707149,-0.12365829,0.07197416,-0.3200479,-0.10127152,-0.12580004,-0.27260092,-0.09858421,-0.03775323,0.18607059,0.036787365,0.08701858,-0.13800885,-0.06438267,0.1991596,0.023503635,-0.09121448,0.13633883,-0.01624477,-0.041175973,-0.035889793,-0.13433832,0.08715366,-0.09099347,-0.11576045,-0.15347143,-0.02287708,0.011764725,0.09194933,-0.18448465,-0.017954374,0.021829393,0.15436389,0.17178282,0.022180283,0.12027759,-0.017307293,-0.15194033,-0.070623435,-0.035594013,-0.11841013,0.06544136,0.058956627,0.115776576,0.0018354243,-0.10154935,0.0072189784,0.044202484,0.11759226,-0.08968297,-0.114681505
TCGA-99-8028-01,-0.056484237,0.23313275,0.15922138,-0.0007124666,0.20278937,-0.06551274,0.02059932,-0.15596236,0.054914813,-0.14881018,-0.005405226,-0.08213844,0.26804495,-0.03349322,-0.104199015,-0.007424993,-0.07158236,-0.083810404,-0.22614776,-0.13545935,-0.029274348,-0.064792216,0.08294697,0.0031371964,-0.029689914,0.11465151,-0.088048324,-0.018189289,-0.17896354,-0.023982769,-0.24706301,-0.1764959,-0.06493652,0.009778825,-0.049739763,0.031801835,0.049064957,0.14198019,0.1293558,0.14253508,0.13197067,0.043357734,-0.18842585,0.17753416,0.18024434,0.06850458,0.088054284,0.008967867,0.122429915,-0.13710234,0.033457004,0.028348723,-0.16340044,-0.1647465,0.034997515,0.19354977,-0.17477448,0.16138661,0.1569872,-0.18793194,0.10726578,-0.04133981,-0.11318121,-0.14516154
TCGA-05-5425-01,-0.15125594,-0.0013227647,0.07864838,-0.021427574,0.32311183,-0.008556266,0.06170844,-0.3569679,-0.0068290764,-0.06925103,-0.02144392,-0.09874116,0.009639274,-0.04457925,-0.16428778,0.05063484,-0.18471467,-0.10777499,-0.23446323,-0.15257558,0.00030880413,-0.0019131972,0.1910363,0.11074299,-0.003303117,-0.03793302,-0.03613081,0.1497354,-0.1765522,-0.079136156,0.015504425,-0.12569119,0.021749336,-0.040107474,0.07410038,0.26347458,-0.016948637,0.09148881,-0.020465305,0.17691228,0.06475073,-0.024352781,-0.34965846,0.0015567953,0.08786756,0.0063687386,0.055406824,-0.009476202,0.14882396,-0.12166266,-0.08801688,-0.062172383,-0.043639164,0.15665597,0.0044193193,0.23000273,-0.03144214,0.06278349,0.06605354,-0.14368436,0.037831,0.08252805,-0.12340254,0.002955337
TCGA-44-6776-01,0.20319173,0.2932033,0.034294493,-0.11289892,0.047835644,-0.04139871,-0.003989416,-0.11762969,0.14043815,0.08503988,-0.030766647,-0.111711614,-0.0041001635,-0.10376726,-0.07800553,0.19246091,-0.037699755,-0.11920017,-0.3543793,0.08988627,-0.04535579,0.03288954,0.13860857,0.16523315,-0.16087484,0.09061971,0.13804522,-0.18634151,-0.08849492,-0.07746281,-0.040043406,0.16864155,-0.25675726,-0.039735228,-0.051812347,-0.11904108,0.09909881,-0.004128067,-0.085192904,0.08672279,0.023212643,0.07786914,-0.22714697,0.059683476,0.1270579,0.21152802,-0.074811704,0.061175838,-0.00042631757,-0.20194492,0.055394948,-0.20375276,-0.09055879,0.024035366,0.0121673765,0.17582522,0.03804477,0.12313637,0.04314364,-0.013627944,0.0875676,-0.08995177,-0.10741168,-0.062120236
TCGA-62-A46S-01,0.1074783,0.13612388,0.038963083,-0.2778287,-0.16752148,-0.07717334,0.009281714,-0.39041758,-0.21588942,0.008249508,0.055526413,-0.063993014,0.052328095,0.07576898,-0.12592876,-0.08305918,0.23085855,-0.15033376,-0.36565608,-0.13033865,-0.030843968,-0.018705038,-0.044769097,0.086702034,-0.04519348,-0.013541318,-0.030285269,-0.0951404,-0.1697239,0.000537716,-0.06413206,0.02229436,-0.0824713,-0.09715796,0.20247887,0.08643672,0.035629164,-0.08090491,-0.022294726,0.103704356,0.034371678,0.05411337,-0.06825339,-0.01104835,0.03157878,-0.117100865,-0.05386538,-0.047642406,0.10594661,0.039139334,0.087086976,0.05550242,-0.16254018,-0.12866443,0.028087271,0.261525,-0.035970986,0.063649625,0.11621569,-0.08311857,0.084852986,-0.007160333,-0.1431359,-0.18692484
TCGA-95-7947-01,0.059734877,-0.008358792,0.1795654,0.075129904,0.2752697,-0.10866504,-0.0934458,0.23504414,0.035189036,-0.20804,-0.010932539,-0.09390675,-0.04049549,-0.2665018,0.016454574,0.02346542,-0.13320291,-0.08043543,0.1999991,-0.014034773,-0.18089485,-0.15149908,0.033111155,0.013668554,-0.06399038,0.021334575,0.1709228,-0.08676696,0.19404764,-0.100058585,0.09899236,0.051943954,0.19339043,-0.083350725,0.10398663,0.09914592,-0.1009508,-0.11858383,-0.21436162,0.045590598,0.0028260387,0.088458955,-0.062470708,0.030561829,0.013809916,0.11566388,-0.099653386,0.24798612,0.1599654,-0.05402945,0.12710927,-0.011635646,-0.1498826,0.13327715,0.10798587,-0.07386579,0.11712859,0.20772909,0.11225715,0.18856587,0.059159957,0.09442504,-0.040372197,-0.031448063
TCGA-17-Z048-01,-0.018431028,-0.0026599108,-0.013794192,-0.26578358,-0.013109889,-0.059536505,0.22378056,0.06400509,-0.07142354,-0.058640186,0.13716695,0.06092344,0.13178588,-0.017366324,-0.035917263,-0.0071383524,0.24119653,-0.10000193,0.025760144,-0.049833924,-0.07472547,-0.0064972215,-0.038510118,-0.13679358,-0.14533126,0.14017574,-0.15974315,0.070900455,-0.21740453,0.0952249,0.12673272,0.07162186,0.08522928,0.08500052,0.15827344,0.17995054,0.03193586,0.06609052,0.054670338,-0.04069968,-0.16535287,-0.103577286,0.21016726,0.112754844,-0.10964135,0.11226298,0.19552098,-0.26071963,0.08872652,0.026649596,0.37701792,-0.079666,0.047912788,0.06844116,0.017764237,0.11362888,0.0024653692,-0.052684635,-0.13440143,0.16670004,-0.022878455,0.16535266,-0.033641543,0.11056893
TCGA-17-Z030-01,-0.005013673,-0.12371538,-0.14355718,-0.11330968,-0.09650332,-0.027187008,0.073244385,0.08033866,-0.34307507,0.20388249,0.050983466,0.13286877,0.0049815746,0.09822663,0.005882334,0.009935677,0.3107129,0.06950071,0.04030911,-0.10790735,0.022259505,0.10077133,-0.21042371,-0.14607908,0.17122388,-0.050164506,-0.22827907,0.114359185,-0.09169286,0.041634433,0.014247714,-0.023509052,0.18692227,0.04937644,0.038019508,0.13800061,0.10945623,-0.048594452,0.08249515,-0.108789004,-0.08446667,-0.06606891,0.34819296,-0.08529786,-0.03966798,-0.059355646,0.099953935,-0.20082375,-0.03272295,-0.011731861,0.05473716,0.2756263,0.026408233,0.069399804,0.007946964,-0.0380917,-0.08707896,-0.155435,-0.09924359,-0.018834962,0.019407775,0.06363712,0.070935786,-0.12768596
TCGA-78-7147-01,0.20518737,-0.18741767,0.020305376,-0.18327996,-0.12172795,-0.1569941,-0.1301591,-0.15834713,-0.19811535,0.026813328,-0.055152513,-0.013617812,0.015442116,0.09304355,-0.04884632,-0.09935694,0.14340413,-0.02411239,-0.19194748,-0.29554427,-0.073265135,0.12302216,-0.16845648,0.034957208,0.045284327,-0.17478062,-0.0811268,-0.03651707,-0.02517748,-0.010840748,0.037910797,-0.039993905,0.03010792,-0.029081771,-0.018182347,-0.14568038,0.08634018,-0.25793925,0.013733196,-0.11375598,0.0471249,0.10313735,0.023827298,-0.08042171,0.024041116,-0.15221466,-0.1490691,-0.08659749,0.030020515,0.13038702,0.04947512,0.2055044,-0.13303499,-0.365004,0.021196928,0.067414284,-0.056014903,-0.03944255,0.06405265,-0.16404088,0.10242118,0.08272589,-0.062878616,-0.20957305
TCGA-55-8616-01,0.14727117,-0.13920222,0.08985895,-0.18572716,-0.16616113,-0.15031356,-0.015741726,0.08224697,-0.17564586,-0.045300886,-0.029079372,0.008860851,-0.09251347,-0.045073364,-0.17572996,-0.12342268,0.20184526,-0.05685532,-0.18779103,-0.26473403,-0.10031172,-0.13696975,-0.0678022,-0.009570289,0.24881148,-0.12256261,-0.10304476,0.1446432,-0.10860117,-0.085804366,-0.01314714,-0.04794969,0.12639625,-0.030803349,0.0827561,0.13008788,0.015055975,-0.08852877,0.033109553,0.10127889,0.090854555,0.043684952,0.16624555,-0.038549762,0.06211363,-0.1791931,-0.032715067,-0.027914515,0.2394169,0.13629219,0.13373284,0.0418152,-0.22895789,0.050813977,0.02521076,0.25606197,-0.03910675,0.15642639,0.17841692,0.020085087,0.07476046,0.12310443,-0.14330018,-0.047072258
TCGA-44-2656-01,0.12649898,-0.03473702,0.16303018,-0.19316906,-0.014761528,-0.16042437,-0.03165366,0.09839465,-0.057858527,-0.02493863,-0.08412672,-0.0912304,-0.121914186,-0.092124574,-0.17698699,-0.0804667,0.21063393,-0.1338309,-0.02779081,-0.07172264,-0.102453604,0.32643974,0.1629275,-0.050335657,-0.00440656,-0.19115515,-0.2921643,0.18289532,-0.02264002,-0.077143006,0.25152338,0.05149593,0.302137,-0.18735564,0.060177606,0.15890187,0.022325613,0.0067067496,-0.11291826,0.02090549,0.07641925,0.035192065,-0.0045792134,-0.23246086,0.00393718,-0.06298246,-0.00017965434,0.03175872,0.13878565,0.096562944,-0.10191369,-0.019356819,-0.116123654,-0.08934285,0.12749438,0.117464446,0.062626295,-0.021308346,-0.029320594,0.032651212,0.07744063,0.07826135,-0.10835246,-0.059239984
TCGA-50-5932-01,0.15240669,-0.07371573,0.061119772,-0.21419553,0.013536307,-0.07752318,-0.069986485,-0.31751314,-0.05216668,0.068279445,-0.01464726,-0.26350063,0.055844925,0.015947072,0.00086588424,0.050097313,-0.14103983,-0.07628019,-0.1679653,-0.20943396,-0.08713619,-0.08726765,-0.034883596,0.16694817,-0.029605675,-0.089329,0.033405263,-0.2354959,-0.06236868,-0.040969994,0.06206181,0.16206707,-0.18034658,-0.10141166,0.011375976,-0.20199527,-0.06830974,-0.28383237,-0.08887614,0.0041072844,0.043540962,0.17418692,-0.14766556,0.095392734,0.0068079056,-0.05190216,-0.12996826,0.048096962,-0.019999651,0.018508386,-0.034567975,0.21639203,-0.17107916,-0.2571182,-0.04359453,0.05110866,-0.046118665,0.02389522,0.07339671,-0.108457685,0.11253094,0.059333608,-0.06295323,-0.18189351
TCGA-86-8668-01,0.19668245,0.0049155722,0.12301934,0.032606386,0.07850784,-0.08755467,-0.03640415,0.04616919,0.19692072,-0.14687565,-0.021735625,-0.1230007,0.045597345,-0.2071465,-0.006364145,0.0651174,-0.09414716,-0.047854982,-0.064160265,-0.12001017,-0.11932137,-0.22056475,0.026535155,0.1203225,0.044041693,0.05286944,0.25121328,-0.112418115,0.04444618,-0.11950394,-0.12017515,-0.022027217,0.08923093,0.06040138,0.11078862,-0.047620792,-0.020693084,-0.18445122,0.047320377,0.08708478,0.030212857,0.07410032,0.018115457,0.16918308,0.14314696,0.21422684,-0.016548576,0.15652966,0.18296549,-0.050913278,0.32536834,-0.08651582,-0.23952404,0.068018965,-0.018243715,0.13160904,-0.038954224,0.25796044,0.21425003,0.17139584,0.06006868,0.08759756,-0.047543883,0.016998088
TCGA-99-AA5R-01,-0.016789136,0.012973699,0.11820948,0.09037123,0.22811607,-0.08451519,-0.03053443,-0.05611309,0.053572655,-0.33678362,-0.0015386376,-0.057875164,0.1897762,-0.07013568,-0.0036958752,0.04989317,-0.25452703,-0.08783525,-0.15211987,-0.19914097,-0.06805781,-0.1654974,0.071469754,0.11140235,-0.16823053,0.08508867,0.10212086,-0.07803493,-0.08163739,-0.020059701,-0.19619732,-0.299007,0.012930222,0.0069490187,0.10763615,0.0021782578,-0.18252164,-0.11570219,0.12859139,-0.012198197,0.023749795,0.063978694,-0.10680378,0.17115523,0.086154,0.16109656,-0.074734576,-0.0029320337,0.15132013,-0.09553872,0.27719903,-0.07560815,-0.13441734,-0.10046123,0.058733016,0.07058088,-0.0012326292,0.18068151,0.09068123,-0.008136527,0.06448746,0.036119383,-0.09476181,-0.114602774
TCGA-73-A9RS-01,-0.16318107,-0.038744792,-0.024615124,-0.24047256,-0.2023942,-0.07100838,-0.054260194,-0.24717554,-0.041342035,-0.13751096,0.0037728718,-0.16609417,-0.052967373,0.0028701592,-0.061418567,-0.26084855,0.09967253,-0.14231516,-0.049197536,0.024709424,-0.11277386,-0.06638849,0.019829283,0.10072012,-0.10240912,-0.022447268,0.15734246,-0.19483088,0.22163472,-0.017880872,0.19515972,0.14937322,-0.18025096,-0.086567216,0.10013466,-0.01606646,0.08659326,-0.18289125,-0.097290836,0.012404442,0.001841201,0.087151006,-0.030901723,-0.16652773,-0.028920598,-0.21957508,-0.08676453,0.052475348,0.07513121,0.22836614,0.24718225,-0.04556213,0.0031861484,0.03433314,0.0787862,0.024052555,0.17841198,0.059407882,0.080087006,0.2192783,0.075679906,-0.0669954,-0.10000667,-0.025319576
TCGA-44-6774-01,0.08176003,0.15532215,0.17619114,0.046685718,0.014013334,-0.116230786,-0.09754402,0.07974699,0.16061898,-0.29574716,-0.050713178,-0.15307258,0.14841537,-0.14475915,-0.012967945,0.077391766,-0.1478288,-0.06336138,-0.1149796,-0.10792735,-0.11434172,-0.0036584446,0.015764609,0.10169141,0.024819009,0.05550373,0.05904484,-0.20599262,-0.030310186,-0.1009011,-0.10441155,-0.13942331,0.13424559,-0.009804049,-0.018754048,-0.23404871,-0.024679633,-0.13174547,0.16171327,0.12120673,0.05592486,0.10128128,0.031020358,0.13615078,0.15762754,0.10898602,-0.088006504,0.14187798,0.11902915,-0.0068094893,0.26373813,0.024895174,-0.21282049,-0.17668614,0.054128923,0.08816246,-0.08125632,0.23837921,0.21374483,0.09733232,0.10089994,-0.1038418,-0.059064925,-0.09123336
TCGA-97-7546-01,0.048102688,0.07564951,0.1154537,0.047114283,0.14173976,-0.05904038,-0.12699111,-0.005607598,0.027745495,-0.05659542,-0.012996969,-0.08347691,-0.14482346,-0.08086195,-0.07663718,0.21721023,-0.21973854,-0.10414635,-0.12552726,0.1555078,-0.11114319,-0.03760008,0.045570254,0.13417508,-0.0904787,0.086922765,0.1048501,-0.19409536,0.047581,-0.16679035,0.0035816294,0.2841535,-0.15932025,-0.19313553,0.007350334,0.06585372,-0.09675073,-0.0740627,-0.24560946,0.11929695,0.064424634,0.10171943,-0.24171337,0.0018990742,0.10206948,0.06474476,-0.15398827,0.20125644,0.024616968,-0.12654844,-0.0734731,-0.072845586,-0.13037455,0.20464833,0.09407688,0.040041633,0.1384768,0.16249119,0.17211172,-0.05065819,0.08418184,-0.10610048,-0.122838505,-0.14404976
TCGA-55-7724-01,-0.06123544,0.30865154,0.11819514,-0.051800128,-0.008190823,-0.14008094,-0.09420543,0.105219364,-0.1478297,-0.26123095,-0.046460528,0.0069344174,-0.021351675,-0.17087707,-0.07353479,-0.11080224,0.26937455,-0.065109216,0.037581716,0.1602135,-0.13900217,0.075401194,-0.056716327,0.037255626,-0.08367262,0.11869764,0.049654633,-0.11883613,0.0109869605,-0.099855684,0.033177562,0.07357722,0.105284095,-0.046962515,-0.09291178,-0.068112865,0.14280973,0.07045529,0.053178005,0.11667259,0.13568133,0.118640624,0.15683258,-0.023613522,0.07422399,-0.12412791,-0.171092,0.1117885,0.08885558,0.11486869,0.29910463,0.013836278,-0.100398816,0.21379282,0.09250169,0.102514856,0.043798305,0.19976313,0.24699573,0.084560126,0.10966267,-0.10034545,-0.05760547,0.087160416
TCGA-86-8076-01,-0.20304127,-0.09733306,0.14229548,0.069842346,0.42675996,-0.034775812,0.051137827,-0.09190169,-0.03137172,-0.2174091,0.02665206,-0.09440452,0.13354841,-0.061422512,-0.010150095,0.13876116,-0.42674032,-0.10955489,0.057554483,-0.0008232503,-0.056434274,-0.050742526,0.25815105,0.13564931,-0.081867136,-0.072716296,0.01589842,0.021965502,-0.1371661,-0.078148365,-0.045104582,-0.1305076,-0.04801321,-0.11432534,-0.0131370025,0.0980696,-0.13642566,0.06723578,-0.038803462,0.020920495,0.009664967,0.081366934,-0.27059764,0.029027382,-0.018401202,0.107895635,-0.013724926,0.038916193,0.08666126,-0.2615194,-0.10969086,0.047669254,-0.012132976,-0.03762252,0.042294513,-0.02762217,0.09268185,0.0075603114,0.09916036,-0.010079982,-0.009090198,0.06277983,-0.10264309,0.11762527
TCGA-50-5942-01,-0.10431122,-0.07187553,0.050034847,-0.009657963,0.2220339,-0.037981797,-0.009387583,-0.25288495,-0.08772442,-0.12156483,-0.023923052,-0.078748316,0.1458508,0.07814745,-0.020257976,0.048128486,-0.14193663,-0.12911507,-0.0034094844,0.06454432,-0.061703537,-0.2248296,0.1450533,0.2958434,-0.14009619,-0.08575994,0.15761788,-0.126288,-0.13716052,-0.068588495,-0.042524062,-0.119702205,-0.39652812,-0.09862895,0.04396779,0.05602624,-0.17666176,-0.12463183,-0.04439676,-0.039478265,-0.00010821259,0.14751577,-0.23859449,-0.0474238,-0.05250701,0.13740094,-0.1432902,0.091167554,0.05673464,-0.23052648,-0.019414725,-0.121315315,-0.023740824,0.128496,0.04351382,0.018390179,0.17661744,0.05386058,0.008844001,0.063116215,0.047387086,0.033316232,-0.06434895,0.07577756
TCGA-49-AAQV-01,0.28637984,-0.016948402,0.14623268,-0.16232963,0.12128751,-0.17114669,-0.09283696,-0.14198282,-0.071623765,0.001564123,-0.027105572,-0.109383054,0.0919265,-0.091754965,-0.010123114,0.061097458,-0.08605888,-0.03823127,-0.11928957,-0.17549357,-0.10272041,-0.022154378,-0.09276862,0.11465756,0.010348766,-0.02812669,0.11817103,-0.19695689,0.02953252,-0.07605214,0.01873124,0.13292898,-0.006599535,-0.1309008,0.018787302,-0.1756367,0.13693988,-0.1305867,-0.05181716,-0.010619247,0.12906817,0.14397085,-0.1420532,0.0870169,0.03932834,-0.10473704,-0.16423121,0.06092391,0.006921102,0.039845787,-0.018103318,0.2925015,-0.23939554,-0.39128208,-0.004946201,-0.013798084,-0.06715643,0.0559491,0.16018961,-0.12924182,0.12498485,0.029410686,-0.13870199,-0.12012286
TCGA-78-7158-01,0.002348734,0.027180303,0.05734366,-0.020256173,0.20437995,-0.026805833,-0.05249547,-0.2848642,-0.13300623,0.10014742,-0.034471694,-0.03197106,-0.026469683,0.02040986,-0.06867047,0.21833654,-0.16870755,-0.13796441,-0.19433093,-0.0068204445,-0.04970406,-0.06275204,0.059824307,0.25772473,-0.008086199,-0.04802351,0.014045594,-0.09420636,-0.18634313,-0.13991645,0.009054958,0.091976464,-0.1461241,-0.09266226,-0.037141375,0.08892076,-0.0638117,-0.12799174,-0.14301544,0.1309653,0.069269605,0.08892598,-0.27993238,-0.025216226,0.051533904,0.06789533,-0.18939483,0.08585253,0.042861465,-0.32591242,-0.19395296,-0.0050237393,-0.095437676,0.26487032,-0.020457577,0.10711025,0.018424176,0.085431166,0.105160475,-0.17498194,0.07516489,0.014919468,-0.07329826,-0.11321341
TCGA-49-4507-01,-0.33552438,-0.22675075,-0.044063408,-0.1593184,-0.089590706,-0.055556156,-0.062983066,0.087693766,-0.1303018,0.06692398,-0.037031565,-0.16445456,-0.09865186,0.03261736,-0.14425781,-0.16008414,-0.030827945,-0.008221473,-0.14685522,-0.29025787,-0.017266383,-0.033222217,-0.050650045,-0.18525788,0.19554004,-0.08665537,-0.25435263,0.115429096,0.14948204,0.06252391,0.06846766,-0.06792928,0.023609273,-0.06114025,-0.091932856,0.040401734,-0.063033,-0.12733728,-0.16794892,0.026410544,-0.023908205,0.01215014,0.081835926,-0.088204786,0.071435004,-0.2501004,0.082106955,-0.086797856,0.1220638,0.14104275,-0.03677655,0.17211841,-0.05625115,-0.11310459,0.085636616,0.037260577,0.040735625,-0.077147424,-0.040795896,-0.0162406,0.08093055,0.079477586,-0.06077326,-0.3118002
TCGA-44-7659-01,-0.050019197,0.02423009,0.1172932,0.05698878,0.21871182,-0.11821057,0.016641144,-0.0508583,0.03150304,-0.34939665,0.017464088,-0.07210892,0.12885892,-0.11405778,-0.069339596,-0.0009062969,-0.21625042,-0.029245498,-0.09900487,-0.25664794,-0.08481416,-0.08970049,-0.12096267,0.1772496,0.010698629,0.029830158,0.039846774,0.026038969,-0.092598185,-0.058321252,-0.025974518,-0.2640117,0.1308809,0.12677263,0.1085753,0.0304554,-0.020718979,-0.08869967,0.17911285,0.09702731,0.03482039,0.010768358,-0.10600212,0.15660466,0.05657155,0.062888004,0.003473281,-0.0040810257,0.19387056,-0.06162534,0.33951703,0.15668587,-0.09216365,-0.059003294,-0.006513171,0.11838877,-0.07103223,0.19538218,0.25432575,0.010775504,0.05366816,0.11539267,-0.046760328,0.09171278
TCGA-86-7701-01,-0.0044473168,-0.19067961,0.19908169,-0.03611517,0.11887122,-0.1172632,-0.11801668,0.32430157,0.0093999915,-0.078719616,-0.06825654,-0.10703277,-0.1277676,-0.24555764,-0.07224535,0.044600848,-0.23116647,-0.073821075,0.06574551,-0.14076087,-0.11436782,0.082362026,0.1965378,-0.15988551,0.06592949,-0.1296519,-0.10099537,0.02913002,0.15709384,-0.06381335,0.09357939,0.090572864,0.27645954,-0.2160125,-0.01808645,0.02366821,-0.07574166,-0.0050702807,-0.21301949,0.06781833,0.09322004,0.06959185,-0.005676878,-0.06289953,0.08993889,-0.11129861,-0.114289515,0.15038195,0.16230674,0.03630677,-0.13493668,0.046706002,-0.18975736,-0.009836164,0.070517905,-0.05762865,0.059963647,0.1084584,0.11814517,0.049076073,0.07071059,0.10116441,-0.12471731,-0.12697029
TCGA-49-4505-01,-0.20864715,-0.1422206,-0.027941873,-0.18903671,0.02127223,-0.0433612,-0.06478265,-0.23129141,-0.104672104,0.03929102,0.0151210185,-0.17012593,0.08737713,0.07467796,-0.06679304,-0.21705906,-0.03638585,-0.014528319,-0.1808559,-0.2825025,-0.014831564,-0.071796805,-0.04191463,0.017675418,0.07306319,-0.1522003,0.11048625,0.00792927,0.10960022,0.10541017,0.009556526,-0.13033806,-0.23683517,-0.03423316,-0.013753712,-0.08431527,0.08469599,-0.20245418,-0.17393054,-0.0302094,0.021453474,0.07970926,-0.11259797,-0.052870736,0.025167976,-0.19726689,0.024508847,-0.058910202,0.012868813,0.009061887,-0.016989138,0.19885275,-0.09835313,-0.45113942,0.004822167,0.002021172,0.06768247,-0.12081489,0.059726693,-0.03736289,0.06203737,0.084531315,-0.07674536,-0.16323198
TCGA-55-8512-01,0.011679591,0.09439565,0.113425285,0.083574735,0.38560256,-0.046687044,-0.005832627,0.084129214,0.26918527,-0.107643895,-0.016645664,-0.26068282,0.005722229,-0.22268076,0.00041317835,0.16369595,-0.3829871,-0.08057901,0.021753209,0.07436812,-0.11518056,-0.08484644,0.23798616,0.061830692,-0.039350983,0.041759145,0.12211369,-0.04876463,0.13601229,-0.14917737,0.13332118,0.08633265,0.14719501,-0.04771417,-0.10454948,0.00012995221,0.02097141,-0.029996678,-0.21669796,0.03867086,0.011346517,0.07759802,-0.2816796,0.07192372,0.0015576287,0.10022707,0.0051687923,0.112305276,0.031222438,-0.1125649,-0.029054467,-0.06567872,-0.026921688,0.026918722,0.08265353,-0.061050694,0.12521687,0.029254396,-0.008583208,0.0667511,0.05401167,-0.047159895,-0.047362115,-0.02190104
TCGA-97-8552-01,-0.15361808,-0.05877236,0.13744657,-0.04720262,-0.05655932,-0.10093237,-0.048630618,0.23732099,-0.08904316,-0.36834145,0.006545207,-0.049217768,0.1373205,-0.03589865,-0.030607551,-0.11931647,-0.07154478,-0.032975957,-0.031156883,-0.20431063,-0.11589174,-0.15871322,-0.007448729,-0.037145864,-0.067024074,0.09023299,-0.02808388,-0.073409475,0.035643082,-0.0107780015,-0.12589465,-0.21851724,0.19196987,0.069524206,-0.007145398,-0.08648134,-0.109073825,-0.09411685,0.07041478,0.039705776,0.047924414,0.0571483,0.14054348,0.09638748,0.053256854,-0.17510954,-0.09521073,0.056158654,0.20705046,0.1300367,0.37480125,0.113432474,-0.1436133,-0.03926119,0.06996414,0.06406647,-0.009744968,0.16486353,0.24825196,0.11064393,0.06374289,0.07367586,-0.016956937,-0.11640538
TCGA-L9-A743-01,-0.0037204647,-0.2838615,0.09627248,-0.18229166,0.10878672,-0.11691013,-0.029258635,0.22972663,-0.179925,-0.09648007,-0.0947742,0.03630189,-0.24386267,-0.18243125,-0.054317106,0.102402635,-0.111505255,-0.04788203,-0.05464033,-0.17367409,-0.17473617,-0.04734524,0.1269943,0.0061741974,-0.027545879,-0.114416115,-0.0071460237,0.046331163,-0.006130389,-0.11152731,0.2781625,0.14038305,0.060933713,-0.073844336,-0.09142167,0.0109857125,-0.098856434,-0.08688086,-0.21139248,-0.06148342,0.042028822,0.080380686,0.08328274,-0.09139333,0.031329654,-0.055679142,-0.2554317,0.04560089,0.14606534,0.07728488,0.12130566,-0.055184286,-0.107925735,0.2245178,0.0028232299,0.06078829,0.15518765,0.11779123,0.057469018,0.12344843,0.030315269,0.23612583,-0.121785164,-0.0005131874
TCGA-44-2665-01,0.39943302,-0.0036216225,0.07292326,-0.004353733,0.1293984,-0.036629565,-0.06756695,-0.08211376,0.059912827,0.015589164,-0.012316208,0.14614332,-0.08521595,-0.0077343797,-0.014259655,0.1237355,0.011512852,-0.088686645,-0.021549089,0.06715182,-0.14769024,-0.16839136,0.16412528,0.14256313,-0.007193852,-0.07532612,0.11728981,-0.10509854,-0.07541287,-0.12998313,0.0062458436,0.028009623,0.15147288,-0.029271826,0.16721922,0.04978103,-0.04995811,-0.15052302,-0.11412807,0.0065906188,0.020687994,0.044010412,-0.10973474,-0.10744999,-0.029212594,0.04618471,-0.2649525,0.12991932,0.116984196,-0.1429722,0.13083564,-0.2906641,-0.20971106,0.37102988,0.031177709,0.09729258,0.06586797,0.16375571,0.08682914,0.06934651,0.057184804,0.07394186,-0.05380855,0.042081214
TCGA-78-8648-01,-0.14557414,-0.054968417,-0.0011190622,-0.25267115,-0.3366847,-0.07600392,-0.06481436,0.067663416,-0.22449525,-0.063700154,-0.07250259,-0.03299759,0.010147088,0.14934908,-0.13381806,-0.2492049,0.24967085,-0.10018653,-0.15310857,-0.08833333,-0.02300325,-0.016643375,0.04887889,-0.13188724,-0.014150387,-0.009186342,-0.32822773,-0.05245141,0.01808657,0.01575557,-0.005020322,-0.081520416,-0.124253534,-0.10280514,-0.082801215,-0.042942606,-0.07183801,-0.021319572,0.04226605,-0.07700668,-0.00039135947,0.06721487,0.1687024,-0.13338442,0.04357947,-0.24032357,-0.0431893,-0.08742946,0.079715766,0.2283892,0.0758358,-0.027058084,-0.07109015,-0.101191744,0.11098606,0.12405247,0.037240874,0.006243925,-0.07886801,0.034444343,0.118049294,-0.033546202,-0.09048822,-0.26558027
TCGA-17-Z060-01,-0.05802882,-0.099040024,-0.043989327,-0.12966071,0.07649341,-0.06280107,0.08498407,0.013587882,-0.37626058,0.14518487,0.049660113,0.14006425,0.028359886,-0.011999849,-0.009176116,0.12598065,0.16035174,0.064838916,-0.010704143,-0.15585013,0.000740944,0.2083396,-0.25238332,-0.14025727,-0.031359132,0.05840923,-0.2618926,0.07295207,-0.14505136,0.114933215,0.07231102,0.14283909,-0.043712337,0.025183264,0.028266959,0.12790227,0.042927418,0.031425476,0.077785715,-0.14213893,-0.06522898,-0.07089472,0.26403758,-0.033606146,-0.026092116,0.0776146,0.105948836,-0.21084344,-0.04657527,-0.027501957,0.06420509,0.38093874,0.053112205,0.0006663997,0.02618299,-0.059995353,-0.054164268,-0.07805637,-0.17890981,-0.13602473,0.029358273,0.08667069,0.005046086,-0.107003644
TCGA-17-Z018-01,-0.029966708,-0.08521936,-0.09545961,-0.1505421,0.014780326,-0.03353978,0.10837669,0.060688563,-0.3622332,0.17307751,0.058916252,0.07287225,0.049958013,0.046287764,0.009498792,0.05002418,0.24867442,0.053635582,-0.0029113416,-0.15680304,0.026324881,0.14392367,-0.22508325,-0.16177832,0.038368724,0.025717558,-0.2841759,0.08985465,-0.13717423,0.10748706,0.0657708,0.05222911,0.035388567,0.031115865,0.029299289,0.14765751,0.048123583,-0.0018043923,0.08169612,-0.1472084,-0.10545723,-0.07696124,0.30529803,-0.025470449,-0.051653583,0.057328332,0.13750158,-0.23721573,-0.063933626,-0.017133756,0.06382766,0.29673713,0.043899916,0.015534831,-0.008531049,-0.029521745,-0.07917218,-0.13495962,-0.20576037,-0.05898918,0.008269278,0.1026355,0.05152693,-0.13933764
TCGA-53-7626-01,-0.16863683,-0.11390261,-0.022746047,-0.26482743,-0.32132414,-0.05511425,-0.03173025,0.050578672,-0.1338787,-0.058494195,0.043006774,-0.14407155,-0.16531615,0.12099983,-0.06601282,-0.102174394,-0.010990962,-0.07119803,-0.12984091,0.006002283,-0.117398426,-0.30215102,-0.034301903,0.04896445,0.08412074,-0.0029211529,-0.07941708,-0.13942654,0.090244584,-0.088475496,0.15512484,0.22128434,-0.2448935,-0.08154151,-0.058701623,-0.06652559,-0.102772065,-0.19000761,-0.16382973,0.029510194,-0.030570557,0.1055526,0.12201429,0.00051562104,-0.007350581,-0.21847668,-0.062606744,0.020957867,0.06407041,0.19286883,0.1721561,0.08819396,-0.04849907,0.0676789,0.05706377,0.1015424,0.14303175,0.011800022,0.04086866,0.21513389,0.052876715,-0.09185912,-0.0814885,-0.10570667
TCGA-49-AAR4-01,-0.14710368,-0.04146888,0.10665314,-0.06131849,-0.033352196,-0.1075229,-0.2062686,-0.16008978,-0.28800958,-0.10450916,-0.0122526,-0.21767838,0.040128656,-0.058280863,0.006619829,0.05126281,-0.03104622,-0.10566352,-0.14707774,-0.18786201,-0.08498283,-0.044641014,-0.17147551,0.07461855,0.054936133,-0.037540987,0.047161188,-0.22032717,-0.11383384,-0.072658904,0.020507477,0.03155848,-0.08346244,-0.19837545,-0.035642363,-0.0896515,-0.11658867,-0.26938552,-0.07867748,0.1364431,0.058076438,0.20036551,0.026995987,0.105176605,0.09692837,-0.028811624,-0.2541865,0.13401969,0.0056045777,-0.040566217,-0.083909385,0.20984948,-0.15468739,-0.055427507,0.013306804,0.055546615,0.008131645,0.11832839,0.15313327,-0.089422815,0.09613591,-0.0837146,-0.093652524,-0.274279
TCGA-MP-A4SY-01,0.055854477,-0.12687096,0.021600194,-0.13031179,0.016095242,-0.11492096,-0.029962309,-0.22763212,-0.040587116,0.13249514,-0.007823304,-0.28698054,0.050370354,0.015001863,-0.07047125,0.16338189,-0.11528533,-0.103067376,-0.29923552,-0.28074726,-0.07449958,-0.016334679,-0.11227169,0.20233662,0.14991048,-0.124934524,-0.06356954,-0.031211158,-0.22760329,-0.05471902,0.044746194,0.06176071,-0.06671894,0.00044389724,-0.095122844,-0.056309227,-0.058303904,-0.34100536,-0.09647908,0.095759176,-0.017397933,0.13994074,-0.14232469,0.06489596,0.020900473,0.06629121,-0.035886887,0.00031428502,0.045960527,-0.1645461,-0.09903219,0.13130032,-0.09369891,-0.10641143,-0.04318132,0.17301883,-0.01472982,-0.00473897,0.11438611,-0.13960849,0.08098185,0.07163871,-0.021259712,-0.21763487
TCGA-53-7624-01,-0.013579491,-0.105658196,-0.044264294,-0.26724806,-0.07047244,-0.039964706,-0.00736086,0.12533936,0.047511704,0.16325594,-0.07598575,0.08297374,-0.25527847,0.023103647,-0.14901608,-0.06638522,-0.026614068,-0.014330233,-0.16444306,-0.102090195,-0.10923917,0.06629884,0.22199245,-0.19110164,-0.03234316,-0.08398839,-0.32280752,0.097810134,0.1403251,0.017500164,0.2635094,0.120360166,0.05253855,0.009313506,-0.17813124,-0.07257342,0.025833333,0.039468497,-0.2737364,-0.12213813,-0.024655085,-0.016561823,-0.045982797,-0.18075351,0.06976819,-0.23379755,-0.05571762,-0.09828952,0.06706489,0.116603345,0.0419061,-0.13441788,-0.06724586,0.0047041425,0.08403248,0.047628995,0.046995413,-0.067254804,-0.1688232,-0.00472591,0.10244257,0.10929407,-0.06523642,-0.19783047
TCGA-78-7143-01,-0.016545737,-0.12805016,0.042128276,-0.28984168,-0.0032451425,-0.07971668,0.039718118,0.13229316,0.09030535,-0.017743401,0.01984396,-0.12856251,-0.07234729,-0.009720084,-0.06455711,-0.032250993,-0.21532819,-0.009523349,-0.07938555,-0.09514571,-0.08934345,0.020539071,0.1512446,-0.07389057,-0.033491928,-0.040535487,-0.1396584,0.0121374335,0.16631854,0.014652185,0.22821477,0.15443255,-0.04395022,-0.087769195,-0.061128516,-0.1720201,0.011731491,-0.022584002,-0.23027506,-0.1274774,-0.030477082,0.04032936,-0.06996415,0.0029947108,-0.0048205615,-0.18315713,0.082966566,-0.067870036,-0.0013874136,0.15843923,0.0791367,0.14824194,-0.09533808,-0.54153126,0.07160497,-0.028969754,0.09080261,-0.15430883,-0.048212443,0.15748402,0.069164604,0.04755615,-0.1172322,-0.06607934
TCGA-17-Z001-01,-0.05755001,-0.09350871,-0.04225036,-0.13369936,0.07416035,-0.064051405,0.08556706,0.0011894206,-0.3719175,0.14501393,0.05108179,0.13106358,0.03558939,-0.0053578885,-0.010147787,0.10907361,0.1759556,0.05942783,-0.014979178,-0.15996124,0.0017375487,0.2093356,-0.2555348,-0.14475955,-0.031966057,0.056488927,-0.2613269,0.07809408,-0.1462282,0.11829523,0.070566684,0.1449603,-0.039715376,0.02354871,0.02514848,0.135377,0.04986446,0.028084889,0.07758059,-0.13789946,-0.061927382,-0.069467425,0.26025918,-0.03365788,-0.02444633,0.074216254,0.11369087,-0.21496353,-0.045781136,-0.021531593,0.06105801,0.37428376,0.05231582,-0.005294897,0.0263127,-0.051348027,-0.060669456,-0.08238139,-0.1804685,-0.14227366,0.028028006,0.08404925,0.0070457794,-0.11292215
TCGA-55-8096-01,-0.08706322,0.000743409,4.6550733e-05,-0.14021614,-0.22266318,-0.14343649,-0.14128047,0.02072241,-0.2909834,-0.09883159,-0.050840165,-0.012529762,-0.18276744,-0.032099456,-0.08131862,-0.1546813,0.26354957,-0.029870823,-0.03228454,0.084706046,-0.113495514,-0.0061046192,-0.18787117,0.063058905,0.090705395,-0.022143766,0.06493443,-0.11651942,0.12401547,-0.12464105,0.15048425,0.2428337,-0.14006567,-0.086140886,-0.14638503,-0.055393104,0.14496525,-0.115561664,-0.024215681,0.031071637,0.06642432,0.13185775,0.1924061,-0.14860123,0.046044044,-0.21174538,-0.16501983,0.06322505,0.035237644,0.21975051,0.14478922,0.124503046,-0.016217608,0.17818616,0.079174176,0.07324669,0.12122601,0.08984667,0.13409518,0.07717643,0.08635641,-0.12600465,-0.061834637,-0.014586571
TCGA-86-6562-01,0.045541447,0.030400017,0.23413426,-0.09658085,0.0944898,-0.13328534,-0.0041699405,0.17357184,0.057947416,-0.18381046,-0.0240815,-0.20982656,0.10400996,-0.24061692,-0.10658037,0.057314266,0.009732699,-0.13273382,-0.08040312,-0.15941076,-0.109715566,0.082478076,0.22542237,-0.08509655,0.001901817,-0.034872066,-0.08907523,0.044259783,-0.1600492,-0.070906214,-0.042602226,-0.07689077,0.3363583,-0.14996512,0.06001158,0.070095755,-0.1233277,0.016045487,-0.049532097,0.1436263,0.023816204,0.094066225,0.03147915,0.064690135,0.1052285,0.10408069,0.07993103,0.1379563,0.21199536,-0.005999211,0.061082315,-0.088106416,-0.24240726,-0.10354456,0.103619866,0.20708291,-0.0038541208,0.15178308,0.14386538,0.13945852,0.09192629,0.06823262,-0.11438383,-0.14616749
TCGA-75-6211-01,0.008086997,0.030940358,0.02148223,-0.09605211,0.16995816,-0.027697459,0.03659411,-0.12891266,0.24421547,0.14318408,-0.08388767,-0.277602,0.071635656,-0.055831544,-0.13816033,-0.012723879,-0.20392822,-0.17283314,-0.29063526,-0.16155258,-0.005950009,0.07463664,0.16528092,-0.005902532,-0.07260078,-0.03359762,-0.116864406,0.022710396,0.098735444,0.012956574,0.025769457,0.04834216,-0.17283104,-0.003096951,-0.11459369,0.082994744,0.09002972,-0.014408233,-0.15880878,-0.038919993,0.046216644,0.037890494,-0.42032185,-0.10253359,0.053466413,0.030624826,0.15184695,-0.04945565,0.043622475,-0.080092825,-0.13547076,-0.11547087,-0.037970975,-0.16142476,0.03366837,0.078897454,0.06920617,0.0029948524,-0.052132513,-0.16931269,0.12352653,0.07361856,-0.12054123,-0.22406648
TCGA-44-6779-01,-0.06817861,-0.19407192,-0.026452916,-0.20330442,-0.39017296,-0.13559684,-0.11055673,0.098367885,-0.15063408,-0.049656205,-0.07618981,-0.0040094736,-0.17284022,0.021174973,-0.13585405,-0.19306727,0.15367262,-0.08398255,-0.115435205,-0.085652344,-0.1163438,-0.05678906,-0.051110983,-0.018939447,0.09184284,-0.08927967,-0.05940565,-0.015662236,0.13576344,-0.08467829,0.116493106,0.123106375,-0.17418008,-0.06376214,-0.14330861,-0.07668543,0.045991607,-0.16092552,-0.019777782,-0.049180932,0.01228661,0.12804937,0.2240505,-0.19281498,0.05702239,-0.18836208,-0.042708896,0.021991108,0.096406415,0.25838685,0.13526724,-0.02071765,-0.046542373,-0.014848612,0.12783356,0.083683774,0.11830518,0.077309065,-0.012490832,0.15976948,0.11583935,-0.08268949,-0.095211975,-0.16862412
TCGA-75-7030-01,0.12997401,0.03278606,0.07764814,-0.21833682,-0.07067245,-0.09763058,0.00048103527,-0.16486214,-0.0628011,0.03694482,-0.046768595,-0.11377071,0.021480264,0.01716165,-0.13975497,0.201466,-0.0757625,-0.18878874,-0.39384013,-0.13049605,-0.053369462,0.09016478,0.19497322,0.08135682,-0.08653666,-0.022023011,-0.2624712,-0.11093642,-0.28138056,-0.06515633,0.015407645,0.015263226,-0.03308845,-0.14760515,0.0043354477,-0.004415698,-0.13147739,-0.040205296,-0.02706907,0.054000296,-0.009767129,0.07723519,-0.16959985,-0.021110332,0.07583695,0.055207282,-0.13194095,-0.015875427,0.082226604,-0.104888834,-0.090947054,-0.14913648,-0.14451095,-0.009686832,0.031212013,0.24402954,-0.003398457,0.069419876,-0.012335114,-0.10257057,0.120462604,0.0022471342,-0.14157976,-0.2758097
TCGA-44-8117-01,-0.19401923,-0.043089714,0.048705585,-0.10870371,-0.20951353,-0.1315872,-0.108255476,0.018128663,-0.251707,-0.19620171,0.061536737,-0.070492044,0.025388941,0.01804527,-0.06559248,-0.105721965,0.023933444,-0.040294588,0.01982269,-0.07080056,-0.10239502,0.039264817,-0.17710058,0.03930557,0.23512793,-0.097227484,-0.14842121,-0.06716911,0.010448589,-0.06233556,0.051986177,-0.030026397,0.2045243,-0.10473839,0.04497684,-0.053163085,0.043974835,-0.14955479,0.01043456,0.14602572,0.002274974,0.08990906,0.18022214,-0.06810132,-0.01375391,-0.30348057,-0.04401592,0.028542899,0.105241254,0.07866684,0.1008768,0.4208237,-0.08168515,-0.14845034,0.09198486,-0.008349092,0.01104916,0.024501083,0.27256072,0.10122644,0.085709035,-0.11702781,-0.03672603,-0.03905782
TCGA-49-4512-01,-0.11140895,-0.041474424,0.02024573,-0.16713974,-0.11195118,-0.029730516,-0.038561713,-0.31104806,0.20100798,-0.13512634,-0.10440074,-0.25022933,-0.016720526,-0.04701723,-0.09101692,-0.26218084,0.090796836,-0.057730857,-0.14794932,-0.16179188,-0.042689957,-0.041002464,0.0472324,0.019576749,0.06814032,-0.07890399,0.10853287,-0.047940217,0.19524904,-0.021197278,0.13857313,0.0036083797,-0.2264803,-0.08749988,0.06356482,-0.051698558,0.047837652,-0.12386382,0.03963405,0.017884912,0.06640228,0.062952854,-0.03148676,-0.07870359,0.10153175,-0.07219382,0.12077919,0.023132984,0.06483278,0.34012333,0.16043904,-0.07054281,-0.1359537,-0.30855277,0.07578456,0.10662301,0.038881388,0.08157473,-0.058689374,0.15499842,0.08882602,-0.062731974,-0.14121586,-0.07409901
TCGA-78-7160-01,-0.15105858,0.091596775,0.038191974,-0.25715858,-0.08209772,-0.06480472,0.0009306322,-0.2442332,-0.061251566,-0.08802743,0.02258717,-0.26241383,0.108955406,0.1021051,-0.0777881,-0.00603376,-0.13959517,-0.13650815,-0.31535214,-0.21173736,-0.025266962,0.03960231,-0.04021394,0.04617056,-0.024094934,0.06622604,-0.2456497,-0.18211569,-0.089468494,0.01195553,0.08403409,0.005736334,0.0001655365,-0.105544224,-0.00666644,-0.09205808,-0.08940866,-0.12381944,-0.051164497,0.082684875,-0.03131956,0.06409688,-0.13336846,0.07902112,0.007276358,-0.18205918,-0.013031745,-0.09333453,0.017563565,0.10466609,0.03936495,0.16550511,-0.08522867,-0.31779435,0.02931019,0.12931052,-0.0439145,-0.026912112,0.03939829,-0.09289403,0.10350359,-0.023482382,-0.085286565,-0.31341153
TCGA-86-8278-01,-0.008504576,0.012147558,0.14521213,-0.063298106,0.08385946,-0.08849882,-0.011171219,0.068537295,0.028335942,-0.36589894,0.046633944,0.0031444896,0.10908915,-0.054413293,0.041394163,-0.0445278,-0.08159411,-0.09723483,0.07710193,-0.06278987,-0.1660389,-0.11038263,0.013172668,0.050623257,-0.3121867,0.12481781,0.0907659,-0.20526849,0.03967942,7.642391e-05,-0.013551782,-0.06830224,0.21891235,0.01092591,0.20048055,-0.02861888,-0.101427674,-0.12760824,0.016028984,0.033154823,0.018759895,0.023510447,-0.007410037,0.10049844,-0.053337432,-0.019595105,-0.15246642,0.07071291,0.18608193,0.08476837,0.47456554,0.010133021,-0.10901923,0.051544175,0.08943658,-0.015418427,0.041294225,0.17226367,0.20835792,0.1622836,0.034269262,0.09135415,-0.03295124,0.009541787
TCGA-80-5611-01,0.111759804,-0.1372101,0.03151093,-0.1710516,-0.041850746,-0.16400073,-0.0598711,0.30811855,-0.2272811,0.1781991,0.035294246,-0.09309098,-0.22622404,-0.13316335,-0.111886576,0.17411758,-0.10171462,-0.1079351,-0.11791752,-0.16709061,-0.13350666,-0.0016643154,-0.0775781,-0.0037375127,0.13379319,-0.076036885,-0.15688193,0.056012485,-0.04277471,-0.066483445,0.20233344,0.2026975,0.096695565,-0.15614523,-0.06699111,0.062044278,-0.105095945,-0.18608603,-0.31899184,0.018292481,-0.048403837,0.10034931,0.08899137,-0.019288504,0.010283545,-0.036928464,-0.117342725,0.009138764,0.062238947,-0.10766804,-0.12298486,0.10221879,-0.13373473,0.0749952,0.035931695,0.028945656,0.11527739,-0.012135592,0.016223295,0.0034682925,0.0735552,0.08040782,-0.11484752,-0.21793137
TCGA-55-1596-01,0.031453427,0.02305246,-0.03768764,-0.18932371,-0.01952604,-0.093268394,-0.049035855,-0.27955517,-0.055346373,0.1634693,-0.020206815,-0.024422755,-0.14000666,-0.007411381,-0.16156384,-0.023207203,0.19278105,-0.033424105,-0.22094652,-0.16658369,-0.10567816,-0.0149212675,-0.14745638,0.0053407256,0.33051488,-0.089546114,-0.16236113,0.107815064,-0.08172442,-0.118122555,0.23506543,0.11151766,0.21951145,0.031673156,-0.043532014,0.08363692,0.22166221,-0.1085091,-0.13307424,0.1800646,0.059515342,0.022807123,-0.03862279,-0.0555165,0.08278709,-0.23907112,-0.021766426,-0.06212104,0.0860393,0.047338895,0.0060837413,0.14735515,-0.13136351,0.09510713,0.024652,0.17596935,-0.09732634,0.006028662,0.07489913,-0.13323602,0.12528588,-0.0121319955,-0.07598381,-0.11427497
TCGA-62-A471-01,0.124568105,-0.031750344,-0.024783576,-0.36570033,-0.04805244,-0.08295303,0.07446851,-0.3110543,-0.20736587,0.10378964,0.04655356,-0.07236974,-0.10560841,0.03471511,-0.11341533,0.04902332,0.15676636,-0.11793619,-0.3157808,-0.117553405,-0.09987964,-0.057376474,-0.024696138,0.14692935,0.07750695,-0.045093637,-0.0663063,0.004575179,-0.16909108,-0.09882158,0.2533601,0.20083964,0.079486735,-0.057368267,0.109735146,0.114016175,0.062252477,-0.12820032,-0.19073427,0.061842132,-0.010730147,0.05010447,-0.074136734,-0.049900662,-0.052998222,-0.2156738,-0.0783108,-0.09342448,0.07343297,0.08754243,0.087851554,0.111422844,-0.09677237,0.026887573,-0.003921787,0.22782138,0.05121591,-0.052134287,0.059824504,0.002276357,0.07044093,0.0830775,-0.11974645,-0.07559896
TCGA-62-8397-01,0.124249585,-0.13157836,0.04638602,-0.07904427,0.18882918,-0.030424662,0.037442848,-0.18355997,0.27744773,0.14552979,-0.06979683,-0.1933762,-0.03192335,-0.07210055,-0.13742156,0.122835055,-0.3138649,-0.106000505,-0.26415065,-0.2040505,-0.013978203,0.07762065,0.30527276,0.01641734,0.021986822,-0.07847521,-0.090006776,0.071754724,0.010349804,-0.05063577,0.0430951,-0.0017667076,0.014449013,-0.07926207,0.030524462,0.061079767,0.030543836,0.025304055,-0.09686994,0.01964672,0.0487422,-0.019457968,-0.35734215,-0.056855537,0.07779001,0.036663383,0.09043176,0.0023419166,0.08807263,-0.011300672,-0.17670904,-0.18003339,-0.113362215,-0.12630287,0.004754599,0.1014136,-0.0007227954,0.00033407737,-0.042968437,-0.1131034,0.08566139,0.09630096,-0.16591828,-0.14186338
TCGA-55-7283-01,-0.08896831,0.2787882,0.20755512,-0.074506044,0.2564972,-0.13127623,-0.06626339,0.22953424,-0.15110292,-0.120147616,-0.049302258,-0.01536196,-0.041815724,-0.24667896,-0.1523473,-0.027867785,0.040053677,-0.072806895,-0.071551315,-0.067610435,-0.11028322,0.00985699,-0.031390596,-0.12342199,-0.034138937,0.08438942,-0.1462449,0.058594573,-0.05798634,-0.06537412,0.07723434,0.07170736,0.18467194,-0.051247057,-0.1666193,0.10712634,0.03274355,0.13121235,-0.202282,0.1919463,0.12536965,0.08157344,-0.102524795,0.11675424,0.16802888,-0.08398709,-0.09077731,0.07299369,0.13250431,-0.13386244,-0.022985507,0.13735789,-0.14236608,0.090199396,0.0860898,0.13181163,-0.07425491,0.18780005,0.14461683,-0.15171869,0.11545559,0.05019796,-0.07086269,-0.14542475
TCGA-75-7027-01,-0.21050468,-0.16003379,-0.03824957,-0.22172858,0.039408125,-0.02755862,0.062579826,-0.19954956,0.039834015,0.06860967,-0.06293693,-0.2956533,-0.13305642,-0.024492867,-0.111681595,0.07885416,-0.19140995,-0.09844071,-0.20869564,-0.14073628,-0.043376517,-0.17394766,0.040713646,0.13713178,-0.050419785,0.040227666,-0.04349641,-0.011767083,0.084591545,-0.082975216,0.20477922,0.26409465,-0.27653462,-0.07560201,-0.010932537,0.13430122,-0.18238895,-0.17341334,-0.2000528,0.04291144,0.00118558,0.064977065,-0.1982529,0.038103484,0.05143372,0.030912593,0.11619504,0.050361726,0.034635793,0.081825025,-0.01555074,0.028218575,-0.03145279,0.02992072,0.016625838,0.14044498,0.08244377,0.01697478,-0.08155421,0.07374705,0.09330583,0.08025367,-0.09095718,-0.24690619
TCGA-55-6983-01,-0.17203945,-0.07338606,0.012174947,-0.24597809,-0.09715906,-0.07395507,0.04881215,-0.16574576,-0.27006626,-0.1624258,0.054736037,-0.006254861,0.042669307,-0.014233506,-0.053470507,0.023503093,-0.007669468,-0.18778285,-0.057466324,0.0071906657,-0.08131976,-0.21574876,0.017755294,0.19052559,-0.214831,0.0409689,0.059838,-0.19171289,-0.14380932,-0.016033413,0.08488121,0.022995763,-0.3279804,-0.13946877,0.22832999,0.13721083,-0.22263095,-0.089313164,-0.057349022,0.022143397,-0.072282605,0.10234585,-0.009081783,0.03704484,-0.044059,0.046338122,-0.1578861,0.04266268,0.1141484,-0.0740388,0.18561436,-0.0137640415,-0.07442464,0.12477467,0.030864706,0.06449511,0.15728182,0.12980092,0.06789756,0.20885696,0.05631091,0.07367637,-0.14631543,0.0055157617
TCGA-17-Z032-01,-0.05486519,-0.045048594,-0.029271258,-0.2761443,-0.04464743,-0.06278657,0.21871331,0.0128582455,-0.06689095,-0.030450378,0.13508776,0.049011555,0.12338732,-0.0122049125,-0.041979685,0.0033494039,0.23558709,-0.109888196,0.039267562,-0.042786777,-0.07441015,0.020358419,-0.033780158,-0.13914622,-0.13186882,0.11601583,-0.17825216,0.07941827,-0.21348323,0.09680128,0.16757359,0.108089045,0.0598532,0.062050086,0.16561763,0.18696709,0.025704606,0.05481321,0.04077243,-0.041403245,-0.18421224,-0.09553006,0.21070601,0.08492589,-0.12091133,0.12024256,0.21339184,-0.26220247,0.076116405,0.036273643,0.33669898,-0.07712464,0.07460825,0.057447962,0.030324513,0.09255884,0.020466825,-0.07147139,-0.17559321,0.17599367,-0.015918005,0.14170662,-0.037167624,0.10463392
TCGA-05-5715-01,-0.019953491,-0.055853397,0.12741418,-0.15215413,-0.06685129,-0.09571991,-0.049249507,-0.18101291,0.08494943,-0.20859562,-0.08164523,-0.17411849,-0.034739725,0.040007036,-0.121422276,0.07139935,-0.29024023,-0.044891927,-0.23536743,-0.27384397,-0.12757789,0.06535279,-0.029060736,0.17447656,-0.07631707,-0.046084873,-0.17326926,-0.10949962,-0.059568398,-0.09615535,0.14365512,0.029912937,0.022724193,-0.025029382,0.030531077,-0.16437903,-0.14238694,-0.23788494,0.05422081,0.10883364,0.05969749,0.04825606,-0.1350409,0.06610228,0.08322575,-0.062497023,-0.04373263,0.051539347,0.085893564,0.13753112,0.16744284,0.17510673,-0.13252051,-0.24409696,0.02812364,0.1616669,-0.11896092,0.13017897,0.087054715,-0.016564429,0.112826385,0.029434742,-0.037914418,-0.1935439
TCGA-50-5941-01,-0.02282029,-0.13723478,-0.050978374,-0.20901768,-0.051366154,-0.10369355,-0.06365158,-0.32105097,0.002596053,0.076341406,-0.06315848,-0.14966999,-0.026970923,-0.009034481,-0.109590985,-0.111656934,0.23117787,-0.05907723,-0.28687128,-0.31209716,-0.06630721,-0.06600524,-0.1444349,-0.06468314,0.3094975,-0.054278247,-0.08101597,0.034831077,-0.008060019,-0.065651424,0.16970834,0.027559612,0.01098623,-0.031362604,-0.026763959,0.022734731,0.11607965,-0.1794715,-0.039570406,0.057191543,0.0063607865,0.05680336,0.036935687,-0.013992298,0.12225533,-0.10333084,0.037406947,-0.109225914,0.07611321,0.21437392,0.084193535,0.01661358,-0.17976205,-0.12891252,0.04097857,0.1767304,-0.06325068,0.03326324,-0.056461696,-0.06761995,0.1283789,0.008719624,-0.14276345,-0.2409304
TCGA-55-8204-01,0.0015943962,0.19802944,0.07833728,-0.13163167,-0.13466811,-0.2251064,-0.05973753,0.13838579,-0.19814123,-0.25395966,0.0039129974,0.019178381,-0.04304157,-0.15818115,-0.07883251,-0.023874644,0.21285938,-0.12723127,0.0056989226,0.16443613,-0.1678578,0.13766363,-0.12503105,0.11898807,-0.07693621,0.04645899,0.0009160166,-0.1469587,-0.04871923,-0.08939505,0.13092916,0.1538959,-0.0762742,-0.07068305,-0.0746939,-0.0829559,0.16665857,0.010320772,0.10469247,0.049597383,0.030292625,0.12736525,0.18397143,-0.07001699,-0.0059721144,0.0077856127,-0.18295777,0.043976218,0.074653916,0.039090753,0.2963001,0.026394187,-0.03734607,0.121681646,0.09211494,0.07523477,0.13885187,0.16180454,0.20757204,0.16012555,0.09308152,-0.102724835,-0.10797088,0.18620536
TCGA-55-7907-01,-0.017647533,-0.123179235,0.14477864,-0.15021895,-0.14821237,-0.1486653,-0.044282652,0.1960206,0.19220711,-0.26537773,-0.04262411,-0.1718964,-0.086094685,-0.114357315,-0.06951839,-0.06502776,-0.045976475,-0.14065477,-0.12335967,-0.13096108,-0.17143646,-0.013104159,0.07234849,-0.027921481,-0.2309787,0.091424905,0.040258933,-0.10498665,0.16167267,-0.06952231,0.12348911,0.13899519,0.08465461,0.012351506,-0.018742437,-0.06863676,-0.013245991,-0.18225917,-0.053184383,0.033091933,0.04320287,0.035980485,0.04097321,0.047361407,0.03986663,-0.009649833,-0.080466434,0.064817,0.1928938,0.2629124,0.36281654,-0.16399968,-0.0732948,0.02764153,0.123507775,0.09001744,0.111607164,0.15822096,0.06586098,0.16809648,0.047246974,0.030949185,-0.085255824,-0.12031386
TCGA-50-7109-01,0.16029061,-0.017282674,0.030681195,-0.30625388,-0.28676504,-0.12136477,-0.0025676875,-0.21310268,-0.15322043,-0.06398897,0.054481227,-0.13668428,0.0337992,0.12460783,-0.05123856,-0.15565112,0.17359768,-0.09371035,-0.21412681,-0.14394848,-0.05190991,-0.057643365,-0.12519185,0.07436614,0.014458785,-0.038445067,-0.09043979,-0.12125273,-0.026840674,-0.012896377,0.05709003,0.07469788,-0.048195433,-0.08238927,0.1701238,-0.05355496,0.012216795,-0.20375474,0.027837146,-0.034828395,-0.008214636,0.08022195,0.069078,0.038638238,-0.045560963,-0.1689129,-0.031120414,-0.11592577,0.06436695,0.22634509,0.1942777,0.1983419,-0.12488381,-0.36528873,0.029849544,0.1416888,-0.0069522946,-0.029440355,0.066382855,0.036554024,0.070068635,-0.011009413,-0.0991483,-0.10397767
TCGA-73-4668-01,-0.013237556,-0.22811899,-0.04257347,-0.14780852,0.019948386,-0.048586037,-0.00040842092,-0.12603903,0.06308779,0.22941016,-0.08041216,-0.24515663,-0.06264603,0.012548774,-0.15592124,0.0120977955,-0.18399712,-0.13723485,-0.3389352,-0.31174734,-3.2312928e-05,-0.017891973,0.049459867,0.0016065475,0.06405389,-0.08131326,-0.07541572,0.02965889,0.08446276,0.009241467,-0.04291719,0.056610316,-0.17481065,-0.037870422,-0.03192873,0.100515105,-0.030438982,-0.18295328,-0.17667562,0.007520441,0.00085727655,0.03344695,-0.26050058,-0.093485214,0.06368576,-0.02028791,0.068684526,-0.03731218,0.09658836,-0.013359131,-0.14538194,-0.08294673,-0.073247656,-0.049921837,-0.011427881,0.13734774,0.05046128,0.018321052,0.012440684,-0.1596698,0.089604884,0.18845274,-0.11817431,-0.33045283
TCGA-55-1592-01,0.025466986,-0.16623491,0.031935133,-0.16444924,0.06841368,-0.11233318,-0.10252352,-0.2573622,-0.2645942,0.06145691,-0.04472176,-0.013313261,-0.048546523,0.048461474,-0.0928033,-0.16538398,0.17129275,-0.0365697,-0.07608051,-0.26095545,-0.077721804,0.0066306028,-0.1773124,0.013858197,0.1829837,-0.16732317,-0.0992606,0.027990999,7.281053e-05,-0.06180693,0.14797674,0.018914146,0.15212469,-0.040800404,0.014939006,0.074501894,0.109404795,-0.15234056,-0.120109774,0.05140087,0.09506499,0.06922791,-0.084716536,-0.1325983,0.027810678,-0.314848,-0.15700199,0.002724029,0.09775318,0.100632004,-0.07695994,0.28116307,-0.111218564,0.014497704,0.017036159,0.05937756,-0.08652527,0.03360602,0.1397867,-0.21027818,0.1005055,0.12367962,-0.0515106,-0.15827075
TCGA-44-A4SU-01,0.34140217,0.04152689,0.07120433,-0.15795782,0.11090526,-0.09641203,0.072706684,0.052448604,0.18413028,0.027638093,0.067301236,-0.058774803,-0.1596383,-0.055345915,-0.0729045,0.15403727,-0.06439704,-0.07255945,0.0043461053,0.052799955,-0.2035875,-0.15925322,0.06657658,0.14823298,0.20648754,-0.052219696,-0.11027236,-0.0033605085,-0.12974772,-0.19094172,0.2945482,0.19241007,0.2647174,-0.015519541,0.09099393,0.04355038,0.034593783,-0.081536554,-0.16707066,0.10853313,-0.03281588,0.008476693,-0.091512874,-0.0011400294,-0.08227714,-0.028940734,-0.051607262,0.059900526,0.11631951,-0.04877568,0.12803066,-0.07455806,-0.17464982,0.21786934,0.018316608,0.12893736,0.033330176,0.059353035,0.11396772,0.17927937,0.04127786,0.04892589,-0.082233585,0.1922411
TCGA-55-7815-01,0.01565598,-0.11927029,0.16519357,-0.034539375,0.104423136,-0.13524559,-0.0006065324,0.39553237,0.104079075,-0.098369405,-0.0573285,-0.26617545,0.00014272606,-0.28072703,-0.05759954,0.09086301,-0.08979072,-0.12786418,-0.059692737,-0.17472413,-0.083388776,0.049215883,0.18414037,-0.1373729,-0.051288206,-0.0031430847,-0.061147574,0.0727441,0.024322381,-0.038977124,-0.0066487347,0.028020184,0.14944111,-0.12950987,-0.056557313,0.09188136,-0.20480883,-0.04007065,-0.14399467,0.0004698042,-0.028765442,0.0953945,0.05872603,0.03891848,0.0905245,0.24675399,0.08042211,0.10957888,0.1789967,0.008955617,0.0030302734,-0.17642805,-0.13459285,-0.030915922,0.10217372,0.09669845,0.10734801,0.13107678,-0.0117514655,0.15109509,0.048218198,0.117369086,-0.10018881,-0.23173317
TCGA-MP-A4TI-01,-0.3340252,-0.09484545,-0.09348546,-0.2359479,-0.12226365,0.018251142,0.05291766,-0.077459574,0.048000623,0.027070351,-0.019306507,-0.23292252,-0.21590279,0.056467526,-0.14580682,0.05415717,-0.16467097,-0.009835808,-0.23918894,-0.10045654,-0.0797499,-0.23565915,0.011072345,0.08336756,0.1433255,0.01623904,-0.15385856,0.05264438,-0.0050999145,-0.09703878,0.25231776,0.2050716,-0.18431808,-0.005563832,-0.14313625,0.015983379,-0.11843267,-0.14452492,-0.16437328,0.17748158,-0.030940188,0.01625677,-0.034101002,0.07142085,0.07284426,-0.13786504,0.13847636,-0.0098299105,0.028901333,0.106285684,0.076037034,0.054418523,-0.013267171,0.10733203,0.009706694,0.20535071,0.016808642,-0.033844434,-0.059226464,0.15465058,0.059949763,-0.046826318,-0.038737383,-0.1521891
TCGA-86-8056-01,0.06333089,0.23043692,0.13816907,0.15017588,0.18249787,-0.081683524,-0.10646723,-0.06783047,0.23065424,-0.18667717,-0.015200836,-0.19143032,0.14282066,-0.18630251,0.007978653,0.12624824,-0.13514538,-0.13757733,-0.09618155,0.045297954,-0.082847476,-0.04696706,0.12058631,0.096997656,0.04624884,0.08138991,0.16754954,-0.17526811,-0.01445544,-0.14347447,-0.10272306,-0.11784936,0.28064886,-0.1070528,0.056119997,-0.03170888,0.05868534,-0.07841005,0.04744406,0.19102347,0.10941757,0.09877946,-0.07827099,0.11910318,0.09214466,0.109241374,-0.09765852,0.0919932,0.093871124,-0.08411721,0.15295744,-0.13010989,-0.19256204,0.068625964,0.07223365,0.05356014,0.0149995955,0.16615549,0.17433661,0.029450342,0.09092124,-0.19697857,-0.1289156,-0.054285515
TCGA-95-7944-01,-0.04327954,0.078870766,0.10942957,-0.07453176,-0.117154285,-0.14975701,-0.06794932,0.056937244,-0.15563786,-0.26679018,-0.030044064,-0.14152314,-0.018889463,-0.144087,-0.094783776,-0.15505292,0.25214946,-0.10823885,0.06683435,0.039827317,-0.1452205,-0.07888926,-0.08195205,0.092091985,0.03518252,0.012188675,0.07692266,-0.13989016,0.08268941,-0.12343307,0.07496482,0.026948381,0.033791106,-0.07880014,0.07779577,0.06738377,0.03834579,-0.06572372,0.0859957,0.12123103,0.035230458,0.11345516,0.11747745,-0.09815677,0.005366784,-0.052670598,-0.058557685,0.1902334,0.18753351,0.20974205,0.27906156,0.05561869,-0.108606026,0.23428,0.11672445,0.13797265,0.11909884,0.22664534,0.22109526,0.24685569,0.10901574,-0.04529209,-0.06398204,0.04548673
TCGA-55-7910-01,-0.13094145,-0.15293275,0.17757395,-0.08235268,0.10883422,-0.047283955,0.031835042,0.0047651012,0.29675832,-0.13446184,-0.14330086,-0.22726998,-0.092790924,-0.16801082,-0.15599214,-0.064317554,-0.040831085,-0.035286646,-0.033909924,-0.18704192,-0.09346592,0.13208996,0.21675366,-0.08685073,0.018850187,-0.15033475,-0.10856138,0.20293172,0.041433737,-0.061997004,0.20899913,0.07307632,-0.039747126,-0.1226931,-0.027424932,0.15570305,-0.11958792,0.05920156,-0.08557673,0.08487891,0.12508693,0.014469422,-0.11769791,-0.11330261,0.1083404,0.06821922,0.21085154,0.118471034,0.13899466,0.21099904,-0.12247543,-0.14211385,-0.1150101,-0.13855727,0.12374454,0.12478009,0.02689896,0.11759124,-0.10367204,0.079728045,0.035771336,0.09214547,-0.11221735,-0.066153444
TCGA-86-8281-01,-0.05246142,0.17619114,0.15884648,0.05520232,0.5320708,-0.0502577,0.060721934,-0.17546228,0.067302965,-0.22883148,0.019660577,-0.006175179,0.09211419,-0.15238376,-0.072300665,0.05013271,-0.18992615,-0.0520897,0.008086306,0.07393942,-0.081788525,-0.003346585,0.21879105,0.093068175,-0.047117837,0.00028339977,0.0841609,0.09793035,-0.117769,-0.10241065,0.019084947,-0.11020568,0.11000251,-0.023997854,0.009671595,0.10126536,0.115369536,0.2232508,-0.021265166,0.097868145,0.09141913,0.024093185,-0.320891,0.049957424,0.019138634,-0.0041770455,-0.011054517,0.038597263,0.07380296,-0.17371072,0.021312518,0.004413385,-0.048396885,-0.007893863,0.06363586,0.06430146,0.023186095,0.05933913,0.12939262,-0.054490644,0.027272053,-0.00030763293,-0.12204119,0.2430045
TCGA-L9-A8F4-01,-0.12216339,-0.12772813,-0.042111762,-0.12544325,-0.15545063,-0.14387795,-0.13193272,0.048576538,-0.26049998,0.01075712,-0.07300841,0.10281346,-0.24843831,-0.06690934,-0.10797737,-0.11381407,0.2126577,-0.0029729658,-0.0344682,-0.05624025,-0.119943045,0.01915317,-0.1717461,-0.0021580523,0.23845501,-0.11887169,-0.054507025,0.056762118,0.082846195,-0.11718972,0.19635195,0.13904718,0.06534378,-0.045822643,-0.13241494,0.021205705,0.16414891,-0.10678495,-0.067830205,0.032152355,0.09860491,0.086502396,0.24824528,-0.22161557,0.07187363,-0.27020502,-0.17024575,-0.006804635,0.09782322,0.111849554,0.062296506,0.15811056,-0.037075885,0.2384015,0.07631346,-0.009295674,0.07692204,0.07295509,0.10579401,0.0043356516,0.088879965,-0.05255049,-0.09303378,-0.04573875
TCGA-17-Z045-01,-0.13661793,-0.15613241,-0.022746999,-0.1907261,-0.06192563,-0.14274845,0.047777433,0.10717151,-0.3038743,-0.0195515,0.07209052,0.15270236,0.001797517,-0.07992184,-0.05416881,0.049697414,0.19534385,-0.030111233,-0.0389906,-0.13247786,-0.048792437,0.20567688,-0.25665623,-0.16431038,-0.08440204,0.072796844,-0.12832016,0.09460222,-0.1274439,0.11711883,0.120019615,0.18690886,-0.13341098,0.002351184,-0.015828688,0.09823186,0.091394864,-0.008521278,0.07058639,-0.106076606,-0.10432094,-0.026714826,0.33923164,-0.00805626,-0.0012221172,0.098541796,0.124789216,-0.23249602,0.013344896,0.046352528,0.22769855,0.22185877,0.070814006,-0.114486806,0.098126896,-0.029673986,0.06883998,-0.05827757,-0.17024474,0.015470311,0.031708606,-0.0028987958,-0.07650554,-0.039132103
TCGA-99-8033-01,-0.030282749,0.0006548423,0.1298773,0.020084376,0.4917528,-0.048062366,0.044928562,-0.0059346873,0.21885481,0.019287914,-0.079567574,-0.12593506,-0.11310253,-0.20011024,-0.12026293,0.030515734,-0.23345272,-0.0017663562,0.0086251,-0.08951941,-0.056457877,0.07744098,0.21155332,-0.038541235,-0.007042979,-0.05671316,-0.004219642,0.23392698,0.08854397,-0.07784809,0.20895867,0.06950707,0.08774183,0.00827693,-0.12791458,0.092338264,0.1140421,0.16352367,-0.19332688,0.070480175,0.09643065,-0.009384912,-0.3678419,0.017543932,0.07271738,0.03424521,0.095944256,0.051816992,0.07455594,-0.050740633,-0.14789118,-0.017932327,-0.008856999,-0.02457877,0.041399024,0.049134616,-0.014891238,0.011721987,-0.034147896,-0.11008868,0.04027116,0.12152783,-0.07171714,0.10052509
TCGA-44-3918-01,0.1161307,0.1287501,0.14804283,-0.14619917,-0.022204526,-0.11859964,-0.049161255,-0.013164482,-0.066444226,-0.2852792,-0.021625288,0.0638411,0.018033532,-0.10399294,-0.040780913,-0.20567822,0.2724015,-0.03627272,-0.12401018,-0.06391614,-0.10550928,-0.02026322,-0.04056867,-0.017969985,-0.28367764,0.1352545,0.1941175,-0.0969408,0.098631926,-0.0019556899,-0.06329141,0.036296476,-0.04119544,0.024753062,0.10154229,-0.059556667,0.12583594,-0.02693089,0.09138806,-0.012998912,0.12014232,0.02368019,0.07042064,0.09317844,0.124247774,-0.01745672,-0.10967198,0.01808467,0.14464816,0.20015383,0.44720176,-0.009880922,-0.15024231,-0.1309105,0.08183123,0.1464816,-0.028487407,0.18744889,0.12036363,0.06736383,0.04746881,0.025393676,-0.09769403,0.017900608
TCGA-55-8087-01,0.13963151,0.2848576,0.1629769,-0.03596527,0.18721344,-0.034205567,-0.028110776,-0.08211941,0.071254276,-0.24278533,-0.023462823,0.11541373,0.07268838,-0.06011767,-0.049717486,0.027888216,-0.03302866,-0.022245385,-0.08388806,-0.02461497,-0.13217604,-0.0032145062,0.11546868,0.10047196,-0.14101446,0.068777926,-0.015918195,-0.10896413,-0.138972,-0.07455052,-0.030414036,-0.13291971,0.3330349,0.064576395,0.107628085,-0.07514887,0.03718719,0.030788383,0.0571615,0.13983499,0.12674004,-0.0039250874,-0.10393791,0.06032773,0.082957536,-0.08725417,-0.17700242,0.07492705,0.1372546,-0.06560836,0.34382161,-0.029128112,-0.21232255,0.11841709,0.0024704486,0.15159269,-0.13878748,0.21209358,0.25374272,-0.013040757,0.085332416,0.05903332,-0.019735092,0.06075124
TCGA-62-8394-01,0.122190036,0.060984842,0.04060338,-0.16490716,-0.124303825,-0.0785149,-0.105589524,-0.26606598,0.18638301,0.046813134,-0.104152784,-0.23088749,-0.049898107,-0.097972244,-0.10823393,-0.122838445,0.03691044,-0.14714395,-0.2063024,-0.06206039,-0.060199317,0.04328886,0.04688571,0.09287638,0.16233043,-0.12548572,0.11564639,-0.14719121,0.16371253,-0.113726884,0.14650932,0.14912753,-0.050632842,-0.118381836,-0.008944803,-0.078507595,0.22755828,-0.18030277,-0.02663732,0.06383798,0.16259028,0.11089372,-0.103253014,-0.15415385,0.082049966,-0.20629923,-0.05254492,0.05774131,0.02487674,0.17854303,0.0072268723,-0.05182189,-0.17818676,-0.16830474,0.04819912,0.06308833,0.061462782,0.09061953,0.08106211,0.020333461,0.15490249,-0.14357635,-0.19668062,-0.13536628
TCGA-78-7153-01,-0.24374968,-0.17102298,0.024114875,-0.241116,-0.21999316,-0.0534194,0.013548872,-0.2148859,-0.13630264,-0.14832528,0.0628041,-0.1395117,0.03204672,0.05720538,-0.12852433,-0.14195019,-0.07794555,-0.12426222,-0.15351723,-0.20309998,-0.06802052,-0.19440952,-0.024448808,0.12906484,0.077710964,-0.12293007,-0.0030286883,-0.028226381,-0.036617756,-0.0040452904,0.05923435,-0.061536673,-0.17699364,-0.1280576,0.23023349,0.100354366,-0.14427993,-0.19365747,-0.061224397,0.10947259,-0.025609884,0.07713259,0.028661234,-0.042356633,-0.007085759,-0.16095142,0.083650716,0.016245453,0.1390572,0.080501735,0.11395176,0.17772384,-0.12363172,-0.22683035,0.05707719,0.0975509,0.08436989,0.050067086,0.10698148,0.2020497,0.066639975,0.019460825,-0.12781881,-0.11484326
TCGA-55-6642-01,-0.017437803,-0.19394657,-0.01636316,-0.2193986,-0.31688377,-0.10931063,-0.059974182,0.055783607,-0.060772777,0.079273306,0.03195471,-0.17115538,-0.19425628,-0.04264811,-0.13941237,-0.093532585,0.056498576,-0.11301763,-0.28672084,-0.19208555,-0.058528073,-0.098559484,-0.0046032625,-0.112811774,0.2464895,-0.09600674,-0.021686036,0.03637572,0.11441771,-0.020707881,0.027519256,0.1362798,0.007783431,-0.13486974,0.017582906,0.011837705,0.02081636,-0.14989406,-0.16162206,0.08669352,-0.028521258,0.08316291,0.14496174,-0.041703664,0.05365914,-0.18593955,0.031208374,-0.029193368,0.15273169,0.23829415,0.073032096,-0.05095531,-0.13266844,-0.08535681,0.07842625,0.1730342,0.12163088,0.013731718,0.06994595,0.11617606,0.07061526,-0.026249176,-0.17692843,-0.23796314
TCGA-05-4432-01,0.057985723,-0.015071045,0.011268976,-0.053096052,-0.047221124,-0.09347061,-0.12901919,-0.014601658,-0.091934405,0.2294129,-0.005267047,-0.09642265,-0.28220204,-0.090836786,-0.1607001,0.12499876,-0.14452289,-0.10065774,-0.26362026,-0.14451809,-0.069186814,0.22119854,-0.050469585,-0.021320155,0.13116148,-0.10301866,-0.07040115,0.005921388,0.0318271,-0.03383571,0.024589201,0.22596943,0.12485127,-0.156889,-0.045324985,0.011573486,0.070432924,-0.1311863,-0.22787121,0.1827617,0.060465436,0.03941741,-0.088361524,-0.109832846,0.10095017,-0.14591052,-0.11518342,0.06711721,0.059571266,-0.048875775,-0.21072254,0.028360758,-0.08360709,0.14536989,0.0156289,0.10225467,0.016869698,0.05081015,0.17809965,-0.21058793,0.08723734,-0.013215446,-0.118243895,-0.29368898
TCGA-95-8039-01,-0.016131235,-0.0041713296,0.11085127,-0.07317841,-0.0025945413,-0.08946876,-0.026772048,0.15234037,-0.07386825,-0.34996897,0.086527966,-0.051894456,-0.012588381,-0.024847409,0.0015190454,-0.057626396,-0.15151125,-0.036249764,0.016403064,-0.07365315,-0.14363867,-0.1939825,-0.06196982,0.11829761,-0.06622334,0.062979646,0.0724772,-0.15333137,0.10955422,-0.07528318,0.017065812,-0.03433374,0.14966328,-0.0031644849,0.20820688,-0.023671579,-0.12339608,-0.17892265,-0.022101711,0.054624464,0.003243726,0.030666042,0.090881914,0.07864657,-0.014828732,-0.08456842,-0.11633104,0.084645085,0.19442476,0.0743559,0.44884506,0.1736562,-0.14674428,0.0438102,0.04313348,0.032511126,0.051631715,0.16271278,0.29180333,0.245748,0.030695783,0.07658531,-0.03844403,0.028833035
TCGA-55-7816-01,-0.21994495,0.061386067,0.050959658,-0.18669519,0.1543047,-0.121596076,0.0013736192,-0.29907075,0.04187275,-0.21893738,-0.02834037,0.012445481,-0.008327205,-0.19026315,-0.14023595,-0.2667879,0.18370236,-0.026354868,0.0018851559,-0.08708645,-0.09067469,0.26010162,0.01728372,-0.11142295,-0.0048273364,-0.037516702,0.0076491195,0.11266012,0.013702917,0.03762431,0.19697386,0.086265534,-0.03639299,-0.06225998,-0.014287998,-0.006794164,0.29031137,0.21153654,0.035969906,0.06471112,0.06618942,0.026948897,-0.011718692,-0.13310418,0.08862953,-0.11359704,0.09258616,-0.015929082,0.08380921,0.1862576,0.20433368,-0.05193175,-0.034332972,-0.12316472,0.08967887,0.06184068,-0.0067535094,0.12464421,0.12385222,0.023088466,0.08391998,0.015408059,-0.15183552,0.20805916
TCGA-35-4123-01,-0.015970599,-0.19339679,0.08494689,-0.12430585,-0.036374483,-0.117690064,-0.032795183,-0.019869095,-0.017921899,0.074503146,-0.049997825,-0.12609188,-0.08200894,-0.08625999,-0.21853949,0.12749916,-0.14559893,-0.0887059,-0.30416855,-0.3095582,-0.06101501,0.13657236,0.0671292,0.028182948,0.26483154,-0.22889851,-0.10005667,0.19320297,-0.18068609,-0.06877983,-0.0019218738,-0.054428633,0.1503114,-0.10453455,-0.014135172,0.052529097,0.04374725,-0.09340557,-0.08413646,0.22847407,0.05936973,0.048456516,-0.03389557,-0.09111241,0.09562472,-0.083919525,0.036891676,0.0040494115,0.17093334,-0.062076747,-0.1554289,0.0512091,-0.15391141,-0.1349516,0.021848032,0.20616195,-0.012186589,0.028191438,0.16238733,-0.07328413,0.05894237,0.06903479,-0.14941218,-0.13420425
TCGA-MP-A4T6-01,-0.06480251,-0.110889204,-0.003011241,-0.14731677,-0.32513082,-0.079255655,-0.05663603,-0.10780004,0.05513346,0.025665427,-0.05758794,-0.19824426,-0.09894883,-0.06706426,-0.20504121,-0.1308851,0.1090444,-0.13708477,-0.31279397,-0.22687614,-0.007099674,0.043151733,0.010175579,-0.052092157,0.24603942,-0.14253704,-0.033085633,0.11239687,-0.00048253904,-0.0072822,-0.03606439,-0.020314187,-0.10897666,-0.10577579,0.04113252,0.077298395,0.031721074,-0.1431726,0.036744535,0.1436065,0.0027047654,0.05606318,0.09352688,-0.07431867,0.13029447,-0.051500365,0.16348858,-0.029494952,0.13952175,0.19434622,0.02163262,-0.14207564,-0.13600472,-0.19296843,0.066407815,0.2632093,0.052572027,0.08176108,0.030076094,0.08264934,0.083080925,-0.059978403,-0.18278214,-0.16389035
TCGA-91-8499-01,0.13243082,0.041238748,0.18458267,-0.02826762,0.19137482,-0.119781315,-0.009661867,0.15549088,0.23094484,-0.1708964,-0.095081225,-0.21188125,-0.06280844,-0.21876192,-0.13494407,0.059362978,-0.09353843,-0.09512712,-0.16812725,-0.19598098,-0.09541634,0.14307885,0.14547735,0.009367941,-0.0690486,0.015379019,-0.03348496,0.057998914,0.04781762,-0.11406781,0.07174248,-0.010838149,0.2959777,-0.028168274,0.06453158,0.05246031,-0.030523464,-0.03109708,-0.017008977,0.120835304,0.09256694,-0.0058957557,-0.098786056,-0.0023807848,0.11482127,0.13020329,0.043656334,0.13564798,0.23171182,0.12193539,0.1985247,-0.14468162,-0.14787711,0.05591515,0.0767152,0.19797474,-0.010096726,0.20733142,0.11761277,0.08627936,0.09105524,0.10807453,-0.107494436,-0.1396582
TCGA-55-6987-01,0.02726639,-0.1331343,0.048671354,-0.1121249,-0.03052671,-0.096222155,0.006567647,-0.13824613,0.09653136,-0.0054374523,-0.030600132,-0.20832714,0.07486618,0.0031102642,-0.12500823,0.12282212,-0.2591026,-0.112148166,-0.3290219,-0.26697993,-0.060999908,-0.24434116,0.0737361,0.089650735,0.21442366,0.016945662,-0.16416827,-0.023551784,-0.20540296,-0.123471275,-0.039341845,-0.07857728,-0.1754357,-0.07409802,-0.07417665,-0.0060382914,-0.10459875,-0.07082581,0.04494006,0.08425654,0.018605635,0.09548074,-0.12810569,0.15975422,0.12715071,0.02772175,0.05933708,-0.023160283,0.08497021,-0.009304614,-0.09134775,-0.03857174,-0.17416112,-0.16447984,0.004562877,0.17590265,-0.06695976,0.0978341,-0.009111151,-0.08914958,0.11458566,-0.052899458,-0.1913626,-0.22971913
TCGA-91-8497-01,0.06441714,0.08908356,0.048370365,0.018219264,0.16140924,-0.09605385,-0.035291918,-0.13115878,-0.0027293477,-0.24178168,0.055099286,0.13543075,0.094431646,-0.013016445,-0.0040611136,0.1300614,-0.056339227,-0.1079503,0.085658036,0.24620046,-0.1578049,-0.10242656,0.16198084,0.17717628,-0.1259876,0.04363969,0.07689894,-0.14196666,-0.18586983,-0.0710298,-0.009319824,-0.099330485,0.05970662,-0.08194168,0.18757908,-0.02839411,-0.10436131,-0.026063677,0.018066281,8.39985e-05,-0.0564887,0.0909406,-0.044015292,0.022193456,-0.10135418,0.03742529,-0.22332951,0.0037677528,0.053926952,-0.11491886,0.340186,-0.25638187,-0.07472795,0.16314074,0.10240878,0.033045724,0.18231893,0.07437214,0.10230626,0.17761235,0.07174615,-0.055069506,-0.10000083,0.28726372
TCGA-91-6849-01,0.11591345,0.12806046,0.045431204,-0.028717658,0.08397279,-0.08785208,-0.06957131,-0.10672448,0.022682816,0.07991342,-0.038188286,-0.025263386,-0.011744089,-0.11057457,-0.11255876,0.26247033,-0.22122154,-0.11407759,-0.39042974,-0.08401785,-0.10791667,-0.049604483,0.031434193,0.18827808,0.033860955,0.05981701,0.07405172,-0.10102535,-0.120612666,-0.12439883,-0.10688895,0.0732921,-0.13771267,-0.0036334095,-0.17013867,-0.06212133,0.074977584,-0.1143981,-0.09923654,0.108721465,0.083740436,0.09820883,-0.19382375,0.057707682,0.17147234,0.06983235,-0.11701092,0.05948389,0.04833185,-0.25117967,-0.0113951545,-0.05358534,-0.1986076,0.063417375,0.00020094647,0.1608874,-0.001287646,0.14253083,0.15453169,-0.16697626,0.1284549,-0.059444383,-0.13835159,-0.20945418
TCGA-73-4666-01,-0.041244872,-0.13212486,0.008262121,-0.07572001,0.106259026,-0.025835888,0.00085884426,-0.08983107,0.212855,0.124506444,-0.09548279,-0.32016152,-0.09496662,-0.051179398,-0.05339289,0.17791001,-0.3039544,-0.09883282,-0.22327846,-0.13025743,-0.0880056,-0.12236811,0.11491036,0.15154415,-0.0045363936,-0.01959495,0.026558008,-0.09239967,0.09512054,-0.121812806,0.11873892,0.22750282,-0.18727553,-0.0109604085,-0.13229816,-0.03186377,-0.11285199,-0.23956862,-0.20832613,0.022566494,0.054381248,0.10009403,-0.23715794,-0.014139561,0.048389047,0.11723091,-0.018763892,0.11739816,0.047715105,-0.03789567,-0.06032557,-0.10586072,-0.040937904,0.14161572,0.010732735,0.07103671,0.09964928,0.07799773,0.0013657769,-0.008496036,0.08522837,0.067903,-0.047953207,-0.2570712
TCGA-49-AARO-01,-0.17304635,-0.036020495,0.051115394,-0.0529463,0.2271948,0.00876242,-0.002281865,-0.18551733,0.1463411,0.12538002,-0.07377627,-0.06764072,-0.12467842,-0.0005501364,-0.190907,-0.009602588,-0.24486727,0.018524487,-0.11826191,-0.19623981,-0.019097038,0.16065347,0.10858472,-0.051631264,0.1408264,-0.13054185,-0.121499926,0.16524766,0.06093484,-0.015395046,0.05938453,0.022745185,0.10856934,0.006661219,-0.07704495,0.016843103,0.15271652,0.0886954,-0.13688049,0.24515882,0.13098305,-0.071615845,-0.32786116,-0.07431476,0.109651126,-0.23674177,0.08048827,0.038245592,0.09294672,-0.010573311,-0.20382649,0.122808225,-0.054812588,-0.0617464,-0.007976878,0.10878116,-0.15416616,0.0062141065,0.1540422,-0.2185528,0.053148065,0.10629507,-0.05575708,-0.04007936
TCGA-49-AARQ-01,-0.19432962,-0.21946771,0.012715527,-0.1383184,-0.060414203,-0.10875858,-0.0138317095,-0.2251414,-0.11033032,-0.09249966,-0.13264097,-0.0676067,-0.022286832,-0.08815423,-0.22430216,-0.08604436,0.09394785,-0.13841747,-0.2511179,-0.32232863,-0.0031280026,-0.003920602,-0.04557559,0.10088446,0.16606355,-0.15815622,-0.07700438,0.18469465,-0.12646236,-0.04533691,0.11861317,-0.16748378,-0.20036288,-0.08268618,0.071232066,0.22340924,-0.065508395,-0.092356965,0.09266045,0.07026361,0.044739585,0.057337787,-0.017136764,-0.14141461,0.08480767,0.015046853,0.06224259,-0.057146885,0.16640162,0.061964117,0.0026960836,-0.07467131,-0.11861567,-0.0421939,0.046586633,0.20502435,0.07520217,0.14096248,-0.02737492,0.019274937,0.11103133,0.105076045,-0.19100147,-0.08604384
TCGA-17-Z061-01,-0.05422369,-0.110390104,-0.05358868,-0.13652301,0.068133295,-0.06350306,0.089799255,0.010348391,-0.36045185,0.15107213,0.049824193,0.13737454,0.033471316,-0.005091093,-0.0057307393,0.109633826,0.17719193,0.06309969,-0.008721109,-0.16219449,0.0030263637,0.19889453,-0.24405152,-0.1515346,-0.028175524,0.05516276,-0.25939602,0.08312888,-0.13554111,0.1180224,0.07619173,0.13798267,-0.033680584,0.028448502,0.028412184,0.13368732,0.04940194,0.028158385,0.077690475,-0.15414762,-0.07330557,-0.07032179,0.27397326,-0.034370467,-0.025472403,0.08417017,0.121145,-0.21920353,-0.043285064,-0.01231794,0.07472712,0.358912,0.055404462,-0.007552958,0.026216554,-0.05920964,-0.055912953,-0.08791972,-0.1927255,-0.12254907,0.02996774,0.09029408,0.009298674,-0.11664784
TCGA-91-6831-01,-0.039973326,-0.1781907,0.014196025,-0.12393076,0.14063708,-0.13668545,-0.013110772,-0.010309893,-0.0754469,0.10391856,-0.039238226,-0.22872177,-0.16063151,-0.25143975,-0.110232435,0.29162455,-0.14449206,-0.08208377,-0.3266962,-0.26958725,-0.062963724,0.121177524,-0.05044131,0.06568966,0.09185881,-0.041864425,0.07084157,0.13148542,-0.13881661,-0.071486,0.1863112,0.20059563,0.022573996,-0.08314126,-0.12293474,0.04686291,-0.045281403,-0.17369875,-0.20370287,0.104040936,-0.04651601,0.09955906,-0.053674996,0.07601616,0.0942723,0.13877426,0.012824845,0.01264854,0.028780228,-0.041713007,-0.07177861,0.0174548,-0.049667727,-0.052878726,0.0009571285,0.19399706,0.09589533,0.008663155,-0.00030483585,-0.024939042,0.059404276,0.07237349,-0.13409074,-0.21303476
TCGA-49-6745-01,-0.23281172,-0.051289838,0.02454279,-0.17182754,0.0005969313,-0.095241666,-0.030137435,-0.087749995,-0.32679555,-0.16319668,-0.011397524,-0.048623856,0.09394952,0.108883105,-0.095791996,0.010946312,-0.03909876,-0.0744376,-0.2523206,-0.2931611,-0.09201912,-0.157382,-0.12241463,0.15657344,-0.014137562,0.027030742,-0.14239442,-0.089063354,-0.23701139,-0.016156208,0.007878826,-0.22326611,-0.1520095,-0.02796707,-0.030354368,-0.016131612,-0.2147979,-0.16499417,-0.010502623,0.06532852,0.002227948,0.08660538,0.009419295,0.029669367,0.055082742,-0.097920805,-0.17806345,-0.0056350315,0.09320889,-0.077078894,0.1206845,0.13254413,-0.13454857,0.03997428,0.0043581547,0.15086997,-0.016053144,0.11065266,0.11532907,-0.061835635,0.0918332,0.084861904,-0.07310539,-0.262804
TCGA-80-5607-01,0.26609662,-0.04796657,0.030014243,0.028192958,0.28275093,-0.04166009,0.006299199,-0.22946802,0.14830518,0.016309714,-0.013992936,0.009305576,0.001045187,-0.078453735,-0.06557897,0.16672996,-0.06684253,-0.08365105,-0.17841955,-0.058241777,-0.023004634,-0.18120705,0.1660837,0.15696572,-0.024696056,0.0017913752,0.21451002,0.046940066,-0.124501325,-0.08138294,-0.0703528,-0.06784751,-0.12649722,-0.03173499,0.16812669,0.13021612,-0.068832465,-0.055625394,-0.024350982,0.0015375223,-0.043380287,0.01683412,-0.24106424,0.08054675,0.07681013,0.30384034,0.0041256417,0.045755073,0.092749186,-0.18750052,0.05249346,-0.36227563,-0.13004546,0.08928472,0.013504076,0.17697719,0.046102043,0.10311535,-0.07402449,0.04020705,0.047847763,0.074167795,-0.13276133,0.008025494
TCGA-49-AAR9-01,-0.15424633,-0.033165373,0.057136666,-0.030802814,0.067203805,-0.063830204,-0.18776453,-0.027718056,-0.09480197,0.045442536,-0.056780305,-0.087782234,-0.16903326,-0.22400421,-0.052091468,0.13707311,-0.23318608,-0.07053226,-0.16778444,-0.03833946,-0.086947165,0.01046177,0.04114998,0.023718929,0.009478679,-0.02530454,0.28126314,-0.16173948,0.14238293,-0.088828065,0.002371168,0.24564908,-0.15933645,-0.20800082,-0.12316049,-0.08030409,0.05723563,-0.12891997,-0.23615964,0.13495658,0.099278614,0.14446665,-0.06076093,0.0044541387,0.19623497,-0.021790147,-0.19002181,0.17283286,-0.025424665,-0.122353934,-0.13589586,0.03696162,-0.1418756,0.046283867,0.007777351,-0.005376926,0.08610125,0.12172349,0.13952577,-0.042959735,0.08154215,-0.07040965,-0.1530891,-0.22514087
TCGA-55-6543-01,-0.08114079,-0.093378924,0.061994143,-0.0597291,0.13230732,-0.0655033,0.037189946,-0.11365716,0.1107325,-0.075560465,-0.06647968,-0.1489413,0.028131176,-0.0071254163,-0.15330496,0.11957648,-0.3415803,-0.122720554,-0.35474887,-0.26304105,-0.060361415,-0.20515004,0.1620501,0.13805212,0.04612168,0.056396026,-0.15514462,0.017783487,-0.09800251,-0.121590756,-0.016193636,-0.12587269,-0.13122761,0.022205293,-0.058778595,0.068168834,-0.13787495,-0.03429953,-0.0022036212,0.06705308,0.06664448,0.034803785,-0.2481817,0.06660233,0.1372031,0.03181579,-0.0065693,-0.00660318,0.17969091,-0.068026915,0.039727204,-0.10605823,-0.13236924,0.091661595,0.010878064,0.1879612,-0.017271731,0.1572709,0.05458634,-0.08980802,0.115148924,0.069809176,-0.15074798,-0.1995014
TCGA-97-A4M3-01,0.061412223,0.1369563,0.067737326,0.04768947,0.083431,-0.11344678,-0.028980909,-0.012830225,0.043603715,-0.17471117,0.07659751,-0.167182,0.0994048,-0.23558727,-0.012054985,0.0969844,-0.012553363,-0.10427554,-0.12581109,-0.03355573,-0.082385175,-0.26769677,-0.0935981,0.15002975,0.15574013,0.11816054,0.31930652,-0.097315885,-0.015143861,-0.121336415,-0.07663512,-0.07700379,0.109007806,-9.273057e-05,0.15409409,0.05634221,0.014902386,-0.17374828,-0.0040629166,0.15616924,-0.04001823,0.08927581,0.04570696,0.22270817,0.102346174,0.16737227,-0.021787418,0.06978908,0.1385073,-0.12834226,0.28824377,-0.013248021,-0.18137127,0.046045743,0.0180263,0.12243791,0.06140301,0.17115949,0.18862483,0.194566,0.04857088,-0.07667383,-0.10702515,0.018510599
TCGA-55-8207-01,-0.054151364,-0.04288474,0.11585848,-0.06014784,0.19369987,-0.07585462,-0.069804005,0.07573099,0.23603703,-0.18591602,-0.07000343,-0.15778519,-0.029251762,-0.1838621,-0.019672323,0.15716556,-0.16380316,0.024372753,-0.088895395,-0.11530421,-0.19138406,-0.24236579,0.15945421,0.065956645,0.11850849,0.04197991,0.20450328,-0.056630433,-0.025898997,-0.16615462,0.09781324,0.024798818,-0.024250293,-0.060131714,-0.14920585,-0.16774353,-0.02872864,-0.09245568,-0.111101896,0.12970999,0.06415239,0.11125215,0.023277426,0.17363916,0.1585805,0.12162677,-0.015230378,0.19905934,0.069349185,0.027545244,0.17053893,-0.18590048,-0.24221131,-0.05366569,0.05144142,0.11728518,0.01804221,0.15146564,0.05712357,0.2296309,0.070868514,-0.022233102,-0.12369685,-0.06366417
TCGA-L9-A444-01,0.048430372,-0.0068799653,0.039947294,-0.02948241,-0.06326861,-0.15477338,-0.101435564,-0.01365626,0.021582413,-0.15821284,-0.011283833,-0.13026491,0.049441524,-0.1630428,-0.04084991,-0.21140334,0.24247526,0.0046579763,-0.073947355,-0.17781065,-0.08271103,0.009570012,-0.16514887,-0.003956724,0.26658672,-0.10194949,0.22148187,0.06056491,0.1335967,-0.044223353,0.0024174503,-0.12447543,0.20602387,0.037843663,0.022483038,-0.06825,0.24332158,-0.19810994,0.065059155,0.038702838,0.050615124,0.088912226,0.17897983,-0.012287039,0.08568599,-0.090619415,0.034704518,-0.001513462,0.11834052,0.16323338,0.2761159,0.12593873,-0.16186076,-0.29047525,0.06050804,0.07392056,0.025983198,0.06093914,0.20110607,0.13103516,0.06994716,-0.042777527,-0.07122067,0.015192083
TCGA-75-6207-01,0.38401443,-0.11130416,0.10110815,-0.14507927,0.021845624,-0.11937764,-0.078363456,-0.19424564,0.17511441,0.112217836,-0.09829292,-0.06505551,-0.077869706,-0.0811149,-0.062222876,0.12748587,-0.042473674,0.014628458,-0.21081509,-0.20356311,-0.12917031,0.10842502,0.07052776,0.13712658,9.347061e-05,-0.17496683,0.16927491,-0.03740365,-0.08303597,-0.09806747,0.108665265,0.16384788,-0.13045804,-0.012034975,-0.09595045,-0.28938362,0.16490777,-0.15391053,-0.009052478,-0.011291149,0.10644467,0.10898739,-0.11759849,0.014725856,0.07388104,0.097439446,-0.077740386,0.079437025,-0.008537467,0.053744942,0.009738928,-0.060005974,-0.18776423,-0.28742853,-0.026085032,0.1438869,-0.06327999,0.06255031,0.017181931,-0.05608725,0.08667838,0.05392704,-0.10461584,-0.00065882347
TCGA-NJ-A4YF-01,-0.04947048,-0.08483468,0.026405238,-0.18173912,-0.3132818,-0.15883589,-0.08940005,0.21113834,-0.16417485,-0.03574803,0.0053001987,-0.20496128,-0.08796441,-0.04420376,-0.075310886,-0.21064179,0.2528216,-0.13262427,-0.092526734,-0.035444494,-0.10103193,-0.14172076,-0.11208701,-0.090128906,0.104644515,-0.012502306,0.009684458,-0.07666938,0.18339287,-0.06392419,0.07394257,0.17931667,-0.06375674,-0.10411643,-0.111134104,0.016194662,0.04575588,-0.18284664,-0.1373534,-0.016850894,-0.0062796623,0.1585679,0.19431134,-0.08016304,-0.025452284,-0.16809691,-0.048501484,0.015194788,0.107447185,0.24728435,0.09306316,0.04700469,-0.044193633,0.020334927,0.14333142,0.062379837,0.19892159,0.039686467,0.035947684,0.12080911,0.085362785,-0.08254885,-0.082673475,-0.2111262
TCGA-55-7994-01,0.07035331,0.1196923,0.12894943,-0.13492738,0.047254954,-0.18770547,-0.07512922,-0.05807405,-0.28859097,-0.15806165,-0.0077903722,-0.042152196,-0.002336911,-0.12046639,-0.066931434,-0.038138278,0.14011575,-0.07424655,-0.12924884,-0.09426001,-0.106387675,0.05788062,-0.24463244,0.10757443,0.14984208,0.01789088,0.017399667,-0.07991633,-0.080030195,-0.13621949,0.07258676,0.115226276,0.25632855,-0.07098862,-0.012493054,0.028591003,0.1860946,-0.094082676,0.021786004,0.14279012,0.111307345,0.10584818,0.05017638,0.022745907,0.049677487,-0.2157085,-0.16986825,-0.009592192,0.08848436,0.06189299,0.14284825,0.31812203,-0.13266799,-0.014872516,0.0021109676,0.13491634,-0.042956844,0.11903797,0.32857138,-0.09333554,0.08286784,-0.0010944137,-0.09754055,-0.0076355613
TCGA-05-4424-01,-0.054141235,-0.25278935,-0.027033843,-0.08635518,0.08014485,-0.032258365,-0.04991686,0.0013778162,0.11118406,0.20545475,-0.08082482,-0.2797764,-0.16647121,-0.019041756,-0.07847331,0.15119861,-0.25518116,-0.06421004,-0.24742757,-0.23886976,-0.0418501,0.056907877,0.14697535,0.0050113173,-0.03074169,-0.10391465,-0.04309613,0.01232483,0.07922991,-0.012809904,0.08422781,0.13111916,-0.15757701,-0.10281138,-0.097244225,-0.019718966,-0.15252054,-0.22173718,-0.23939261,-0.014514257,0.0038573365,0.043438975,-0.16032629,-0.074120894,0.06968672,0.1418936,-0.019916711,0.057005897,0.039541237,-0.032908056,-0.16492864,-0.17938885,-0.04240271,0.069430605,0.007641465,0.06956561,0.10514353,-0.027232734,-0.079630025,-0.042555805,0.050441455,0.12700754,-0.06939883,-0.32559478
TCGA-MP-A4T2-01,-0.00031721662,-0.09111359,-0.017126149,-0.27206185,-0.09263717,-0.081177585,-0.008228169,-0.15617347,-0.1508489,0.027434168,-0.013261021,-0.057907503,-0.07778523,0.080960594,-0.15385735,-0.045808773,-0.037906945,-0.09157705,-0.41773105,-0.34332272,-0.02022204,-0.02123684,-0.092756584,-0.045690633,-0.010055072,0.05888263,-0.22855729,-0.014300318,-0.033441678,0.02942131,0.024226941,0.024112754,-0.07042644,-0.0082827415,0.02610452,0.026957234,-0.04455159,-0.09558518,-0.06401605,0.023190593,-0.0071239723,-0.01785897,-0.09715031,0.042697463,0.08082804,-0.18391041,-0.03599112,-0.14582285,0.09544141,0.15628558,0.11319175,0.052241195,-0.12589304,-0.16144098,-0.0084744,0.23274876,-0.07516255,0.042411312,0.02147976,-0.16819361,0.09947966,0.14854732,-0.14212878,-0.33030742
TCGA-MP-A4T8-01,0.0627778,0.07265085,0.022725502,-0.22911417,-0.17755708,-0.16830203,-0.016304852,-0.17027853,-0.15147911,-0.004711485,0.028224606,-0.25950852,0.11484316,-0.024173087,-0.14202112,0.05727721,0.09886091,-0.2106891,-0.38277918,-0.16025366,-0.029195886,-0.0010689979,-0.07847718,0.11620267,0.17392366,-0.0007614051,-0.09718299,-0.107388295,-0.16301896,-0.06253058,-0.03429663,-0.031011691,0.054782927,-0.14709091,0.061525445,0.037612546,0.036256146,-0.13769963,0.00944385,0.15176024,-0.025855852,0.1211657,-0.019582372,-0.0040017716,0.015706144,-0.10795338,-0.014218293,-0.031378325,0.09996029,0.029290719,0.009531175,0.10377123,-0.16917343,-0.17755945,0.056486,0.22228877,0.044377424,0.022360018,0.12563466,-0.009305569,0.14256506,-0.109927,-0.16972303,-0.2711303
TCGA-55-7281-01,0.0075933347,0.31430128,0.22386721,0.031542312,0.32577267,-0.046470683,-0.062841974,-0.013851462,0.0771531,-0.20241255,-0.07940986,-0.09347818,-0.007880848,-0.26410362,-0.06799781,-0.10096588,0.13176201,-0.030498875,0.07280397,0.026727365,-0.12458397,0.07826733,0.091229275,-0.031654317,-0.1387678,0.053506456,0.092246994,-0.010779448,0.052445725,-0.088313,0.07151876,0.048803907,0.30940497,-0.008721125,-0.0039422167,0.05968668,0.09802654,0.07728777,-0.07830027,0.17787232,0.18168005,0.045488812,-0.1406542,0.053110164,0.1394343,-0.017572535,-0.041559916,0.21336395,0.13215825,0.0227851,0.1398019,0.007794591,-0.14362504,0.17634875,0.06270679,0.121143766,-0.08802305,0.22387694,0.18449827,-0.016511722,0.087623455,0.04064191,-0.0013886389,-0.009514228
TCGA-44-2666-01,-0.042681135,0.24029674,0.0572249,-0.055251744,-0.028478287,-0.03836424,-0.014777196,-0.21365786,0.112875976,-0.22565807,0.03918766,-0.019346867,0.16379696,-0.031587377,-0.014862242,0.034582384,-0.057533205,-0.17841081,-0.103232495,0.060651172,-0.10260556,-0.00804639,0.10574115,0.1692263,-0.27486885,0.09381702,0.091224186,-0.22009893,-0.11340367,0.00356121,-0.018760381,-0.12257177,0.19703636,0.03150684,0.19547577,-0.073872015,-0.06985949,-0.12389698,0.031595368,0.13168569,0.019366506,0.054816313,-0.06207993,0.0488291,-0.041760817,-0.03641914,-0.18928029,-0.027583128,0.1236835,-0.07629856,0.44087085,-0.18307157,-0.055287313,0.17205952,0.04787211,0.07827435,0.054378077,0.13207126,0.13544407,0.09817378,0.071484014,-0.046107613,-0.038457587,0.058098875
TCGA-78-7152-01,-0.016655857,-0.09318167,0.031200424,-0.09608955,0.24509613,-0.050617523,-0.07086993,-0.24239996,-0.29213136,0.051104892,-0.01608674,0.09491945,-0.06517206,-0.009504575,-0.07680923,0.16678372,-0.10739398,-0.1009382,-0.15982969,-0.07802383,-0.074050464,-0.24879806,0.0020892771,0.15909556,0.09370964,-0.022939043,0.08932637,-0.054954514,-0.18315288,-0.128264,0.01891334,0.06840658,-0.11637911,-0.14436613,0.016548362,0.16561106,-0.082309134,-0.093870774,-0.20489302,0.10964045,0.040145203,0.09518708,-0.18438545,0.00064004614,0.06077966,-0.08973853,-0.22100486,0.08309513,0.035083253,-0.21407998,-0.15543254,0.020899367,-0.16496764,0.22063138,-0.0060494123,0.10266079,0.035098724,0.102821864,0.087822735,-0.12192827,0.08727944,0.04996312,-0.15270413,-0.16722754
TCGA-91-6848-01,0.03127035,0.014516276,0.021480057,-0.070711814,0.16574095,-0.10428511,0.0051929667,-0.06912409,0.016565826,0.09440179,-0.046988185,-0.15190464,-0.09318787,-0.15491225,-0.1790897,0.20998167,-0.18757552,-0.1255672,-0.46828416,-0.2658928,-0.036868535,0.09549712,0.039555546,0.087073766,0.04708002,0.021472245,0.008409642,0.0957973,-0.088134654,-0.06832321,0.011506008,0.0073265517,0.08716446,0.027823526,-0.07655038,0.10900745,0.06435572,-0.07017492,-0.1356606,0.15073179,0.03303814,0.016603053,-0.2273644,-0.0036864488,0.12078649,0.05250552,-0.032147758,-0.012594633,0.14313628,-0.113940865,0.005841246,-0.09833135,-0.08042571,0.11801346,0.0034024534,0.24297172,0.032422144,0.094535954,0.1171049,-0.17252213,0.086783126,0.09140838,-0.1427136,-0.24802381
TCGA-67-6215-01,0.050902396,0.13138302,0.09476068,-0.026056021,0.3908648,-0.07055425,0.03418051,0.055437643,-0.1269258,-0.16839373,-0.060117498,0.18818013,0.013278742,-0.16259158,-0.10468859,0.0054217447,0.04022451,0.0105667375,-0.15734869,-0.16434301,-0.0786227,-0.121611916,0.05453434,0.07289357,-0.1535676,0.11727481,0.11804865,0.124690615,-0.077713996,-0.029998718,-0.048069295,-0.1802477,0.08110878,0.15452187,-0.009259164,0.13120893,0.013152814,0.10402478,-0.024505053,0.00634664,0.1101521,-0.01356585,-0.11902604,0.04644655,0.12900235,0.0074052275,-0.11875623,0.031648148,0.17395678,-0.116115466,0.2972359,-0.07670637,-0.14760391,0.22550644,0.003962435,0.17754775,-0.031410843,0.21212623,0.14291291,-0.067348294,0.07494939,0.23012543,-0.06664397,-0.011595895
TCGA-86-7953-01,0.0854078,-0.07609048,0.093818285,-0.016980506,0.32011408,-0.08217984,0.05757975,0.15668412,0.2882128,-0.106298864,-0.055440698,-0.12521175,0.002246242,-0.2239083,-0.06547901,0.07452675,-0.22974965,0.054881394,-0.083936684,-0.27306858,-0.12923913,-0.15295714,0.0948675,0.0541574,0.086610086,0.033513457,0.154811,0.13024735,0.08077287,-0.07990912,0.029022377,-0.07361077,0.18831606,0.15208437,-0.031031348,-0.04751049,0.026779141,-0.0648402,-0.06442446,0.027461233,0.08266171,0.007891237,-0.07654273,0.12025955,0.12029618,0.054579373,0.10687446,0.08404619,0.16475987,0.032887664,0.2850503,-0.020226942,-0.1918212,-0.08766924,-0.009276235,0.099328026,-0.03293692,0.13674352,0.16279863,0.11299336,0.06416768,0.20801035,-0.061770204,0.009877125
TCGA-71-8520-01,-0.43319327,-0.07367316,0.049440473,-0.097440556,-0.052988753,-0.09117808,-0.06520072,0.19566146,-0.03291603,-0.29000634,0.01214391,-0.09170327,0.028043553,-0.034637652,-0.101738885,-0.2726872,-0.098138206,-0.017907985,0.07933927,-0.13459302,-0.061864164,0.044727962,-0.050076153,-0.17340963,0.08365278,-0.028775476,-0.19781446,0.031314526,0.181918,0.049919188,0.07248578,-0.111147515,0.13596648,-0.012297006,-0.09546178,-0.03886536,0.055303246,0.010928408,-0.015006731,0.097645186,0.018964356,0.018370254,0.092951775,-0.043162167,0.035984155,-0.29435882,0.075332485,-0.03644923,0.16864818,0.13601878,0.18146603,0.23713863,-0.0072509814,-0.16890907,0.12598133,-0.06624011,0.016526349,0.026261609,0.1865365,0.09929278,0.06949077,-0.0014298292,-0.02856008,-0.04922855
TCGA-64-5781-01,0.016609805,-0.067771845,0.079190135,-0.26083297,-0.09705505,-0.16392344,-0.05346297,0.06743186,-0.26332647,-0.08464652,0.11284801,-0.104966685,-0.028865615,0.028333014,-0.014697208,0.102862336,-0.12871486,-0.0781474,-0.11002615,-0.11945044,-0.19836861,-0.13261323,-0.12964268,0.124488495,0.028533982,-0.017370192,-0.10264771,-0.15531337,-0.13477103,-0.07341386,0.23279364,0.12737353,0.03901872,-0.12364238,0.0019093417,-0.12479553,-0.10601889,-0.26402238,-0.25461257,0.0023506223,-0.07685459,0.15174735,0.046229728,0.102944404,-0.05773608,-0.1355707,-0.1950659,0.01261572,0.017635144,-0.053547613,0.09572063,0.29637253,-0.12793754,-0.20200793,0.034009196,0.018921055,0.09277555,-0.03939817,0.120928,0.09550081,0.06625759,-0.007370129,-0.066017635,-0.12276644
TCGA-05-4384-01,-0.14958131,-0.026849251,0.016742827,-0.02490491,0.13962519,-0.033818703,0.069953755,-0.20983726,-0.010407164,-0.14599667,0.05609577,-0.1520944,0.2116976,0.030843941,-0.05088905,0.07560283,-0.2047865,-0.15115961,-0.08107333,-0.028179307,-0.05680006,-0.38130575,0.1869282,0.20262621,0.037736833,0.02980314,-0.020805247,-0.08239737,-0.22121675,-0.08533859,-0.082198575,-0.2596961,-0.22856486,-0.061719008,0.07656307,0.1144736,-0.19319753,-0.018697115,0.056499343,0.03698203,-0.058826193,0.09038164,-0.18168965,0.110300355,0.0065474305,0.12136189,0.0022917695,4.4802495e-05,0.13146904,-0.23300517,0.037351634,-0.13372989,-0.096523054,0.14961004,0.010722472,0.107804164,0.080415845,0.06363356,0.03271184,0.10592888,0.06780306,-0.008664931,-0.124951385,0.04146822
TCGA-MP-A4TE-01,-0.08102621,-0.24941288,0.000919894,-0.1995606,0.0010689136,-0.12932892,-0.029358163,-0.111694,-0.20454933,0.08997076,-0.017505217,-0.1911616,-0.050546765,-0.07670184,-0.13539179,0.08802999,-0.06980877,-0.10373456,-0.31861138,-0.3865108,-0.04626433,-0.064856604,-0.14281939,0.028418273,0.1821189,-0.053904638,-0.06675679,0.07285056,-0.14702594,-0.02950975,0.06526,0.04898789,-0.05315278,-0.0897179,-0.03424673,0.09506796,-0.08593156,-0.20493892,-0.13277116,0.09106356,-0.02125603,0.09930456,-0.01621527,0.06362463,0.077550404,-0.059558075,0.00054192747,-0.049392827,0.075822905,0.017734386,-0.082270026,0.12354191,-0.13363084,-0.11657006,-0.015379313,0.18767859,0.0081592295,0.02679962,0.048262153,-0.11137994,0.08662188,0.13409783,-0.14837776,-0.29987696
TCGA-93-7348-01,0.055475283,0.015830174,0.14318472,0.00043226418,0.3266453,-0.12173508,0.012883152,0.17195791,-0.009952276,-0.23004913,-0.030461233,-0.10228594,0.18679348,-0.18280369,-0.02208374,-0.061347555,-0.07384435,0.025472308,-0.12641953,-0.30509728,-0.04984177,-0.0666557,0.017822986,-0.029836662,-0.09633129,0.08914293,0.12565129,0.060076047,0.016833873,0.011864773,-0.19598754,-0.22186993,0.14272353,0.1220458,-0.054437567,-0.053939834,0.024028951,-0.0034154598,0.070570454,-0.055066094,0.09147714,0.051928606,-0.027185205,0.17626731,0.124279566,0.04935879,0.025193766,-0.00067654095,0.16314965,0.006448062,0.29837132,0.091051385,-0.15203473,-0.20706525,-0.0032920018,0.11023228,-0.07494406,0.1356434,0.1982919,-0.050533388,0.06450332,0.21195419,-0.047995802,-0.09706374
TCGA-44-6145-01,-0.062462986,-0.1782695,0.13680373,-0.02072488,-0.18844204,-0.091608874,-0.11136584,0.18991962,0.10272632,-0.28374285,-0.1324053,-0.12378766,-0.017615786,-0.06238323,-0.11522099,-0.14077078,-0.042004008,-0.039137594,-0.009511032,-0.12951909,-0.09858705,-0.04660309,0.13028803,-0.04889232,0.015804738,-0.0552641,-0.057775214,-0.1061915,0.23234895,-0.08528899,-0.04838287,-0.095940866,-0.06701855,-0.04675248,-0.018621681,-0.08627098,-0.10454666,-0.05451051,0.1345507,-0.03202712,0.113005966,0.07560115,0.09301665,-0.15589283,0.099469684,-0.108558685,-0.053608958,0.17062365,0.20576149,0.3267295,0.21109916,-0.06471973,-0.18264024,0.008473252,0.1358466,0.05232431,0.08615414,0.23434378,0.12849115,0.15805551,0.12412585,0.030849872,-0.084464796,-0.13059045
TCGA-69-7761-01,-0.23625836,-0.17105785,0.09535504,-0.12076779,-0.10534206,-0.058087923,-0.05009619,-0.022108007,-0.043480504,-0.25803623,-0.05364703,-0.1190666,0.012488412,-0.053833853,-0.03234602,-0.014242763,-0.25649846,-0.06882433,-0.11447693,-0.19259514,-0.10818043,-0.26657066,0.036410097,0.09737656,-0.086642124,0.04052462,0.10176139,-0.18369941,0.09143094,-0.059565853,-0.023367492,0.00038060613,-0.24805997,-0.077095196,0.069002055,-0.073584296,-0.23655204,-0.20925727,-0.02983661,0.06366258,0.0033332976,0.10267435,0.029247118,0.14287546,0.12321615,0.024895325,-0.07093581,0.105898164,0.1270229,0.07524672,0.21843135,0.08573632,-0.15127882,-0.1468215,0.028642021,0.047055256,0.015194265,0.22055256,0.09097058,0.16735606,0.06386278,0.04744794,-0.089626,-0.18404636
TCGA-50-5045-01,0.22827844,-0.017303739,0.054624837,0.012933698,0.31965762,-0.0074193757,0.031999737,-0.28741768,0.22392064,0.0416468,-0.024037395,-0.09566517,0.17220826,-0.0091027655,-0.044842474,0.04418684,-0.07610724,-0.092800826,-0.11929529,-0.06487888,-0.033518057,-0.17041735,0.27858567,0.14624782,-0.05264296,-0.06875244,0.22827268,-0.013291996,-0.083437786,-0.035041936,-0.12437836,-0.15758063,-0.08992271,0.013748204,0.12566444,0.044120505,0.005692854,-0.044680677,-0.03604275,-0.012202227,0.0052122306,0.03453778,-0.3133284,-0.021579321,0.0036397276,0.18221599,0.0070193666,0.044577148,0.11080231,-0.1769228,0.03517519,-0.34902048,-0.100031435,0.09231334,-0.008660872,0.117769405,0.044102907,0.062136084,-0.025916466,-0.0054294816,0.049878523,0.118564576,-0.0727676,0.030412816
TCGA-49-4488-01,0.007368709,-0.09235058,0.029063143,-0.22792767,-0.071477845,-0.0965417,-0.0761885,-0.102922514,-0.004001841,0.09293642,-0.019209687,-0.081106216,-0.10876959,0.020661315,-0.12341262,-0.023878261,-0.11837273,-0.040041566,-0.19860774,-0.18274452,-0.1000966,0.07821948,-0.03416069,-0.027748711,0.1729109,-0.12143911,-0.14138146,0.006883282,0.10980743,-0.06771837,0.14901033,0.14618982,0.19174498,-0.08183196,-0.066554345,-0.09162065,0.17661117,-0.1375456,-0.2053446,0.071402356,0.07457683,0.057101928,-0.10517523,-0.056012787,0.040229157,-0.3453281,-0.018826647,-0.050974753,0.058721785,0.13160855,-0.031682465,0.25712684,-0.14726211,-0.34346163,0.0563604,0.036672257,-0.03467066,-0.08675317,0.13294777,-0.09528573,0.12044141,0.021322988,-0.1040657,-0.19714117
TCGA-55-8208-01,0.3106161,0.009909476,0.19220039,-0.04108245,0.11948705,-0.14107023,-0.10244967,0.23752485,-0.12284057,-0.012621094,-0.045467447,0.0055996734,-0.041966252,-0.22822739,-0.046016928,0.067097954,0.109202094,-0.14124376,-0.008245177,-0.07967683,-0.112227805,-0.009910304,0.12859015,-0.07482808,-0.14882836,-0.033716563,-0.020378059,-0.055182476,-0.090387344,-0.048377357,-0.046986144,0.02991942,0.08998686,-0.16383865,0.07392518,0.10195823,-0.17706908,-0.048140973,-0.14343688,-0.030262265,0.016664175,0.12020263,0.012644421,0.023569021,0.10911815,0.23677753,-0.18882613,0.16398135,0.16842183,-0.15836756,-0.02482656,-0.19807108,-0.24068141,0.16777892,0.07193513,0.09827963,0.039184753,0.2231558,0.025595501,0.010247183,0.09540692,0.13558365,-0.10750615,-0.18745916
TCGA-44-7667-01,-0.17263377,-0.03839218,-0.02018458,-0.099241644,-0.25230885,-0.0950007,-0.12293466,-0.2802775,-0.12229286,-0.13398615,-0.10426242,-0.053442683,0.044659905,0.05823115,-0.11329866,-0.27593446,0.40446866,-0.04149954,-0.08077115,-0.121715754,-0.042219162,0.096565045,-0.1177777,0.01459002,0.18585664,-0.15682624,-0.04026999,0.053773977,-0.010709814,-0.070034474,0.062136598,-0.15353286,0.0061354456,-0.042586934,-0.018414373,-0.00013073088,0.13650788,-0.14375107,0.1691382,0.06516666,0.06766277,0.095230006,0.17421257,-0.17552753,0.09558127,-0.13083607,0.029259028,-0.004170634,0.07286157,0.2090291,0.102296546,0.05552962,-0.07775759,-0.14334442,0.108840555,0.13756602,-0.034721617,0.046222907,0.037041496,0.05354462,0.11348545,-0.12499931,-0.044113837,-0.09456857
TCGA-73-7499-01,0.08611443,-0.15401812,0.10688559,-0.1783837,-0.13374947,-0.16555192,-0.11092389,-0.059092626,-0.23441719,-0.13109808,0.0133257825,-0.11130271,-0.023124158,0.02854387,-0.06704621,-0.069297895,0.0091518825,-0.06209336,-0.21168211,-0.34145316,-0.07827357,0.025520494,-0.22747666,0.009441129,0.082041204,-0.070958585,-0.15757945,-0.07193303,-0.06597391,-0.014248763,0.040249225,0.005392894,0.078861274,-0.08909245,0.06939724,-0.07405195,-0.06679646,-0.23132737,0.02849932,0.045002274,0.038758323,0.07350422,0.07822809,0.068967514,0.043176036,-0.17421104,-0.15303451,-0.050659996,0.116153404,0.17291608,0.11756058,0.25825125,-0.17857622,-0.23188695,0.0020730416,0.13561699,-0.07943608,0.07907208,0.15655737,-0.095505625,0.074881636,0.08006561,-0.10384658,-0.19758207
TCGA-55-8206-01,0.15745185,0.012633166,0.17806002,-0.046144202,0.2939563,-0.06677426,0.0015803397,-0.14594395,0.19762298,-0.06992508,-0.090962395,-0.07259415,-0.035392426,-0.16674058,-0.15896359,0.09852017,-0.196452,-0.06312181,-0.2165644,-0.23745883,-0.081511766,0.06689313,0.18099514,0.047061697,0.028889958,-0.022789082,-0.039856836,0.08398083,-0.09698243,-0.12819187,0.04323958,-0.044381984,0.22329667,-0.014691503,0.06768748,0.06931352,0.06278771,0.06407349,-0.004656018,0.16704544,0.14221948,-0.025210237,-0.26289868,0.047143355,0.1584366,0.011909609,0.0035505411,0.070698604,0.18154393,0.008197273,0.035729095,-0.07977539,-0.2042825,0.01546099,-0.01087571,0.20892571,-0.13262723,0.18181884,0.13267417,-0.1191262,0.086062774,0.14024203,-0.14601836,-0.027554696
TCGA-69-7980-01,-0.06186361,-0.13205293,-0.05624662,-0.15381774,-0.12350016,-0.1686291,-0.07524571,0.2585933,-0.2274706,0.008140519,-0.03252066,0.035322174,-0.16632494,-0.07107252,-0.11072116,-0.14453626,0.10159199,-0.04615628,0.02202594,-0.063447945,-0.12863296,-0.17317337,-0.14969179,-0.019252101,0.26188716,-0.0966237,-0.19780377,0.027737362,0.1699353,-0.079751715,0.25058,0.043252185,0.08679664,0.0020809332,-0.100244,0.053451817,0.052373663,-0.11342166,-0.13729446,-0.05628012,-0.01012886,0.08661126,0.16013928,-0.18359248,-0.017125066,-0.2914996,-0.15654646,-0.040228873,0.12995985,0.055240773,0.10601657,0.17494883,-0.07100954,0.19847639,0.09302547,-0.066657566,0.13916543,0.047972478,0.045664176,0.086071335,0.12842324,0.02874624,-0.06861506,-0.052882854
TCGA-44-A47B-01,0.10860804,-0.12147987,0.23402372,-0.033758044,0.27709985,-0.088681035,-0.017663376,0.27562025,0.054315437,-0.19890007,-0.088428244,-0.067986,-0.03239621,-0.18495229,-0.05805817,0.013248379,-0.18018898,-0.07687703,0.09921324,-0.13919963,-0.117187366,0.10668711,0.26879013,-0.09650209,-0.18372448,-0.073659614,-0.10213428,0.04792483,0.076884545,-0.051348742,0.012262569,-0.0053299665,0.31034538,-0.11625268,0.06455749,0.098949894,-0.19572237,0.012361608,-0.122431085,-0.03876619,0.06517153,0.03349771,-0.08363517,-0.08265686,0.04863186,0.03792502,-0.026985815,0.15551206,0.20209001,0.042857785,0.051996224,-0.070203155,-0.16927867,0.0089187445,0.095015,0.034554273,0.026603483,0.14881903,0.07549469,0.0725806,0.055585496,0.23713388,-0.06288478,-0.12219213
TCGA-17-Z062-01,-0.0038809918,-0.121168256,-0.14478666,-0.11140942,-0.097842544,-0.025356391,0.06899876,0.082792595,-0.34987304,0.20374358,0.053900234,0.13135679,-0.009021277,0.1034043,0.0037302186,0.006786388,0.3057575,0.07098543,0.037711143,-0.11030465,0.02231249,0.10010854,-0.22063471,-0.14274715,0.17382802,-0.051151436,-0.23400243,0.11377689,-0.09002369,0.042702153,0.01833729,-0.021075599,0.17899658,0.04631914,0.04004604,0.14156833,0.107192606,-0.051079527,0.078612894,-0.102237575,-0.08036909,-0.06992132,0.34049487,-0.086213335,-0.040600143,-0.06748697,0.09286207,-0.19689853,-0.034874752,-0.012223183,0.046768904,0.28383842,0.025012674,0.07690996,0.004963145,-0.038619675,-0.0879733,-0.15376385,-0.09220187,-0.024467077,0.01607204,0.06138791,0.070755474,-0.12522043
TCGA-17-Z057-01,-0.061380047,-0.0867773,-0.042324603,-0.13076511,0.07591841,-0.0596969,0.083508655,0.00888791,-0.37702927,0.14811158,0.051168755,0.1282886,0.036668338,-0.008645434,-0.0061213393,0.12118275,0.1685924,0.06083481,-0.012160007,-0.15535507,0.0046480247,0.20804285,-0.25232127,-0.14430052,-0.027555758,0.06047205,-0.26080292,0.06952369,-0.14900248,0.113547735,0.068686664,0.14216994,-0.028980691,0.01821955,0.02542377,0.13251106,0.045346703,0.02633411,0.07487568,-0.13515797,-0.06408163,-0.06827708,0.26915494,-0.027946893,-0.025532747,0.076022185,0.11229017,-0.21140762,-0.04826328,-0.026505832,0.0574766,0.37975857,0.051479876,0.001797972,0.024442364,-0.05692553,-0.05802003,-0.08474962,-0.18005644,-0.13578813,0.030382773,0.082085155,0.009376166,-0.121261105
TCGA-75-6214-01,0.0075133555,-0.117565036,0.04221894,-0.20340694,0.017356789,-0.06357745,-0.028226597,-0.06757325,0.08294438,0.08015692,-0.11374071,-0.059262834,-0.09926182,-0.008783474,-0.20290232,-0.03729359,-0.15152691,-0.09299896,-0.2865331,-0.27902016,-0.050360106,0.14961477,0.13670202,-0.09632157,0.033422463,-0.121942505,-0.2973551,0.1096792,0.039585456,0.014156842,0.120188646,-0.016324902,-0.027171085,-0.066097796,-0.06955712,0.03169375,0.02626765,0.011138034,-0.13361806,-0.0026193697,0.08483423,-0.011876163,-0.22646305,-0.1569309,0.104828,-0.18508181,0.021519905,-0.069641754,0.076985575,0.07499224,-0.13977127,-0.03576052,-0.14893995,-0.28520945,0.05613113,0.10595202,-0.028546471,-0.00050272467,-0.0643257,-0.17389609,0.11715829,0.11260348,-0.17171857,-0.26241687
TCGA-69-8453-01,-0.18776427,-0.011729438,0.04023385,-0.07866511,-0.10512476,-0.03645489,-0.042250138,-0.09113676,0.08118027,-0.28599408,-0.023444002,-0.05853473,0.050783485,-0.01118849,-0.065941125,-0.021562649,-0.06867663,-0.16855511,0.095186844,0.20540465,-0.10450773,-0.17280579,0.15824482,0.17266981,-0.1399613,0.0038883635,0.11606649,-0.20134154,0.04332767,-0.07860378,0.10214055,-0.0020265672,-0.22123627,-0.07715575,0.1380485,-0.008101333,-0.13038489,-0.09342354,0.013284656,0.082075015,-0.047029015,0.08217765,-0.048180122,-0.061325174,-0.06606051,-0.004417785,-0.098658726,0.10435666,0.11584572,0.040333744,0.2772122,-0.2306949,0.009213582,0.155223,0.11075615,0.030698491,0.2239768,0.12888616,0.019747764,0.3448439,0.07017411,-0.08858856,-0.09314601,0.15992191
TCGA-55-8507-01,-0.05155856,0.15912896,0.085245214,-0.18704884,-0.13272546,-0.17690083,-0.015258607,-0.036918335,-0.20500308,-0.27327606,0.036655564,-0.07749985,0.009836684,-0.06634541,-0.100159846,-0.11379615,0.25421658,-0.10389414,-0.02626581,0.042779382,-0.13215758,0.1358919,-0.12375675,0.14263661,0.12244247,-0.07382311,-0.07872482,-0.031363606,-0.14092544,-0.10960694,0.16121258,0.02546176,0.15802127,-0.08419414,0.038157664,0.01241718,0.16104314,-0.028254857,0.1192739,0.1634834,0.052565657,0.09088235,0.15176809,-0.094085,-0.04636717,-0.1612343,-0.05526642,0.017412728,0.124190934,0.09231089,0.22881185,0.18930522,-0.06272807,-0.008995397,0.07959982,0.1491384,0.054514747,0.082561955,0.2830841,0.16395919,0.070294335,-0.09580224,-0.09692717,0.17673694
TCGA-44-A47G-01,0.026651798,0.18423301,0.05587086,-0.0561786,0.16926108,0.004809128,0.007622299,-0.17466149,-0.011454369,-0.17084827,0.0067281434,0.11982781,0.23040624,0.10262485,-0.06526534,-0.07852536,0.1121553,-0.13332243,0.0037992713,0.14543551,-0.035939742,-0.17276347,0.23790333,0.060594458,-0.22635974,0.09354107,0.012928564,-0.10346856,-0.124440946,0.013398596,-0.19950144,-0.2605309,0.06900368,-0.035832457,0.210651,0.06873682,-0.14778762,0.09289242,-0.013064242,-0.01886353,0.020616712,0.0572919,-0.16018072,-0.04714588,-0.029291807,-0.13610929,-0.1132371,0.015415937,0.10819596,-0.074496076,0.29897118,-0.29075262,-0.1271492,0.13506654,0.10473975,0.11198733,0.07171049,0.09087429,0.07161966,0.068200134,0.11148612,0.024175128,-0.09291221,0.028870257
TCGA-17-Z056-01,-0.022091256,-0.11769508,-0.14762872,-0.10144415,-0.093708545,-0.017955186,0.06887815,0.07154602,-0.33842286,0.21518935,0.03783565,0.15307805,-0.025131175,0.104156874,-0.00029829706,0.013489427,0.3056262,0.08347213,0.039662767,-0.09457286,0.034370475,0.10836067,-0.20696932,-0.15353298,0.1748961,-0.05049933,-0.23099202,0.11709028,-0.068954624,0.038841967,0.0078032436,-0.016914792,0.17755009,0.04755484,0.03235373,0.13230927,0.12063308,-0.02799173,0.09143376,-0.09742233,-0.06862551,-0.0765906,0.34659573,-0.09091117,-0.020159755,-0.06959229,0.09607093,-0.19368704,-0.031919558,-0.0014187405,0.045027956,0.28283805,0.032038298,0.09117106,0.012155696,-0.040081862,-0.098691486,-0.15276383,-0.10280084,-0.035582416,0.021632444,0.05016732,0.06828339,-0.13045658
TCGA-55-8094-01,0.08284733,-0.25252992,0.122966245,-0.1901055,-0.08058691,-0.118251055,-0.066112004,-0.008064474,0.22539857,-0.043284517,-0.07082374,-0.119443454,-0.17423275,-0.20076066,-0.115675315,0.014045175,-0.0058637015,-0.124306455,-0.11100275,-0.15530466,-0.16612062,0.03740821,0.21049504,-0.04740152,-0.017267104,-0.07977036,0.15212342,0.02872415,0.078683555,-0.11222123,0.1935728,0.17765439,0.13530251,-0.12381309,0.066188455,0.0057234303,0.073624134,-0.12322652,-0.17127876,0.096972406,0.065287955,0.04519325,0.018940847,-0.035501096,0.10614328,-0.0027685585,-0.02063019,0.11566619,0.16847569,0.20365782,0.119520135,-0.28683293,-0.17597921,-0.032755584,0.07630545,0.122992344,0.0824559,0.103658475,0.025364367,0.18733418,0.049281176,0.06713702,-0.19120759,-0.06694785
TCGA-55-A492-01,-0.07472187,0.22158827,0.043033127,-0.06815344,-0.12022804,-0.1551479,-0.04462267,0.17362393,-0.18238184,-0.23664984,0.019547347,-0.08830667,-0.008834921,-0.10869178,-0.0753033,-0.10320855,0.22269516,-0.07865086,-0.00093741785,0.060866024,-0.13976978,-0.11377847,-0.16522323,0.07406521,0.1603044,0.07898991,-0.060365878,-0.104055606,-0.035794448,-0.114785425,0.045436677,-0.010950863,0.14087556,0.0033726003,-0.08596102,0.00086015067,0.10752129,-0.015978364,0.09738333,0.17306507,0.03904945,0.09699404,0.19050579,-0.009567506,0.014134368,-0.14864448,-0.103127226,0.08164291,0.14101455,0.064900585,0.27262092,0.09497488,-0.09753307,0.28889984,0.061095607,0.1426016,0.030880036,0.18738279,0.28495002,0.15119311,0.097713545,-0.10349593,-0.04508522,0.048861127
TCGA-05-5423-01,-0.085188314,-0.18848768,-0.021510193,0.0009636494,0.15007223,-0.038324434,0.065532304,-0.14363633,0.14511405,0.11763182,-0.046320375,-0.15984073,-0.09043455,-0.07614862,-0.20277731,0.13096413,-0.3265368,-0.08808229,-0.31561825,-0.2808115,-0.01833961,-0.105369836,0.13720632,0.11853527,0.23563543,-0.08771334,0.04528873,0.19416691,-0.048581947,-0.096950054,0.004071706,-0.116978064,0.016521964,0.04580673,-0.011817707,0.15432356,0.028126244,-0.061025485,-0.064777605,0.1673754,0.0036278474,-0.016909814,-0.23220527,-0.03754093,0.07769686,0.007116902,0.10375788,-0.01821351,0.17347078,-0.08136809,-0.07359903,-0.12471209,-0.039570846,0.1647072,-0.014221588,0.18590897,0.029309422,0.06545889,0.058545947,-0.0791568,0.044500973,0.1059192,-0.123141855,-0.08480231
TCGA-78-7161-01,-0.19937246,-0.17482524,0.021814339,-0.08790593,-0.021478215,-0.045015518,-0.018584741,0.027232086,0.12913108,0.022143418,-0.10005778,-0.25167143,-0.08069098,-0.0034979125,-0.14562468,0.09581502,-0.21594352,-0.060776472,-0.26708522,-0.24327467,-0.04050726,-0.05215328,0.0062365085,-0.065144174,-0.0075935195,0.057202116,-0.19594762,0.0090420935,0.0064169834,-0.036565833,0.012557786,0.12187747,-0.30599996,-0.046824,-0.17608587,0.017190985,-0.2222939,-0.0863219,-0.118708275,0.04039093,0.0055794893,0.056320976,-0.16994123,0.070467226,0.14612469,0.08470938,0.13048638,0.047675986,0.041281786,0.10858965,-0.09281679,-0.08044379,-0.053166468,-0.08648096,0.06903609,0.1647041,0.016086547,0.10100536,-0.06425234,-0.09063976,0.10168378,0.05037023,-0.09711997,-0.37723914
TCGA-67-6216-01,-0.062883034,0.21342002,0.07542843,0.067251824,0.17349567,-0.056120165,-0.07001394,-0.12052672,0.044141248,-0.2662515,-0.00529382,0.06779282,0.13511276,-0.06874455,-0.02157718,0.066233136,-0.2156247,-0.08933437,-0.1045851,0.04486067,-0.14543918,-0.038125597,0.13887678,0.17408349,-0.16910031,0.11601899,0.11209195,-0.18372346,-0.044513065,-0.061513085,-0.08356114,-0.19575237,0.19863433,0.03721243,0.031485472,-0.11260167,0.024525777,-0.052743968,0.05642047,0.08069063,0.07093839,0.073742256,-0.08891665,0.00590988,0.03334019,-0.087220035,-0.23414722,0.039137468,0.08568762,-0.094603665,0.40680304,-0.106813416,-0.112388425,0.18080656,0.06976199,0.041580092,0.037304096,0.18228902,0.2238894,0.01910172,0.10313022,-0.07930917,-0.062101457,0.034186628
TCGA-44-3398-01,0.05562001,0.1919154,0.11067061,-0.05315645,0.21009046,-0.1199707,0.003962957,0.005853102,-0.026414664,-0.2619973,0.052230816,-0.059072707,0.18524884,-0.122022964,0.038454473,0.057573214,-0.07794094,-0.09511418,-0.057443712,0.057099544,-0.107530825,-0.22532547,0.04350624,0.12809762,-0.19909124,0.19599624,0.21964738,-0.22754017,0.051844615,-0.04670642,-0.14186841,-0.03587463,-0.019904675,-0.08365628,0.15206975,-0.062331278,-0.06259591,-0.049055766,-0.016605634,-0.020803673,0.017718399,0.12488394,-0.04100262,0.1962394,0.02616247,0.08603994,-0.10177207,0.059809577,0.09543486,-0.045369692,0.36737218,0.0432758,-0.18882398,-0.1810766,0.101300046,0.018465824,0.073192365,0.13774666,0.15883999,0.16543296,0.10022913,-0.031690218,-0.12193529,-0.0270863
TCGA-MP-A4T7-01,0.107847296,-0.20979583,-0.0050681615,-0.10087446,0.18876918,-0.026674166,1.0533701e-05,-0.075778335,0.18819606,0.23451954,-0.09350245,-0.14249088,-0.0812321,-0.017867856,-0.10015544,0.10600143,-0.3115864,-0.077935375,-0.22791027,-0.21481414,-0.006366779,0.037579853,0.20111674,0.013960276,-0.0789456,-0.095063515,0.027560614,0.030619698,0.116324484,0.012617676,-0.028124506,0.10111899,-0.20165566,-0.052262872,-0.054144543,-0.01971595,-0.006583899,-0.08212941,-0.22197321,-0.07821153,0.012513668,0.034905918,-0.34315127,-0.098177895,0.044660307,0.07199025,0.032157887,0.014371686,0.03490893,-0.07488708,-0.16855426,-0.1747411,-0.06911236,-0.14550877,-0.0053637316,0.043179892,0.06617476,-0.009882452,-0.037504703,-0.12627447,0.07210445,0.20636746,-0.111613125,-0.19399415
TCGA-55-6968-01,-0.04427007,0.0021839896,-0.0073585915,-0.23707537,-0.335999,-0.04386795,-0.04712792,-0.2802371,0.09482995,-0.07879971,-0.02252697,-0.23257793,-0.09318969,0.05458336,-0.099996105,-0.20566653,0.10598332,-0.116892904,-0.12936448,-0.022747226,-0.049488686,-0.09852416,0.012251248,0.04870549,0.13933226,-0.046583753,-0.043439876,-0.14482246,0.16391557,-0.07998646,0.17376424,0.15133825,-0.06314699,-0.10358626,0.09597996,-0.06851262,0.025094124,-0.17056502,0.013227355,0.08008293,0.0066315606,0.061616484,0.05809709,-0.06703299,0.016569264,-0.21729659,0.042090647,0.0039334367,0.07599355,0.3616522,0.19830635,-0.037762694,-0.09880832,-0.07309647,0.06023256,0.13777214,0.048756488,0.043256264,-0.012636701,0.19868638,0.09226384,-0.124655515,-0.10674454,-0.067208156
TCGA-53-A4EZ-01,-0.12101694,-0.1425077,-0.03510861,-0.15196131,-0.08495412,-0.10646054,0.034736317,0.14941536,0.0056748213,0.05194868,-0.044055738,-0.12783049,-0.055287424,-0.10985406,-0.16228932,-0.15151593,0.23063688,-0.08955192,0.014180713,-0.12535009,-0.090066396,-0.21922415,0.03761511,-0.13799536,0.35238278,-0.06620135,-0.14213027,0.16419612,0.07336716,-0.10595132,0.14625658,-0.071844205,0.2928688,-0.022273341,-0.02181336,0.20579277,0.060293198,-0.02525891,-0.116384655,0.10875925,-0.052042108,0.046614055,0.12300905,-0.078131445,0.009256266,-0.17859562,0.11357871,-0.021382052,0.21050446,0.14240578,0.045979425,-0.050662223,-0.122979574,0.19118376,0.103103265,0.112899974,0.050761905,0.03655189,0.022148173,0.16536023,0.108274624,0.09523862,-0.061519075,-0.09861428
TCGA-49-4510-01,-0.12807348,-0.042354625,0.026380342,-0.20948207,0.16146107,-0.010887159,0.034372743,-0.3339852,-0.09340741,0.04752587,-0.090136655,-0.026157286,0.04855839,0.086556494,-0.17078164,-0.21705371,0.059802447,-0.08558233,-0.23967186,-0.2436892,0.018108245,0.11332082,0.10741579,-0.061786063,-0.12425599,-0.0956518,-0.17223367,0.11974219,-0.011322341,0.06064951,0.05480594,-0.054806955,-0.15131441,-0.014635546,-0.023851298,0.13171397,0.09037923,0.09483532,-0.07259468,-0.04119227,0.10169216,-0.0133767575,-0.30486006,-0.16892721,0.053974252,-0.20941806,0.051298045,-0.1338209,0.056464374,0.06726422,-0.08194578,0.018545954,-0.03766178,-0.12722847,0.008917043,0.14818743,-0.048071638,-0.010260526,-0.04346415,-0.2541076,0.09110307,0.17925341,-0.10809546,-0.13363905
TCGA-55-1594-01,0.14085776,-0.26991642,0.12674215,-0.13407178,0.083779156,-0.096780404,-0.10708327,-0.03599342,-0.14202605,0.086217575,-0.100312,0.027222434,-0.18543684,0.03437374,-0.1386521,-0.042764813,-0.07391639,-0.033855017,-0.052209243,-0.28102642,-0.097085744,0.18192434,0.023905452,-0.024255915,0.04966657,-0.2593578,-0.24131873,0.08767719,-0.0049824025,-0.044680253,0.17305484,0.06769063,0.07013064,-0.12253263,0.009726123,0.0061928756,-0.017418614,-0.07736289,-0.1376168,0.02816659,0.14263101,0.013492127,-0.13870572,-0.2032275,0.031623065,-0.21755923,-0.1905432,0.040205516,0.11840426,0.070338845,-0.2115348,0.14337255,-0.14410888,-0.006444034,0.01119896,0.047305964,-0.07613165,0.055507783,0.07813968,-0.21615681,0.06862818,0.2016648,-0.09380115,-0.09030391
TCGA-83-5908-01,0.017577626,0.052594833,0.08644676,-0.18576509,-0.0037391596,-0.18090807,-0.07308422,-0.08240561,-0.25054112,-0.26816532,0.033231787,0.10485338,0.026903484,-0.02208426,-0.00041396078,-0.07014309,0.027743822,-0.020055648,-0.015957851,-0.008973876,-0.160379,-0.005047106,-0.15330838,0.20579715,-0.17044331,0.011482906,0.16932325,-0.20763597,0.018071562,-0.02396115,0.11885844,0.07445156,-0.23818581,-0.06995419,0.043804776,-0.2060994,0.11548276,-0.095727384,0.030527657,-0.06019745,0.04669135,0.12322136,0.026375312,-0.014930779,-0.018497607,-0.06393432,-0.24127863,0.03511747,0.018400675,0.024323955,0.30542475,0.23666352,-0.071885034,-0.25437376,0.06425682,-0.05410336,0.08363571,0.10413156,0.18830684,0.103308946,0.063695125,-0.03602445,-0.11176966,0.13527389
TCGA-97-7547-01,-0.2060193,-0.14833914,0.12968591,-0.13415818,0.31782746,-0.06995979,-0.030509377,0.094044305,-0.06187373,-0.053290997,-0.08352035,-0.009914737,-0.043768894,-0.06350739,-0.1374477,-0.021087022,-0.23265576,0.061326697,-0.12752077,-0.2786294,-0.052258544,0.053335227,0.13141875,-0.14363445,-0.08333185,-0.037573416,-0.21456455,0.18964325,0.0002144465,0.0482826,0.06702137,-0.015485656,-0.14404628,-0.06202543,-0.18595898,-0.030159524,-0.079907574,0.10488501,-0.17582887,-0.033387523,0.09147992,0.011299519,-0.15064661,0.055610415,0.14265925,-0.08090905,0.06294298,-0.057431772,0.049661633,-0.011925505,-0.11683391,0.15768448,-0.092583224,-0.33214888,0.059508003,0.043547977,-0.05334031,-0.023410242,-0.09742361,-0.16190523,0.06722033,0.16738248,-0.10784982,-0.16332181
TCGA-75-7025-01,0.07985227,-0.057930384,0.09860659,-0.10947062,-0.023050604,-0.0877173,-0.13452433,-0.25097057,-0.024859926,-0.09055621,-0.11882215,-0.03352698,-0.11418026,0.09899689,-0.13963047,-0.0080324095,-0.10579768,-0.054869037,-0.1841849,-0.06290967,-0.14257635,-0.02073876,0.03848031,0.24888408,-0.14240336,-0.08107678,0.11021463,-0.18293685,0.13066866,-0.13113499,0.03737677,0.14751269,-0.2880573,-0.07026388,0.004947555,-0.097146034,0.0031141865,-0.2018172,-0.051848248,0.015562039,0.15362322,0.10088633,-0.24106628,-0.20715436,0.046634745,-0.11881674,-0.18851885,0.20311636,0.06937476,0.12860416,0.09155156,-0.00010446767,-0.11632768,0.041562412,0.10230315,0.1035397,0.07318791,0.17994635,0.13004312,-0.045926657,0.1421972,0.0044374485,-0.08300137,-0.16621436
TCGA-38-7271-01,0.16453749,-0.1081273,0.0030306755,-0.06827162,0.40932518,-0.022561383,0.016687136,-0.22408971,-0.10993396,0.09429007,0.0046819104,0.06576133,0.0806345,0.06383406,-0.014903774,0.042189695,-0.112065166,-0.050149594,-0.14246155,-0.13173684,-0.026129887,-0.27226162,0.18854645,0.110779285,-0.11287811,0.014355088,0.18311058,-0.048730247,-0.016192188,-0.0010790031,-0.1494281,-0.11396595,-0.16627023,-0.009234095,0.100934,0.10401958,-0.041284606,-0.034538284,-0.16663907,-0.110785685,0.01353819,0.025273014,-0.32074967,-0.02326518,-0.0034979624,0.018024456,-0.16910496,0.027017439,0.0740819,-0.2096313,-0.029343791,-0.14872272,-0.13767473,0.11420835,-0.029877022,0.048795007,0.04433609,0.04113904,0.04052991,-0.13393545,0.055995915,0.23812617,-0.09501224,-0.122274354
TCGA-50-5068-01,-0.06671907,-0.15445401,0.001776539,-0.30295083,-0.069408335,-0.092326805,0.015396397,-0.36593625,-0.1988179,-0.040460818,0.0032114484,-0.13825026,0.027417585,0.1000029,-0.10038099,-0.147692,0.12751894,-0.07580035,-0.23465115,-0.29163107,-0.043647226,-0.026916392,-0.12459186,0.07526493,0.04420391,-0.084127516,-0.08190786,0.015250525,-0.07040941,-0.010656516,0.16059503,0.00020917015,-0.025671938,-0.04472449,0.12326666,0.048719063,-0.0049352986,-0.19018291,-0.06404863,0.0155387875,-0.021776488,0.06281528,-0.0605934,-0.0075604413,-0.016077843,-0.18863927,0.0090398155,-0.113931574,0.07761059,0.18469368,0.103038356,0.23199576,-0.073742196,-0.29784146,0.01590621,0.16313843,-0.028182358,-0.04464241,0.028481342,-0.042515542,0.070409685,0.11989163,-0.076053225,-0.15097362
TCGA-64-1678-01,0.11122694,-0.35634372,0.13123752,-0.23377465,-0.03231015,-0.15159531,-0.02852861,0.16979672,-0.21632332,0.015896417,-0.018237112,-0.06500232,-0.057622116,-0.12940691,-0.07293802,0.072037496,-0.06239688,-0.12128996,-0.043533374,-0.26419434,-0.0911058,0.021644464,0.1436083,-0.09231619,-0.041413516,-0.12742364,-0.13413095,0.011898571,-0.05956102,-0.0016619394,0.07449597,0.047965765,0.04660768,-0.2617346,0.13475673,0.07927209,-0.2249964,-0.080561094,-0.1734588,-0.092886195,-0.04260773,0.09326848,0.11038322,-0.05371779,0.0075323866,0.016755508,-0.08176216,0.032633275,0.14443517,0.06437961,-0.09271918,0.011259893,-0.21676679,-0.15220928,0.04954053,0.031885788,0.09817007,0.037973445,-0.037340846,0.09204011,0.060945496,0.22103128,-0.17933837,-0.19891952
TCGA-17-Z015-01,-0.015748749,-0.12223501,-0.14643556,-0.10653134,-0.098679364,-0.021040248,0.066252634,0.08306296,-0.34129077,0.20599125,0.046642825,0.14847231,-0.022846546,0.11159419,0.00020109453,0.00566754,0.2968565,0.081066914,0.040833592,-0.10251045,0.02810291,0.10919786,-0.21164377,-0.14973792,0.17250454,-0.05062019,-0.24082962,0.11639549,-0.07448336,0.04130727,0.012903143,-0.025476646,0.17796536,0.045091115,0.03791731,0.13060418,0.110774234,-0.03717195,0.085045,-0.10175263,-0.07412463,-0.07698689,0.34283105,-0.09134846,-0.027800942,-0.07528848,0.09402512,-0.19502117,-0.030825948,-0.00573446,0.044438507,0.2883088,0.028978284,0.072613,0.010379305,-0.042399477,-0.09692383,-0.15578203,-0.09515775,-0.028297717,0.018827735,0.053918626,0.06789926,-0.12701504
TCGA-78-7149-01,0.07246911,-0.28980413,0.0049810642,-0.1640798,-0.09806144,-0.07375079,-0.08205161,-0.1300895,-0.02970971,0.12924182,-0.10247858,-0.01573879,-0.055478577,0.010348628,-0.15792994,0.008333229,-0.048804548,-0.09494193,-0.320371,-0.31433836,-0.018363243,-0.046402168,0.11517836,-0.017283833,0.08164919,-0.16963354,-0.089372374,0.04875007,-0.04831027,0.018860186,-0.068595834,-0.06681566,-0.2572596,-0.13371116,0.03133686,0.04424534,-0.09803498,-0.12300203,-0.060011968,-0.0239803,0.060832944,0.04860921,-0.07244757,-0.12140133,0.13607116,-0.02067492,-0.042959232,-0.005964789,0.098382615,0.004655243,-0.15209699,-0.16172378,-0.22706692,-0.16397288,0.024225673,0.1285775,0.021431962,0.07146846,-0.061125696,-0.084271625,0.11752549,0.10234668,-0.19999209,-0.32244965
TCGA-67-3771-01,0.12668496,0.2019719,0.113861345,-0.07304766,0.08577296,-0.14491156,-0.04641946,0.1326514,0.018438019,-0.21045752,-0.037265606,-0.16003585,-0.013614776,-0.1504221,-0.051964406,-0.19166736,0.2695994,-0.06722261,-0.051764555,-0.039499592,-0.10027898,-0.11957732,-0.05913384,-0.03832752,-0.022192681,0.1892936,0.05863296,-0.091568746,0.19962183,-0.11619933,0.031258523,0.024673251,0.21195376,-0.013822778,0.039680783,0.02626085,0.12391662,0.012334773,0.016734503,0.02952734,0.11142792,0.057624467,0.078211956,0.070864856,0.08691631,-0.055920232,-0.044127457,0.07045777,0.18550916,0.2838309,0.37106752,-0.03489992,-0.16418025,0.11598103,0.08542617,0.13168857,-0.0017259229,0.18791845,0.16296868,0.09197385,0.11555497,0.023270693,-0.09476073,-0.09152382
TCGA-05-4415-01,-0.29796866,0.021981038,-0.04338881,-0.15757677,-0.10241028,0.033232454,-0.07753392,-0.222092,0.0760408,-0.003939701,-0.091305815,-0.25761676,-0.06266931,0.06527289,-0.12169673,-0.29527795,-0.017167244,-0.10225999,-0.2172713,-0.07380963,0.014027338,-0.04596227,0.12478162,-0.029954545,-0.003059909,-0.05739266,-0.005958066,-0.112935,0.31124005,0.025194693,0.06028264,0.039504454,-0.24334075,-0.070462026,-0.055049222,-0.0033366738,0.042685237,-0.117408104,-0.10806285,0.05137703,0.10097526,0.027468031,-0.16712461,-0.18437618,0.08048477,-0.28176332,0.000459393,0.024055662,0.047239825,0.20080401,0.018476615,-0.059116293,-0.038426045,-0.0023402702,0.06107461,0.064318284,0.09780618,0.03516958,0.003475711,0.008971316,0.10872291,-0.075970404,-0.10050207,-0.27318522
TCGA-MN-A4N4-01,0.030360509,0.23788847,-0.007221367,-0.17442125,-0.23451553,-0.07173435,-0.10772756,-0.27180177,-0.102112174,-0.02495703,-0.01714456,0.016544852,-0.09488885,0.10297051,-0.088265195,-0.14207068,0.23912841,-0.011658245,-0.15960933,0.053174768,-0.08443185,0.036962733,-0.15163663,0.08425503,0.16654356,-0.010439534,-0.08542273,-0.12617843,-0.019074067,-0.11802195,0.11222065,0.14064693,0.09386473,0.0103297345,-0.100443706,-0.15783384,0.26385933,-0.08529582,0.046570193,0.16657501,0.08712816,0.05634314,0.0450615,-0.026729727,0.08102843,-0.31769672,-0.12859866,-0.020474927,0.0029876127,0.14927742,0.14608788,0.15301503,-0.072903395,0.017180115,0.011633222,0.16517954,-0.13282563,0.045855332,0.16691197,-0.06716292,0.10045104,-0.18322806,-0.01653625,-0.020567479
TCGA-69-7765-01,-0.35579917,-0.0714317,0.16372223,-0.06391785,0.07382642,-0.05518935,-0.050571367,0.12341304,0.12195812,-0.24658759,-0.06856689,-0.27845085,0.055077884,-0.15331104,-0.08472388,0.050702814,-0.2550388,-0.08685421,-0.09670416,-0.14036256,-0.09970424,-0.10574573,0.16973408,-0.022690685,0.22463372,-0.038727142,-0.03770493,-0.025204575,-0.066787384,-0.14912146,0.073833875,-0.045021966,0.0687263,-0.1601834,-0.17140187,-0.035844643,-0.10019853,-0.031408083,-0.08210608,0.22596048,0.06363288,0.12117553,0.025054026,0.066395596,0.15449654,-0.05511331,0.064499214,0.13161744,0.11882384,0.032467764,-0.032180745,0.016939992,-0.15038079,-0.09585109,0.07567484,0.0950598,0.04010382,0.12324715,0.12308487,0.16633046,0.065344796,-0.09137175,-0.13747162,-0.14290927
TCGA-NJ-A4YQ-01,0.24789633,0.18919073,0.1249575,-0.10242022,-0.033625335,-0.18041144,-0.09687658,0.14884128,-0.025398707,-0.18965182,0.026374193,-0.06911594,0.07204277,-0.12757419,-0.032036316,-0.06015175,0.12173354,-0.04482396,-0.19267379,-0.09892674,-0.11220289,-0.01117697,-0.09146302,0.03791278,0.03577335,0.082121626,0.11628548,-0.122855835,0.08315138,-0.057709895,-0.06683631,-0.044917222,0.16402581,-0.015352852,0.037026446,-0.17577349,0.16739781,-0.13154522,0.041610997,-0.0056684264,0.07527968,0.080368996,0.12556972,0.094744936,0.09922738,-0.049397215,-0.10195895,0.010918029,0.10622176,0.09363585,0.36517516,0.10522008,-0.24568109,-0.3002014,0.058677156,0.10753042,0.004612211,0.10860793,0.22268006,0.0944391,0.103189,-0.06284345,-0.12954871,-0.076033376
TCGA-91-6840-01,0.08150673,0.18898919,0.032867324,-0.21722536,-0.2608777,-0.14523976,-0.06868665,-0.12558109,-0.12416419,-0.12858997,0.005786765,0.012617187,-0.033224363,-0.042563092,-0.08556446,-0.1565285,0.35032937,-0.09356693,-0.09983112,0.13691106,-0.11978582,0.08319782,-0.04487167,0.07814544,0.01923645,-0.011010349,0.071863726,-0.0965356,-0.009493051,-0.08640487,0.11825128,0.17143391,-0.0844029,-0.059857454,-0.01959918,-0.13104321,0.25990495,-0.038010493,0.08988812,0.037181582,0.039140835,0.11332355,0.20587678,-0.094188675,0.05083436,-0.093747266,-0.07228457,-7.431793e-05,0.041324414,0.15710445,0.3031039,-0.012097578,-0.06963321,-0.06242488,0.0777365,0.15496872,0.06295464,0.06907036,0.10175061,0.18297878,0.09746881,-0.20085731,-0.11318769,0.12638779
TCGA-38-4628-01,0.19164507,0.05540199,0.03202096,-0.2445345,0.08872324,-0.056711156,0.042159334,-0.50598294,0.1094444,0.06911882,0.008923562,-0.12004638,0.047244336,-0.028721655,-0.027045555,-0.11601481,0.06322133,-0.097486354,-0.19127513,-0.09067446,-0.038271118,0.08071213,0.04410479,0.08463253,-0.09790584,-0.06919401,0.16109352,-0.10857456,0.12709945,0.02789057,0.18954581,0.21078192,-0.10370651,-0.03524546,0.1639223,-0.041157458,0.24721186,-0.07291428,-0.06636318,-0.0535795,0.025525447,0.032111503,-0.2344173,-0.078544244,-0.014696134,-0.035667498,0.011387745,-0.078257,0.010006057,0.1369287,0.14269343,0.052158326,-0.08415365,-0.31478104,-0.0010056952,0.05248317,0.0043186056,-0.022225942,-0.035564534,-0.030630313,0.06921165,0.034210388,-0.110114984,0.02711451
TCGA-05-4390-01,-0.022814,0.01304101,0.0883415,-0.10894136,0.024775933,-0.100144535,-0.12875101,-0.16607668,0.030400664,0.017767236,-0.03267241,-0.30987862,-0.092459805,-0.103767164,-0.11644617,-0.0026575665,-0.16450642,-0.13547263,-0.24741721,-0.2141496,-0.06561153,0.10719177,-0.10157085,0.012826491,0.12933877,-0.07759318,-0.09313132,-0.08882909,0.108077556,-0.051472146,0.12633207,0.18548085,0.07834011,-0.14527926,-0.031714093,-0.0004014536,0.050257802,-0.18375376,-0.17167157,0.1800312,0.105812185,0.08573485,-0.19929211,-0.028382035,0.077474914,-0.19031109,-0.050178226,0.06745606,0.06213757,0.103434674,-0.12520793,0.18113692,-0.12658463,-0.12127382,0.045023162,0.07394183,-0.0021547005,0.06936447,0.12676248,-0.16126871,0.12208188,-0.049323995,-0.13036487,-0.3058909
TCGA-05-4398-01,0.037290517,0.13229017,0.09161468,-0.09812232,-0.12005163,-0.111201875,-0.17736612,-0.06723042,0.054082394,0.017087582,-0.13965967,-0.056014646,-0.18754691,-0.06716489,-0.19476348,-0.11454524,0.08652775,-0.15604982,-0.2412322,-0.060204793,-0.021476232,0.44069985,0.038896546,-0.048011564,-0.024067156,-0.10985692,-0.10284844,-0.008536053,0.10928846,-0.053889528,0.15369567,0.09744442,0.14041157,-0.14822622,-0.079871036,-0.03280969,0.24752891,-0.04729499,-0.046434864,0.12892398,0.13022727,0.01636667,-0.095193766,-0.22408184,0.118503384,-0.14174663,-0.11475005,-0.010503752,0.077932715,0.12692541,-0.054708973,-0.1245734,-0.043276798,-0.049911242,0.09281327,0.10428974,0.031320024,0.059492104,0.0546114,-0.151122,0.114050485,-0.10200192,-0.1400976,-0.16445433
TCGA-17-Z025-01,-0.028848795,-0.0844832,-0.09533256,-0.15040548,0.015396082,-0.033559367,0.108346894,0.05936196,-0.3621504,0.1742768,0.058704987,0.07319632,0.049982052,0.046433453,0.009262316,0.049745463,0.24871397,0.053406887,-0.0031835248,-0.15692963,0.026437517,0.14361098,-0.22556537,-0.16131201,0.038487203,0.0256614,-0.28382918,0.08970346,-0.13706167,0.10775192,0.065668024,0.052771967,0.034185857,0.031516578,0.029306548,0.14794366,0.048595857,-0.0022101481,0.08160694,-0.14728518,-0.10515828,-0.07707598,0.30453423,-0.025547707,-0.051338255,0.057551883,0.13732997,-0.23747563,-0.06425405,-0.017836567,0.06321389,0.2968631,0.04366323,0.015942117,-0.009075628,-0.029408632,-0.0796248,-0.13465641,-0.20638405,-0.060504325,0.008308722,0.102677934,0.05146509,-0.13946462
TCGA-55-6982-01,0.25055858,-0.10165464,0.15448329,-0.22056843,-0.10141184,-0.1582643,-0.12946945,-0.054925445,-0.24185832,-0.06774243,-0.021304835,0.029215083,0.030893508,0.022620434,-0.011642527,-0.07939004,0.06632675,-0.015790597,-0.07034501,-0.1621024,-0.10898845,0.13077487,-0.076133564,-0.010398806,-0.11418978,-0.111171596,-0.053876646,-0.15018699,-0.0036589704,-0.0048938245,0.0010346916,0.11151666,-0.020926192,-0.15050872,0.015645748,-0.2203939,0.06939085,-0.11415027,-0.01729154,-0.09969385,0.07703934,0.13131773,0.021697536,-7.715112e-05,0.023202566,-0.16016275,-0.1908757,-0.005185635,0.023667729,0.14380737,0.041496623,0.27792895,-0.1827341,-0.46403962,0.038879026,0.022048613,-0.07389415,0.014808816,0.11354222,-0.1007282,0.08331771,0.05901531,-0.088472314,-0.09316955
TCGA-55-8511-01,0.20293508,-0.005444586,0.23419099,-0.051660806,0.15407063,-0.16123632,-0.084494516,0.27215248,0.052017663,-0.19507508,-0.08888329,-0.18152079,0.012703283,-0.23467268,-0.06075188,-0.02574006,-0.025545854,-0.11767103,-0.04814775,-0.2164762,-0.08231863,0.13884062,0.1449081,-0.12943673,-0.13497308,-0.0038253367,-0.13066836,-0.024049653,0.07514707,-0.041967176,0.015386262,-0.052998956,0.3097507,-0.13358657,0.07737403,0.044891633,-0.11333929,-0.014564677,-0.041402727,-0.0063043637,0.078166135,0.0580334,-0.023944315,0.011327846,0.10074901,0.09635818,-0.08342725,0.11733421,0.21695104,0.10848085,0.093570106,-0.074453995,-0.20607504,-0.06897727,0.085368834,0.076094426,-0.0034357752,0.18973552,0.081315875,0.019810539,0.10596723,0.14832906,-0.11433769,-0.21356122
TCGA-55-A4DG-01,0.05471932,-0.017425325,0.004588022,-0.20118377,-0.26937917,-0.11485771,-0.02847473,0.07919781,-0.12845132,-0.13242577,0.025059933,0.0412837,-0.15520993,-0.0424936,-0.12431193,-0.14436571,0.24636352,-0.044852722,-0.118343174,-0.0048443577,-0.12419956,-0.20786396,-0.045896668,0.04586713,0.110318966,0.028615264,0.07796267,-0.007132844,0.049592942,-0.095264345,0.068140656,0.082101025,-0.03637445,0.0054022395,0.067049816,-0.027991,0.07388003,-0.06555239,0.031226667,0.06553923,0.0050794873,0.049318545,0.2401264,-0.024279725,0.05316419,-0.16187556,-0.052931678,0.01415131,0.16938984,0.22383702,0.39389881,-0.05447996,-0.12345856,0.15646808,0.053099547,0.21774882,0.08004876,0.12729475,0.12653862,0.27518344,0.06830634,-0.03434526,-0.1117169,0.09611898
TCGA-MP-A4TA-01,0.05406428,0.016347937,0.026390575,-0.043635923,0.07897567,-0.07301053,-0.12573752,0.011701849,0.023323914,0.03739881,-0.07352454,-0.124558434,-0.003469037,0.051527355,-0.019696774,0.009038549,-0.025015553,-0.091788925,-0.068831,0.10571269,-0.02706866,-0.21129753,-0.05348813,0.16785534,-0.09004151,0.039834302,0.18636982,-0.20099908,0.10815392,-0.081928454,-0.029429238,0.17043908,-0.58492196,-0.13245983,-0.1387686,-0.107690886,-0.04046249,-0.16739908,-0.15598811,-0.11543972,0.013912249,0.18730843,-0.1760121,0.025134128,0.070322715,0.18896794,-0.07759175,0.099535026,-0.06549648,-0.12790863,-0.028914519,-0.12994365,-0.056712467,-0.08280044,0.059606265,-0.011425383,0.1919621,0.050875787,-0.0346324,0.045481462,0.093344666,-0.0779894,-0.10541744,-0.06400103
TCGA-49-AAR0-01,0.16368683,0.17836757,0.038003743,-0.1826519,-0.16975716,-0.09175313,-0.0990986,-0.10219365,-0.0920277,0.045724336,-0.009475334,-0.13462433,-0.14036489,-0.015960725,-0.096872166,-0.06954816,0.109263636,-0.107859604,-0.27947518,0.07686849,-0.10011302,0.039345723,0.003152221,0.08180817,-0.1477664,0.057871934,0.12209038,-0.24915275,0.14126982,-0.0635865,-0.03864217,0.32291085,-0.1271022,-0.09466468,-0.036146194,-0.10494199,0.16040662,-0.10190516,-0.13075896,0.051432557,0.096076295,0.11059514,-0.10502526,-0.10730898,0.06802583,-0.16677153,-0.16083986,0.10018877,0.03109138,0.13087696,0.13616075,-0.05380424,-0.07973086,0.14628331,0.042636763,0.16738059,0.080063455,0.11645799,0.1961486,-0.036646727,0.11389171,-0.073924065,-0.08688136,-0.19949399
TCGA-55-8614-01,-0.050031435,0.09928116,0.03329,-0.11796607,-0.13811642,-0.17760395,-0.060458414,-0.039076068,-0.11717405,-0.26711324,0.010006663,-0.11908531,0.024183601,-0.14287601,-0.052313466,-0.11753242,0.17297885,-0.08362017,0.03301521,0.08680137,-0.14260353,0.0032525144,-0.11222871,0.17783968,0.089849055,-0.049291674,0.16520175,-0.14704707,0.04598757,-0.10898879,0.116409436,0.04161479,0.028406778,-0.061592408,0.07147701,-0.070076525,0.16701652,-0.12643002,0.10896677,0.10110452,0.006329836,0.1317034,0.16305913,-0.08669507,-0.014916149,-0.06754794,-0.08358389,0.074583925,0.11503836,0.098685,0.34795737,0.10268975,-0.060210224,0.032284733,0.070503294,0.0714115,0.13033456,0.12857665,0.26683548,0.2974572,0.08978895,-0.10872868,-0.07846681,0.20763586
TCGA-69-7760-01,0.2730805,-0.13901265,0.20862037,-0.04609938,0.20219475,-0.14516845,-0.07723906,0.21562648,-0.005700714,-0.10261153,-0.1326977,-0.03362243,-0.025542974,-0.2655073,-0.065156974,0.048181757,-0.0783349,-0.08437128,-0.026379336,-0.19926511,-0.12101554,0.09675553,0.23536268,-0.034574162,-0.20721367,-0.1118538,0.0065488378,0.0032524362,0.062200367,-0.027869735,-0.0105886515,-0.021327468,0.1483257,-0.1144683,0.065069854,0.0065466305,-0.14285614,-0.045786392,-0.061949357,-0.117746525,0.10320031,0.09994498,-0.0604355,-0.10950468,0.11696714,0.11451731,-0.15490085,0.1668093,0.18441069,0.013787424,0.06783579,-0.10617148,-0.23151264,-0.009267553,0.07649693,0.0388139,0.05615933,0.19987768,0.046647895,0.03968715,0.11817899,0.20007667,-0.11244077,-0.1579854
TCGA-69-A59K-01,0.09817647,-0.07064681,0.044742923,-0.083411165,-0.11121329,-0.20026626,-0.10715007,0.17926721,-0.21673922,-0.1192299,0.061123848,-0.07795913,0.0046841837,-0.14948013,-0.03774251,-0.08932982,0.08929015,-0.024659947,-0.17507271,-0.22836114,-0.08921559,-0.07722473,-0.23700939,-0.003987123,0.15617788,-0.018869666,0.164184,0.0018945708,0.09617987,0.0054506226,-0.08123056,-0.031239944,0.103736274,0.010647354,0.012286083,-0.07929598,0.10413689,-0.24043252,-0.015630292,-0.03875656,0.018834807,0.11979984,0.2106954,0.069627956,0.058772523,-0.12304185,-0.079398885,-0.025492592,0.10611868,0.094168395,0.2886407,0.21978651,-0.17167418,-0.26762322,0.03857161,0.080930986,0.08908502,0.059549995,0.2448249,0.07765901,0.08027203,0.011908305,-0.110070705,-0.11509464
TCGA-49-6767-01,-0.12655114,0.13159679,0.1048806,-0.08827419,0.093633495,0.008796622,-0.10423261,-0.37890136,0.10410168,-0.04830712,-0.0919872,-0.11499821,-0.07259399,-0.17224598,-0.12708655,-0.1569313,0.0404797,-0.055410832,-0.113168895,0.0274754,-0.0684204,0.24593674,0.2149687,-0.007328384,-0.08832741,-0.072720595,0.2055828,-0.077030525,0.13000816,-0.037818197,0.042105287,0.17959511,-0.06360014,-0.1653916,0.00090040686,-0.03990542,0.21004346,0.060492307,-0.11299673,0.17927517,0.122759715,0.056292824,-0.19861268,-0.1776955,0.19052128,-0.10307826,0.026194694,0.2133041,0.022567065,0.0943053,-0.044805977,-0.1011621,-0.10434736,-0.031795055,0.07728725,0.10755596,-0.019664012,0.15417096,0.13828294,-0.00844681,0.08478661,-0.08683258,-0.09786428,-0.062351104
TCGA-93-8067-01,0.061828073,-0.15176854,0.14441906,0.029984599,0.11153684,-0.1370228,-0.0380834,0.3510651,0.0434099,-0.13862093,-0.05678042,-0.123431765,-0.027310323,-0.23645487,-0.11393908,-0.004045393,-0.10727513,-0.07183534,-0.01631112,-0.28889477,-0.08582061,0.018315148,0.08034024,-0.11121275,0.036783148,-0.04069883,-0.03302236,0.12834254,0.0792284,-0.03141628,-0.090265244,-0.17229755,0.32999828,-0.025642589,0.09278608,0.11314832,-0.12561099,-0.07881555,-0.028646326,0.036905155,0.019297544,0.027655283,0.074593715,-0.0018239423,0.11389116,0.08335216,0.03622025,0.10535633,0.26616827,0.039502773,0.15446986,-0.060295425,-0.18706687,0.037427265,0.065192305,0.10713795,0.01909004,0.18129571,0.15974773,0.10076424,0.07247534,0.21066852,-0.08060575,-0.14977813
TCGA-05-4433-01,0.0049052117,-0.046980705,0.113278486,-0.20081463,-0.22616409,-0.10961691,-0.078790665,-0.22997674,-0.06477116,-0.12413743,-0.0013710051,-0.13312799,0.017664425,-0.006733395,-0.05916495,0.11429337,-0.12209382,-0.18607326,-0.15747306,-0.074471794,-0.14440048,-0.15712097,-0.024746452,0.19399829,0.021768983,-0.011372248,-0.014493186,-0.2921246,-0.11028089,-0.12775432,0.09630006,0.12467031,-0.15451904,-0.215796,0.14832748,-0.06047875,-0.15799512,-0.26424143,-0.035625752,0.12642476,-0.014545566,0.14229074,0.009584873,0.088960856,0.06928791,0.023174925,-0.15478162,0.08541854,0.071761824,0.0007849557,0.07327345,0.06717361,-0.22824666,-0.09975509,0.032142848,0.09583977,0.017040422,0.15622807,0.07097136,0.121069044,0.09620894,-0.091039166,-0.14694512,-0.14478269
TCGA-67-6217-01,0.13023447,0.14948098,0.21129903,-0.037974063,0.4090053,-0.111461066,-0.020927828,0.33519435,0.035708014,-0.10039145,-0.063064106,-0.02920192,-0.021357074,-0.27562985,-0.05697894,0.051278267,-0.110665046,-0.027838634,0.061990883,-0.070577405,-0.10791722,0.14122055,0.121176206,-0.124017544,-0.21570195,0.11483324,-0.068640485,0.028313594,0.09915172,-0.039500218,0.105399996,0.07308235,0.33578908,-0.023265705,-0.086910084,0.015978964,0.03267862,0.11381974,-0.20061165,-0.008264935,0.055340163,0.011252631,-0.16279517,0.10346883,0.085366935,0.04114909,-0.03814588,0.09319083,0.100565344,-0.046332005,0.06862544,0.053526618,-0.11322066,-0.047679685,0.050208777,0.008525345,-0.04495256,0.101900235,0.055342138,-0.062029373,0.07977966,0.19474456,-0.02816209,-0.10085165
TCGA-50-6591-01,0.038182802,-0.12704629,0.12961811,-0.23681234,-0.08881225,-0.07481431,-0.034278154,-0.29492846,-0.12884788,-0.14524524,-0.014780861,-0.079292715,-0.048972875,0.08643495,-0.08517865,-0.20960449,-0.022553593,-0.08189694,-0.09215776,-0.22780807,-0.034135215,0.123296,-0.037327517,0.059040185,-0.091545016,-0.10854611,-0.10944498,-0.061818905,0.10432149,0.0042996956,0.119786225,0.06888649,0.017292196,-0.14888121,0.2778908,0.01903561,-0.036291335,-0.105770364,0.0017100909,0.031440277,0.07000933,0.010695744,-0.09386686,-0.07061353,-0.0064623225,-0.22468615,-0.042884577,-0.0125935525,0.13923416,0.29473972,0.10507135,0.26159716,-0.10068694,-0.33243516,0.029375384,0.067914285,-0.06942315,0.054958247,0.1113457,-0.027036292,0.05100742,0.12158467,-0.102846436,-0.046209853
TCGA-35-4122-01,0.012293387,-0.28522906,0.05231156,-0.1501996,0.022771345,-0.07418896,-0.07175034,-0.100755975,-0.28226998,0.1349113,-0.062918946,0.017293816,-0.053346496,0.017695079,-0.13764939,-0.10120478,0.07423466,-0.055900645,-0.08841956,-0.2339732,-0.056455627,0.053874128,0.13827069,0.010264006,0.16102666,-0.3305503,-0.028960181,0.10960323,-0.035347328,0.0077509056,-0.011558773,-0.10990437,0.03338015,-0.12775217,0.06442966,0.07385983,0.04143488,-0.09322686,-0.11137343,0.01950005,0.13334806,0.060124703,-0.0085200975,-0.3169154,0.017233873,-0.28423157,-0.17219108,0.049129486,0.16007416,-0.02862234,-0.19662131,0.11166836,-0.15677267,0.05223342,0.015239099,0.04705169,0.060815662,0.005281921,0.15645121,-0.08559408,0.0670455,0.1576075,-0.120641574,-0.085336015
TCGA-05-5429-01,0.050345834,-0.10864771,0.029442573,-0.100691795,0.035600305,-0.03155314,-0.012553901,-0.09731285,0.06794521,0.053733066,-0.016090354,0.047490295,-0.16828163,-0.020951245,-0.15839952,0.20289403,-0.38274387,-0.061029572,-0.23727448,-0.058859512,-0.15706061,-0.24034469,0.25796303,0.18732545,0.14189303,-0.05221579,-0.12337078,0.014617752,-0.10017256,-0.18701112,0.1771296,0.05867645,-0.10092289,-0.021578612,-0.063702494,-0.024520962,-0.0313376,0.004540782,-0.13243479,0.09192093,0.073353,0.040453155,-0.22031936,-0.05468721,0.09419423,-0.15924156,-0.14233351,0.072322085,0.08269193,-0.11796064,-0.033180077,-0.0656939,-0.17315269,0.24506415,0.011288177,0.104201704,0.039351624,0.10113436,0.046488624,0.018277768,0.12006072,-0.057580296,-0.1595255,0.018699242
TCGA-78-7159-01,0.16932656,0.06708582,-0.010251605,-0.25876558,-0.24915585,-0.08932131,-0.045626566,-0.17436257,-0.092865005,-0.05028025,0.03627776,-0.10794123,0.008885424,0.13693343,-0.04918146,-0.19987358,0.15515096,-0.057519145,-0.33214733,-0.1813719,-0.059293546,-0.046510022,-0.09878349,0.025334438,-0.052843634,-0.011791612,-0.04243983,-0.13720228,0.052695006,0.04876352,-0.032281972,-0.0022389984,-0.14838308,0.018762527,0.07140081,-0.14558524,0.05826606,-0.21082966,0.0017081492,-0.08219189,0.012859388,0.049243867,0.005245363,0.010980911,0.01790575,-0.16612886,-0.07548599,-0.11621682,0.05721055,0.19494836,0.2825053,0.076457195,-0.13796033,-0.3365535,0.0171888,0.17052485,0.0029327343,0.00308909,0.07767535,-0.016434135,0.081837974,-0.007850116,-0.09703735,-0.176738
TCGA-78-7146-01,0.17178309,0.069386736,0.0781849,-0.2440835,0.00013609207,-0.12592936,-0.056120165,-0.08018986,-0.12198196,-0.026189713,0.031546187,-0.016011784,0.06000024,-0.02314291,-0.018055322,-0.022087606,-0.042477004,-0.038419314,-0.2130457,-0.13736373,-0.050658107,-0.017513026,-0.09103763,-0.009438744,-0.12587163,0.085526004,0.04893617,-0.18105543,0.05722774,0.03191531,-0.023489313,0.12656622,-0.15578015,-0.1065628,0.024014387,-0.18703175,0.07149942,-0.07127061,-0.08768962,-0.10708705,0.038341437,0.0956772,-0.060525265,0.16738237,0.0735556,-0.08910748,-0.075474374,-0.077454604,-0.0358611,0.083697565,0.12827761,0.2142811,-0.18735363,-0.578672,0.023445886,0.02316812,-0.030450946,-0.0133545725,0.05123426,-0.08223179,0.1018048,0.011747603,-0.16473061,-0.19254287
TCGA-75-5146-01,-0.081640854,-0.05599667,0.09974272,-0.15191223,-0.04813219,-0.047554895,-0.040392824,-0.17702362,0.10516845,-0.06463141,-0.011729568,-0.25901854,-0.022248326,-0.015110182,-0.07386224,0.10706329,-0.40099657,-0.10971891,-0.21607803,-0.1763668,-0.09308912,0.036295157,0.033037,0.06905638,-0.06884888,0.004451106,-0.12411136,-0.17985043,0.03431991,-0.05343722,0.08403079,0.20024112,-0.039093133,-0.11061908,0.016782647,-0.11581445,-0.1403156,-0.19396892,-0.13269067,0.10247211,0.004229385,0.08265889,-0.21233237,0.09318721,0.06537705,-0.06791622,0.01715411,0.08256543,0.01814109,0.079210855,-0.013299505,0.16439293,-0.08978365,-0.30107182,0.045042176,0.06212954,-0.04270317,0.08013867,0.071756475,-0.04234885,0.09884754,-0.018546388,-0.07393527,-0.30112746
TCGA-97-A4M5-01,-0.039146844,0.005818363,0.13946554,0.0013979411,0.005250218,-0.15440206,-0.029593313,0.10301614,-0.21690126,-0.3361715,0.019615613,-0.1983074,0.114504166,-0.12934476,-0.05635748,-0.020556042,-0.17365082,-0.1579332,-0.13502598,-0.059654787,-0.11020779,-0.15069027,0.075991295,0.17960364,-0.069068976,0.03434308,0.069341056,-0.15336482,0.03602472,-0.12385369,-0.14822447,-0.12669416,0.006819041,-0.035162803,0.007521614,0.027867602,-0.039751,-0.084707,0.14733401,0.046427473,0.058794215,0.1363143,0.003971255,0.011941177,0.02555354,-0.035004828,-0.13099255,0.091671005,0.23351626,0.039972913,0.28960174,0.13852417,-0.08822319,0.16647795,0.08463103,0.12247649,0.11331576,0.20416386,0.28023735,0.10484121,0.08127008,-0.057005506,-0.12426197,-0.033808403
TCGA-49-AAR2-01,-0.09306634,-0.055392053,0.06991231,-0.23004456,-0.13320982,-0.08804128,-0.014398889,-0.043510105,-0.07085639,-0.08578621,0.11228655,-0.19922991,-0.0063512838,-0.015397148,-0.032349795,0.118652344,-0.3211538,-0.08370949,-0.09229508,-0.07636785,-0.117436625,-0.10598339,-0.019881966,0.10562787,0.004968023,0.031378787,-0.05230444,-0.1808532,0.021900646,-0.057785247,0.11694143,0.19328918,0.009562023,-0.16699988,0.10958449,-0.12360842,-0.11719119,-0.1903996,-0.1921316,0.0915998,-0.07232141,0.11029773,-0.023647895,0.1600151,-0.008117265,-0.13734592,0.0026047432,0.05138304,0.013773597,0.02137586,0.07613575,0.33367103,-0.13570563,-0.37279344,0.03669924,0.0014950465,0.028638918,-0.02824443,0.13459845,0.15713064,0.07503746,-0.055367596,-0.08673883,-0.13244224
TCGA-55-6972-01,-0.2934479,-0.053999975,0.08215463,-0.17103909,-0.05847029,-0.019869564,-0.015794706,-0.2220709,-0.15332203,-0.20714413,0.036675815,-0.2661435,0.0958226,-0.03962457,-0.043616578,-0.20177825,-0.05883013,-0.14690748,0.0058853305,-0.047199484,-0.032026708,-0.19370052,0.034703434,0.071651705,0.029259996,-0.05296458,0.11548709,-0.18896453,0.16990738,-0.03709908,0.034023486,0.015204432,-0.050166,-0.16310494,0.22134647,0.103979014,-0.06966883,-0.12947953,-0.08967753,0.15290448,0.021499494,0.09813669,-0.056293767,-0.017424563,-0.02114528,-0.23613562,-0.015527853,0.10900404,0.13779736,0.13050456,0.09215849,0.27612966,-0.10117324,-0.09140426,0.055964444,0.00593846,0.08730335,0.092388704,0.19574943,0.17643827,0.057589747,-0.020129832,-0.097744115,-0.08852307
TCGA-95-7948-01,0.114341855,0.14201857,0.20902622,-0.1026383,0.21967557,-0.21027367,-0.08301388,0.14516011,-0.16071501,-0.14093891,-0.025691891,0.0042868196,-0.09520102,-0.37414995,-0.11301396,0.09247117,0.10582325,-0.11613037,-0.059493117,-0.0679142,-0.14592038,0.114098646,-0.025710924,-0.013873709,-0.040395096,0.05295729,0.08172353,0.019361867,-0.063621834,-0.11589957,0.1743751,0.14341068,0.22359523,-0.17548072,0.02674989,0.11560823,0.07271906,0.060197536,-0.17081688,0.12574296,0.07355327,0.10267088,0.0068892925,0.06030897,0.11403123,0.05873347,-0.14803575,0.11394119,0.12204723,-0.05313122,0.06449268,0.029167514,-0.22626978,0.06881692,0.06498181,0.112079605,0.050433777,0.2017686,0.14299913,0.021482088,0.10379145,0.062116314,-0.1815711,-0.020905506
TCGA-44-A47F-01,-0.09340486,-0.08969316,0.10328629,-0.08072686,0.091126874,-0.08934011,0.029182168,0.31247374,0.13087423,-0.16633366,-0.043337304,-0.12115443,-0.09217861,-0.07540937,-0.1672128,0.01060765,-0.21003541,0.012496481,-0.06143456,-0.24986696,-0.075233884,0.017848156,0.1039291,-0.11295194,0.08150664,0.025574528,-0.24269767,0.14288874,0.06645316,-0.048471693,0.042446245,-0.13743453,0.368595,0.009680607,0.0064963805,-0.025844889,-0.07057647,0.030970335,-0.008163608,0.13988717,0.005097201,-0.0634439,0.024058705,0.070959106,0.114099815,-0.098123364,0.115828596,0.024098434,0.24779564,0.15370907,0.2366865,0.037199635,-0.13917662,-0.036998753,0.061292317,0.16467632,-0.09383297,0.0642659,0.14975533,0.13118538,0.07517227,0.15716572,-0.045113437,-0.077561036
TCGA-17-Z053-01,-0.05454314,-0.09199295,-0.048450556,-0.13229601,0.07245865,-0.058814514,0.0865163,0.0099340305,-0.37508577,0.15103233,0.050285485,0.12960762,0.037022978,-0.004936544,-0.005832858,0.1126889,0.17740668,0.06257911,-0.010195589,-0.15671948,0.0058683115,0.20550786,-0.24979201,-0.14659892,-0.022011464,0.05302796,-0.26219636,0.074863434,-0.14413686,0.11552584,0.06778284,0.13471827,-0.032064565,0.021386094,0.028872602,0.1348048,0.04965887,0.027799636,0.07981432,-0.14195403,-0.064588815,-0.07076267,0.26990965,-0.035133258,-0.025658567,0.07393729,0.11440145,-0.21476777,-0.051410113,-0.027592158,0.059042227,0.37359053,0.047800843,-0.0012347869,0.021682892,-0.056481928,-0.061122112,-0.087085605,-0.18411788,-0.13092066,0.027508158,0.08343968,0.010311517,-0.115309976
TCGA-17-Z011-01,-0.056469128,-0.04450655,-0.036498617,-0.27809572,-0.052238647,-0.062198807,0.22052196,0.021458961,-0.07957661,-0.025115814,0.13916607,0.049681276,0.121956825,-0.007251736,-0.043474354,0.0050962316,0.23759745,-0.1094914,0.035504226,-0.042253714,-0.074263364,0.006912658,-0.04015809,-0.1365977,-0.1180978,0.11762584,-0.18343446,0.07797163,-0.21941403,0.09349962,0.1613263,0.1020741,0.06406979,0.06454804,0.16205573,0.18980025,0.023219788,0.050848793,0.03918855,-0.039829716,-0.18810253,-0.09352737,0.21738027,0.08469708,-0.122666806,0.10965629,0.21231928,-0.26287603,0.07570562,0.03079214,0.33520877,-0.06883514,0.07204341,0.06810267,0.029696913,0.096066736,0.021855365,-0.073471844,-0.16720243,0.17824844,-0.014086042,0.14032976,-0.03507199,0.09800871
TCGA-86-8673-01,0.21592087,0.15365952,0.14657308,-0.14066927,0.013914222,-0.17332344,-0.08247601,0.20705675,-0.036202483,-0.18781647,0.051981896,-0.09706328,0.031517748,-0.13343678,0.0012690467,-0.14814752,0.16001101,-0.022220166,-0.02193824,-0.061654665,-0.12950099,-0.052765504,-0.07569677,-0.099754006,0.005732198,0.11690642,0.026000941,-0.12810841,0.16044267,-0.03882587,0.027795408,0.036820162,0.32216212,-0.04977835,0.05759609,-0.13104829,0.1519042,-0.053979788,-0.07827014,-0.0075485352,0.032776017,0.06859164,0.096687414,0.15700501,0.040572315,-0.1450629,-0.0972276,0.009068858,0.115748234,0.18959872,0.33073592,0.14482346,-0.21588406,-0.24422857,0.054442797,0.04684082,-0.017254395,0.062730454,0.20155622,0.09740793,0.08887628,0.024369478,-0.07243512,-0.056686457
TCGA-64-5779-01,-0.13409929,-0.069432825,-0.08401789,-0.117036834,-0.14842659,-0.04031082,-0.08109852,0.08871438,0.09559575,0.12088945,0.0020516282,-0.15403888,-0.2695158,0.018341402,-0.095687665,-0.1311439,-0.105187796,0.0048968415,-0.06611786,-0.04030429,-0.11477979,-0.22841613,-0.08605286,-0.06995193,0.3058435,-0.05244094,-0.0838834,-0.028735219,0.30161682,-0.076998025,0.18938059,0.2266441,0.029785616,0.018247541,-0.1720631,-0.06805281,0.112252794,-0.16302952,-0.25402895,0.12900244,0.019071061,0.033200927,-0.010651082,-0.039043896,0.06500872,-0.3327644,-0.005023387,0.032859094,0.070376486,0.15753418,0.03765815,0.10951285,-0.05140024,0.13309126,0.04978927,0.005851139,0.027102001,-0.0067091994,0.08203205,0.057205465,0.08253951,-0.07894717,-0.025424905,-0.15167794
TCGA-99-8032-01,0.16094653,0.10964304,0.17269288,0.036107052,0.22115952,-0.09176684,-0.089859106,-0.067671634,0.28232443,-0.16645879,-0.06619983,-0.19872169,0.04257325,-0.23702028,-0.073299006,0.06912416,-0.104062006,-0.080847025,-0.12397567,-0.18061174,-0.07529511,0.036027826,0.051782787,0.02898741,0.023263417,0.06592918,0.092612885,-0.09392971,0.036647376,-0.10793616,0.0055783945,-0.06084772,0.23305708,-0.05425395,0.14121702,-0.029725838,0.004501932,-0.08334461,0.05996261,0.16174707,0.08430692,0.019774841,-0.12986447,0.15067038,0.19801009,0.16259418,0.005727169,0.15778057,0.13983227,0.036983434,0.17536004,-0.087163895,-0.25126803,-0.072552614,0.026610998,0.13896462,-0.109454274,0.23168887,0.12743713,0.038651895,0.11332434,0.016383108,-0.12336487,-0.12170722
TCGA-99-7458-01,0.04551281,0.14545846,0.060527474,0.04494244,0.18528368,-0.09847274,-0.14846508,0.040644538,0.12090735,-0.087617666,-0.024031335,-0.17563601,-0.025846008,-0.1487714,-0.027894035,0.011755033,-0.02086523,-0.05919425,-0.09437042,0.08797365,-0.04822808,-0.2034084,-0.12296329,0.079281114,0.011123093,0.123700224,0.32497278,-0.16628487,0.20713726,-0.07956967,-0.056168042,0.15908475,-0.32388774,-0.10762879,-0.055925775,-0.060472213,0.035856094,-0.14854792,-0.15805039,0.01623864,0.0075970576,0.13874538,-0.15977274,0.14181392,0.15884824,0.17031786,-0.0051256064,0.1463139,-0.016405351,-0.048860267,0.13584542,-0.0922695,-0.14526436,-0.1326049,0.103648886,0.038666055,0.16069578,0.12969789,0.06948691,0.11186817,0.10621358,-0.15292029,-0.14467853,-0.07232762
TCGA-62-A472-01,0.04946437,0.1408069,0.02606136,-0.14116317,-0.22184071,-0.09987061,-0.16075389,-0.24262567,-0.0007119566,-0.024882443,-0.074012,-0.13585539,-0.06533564,-0.07854602,-0.096312255,-0.18685,0.22374207,-0.11948864,-0.12170012,0.10771298,-0.071306944,0.23249331,0.041701484,0.08166907,0.0022119412,-0.106767036,0.17117211,-0.17139858,0.16762605,-0.06764081,0.10119518,0.1758843,-0.044311877,-0.11834129,-0.03922729,-0.14730717,0.2961224,-0.13348356,0.008733849,0.07175966,0.075478315,0.11443726,0.018215118,-0.23127115,0.07500286,-0.15552118,-0.10590082,0.08726854,0.009068145,0.1646643,0.11739257,-0.08464504,-0.05461948,-0.030378722,0.06651216,0.09811259,0.08707497,0.06835321,0.110823765,0.09417247,0.11074079,-0.1975732,-0.09697923,-0.02036743
TCGA-55-7725-01,0.08362506,0.07904514,0.15668133,0.034203283,0.31758875,-0.098443255,-0.0057478487,0.05855855,-0.040145863,-0.3262821,0.03486319,0.017876916,0.14211436,-0.104584575,-0.013183195,-0.010772594,-0.14771555,-0.0039935084,-0.059638366,-0.1631801,-0.10689746,-0.1762243,0.0065407464,0.08540986,-0.02835377,0.095324405,0.09979742,-0.0026124152,-0.04042462,-0.07619721,-0.12934835,-0.22002661,0.29330453,0.08735454,0.08145248,0.011666187,0.01136067,-0.02490489,0.06495937,0.03165765,0.080167696,0.030348977,-0.058674835,0.14809276,0.051879343,-0.06496196,-0.07750951,0.016731314,0.18968032,-0.031125134,0.36947903,0.118518494,-0.17869122,-0.024712728,0.018203022,0.09701673,-0.054212756,0.15445523,0.27969328,0.0129679,0.05772441,0.12449011,-0.055872288,0.0495423
TCGA-17-Z058-01,-0.032464057,-0.019092347,-0.017068101,-0.26983216,-0.024640143,-0.06143958,0.22855875,0.05361139,-0.07502466,-0.059106458,0.13958074,0.04588241,0.14188343,-0.014574524,-0.039711602,-0.012618506,0.2388494,-0.10506622,0.026574384,-0.05524039,-0.0726451,-0.012507711,-0.037940033,-0.13177235,-0.13298585,0.12738402,-0.15940404,0.07482684,-0.21601681,0.09860097,0.12563393,0.06341656,0.0781517,0.0791704,0.17041345,0.18940605,0.027013758,0.05697271,0.05559555,-0.038095128,-0.17241482,-0.10021383,0.2068748,0.10601369,-0.11796147,0.10724357,0.20742626,-0.26105765,0.088239856,0.02763109,0.3675621,-0.06790581,0.048622884,0.049420875,0.020317331,0.11220562,0.011421631,-0.059327353,-0.13424757,0.1766341,-0.022530934,0.16475658,-0.034370665,0.109616056
TCGA-99-8025-01,-0.07189785,-0.17260423,0.12427675,-0.09758253,0.12779836,-0.082904674,-0.022213716,-0.10984963,0.11790777,-0.04932279,-0.12669009,-0.1003617,0.016767597,-0.12008906,-0.18991955,-0.045374535,-0.07396817,-0.0228873,-0.22565205,-0.38308355,-0.021774992,0.09171026,0.047622032,-0.09724064,0.15924722,-0.115039416,-0.08620989,0.203863,-0.08965919,-0.015971208,-0.0055961623,-0.108180314,-0.018274024,-0.05087557,-0.03145671,0.07562052,0.023831194,0.023935618,0.021137405,0.12369471,0.121607944,0.009018261,-0.1206207,0.03092895,0.18869446,-0.026820295,0.14958815,-0.020018129,0.11995428,0.098137386,-0.106107205,0.0021599873,-0.18109669,-0.36424735,0.027589304,0.18973236,-0.12133569,0.10478841,0.03575233,-0.13867079,0.07695884,0.13582213,-0.1698565,-0.15550992
TCGA-17-Z005-01,-0.032210678,-0.016823225,-0.0137245385,-0.27392653,-0.01689004,-0.06394068,0.23131047,0.039746415,-0.07677053,-0.04636938,0.13990727,0.04926135,0.13874649,-0.017053802,-0.041498,-0.0014981787,0.23607269,-0.10655587,0.02942767,-0.049939692,-0.07445775,0.0044656727,-0.03794783,-0.13455623,-0.13252284,0.12369361,-0.17513053,0.07639718,-0.22793238,0.100569606,0.13758643,0.08650672,0.06802819,0.07172444,0.16510163,0.19169338,0.029973652,0.06799602,0.053829797,-0.036008358,-0.17135604,-0.10062304,0.20237912,0.101040706,-0.120937526,0.114280894,0.20907718,-0.26489195,0.084247224,0.022918105,0.3492332,-0.061762635,0.053688142,0.053334307,0.020694751,0.109961264,0.008993099,-0.059509426,-0.14249617,0.16351496,-0.022055825,0.16013296,-0.039972536,0.11631283
TCGA-NJ-A7XG-01,-0.10287184,0.09395844,0.1324394,-0.010475038,0.089380115,-0.057962567,-0.062043384,0.004514543,0.104730986,-0.31639123,-0.012110301,-0.20565939,0.16612801,-0.08243662,-0.030707596,-0.115288496,-0.072311796,-0.05234598,-0.019123238,-0.053744603,-0.09293519,-0.16041526,0.12489361,0.062488813,-0.08591149,0.051228452,0.21439874,-0.1600506,0.13298364,-0.049709693,-0.16359043,-0.15411417,0.0054834583,-0.07368135,0.104042515,-0.08820438,-0.07429592,-0.107758656,0.028941033,0.08660851,0.044875566,0.10348507,-0.023120508,0.051449347,0.11065163,0.03505015,0.06286623,0.23542422,0.14776328,0.07713091,0.27829802,0.008259708,-0.17463867,-0.20171055,0.13838977,0.06731721,0.024832767,0.18214725,0.18676274,0.25624,0.11169649,-0.081528984,-0.06409129,-0.17944874
TCGA-64-5775-01,0.093113124,-0.14609626,0.031675387,-0.18348528,0.033564653,-0.112751834,0.035663396,0.35220864,-0.009029822,0.11509574,-0.010373628,-0.028999498,-0.22471696,-0.08464414,-0.08497906,0.17751072,-0.18396659,-0.07750065,-0.0070506246,-0.06719833,-0.19166413,-0.14338616,0.1046895,0.027266506,0.052918583,-0.07555516,-0.24607773,0.034196634,-0.08357931,-0.0901528,0.2977581,0.18025228,-0.05753193,-0.029200574,-0.16649795,-0.024073362,-0.15753622,-0.07425461,-0.28138962,-0.05593573,-0.062724926,0.07990945,-0.0063159666,-0.029163655,-0.036962718,0.045163136,-0.1521736,0.012559181,0.08808451,-0.1509431,-0.022137495,-0.100510344,-0.096092746,0.25348842,0.0071336357,0.024509069,0.13353638,0.044955455,-0.03607844,0.10774097,0.049333394,0.1652901,-0.06813391,0.010053574
TCGA-05-4405-01,-0.06968074,-0.24020025,0.050846335,-0.10449176,0.16869982,-0.08117762,-0.0150362775,0.031715672,0.13988549,0.07094238,-0.11463374,-0.27182794,-0.15812276,-0.16241659,-0.083808094,0.215692,-0.24047782,-0.042454474,-0.2313364,-0.26442537,-0.069762155,0.116174944,0.06520273,0.008670819,-0.01383116,-0.057013784,-0.033899926,0.11161676,-0.009173338,-0.07421758,0.20719248,0.22146676,-0.11136165,-0.0894779,-0.17599379,-0.0110500045,-0.118942454,-0.14652723,-0.1927667,0.010616044,0.03722068,0.075345255,-0.11896652,0.04424023,0.09851396,0.18159626,0.07108684,0.032823592,0.01224304,0.048618138,-0.11860326,-0.072023496,-0.045053266,-0.12806995,0.023234308,0.11553661,0.06684113,0.0030300168,-0.108495876,-0.032202996,0.05029797,0.11399085,-0.112570226,-0.2340461
TCGA-05-4249-01,0.11492015,-0.0905282,0.024761654,-0.23673038,-0.14470313,-0.10805043,-0.0326223,-0.28648767,-0.073557414,-0.029339567,-0.12928778,-0.12697715,-0.13101932,0.036428984,-0.12472674,-0.15932864,0.14195691,-0.09206106,-0.23839381,-0.1895163,-0.086707205,0.043492775,0.011558985,0.20421398,-0.04626806,-0.15870589,0.044596843,-0.050306045,0.10566769,-0.07701128,0.17314644,0.11705586,-0.18485758,-0.05686115,0.06501064,0.012801117,0.01682464,-0.22814004,0.03762618,-0.061826687,0.15793064,0.076188564,-0.033185486,-0.24789123,0.009932508,-0.15586936,-0.107279964,0.013399684,0.104602456,0.27760825,0.14295873,-0.009738616,-0.11344531,0.016857766,0.032930207,0.15679443,0.08295101,0.106464505,0.03125896,0.012561348,0.113230206,0.068058595,-0.123734064,-0.11905758
TCGA-78-7148-01,0.08431583,0.18245521,0.08738302,-0.24680877,-0.09849807,-0.10205838,-0.039996248,-0.19528934,-0.21481828,-0.04410341,0.08247347,-0.15924586,0.17888387,0.07185698,-0.0024412614,0.05725327,-0.018440725,-0.14001101,-0.22912967,-0.010133576,-0.07141051,-0.1008702,-0.029435137,0.12103891,-0.061678305,0.066844225,-0.049943816,-0.32026067,-0.15991305,-0.04420474,-0.06886349,0.08215964,-0.052302033,-0.15530455,0.04741122,-0.14531794,-0.016313132,-0.13902436,-0.07525739,0.050995804,-0.009065293,0.16809994,-0.082323425,0.14015014,0.0012036031,-0.1081098,-0.16608016,0.0029315404,0.00476096,-0.08932444,0.042328205,0.23677182,-0.15752372,-0.27620396,0.018128956,0.09506028,-0.017878206,0.0075675584,0.17916371,-0.052908204,0.10939032,-0.101040974,-0.087939285,-0.20293306
TCGA-49-AARN-01,-0.13251805,0.103795364,-0.029622683,-0.19095607,-0.09082237,-0.07749077,0.02827359,-0.12047259,0.01087996,-0.036693573,-0.011863354,-0.22353353,-0.0860226,0.003139558,-0.11898153,0.17494896,-0.17241801,-0.10796023,-0.29327533,-0.029976288,-0.08324469,-0.23623362,-0.079690106,0.22529463,0.0069850245,0.18920942,-0.12487821,-0.14225009,-0.02930762,-0.14611624,0.15077345,0.21600461,-0.17792381,-0.02341196,-0.029201087,0.019028557,-0.16400556,-0.1834275,-0.0875275,0.1310059,-0.031452347,0.07677103,-0.1256743,0.16943407,0.09277622,0.017391283,0.032317366,0.051310267,0.0417794,-0.0025023366,0.1669983,0.07422453,-0.08425964,0.06861113,0.029326543,0.21491146,0.024108503,0.09172486,0.03533351,0.10562621,0.1482377,-0.104156494,-0.07986419,-0.2285442
TCGA-L9-A7SV-01,-0.08527665,0.008639577,0.083658144,-0.0810793,-0.017938098,-0.09234962,-0.060555547,0.022050431,0.109093204,-0.060945667,-0.17433214,-0.04351534,-0.06299281,-0.09887332,-0.21872717,-0.10686606,0.02778072,-0.09056178,-0.07159185,-0.012094668,-0.095557936,0.21118367,0.2827131,0.041085962,0.064401105,-0.14612107,0.07105826,0.026730793,0.10015847,-0.13362868,0.020177234,-0.07940291,0.12506771,-0.037542727,-0.14237751,-0.05064359,0.22689706,0.08086273,4.7101184e-05,0.11450983,0.1610857,0.06914202,-0.060460713,-0.33315063,0.12837487,-0.21644276,-0.06938385,0.15709168,0.17594486,0.07986189,0.042705514,-0.23653032,-0.08121632,0.18979377,0.075341515,0.1326444,0.05693657,0.15771703,0.24333408,0.06259451,0.12031924,0.02540633,-0.11229607,-0.02304452
TCGA-97-7554-01,0.04981802,-0.09205237,0.048260134,-0.094193354,0.1486778,-0.01635126,0.039626528,0.06884316,0.3164505,0.14482564,-0.08267724,-0.20476949,-0.11962845,-0.061204776,-0.11203212,0.09185773,-0.36369932,-0.02952892,-0.23905368,-0.248651,-0.06243121,0.13344805,0.24225523,-0.10067205,-0.029287174,-0.063957386,-0.15874252,0.078465894,0.1200199,0.012545251,0.020626223,0.108308144,0.08681371,0.0584823,-0.15683609,-0.07842367,0.019561974,-0.027030824,-0.19710514,0.037639286,0.0484583,-0.038616907,-0.25988656,-0.035353895,0.066647135,-0.026195463,0.07299545,-0.010862102,0.100156054,0.031766325,-0.071016654,-0.13251153,-0.05532385,-0.08687246,-0.0055310093,0.10052667,-0.047763977,0.019047204,0.022108927,-0.15243544,0.0355257,0.20326103,-0.04230305,-0.20771725
TCGA-17-Z021-01,-0.044917207,-0.08723591,-0.053482126,-0.13804185,0.057435907,-0.053459473,0.082540855,-0.01027032,-0.37304816,0.15893844,0.055530522,0.11774316,0.030517412,0.007511282,-0.0010670752,0.100306705,0.19468881,0.059608277,-0.020068418,-0.15734361,0.009958469,0.19827242,-0.26258928,-0.14449674,-0.02341376,0.05676563,-0.2459686,0.06888248,-0.1357835,0.11426881,0.07448244,0.14917724,-0.03570121,0.020425018,0.031342633,0.13219811,0.05385215,0.008708271,0.0697674,-0.13916902,-0.06815943,-0.06932854,0.27030876,-0.026180424,-0.026413258,0.069604196,0.11686088,-0.21713963,-0.058033735,-0.010233127,0.06264689,0.37083408,0.050752167,-0.00718388,0.018874101,-0.05134608,-0.063768476,-0.09677739,-0.19436517,-0.13072732,0.024484998,0.07541673,0.016779484,-0.12832324
TCGA-17-Z044-01,-0.061026387,-0.046131697,-0.035580963,-0.2778116,-0.04880805,-0.061892793,0.2226262,0.022699377,-0.0791405,-0.027044188,0.13892089,0.045798898,0.12455197,-0.008341095,-0.044522166,0.004163748,0.23324254,-0.10867502,0.03618791,-0.04567357,-0.0726184,0.0076983683,-0.04044709,-0.13696189,-0.117658034,0.11708542,-0.18454918,0.07920669,-0.21854469,0.09527621,0.15932725,0.09862211,0.060792476,0.063949086,0.16355032,0.1914762,0.022048984,0.052611265,0.041509297,-0.039304066,-0.18774086,-0.09452802,0.21626158,0.08513362,-0.123437226,0.11076528,0.21758287,-0.26305676,0.07679933,0.030999994,0.3337519,-0.06390863,0.072195,0.062390964,0.029780997,0.095287226,0.02181178,-0.07350169,-0.16623299,0.1788,-0.014173301,0.14269933,-0.035801277,0.09783132
TCGA-75-5126-01,0.09506203,0.11934099,-0.016500235,-0.09213966,0.035108488,-0.010057298,0.014219175,-0.18610175,-0.076034956,0.13327655,-0.02953923,-0.04949963,0.072427966,0.055516034,-0.08618059,0.066382095,0.073892735,-0.14439534,-0.35048625,-0.09430973,0.0016266443,-0.09455642,0.10799335,0.11477327,-0.13488477,0.074869394,0.0047246628,-0.1319745,-0.1212828,-0.003816147,-0.21843095,-0.06758474,-0.17497975,0.015320865,0.032140102,0.11679369,-0.058998566,-0.062914014,-0.041300595,0.057433363,0.03290792,0.019527765,-0.18224464,-0.04292742,0.08788114,0.1143006,-0.12082874,0.03809168,0.124704026,-0.21910077,0.004536756,-0.24154302,-0.11976124,0.3319054,-0.027507495,0.2168185,-0.01714104,0.14867035,0.083204046,-0.1551285,0.07556749,0.10870795,-0.05910221,-0.29115242
TCGA-55-7574-01,0.030519912,-0.15682875,0.033837263,0.00890309,0.31209943,-0.022668874,0.018132104,0.044907447,0.21826626,-0.06802463,-0.035285376,-0.115486436,-0.23316239,-0.046339918,-0.06452923,0.14271228,-0.360877,-0.03231852,0.010066037,-0.08626317,-0.14137276,-0.18795958,0.13181108,0.10937465,0.015655577,-0.015549237,-0.0072142696,0.07468245,0.12126787,-0.14546713,0.23534018,0.11194585,0.10642547,0.0015828789,0.03902635,0.11591454,-0.19635083,-0.16087022,-0.22284208,0.013083641,-0.031716786,-0.011987558,-0.22279257,-0.02254959,-0.015556096,0.06089096,0.00021313762,0.111844584,0.11044447,0.01634581,0.10319678,-0.15167722,-0.051745147,0.26537344,0.0561713,0.059477415,0.10189415,0.07038276,-0.045372162,0.1421154,0.034767322,0.12853177,-0.034258027,-0.031734053
TCGA-69-8255-01,0.050677963,-0.18565224,0.06508113,-0.14612938,0.038285177,-0.09053865,0.017389191,0.32318455,0.06957759,0.05950447,-0.061091673,0.013430649,-0.25938,-0.068288356,-0.14334646,-0.019679852,-0.04811784,-0.011460351,0.048534077,-0.113484874,-0.18044062,-0.07824985,0.17638479,-0.079423405,0.18088064,-0.16214631,-0.22587639,0.19296606,0.08412858,-0.10341759,0.2956645,0.060958344,0.2466258,-0.014586872,-0.094184406,0.027326327,-0.04071614,-0.011529854,-0.24992089,0.0047143204,0.033425786,0.007952744,0.04763667,-0.16157556,0.0126308305,-0.18567504,-0.069935046,0.030107126,0.17715915,0.076388374,0.01598827,-0.06543643,-0.12495993,0.22137095,0.07035409,0.031373415,0.067043245,0.02354994,-0.014850516,0.124024324,0.044871666,0.15827896,-0.048777338,0.022609835
TCGA-55-6969-01,0.1486508,0.12470363,0.021844923,-0.26523384,-0.13066424,-0.15015048,-0.018639827,-0.0043775155,-0.23799856,-0.022287074,0.105238624,-0.06749236,-0.0051056826,0.038671795,-0.07298794,-0.034621693,0.07670148,-0.06793156,-0.29047787,-0.13258281,-0.06446373,-0.056670096,-0.13745555,0.0071185986,0.06463959,0.10108249,-0.092028566,-0.12601525,-0.004119544,-0.018556172,-0.026349226,0.06029619,0.2331696,-0.026403522,0.06817542,-0.10859765,0.13611282,-0.0932633,-0.07543063,0.057682518,-0.01874418,0.05292375,0.042756267,0.112478696,-0.0046927882,-0.29046765,-0.1346316,-0.120799154,0.109078914,0.11078607,0.26759732,0.2453935,-0.14728086,-0.17808607,0.0032852653,0.16577888,-0.034224153,-0.01940521,0.2572406,-0.04312525,0.09780819,0.025641255,-0.08983265,-0.14580035
TCGA-75-5147-01,0.2981032,-0.003253715,0.049909674,-0.31074238,0.03133845,-0.09433171,0.050299507,-0.16279545,0.073735125,0.16439973,-0.02327558,-0.113479845,-0.027521148,0.01861253,-0.09944864,0.16847317,-0.12306652,-0.115952104,-0.316159,-0.1273152,-0.13203126,-0.05033694,0.2395649,0.08757765,-0.024523199,-0.041974075,-0.18227172,-0.11741719,-0.14904244,-0.079846226,0.1783531,0.1510567,0.030055087,-0.07343764,-0.018267738,-0.10195881,0.0019073772,-0.042353183,-0.19029364,-0.04750398,0.039509557,0.08066985,-0.24150014,-0.055950187,-0.020442158,-0.13254103,-0.16225405,0.0061019384,0.03587784,0.0051430776,-0.055799548,-0.11285058,-0.17851399,-0.052650627,0.013501633,0.1366161,0.025113815,0.009223722,-0.0042082607,-0.072362155,0.13775466,0.07461413,-0.13431796,-0.18751284
TCGA-78-7162-01,0.028039075,-0.14260542,0.06790143,-0.06534909,0.3781709,-0.056755498,-0.017079504,-0.20719147,-0.09962427,0.11065294,-0.030603526,-0.024746422,0.024511294,-0.064761184,-0.036334906,0.16016379,-0.31238633,-0.054973636,-0.15908882,-0.13571769,-0.057440467,-0.1239621,0.1822469,0.14832857,-0.0625689,-0.059367333,0.15636337,-0.023491537,-0.06613578,-0.07941517,0.010331099,0.054342136,-0.23033312,-0.054646783,-0.1101867,-0.033166286,0.027787814,-0.01562461,-0.19494654,-0.04840943,0.07997009,0.112765454,-0.33824602,0.019758776,0.047739465,0.004332327,-0.16189253,0.038384553,0.0016876272,-0.23327145,-0.19108374,0.06306034,-0.09698602,-0.029985303,-0.04967688,0.0120100565,0.050396305,0.012257996,0.053825386,-0.18165246,0.07391336,0.12964703,-0.12596992,-0.039632883
TCGA-86-7955-01,0.11251464,-0.016132079,0.13978457,-0.10720676,0.17505035,-0.11329979,0.0064482135,0.30170867,-0.011102364,0.08567366,-0.061777074,-0.018835455,-0.25161654,-0.25611225,-0.1431925,0.15697008,-0.10324511,-0.067239314,-0.014227243,-0.06759161,-0.13095346,0.07017921,0.11029824,-0.07405969,0.109074645,-0.07799755,-0.14371148,0.16380104,-0.05932067,-0.1314048,0.24447083,0.21226603,0.29679927,-0.0753726,-0.13853087,0.107771,0.024440702,0.06887116,-0.2695416,0.1220169,0.04830372,0.044061188,-0.040444084,-0.029076956,0.062230248,-0.046433475,-0.060849957,0.06962991,0.13402066,-0.054922685,-0.10244435,-0.022694403,-0.11524331,0.22029902,0.037144084,0.10790941,0.031661812,0.08173214,0.059016004,-0.0088735195,0.05441677,0.1280489,-0.09394971,0.0044036424
TCGA-50-5055-01,0.1804727,-0.15690584,0.015457911,0.055188872,0.21742314,-0.044820007,0.03360565,-0.104224436,0.16239403,-0.0049363472,0.022605738,-0.1401992,0.09149685,-0.008273321,-0.038175713,0.16048335,-0.25392348,-0.11610881,-0.18817133,-0.10446529,-0.05264941,-0.26842275,0.24133395,0.18623385,0.034892563,-0.04239037,0.12238512,0.029143961,-0.079144694,-0.0916207,-0.15978326,-0.15397945,-0.09757193,-0.009671867,0.09772961,0.10577824,-0.1408289,-0.16470553,-0.027898489,-0.06961325,-0.058142006,0.06705216,-0.21270892,0.021595258,0.0037845222,0.25615156,0.04240807,0.026040345,0.13617897,-0.22318664,0.037910484,-0.2676765,-0.11437747,0.06463882,0.034686077,0.11269942,0.12668951,0.040023636,-0.00631023,0.078363106,0.049630255,0.07161058,-0.09035939,-0.06662008
TCGA-44-6777-01,0.02040457,-0.17231025,0.018299371,-0.19293898,-0.22257465,-0.13734832,-0.09592026,-0.06651342,-0.27030462,-0.08586639,-0.07006116,-0.006521802,-0.16522552,-0.007795273,-0.10697897,-0.098636,0.19649887,-0.053603485,-0.1383744,-0.08908951,-0.109761626,-0.11828539,-0.105310716,0.13930511,-0.03319091,-0.04644648,0.16061802,-0.12186648,0.08518745,-0.10030408,0.082219936,0.14240819,-0.29062867,-0.102125056,0.025944835,-0.0019881953,-0.026512312,-0.20611988,0.023466526,-0.053574305,0.04894468,0.11397193,0.1508264,-0.13845359,0.058132373,-0.050583884,-0.15664074,0.083229944,0.08860285,0.22601831,0.21728203,-0.014627658,-0.11658069,0.16929238,0.05866961,0.15185298,0.14341,0.13880177,0.041582663,0.13805825,0.0849537,0.03256502,-0.11498025,-0.09429714
TCGA-55-8091-01,0.29189336,0.09547278,0.12771448,-0.26853153,0.048605092,-0.045028385,0.09857988,-0.110192396,0.26265,0.021086467,-0.00679018,-0.12861076,-0.052021533,-0.071437,-0.087488025,0.16023582,-0.05097024,-0.069222294,-0.10719232,0.054793693,-0.14577158,-0.040133856,0.3047455,0.083791584,0.07887254,-0.028649693,-0.14160874,-0.05720108,-0.19693923,-0.1797238,0.22039327,0.2232701,0.23988974,-0.088140465,0.045540918,-0.06642416,0.031723868,0.040532365,-0.079795524,0.10967133,0.028551728,0.030251788,-0.117897734,0.049721133,0.021999538,-0.04671677,0.037996124,0.057303343,0.06735758,0.057530902,0.08489171,-0.12621729,-0.23078096,-0.009663851,0.0034115538,0.22830674,-0.05561647,0.029233657,0.049171016,0.16592951,0.07610847,0.0020595728,-0.10815862,0.11462926
TCGA-55-A4DF-01,0.059018694,-0.11565638,0.094404995,-0.09248904,0.1355278,-0.057880472,0.054016348,0.17319877,0.28590715,-0.147483,-0.0330399,-0.24342358,-0.06025985,-0.095913425,-0.053751472,0.071724825,-0.21312432,-0.05111549,-0.04534618,-0.12806801,-0.1510691,-0.21031117,0.21510696,0.06133356,-0.028360352,0.028599773,-0.008608241,0.0016253747,0.09132807,-0.12803662,0.09963447,0.04765548,0.10718538,-0.020348577,0.05749444,0.032166097,-0.21240602,-0.12578891,-0.13167644,0.010487489,0.003046712,0.03956539,-0.05875437,0.02808259,0.03817082,0.11923558,0.119795635,0.16896684,0.19528763,0.104763724,0.2421763,-0.17809772,-0.16942081,0.07003091,0.0899218,0.12468258,0.07946599,0.12235031,0.035718657,0.2964187,0.078840405,0.111467496,-0.06758029,-0.12145874
TCGA-17-Z002-01,-0.058277432,-0.050050125,-0.028158834,-0.27521297,-0.042379316,-0.063481495,0.21832067,0.010963887,-0.06344139,-0.031963903,0.13238831,0.049469106,0.12586007,-0.012539018,-0.04155424,-0.0010062474,0.23700072,-0.10965021,0.0404597,-0.046874166,-0.07402931,0.023828676,-0.031122122,-0.1424507,-0.13602783,0.11490751,-0.1768643,0.08210312,-0.20904472,0.09857963,0.16638157,0.10556782,0.060243394,0.061766498,0.16537848,0.1881888,0.027639456,0.054899465,0.04256738,-0.044959698,-0.182483,-0.09526485,0.21042372,0.08287714,-0.11936656,0.12274989,0.2165673,-0.26233196,0.07683269,0.040039066,0.3362315,-0.07676035,0.07450764,0.04947086,0.032687087,0.08950547,0.020034892,-0.07194107,-0.17796394,0.17447917,-0.015308224,0.14318089,-0.036568806,0.10112987
TCGA-50-5044-01,-0.0783394,0.036837928,-0.042725705,0.007546353,0.18613867,-0.011947554,0.03516972,-0.39781618,-0.08470838,-0.04187027,0.09440249,-0.13965619,0.110879086,0.16605307,-0.03577068,0.039937206,-0.09854195,-0.14606239,-0.16460048,-0.010077395,-0.027125888,-0.28173497,-0.015424859,0.29373768,0.04650005,-0.020477917,0.038383298,-0.05368575,-0.18280886,-0.06720608,-0.04525818,-0.13690954,-0.18844578,-0.014920139,0.13375247,0.21634422,-0.09768931,-0.1945316,-0.03615022,0.07876006,-0.060295917,0.049833987,-0.27353615,0.0123688495,-0.091242164,0.09274631,-0.03615794,-0.026859682,0.0815062,-0.2764188,-0.0076737306,-0.051102437,0.006275108,0.22816963,0.011049792,0.121121645,0.096194826,-0.00088838715,0.06718122,-0.040316366,0.026935644,-0.008099256,-0.03467258,-0.0184873
TCGA-64-1679-01,0.31116664,-0.091193035,0.059629925,-0.118714675,0.23403971,-0.04218304,-0.011922745,-0.28011215,0.021774681,0.20968297,-0.07556477,-0.02347189,-0.004456559,-0.046193928,-0.115799,0.0049289125,-0.018349439,-0.06266438,-0.22910741,-0.2503417,-0.044258907,0.021263424,0.15609737,0.07029561,0.017457152,-0.15290497,0.089181066,0.021879917,-0.041069277,-0.022315219,-0.07308134,-0.013085959,0.009990647,0.015867585,0.08486843,0.051120758,0.14235127,-0.035122223,-0.10236279,0.0422396,0.13566387,0.009709162,-0.30941036,-0.1393312,0.058882948,-0.08219222,-0.10721305,0.07288689,0.12602188,-0.069255404,-0.11410951,-0.06064297,-0.18569803,0.054623455,-0.060696047,0.14407656,-0.07676149,0.1105775,0.14946441,-0.23460072,0.08877751,0.23356561,-0.10927686,-0.10508151
TCGA-69-7763-01,-0.03292651,0.027504379,0.016357576,-0.17555594,-0.14391458,-0.111904286,-0.042313363,-0.2174356,-0.02563759,-0.120177574,-0.0358909,-0.22636473,-0.084328555,-0.105650954,-0.07173654,-0.11834156,0.07055995,-0.13598548,-0.14130837,0.0011405583,-0.12657925,-0.12596594,-0.04688284,0.18588395,0.06429803,0.007107967,0.19468333,-0.21877596,0.17913291,-0.13178557,0.16188033,0.2008416,-0.15987636,-0.08273647,0.06966099,-0.027876312,0.08656334,-0.19777755,-0.018645918,0.08330852,0.023898808,0.12611076,0.0081789,-0.090189435,0.037659742,-0.09602125,-0.09537118,0.11776886,0.10343704,0.20983577,0.25196227,0.018550808,-0.08952629,0.10681762,0.05626967,0.11760102,0.12558106,0.18804717,0.15411718,0.20744054,0.10309024,-0.10439113,-0.12727588,-0.029224208
TCGA-55-A48X-01,0.034318745,0.17161949,0.16709651,-0.100601666,0.08946444,-0.059216168,-0.028353196,-0.049261216,-0.037643142,-0.28197542,0.017480372,-0.12425389,0.17100553,-0.116091765,0.04254116,-0.15593947,0.059400048,-0.029846648,0.07334634,0.026874924,-0.08605267,-0.16857135,0.0827742,0.011261585,-0.1738087,0.12415166,0.2108594,-0.2505362,0.17152955,-0.03839276,-0.1179255,-0.018655049,0.15427384,-0.054195356,0.17394802,-0.09765343,0.046948913,-0.0030075284,0.029188335,0.037216324,0.086479984,0.084710784,-0.010444956,0.14143783,0.053417865,-0.10634568,-0.0815513,0.132454,0.133567,0.1400965,0.34946674,0.14446948,-0.18999666,-0.13456346,0.032421503,0.03548164,-0.04260116,0.14158405,0.2451698,0.16808541,0.073784396,0.038774557,-0.03739439,0.009216557
TCGA-55-6984-01,0.046317946,0.007599074,-0.034571517,0.002461295,-0.06811328,0.013699564,-0.060563415,-0.3457716,-0.07781204,-0.018249009,0.039367266,-0.087250926,0.010194931,0.17994754,-0.06570901,0.108765304,-0.06629282,-0.16624866,-0.12190577,0.13535973,-0.045345377,-0.22207628,0.090727895,0.26833442,-0.026440999,-0.039300364,-0.003611264,-0.16802448,-0.11758488,-0.117625356,-0.02750004,-0.038962096,-0.19345906,-0.0978854,0.17245305,0.1418525,-0.2080425,-0.20186812,-0.04389955,0.05443588,-0.04086408,0.070830554,-0.19863339,-0.103042014,-0.07560801,0.0022531115,-0.152969,0.08658299,0.07119562,-0.1321167,-0.02500284,-0.19587512,-0.04031281,0.36672422,0.06878977,0.11293137,0.15348186,0.030189876,-0.013927965,0.037501145,0.07649308,-0.109704986,-0.05106231,-0.079140164
TCGA-73-4677-01,0.07600568,-0.16572867,0.04779879,-0.2513745,0.04736082,-0.15067334,-0.048057336,-0.07178348,-0.28678435,0.079707086,-0.054294627,-0.099424556,-0.0397094,-0.048956987,-0.076181024,0.16823535,-0.022186127,-0.12467782,-0.28713307,-0.29092547,-0.05703627,-0.015359461,-0.07271006,0.0682127,0.0039242753,-0.027457988,-0.14226769,-0.065003745,-0.23544218,-0.049823843,0.13508324,0.095294945,-0.102695525,-0.16579369,-0.06194023,0.011772328,-0.16973563,-0.1752064,-0.12375388,-0.039274283,-0.00072754594,0.13376154,-0.013689466,0.063325115,0.06898532,0.015820408,-0.1967325,-0.065073304,0.02762254,-0.043440912,-0.09181297,0.05387346,-0.17077704,-0.06614546,-0.025544334,0.14276393,0.021693505,0.030509245,-0.028827716,-0.14082628,0.10379158,0.1336479,-0.16406938,-0.2962269
TCGA-55-8506-01,-0.041341756,0.07614406,0.19638148,-0.051865242,0.31573597,-0.12213893,-0.042201947,-0.018196465,-0.20589675,-0.3137314,0.008060353,0.013607829,0.09078793,-0.16930614,-0.028866112,-0.073696256,-0.08196835,-0.018055594,0.07134529,-0.11183216,-0.10081934,0.091698185,-0.109522514,0.068583675,-0.10553798,-0.004854093,0.051972553,-0.060083356,0.022908712,-0.029860353,0.034304276,-0.011455357,0.2125792,-0.04481389,0.124865636,0.040811583,0.08065589,0.019722173,0.006278869,0.080113366,0.1276495,0.04768398,-0.124761276,0.024281586,0.031421784,-0.13261886,-0.11892325,0.079492055,0.14407463,-0.01727194,0.20770444,0.36939242,-0.10261025,-0.10982515,0.029352464,-0.004331943,-0.047183655,0.16177522,0.3564024,-0.033081084,0.06083797,0.13726433,-0.06265648,0.10721972
TCGA-55-7284-01,-0.01037028,-0.15763517,0.09981385,-0.07409978,0.359172,-0.08776771,0.041576236,0.15206246,-0.17436694,-0.31127152,0.0056503275,0.15607876,-0.049824696,0.015930953,-0.06491485,-0.01420872,-0.13940372,-0.032120142,-0.035922594,-0.18897256,-0.12766342,-0.17749327,0.050684698,0.043573797,-0.21297401,0.052750606,-0.07382627,0.12029985,-0.068966724,-0.024586238,0.030723814,-0.14402604,0.043010697,0.03627059,0.086545095,0.1879708,-0.23688342,-0.028975837,-0.07821329,-0.11089229,-0.0035354148,-0.02258867,-0.084868014,0.011947396,-0.021949919,-0.0013019163,-0.11715752,-0.047307376,0.18549284,-0.031603884,0.3014286,-0.06830966,-0.08820171,0.13945939,0.06606846,0.10361093,0.07069745,0.1103987,0.045390494,0.025376273,0.009052906,0.29752305,-0.08156251,-0.016387494
TCGA-55-6979-01,0.06785421,-0.08819811,0.032801844,-0.18392526,-0.34114265,-0.14241093,-0.12829788,0.061360773,-0.19041188,-0.034091927,-0.08766929,-0.06562071,-0.15449364,0.05199123,-0.1155681,-0.18716547,0.24742746,-0.1132982,-0.07360052,-0.015061249,-0.0674215,0.03580659,-0.08536625,-0.033869877,-0.06038676,-0.070804544,-0.16864565,-0.11807361,0.1605536,-0.054896034,0.124614514,0.17117354,-0.1427382,-0.16339259,-0.011369341,0.016120322,-0.08870066,-0.1402605,-0.035350103,-0.1305716,0.02858271,0.12582067,0.11208061,-0.2087391,0.021920165,-0.14530131,-0.10920086,0.016956575,0.068961255,0.320926,0.073663406,-0.014061383,-0.07691706,0.026840549,0.14588787,0.0701597,0.15701129,0.053795855,-0.05860248,0.049635556,0.13174538,-0.047693998,-0.092441805,-0.21238792
TCGA-44-6148-01,0.029414795,0.26880363,0.069224186,-0.06498244,-0.05446584,-0.06555669,0.020014642,-0.17767812,0.028938461,-0.20146383,0.048096705,0.032178238,0.13869414,-0.07577394,-0.03343093,0.06427651,0.09298623,-0.14679989,-0.045710746,0.1577307,-0.110354975,-0.10480077,0.05587154,0.2139194,-0.09173973,0.057841696,0.11009928,-0.17919903,-0.21930489,-0.057687443,-0.05053914,-0.06308676,-0.016597094,0.0053946604,0.16368455,-0.025371997,-0.030651368,-0.04096174,0.09631834,0.14942601,-0.014672455,0.07879645,0.00587959,0.08896855,0.016072374,0.11710696,-0.12666552,0.043579094,0.1364759,-0.18548451,0.34857458,-0.18691735,-0.101590596,0.19171041,0.016511133,0.16356719,0.0314741,0.19741939,0.18851289,0.19278905,0.054468323,-0.05857211,-0.06786541,0.21205702
TCGA-55-6985-01,0.08928191,0.07564427,0.023743514,-0.24011843,-0.28793222,-0.094017886,-0.041199792,-0.1373203,-0.05686687,0.019598486,-0.017905822,-0.23507433,0.008565518,0.046044763,-0.123730205,-0.19562735,0.26027822,-0.16766165,-0.16394456,0.022803042,-0.08897304,-0.2291589,-0.01189629,0.09879706,0.2850881,-0.111934185,-0.09555716,-0.12514792,0.008659855,-0.12908497,0.07614619,0.06491517,-0.062649235,-0.10477005,0.002953427,0.01894319,0.10099491,-0.18049775,-0.0034495103,0.089730896,0.074989736,0.13962162,0.06420767,-0.114039734,0.004919819,-0.24574198,-0.04458151,0.0040048347,0.11301081,0.13211296,0.05608202,0.05057425,-0.19199526,0.018165879,0.070716836,0.16200368,0.07396067,0.042090252,0.09079075,0.1079721,0.12429955,-0.14618748,-0.13018148,-0.076362245
TCGA-50-5049-01,0.0021756918,-0.17369266,-0.0014884545,-0.28021076,-0.361872,-0.11281721,-0.048758894,-0.17529626,-0.09718764,-0.045719564,0.029778924,-0.04932217,-0.16702695,0.05471683,-0.09657973,-0.10935681,0.26696038,-0.11747926,-0.19330843,-0.083870105,-0.12455844,-0.03764414,-0.085446306,0.05182083,-0.058816507,-0.07832724,0.06593438,0.0025729884,-0.050679166,-0.05054683,0.21963225,0.21018249,-0.12559445,-0.044134077,0.06932933,-0.0059385905,0.006666015,-0.2792044,-0.11100714,0.010489987,-0.033014473,0.07713613,0.13960667,-0.037840266,-0.019929947,-0.06852586,-0.05302412,-0.057431962,0.08208907,0.22296731,0.23565242,-0.08165818,-0.023566272,-0.04125445,0.09785526,0.17583407,0.15313718,-0.018872814,-0.058719646,0.1569509,0.025000663,-0.05321374,-0.09642118,-0.037459254
TCGA-44-7662-01,-0.08876944,-0.012720681,0.114765406,-0.1189243,-0.015076772,-0.1591307,-0.06327168,-0.18290088,-0.08913752,-0.1793164,-0.05014341,-0.08640858,0.08522344,-0.005295521,-0.10324848,-0.14611419,0.19686274,-0.057928838,-0.004519849,-0.17754166,-0.06820852,0.20566417,-0.1283256,-0.01368781,0.22860923,-0.12620854,-0.18875249,0.04827546,-0.095883965,-0.09719074,0.09697079,-0.0957798,0.37161735,-0.09151247,0.031452168,0.045690283,0.15563656,-0.039626513,0.10586274,0.17246509,0.100684516,0.05499618,0.055422127,-0.06979562,0.038978003,-0.21602304,-0.0076082265,-0.033202704,0.13476346,0.14767598,0.008760197,0.25423357,-0.109476686,-0.1875896,0.07125889,0.080602184,-0.12933329,0.03896045,0.21428715,-0.08485164,0.07494549,0.0055934684,-0.0628172,-0.022362385
TCGA-49-6744-01,0.2115008,0.081132285,0.10812576,-0.042335507,0.13460699,-0.09128339,-0.058801156,-0.30015394,0.19824077,0.026229415,-0.07122106,-0.13012505,-0.006409903,-0.16306393,-0.047783528,0.2453779,-0.13309416,-0.06947859,-0.2041527,-0.020498352,-0.096055694,0.051060088,0.07377315,0.2357768,0.057050057,-0.07788709,0.14640707,-0.09759211,-0.15087579,-0.14843616,0.12164861,0.15341792,-0.13961282,-0.08829307,-0.035402536,-0.13750473,0.08898146,-0.118373066,-0.015033319,0.12092375,0.07526557,0.120388955,-0.23086306,0.11116646,0.1328499,0.2056157,-0.078733854,0.08702234,-0.006588794,-0.16481802,-0.06604184,-0.017661257,-0.17530909,-0.17413792,-0.012199801,0.11855123,-0.03539521,0.09445293,0.045521677,-0.035769936,0.09069416,-0.1063507,-0.116969846,0.07441553
TCGA-78-8662-01,-0.07461957,-0.17940748,0.00078003074,-0.26032123,-0.17688705,-0.117025554,-0.03555171,-0.16834098,-0.18602929,-0.008004585,-0.010310725,-0.18459521,-0.049195584,0.036255132,-0.09547715,-0.20365639,0.18906961,-0.072193556,-0.16267598,-0.27320582,-0.03684869,-0.060403693,-0.18102878,-0.053595565,0.15423411,-0.056272894,-0.16574521,0.008571223,0.08054776,-0.0065890653,0.16327555,0.06003463,0.013671756,-0.072699204,0.094976254,0.060403258,-0.025603438,-0.2068556,-0.05240489,-0.009150546,-0.037343636,0.057741746,0.12145636,-0.021366203,-0.0044767186,-0.1868709,0.033192422,-0.12575836,0.11263417,0.29319692,0.1243408,0.23235576,-0.091184735,-0.18472199,0.054580763,0.10982266,0.015468394,-0.01674949,-0.0492023,0.015017126,0.08385898,0.07371768,-0.08773933,-0.19386514
TCGA-69-7979-01,0.04936341,0.15725389,0.092998445,-0.11803478,-0.0011757995,-0.15187335,-0.1246403,0.12998585,-0.11751917,0.010552557,-0.039006505,-0.14720048,-0.044084366,-0.08571681,-0.04595605,-0.12233413,0.08450674,-0.07884603,0.03236688,-0.036499076,-0.14599144,-0.09940504,-0.17852715,-0.073242925,0.15545551,0.046409544,-0.20432574,-0.16900106,0.14155382,-0.11048708,0.1958957,0.16777654,0.20014577,-0.04969912,-0.20384462,-0.056285236,0.120025076,-0.071434304,-0.20695953,0.07109389,0.06387983,0.14160523,-0.041657563,0.020572573,0.020160109,-0.28900337,-0.18211381,0.08076628,0.050221384,0.108077206,-0.056427103,0.26066777,-0.09956987,0.05316201,0.08964541,-0.045303866,-0.05101885,0.115414344,0.10055315,-0.14890774,0.14844346,-0.07079305,-0.026359191,-0.25107598
TCGA-NJ-A55O-01,-0.066289246,0.23709998,0.17872277,-0.061121132,0.29048163,-0.061686933,-0.023226634,-0.14093201,-0.08189801,-0.3298106,0.10972071,0.09016702,0.11177216,-0.046570178,0.023961583,0.0008677525,-0.06999009,-0.12183363,0.11116564,0.16435747,-0.14855462,-0.058097772,0.009100997,0.08431392,-0.22189265,0.11491029,0.13580097,-0.17814821,-0.06776704,-0.070504606,0.014799436,0.06403664,0.19264705,-0.11559862,0.1833549,0.04956506,0.043280777,0.003584258,-0.12267847,0.12508745,0.066034555,0.053567138,-0.13330488,0.122191966,-0.086870566,-0.115906425,-0.1669832,0.03277856,0.057339884,-0.11223799,0.23529841,0.12613304,-0.094011135,-0.045980126,0.105211504,-0.043347456,0.058995232,0.08450343,0.2529657,0.020638328,0.021102855,-0.029439187,-0.09795786,0.14133254
TCGA-75-6203-01,0.018386906,-0.09104584,-0.018826244,-0.030670358,0.021905357,-0.049911458,0.06141221,-0.03337672,0.10197999,0.08110948,-0.060468797,-0.04852665,-0.051428676,-0.0023059766,-0.20944649,0.1552378,-0.28880554,-0.12117361,-0.3958539,-0.20758216,-0.048234906,-0.09318719,0.18747294,0.20512368,0.07031774,-0.05593226,-0.07646869,0.12149573,-0.06656342,-0.09351847,-0.094888344,-0.15945046,-0.05933878,0.11279939,-0.028626308,0.10165787,-0.030398756,-0.08281655,-0.011969336,0.054349724,0.054403383,0.0018231311,-0.20896824,-0.12790073,0.09575734,0.021019774,-0.003617388,-0.01901985,0.20825827,-0.21301457,0.06964992,-0.17578156,-0.10580383,0.23169586,0.0012790002,0.20575076,0.058179438,0.11148001,0.12720785,-0.06066377,0.092348434,0.11629059,-0.10786386,-0.11785121
TCGA-50-5931-01,0.3093828,-0.08057325,0.15594167,-0.17159349,-0.07072074,-0.13919884,-0.06666807,-0.027298369,0.075335376,0.00091790006,-0.06511043,-0.18238139,0.04065319,-0.097205415,-0.009644543,0.06456913,-0.12975287,-0.07821177,-0.13557841,-0.11554745,-0.075913325,0.21091598,0.08299942,0.053102452,-0.09534044,-0.15803784,0.048008863,-0.14175886,0.022650002,-0.03238924,-0.0015931496,0.21280889,-0.055263832,-0.15336391,-0.07227747,-0.26413083,0.062931046,-0.15874371,-0.012500303,-0.10307324,0.06705676,0.16434494,-0.03775649,-0.017706119,0.009876363,0.01926522,-0.042156577,0.020592466,-0.009480232,0.11956417,-0.031324323,0.11057527,-0.14403671,-0.52855384,0.031118259,0.019615848,0.019489579,-0.004469244,0.031080239,-0.030117402,0.07184039,6.6224793e-06,-0.109593935,-0.109686166
TCGA-17-Z059-01,-0.060068402,-0.11068447,-0.057472516,-0.1408105,0.055180937,-0.060884316,0.08762345,0.025986416,-0.3585973,0.15553734,0.052078042,0.13846561,0.028671715,-0.00394343,-0.0056551774,0.11180092,0.16813311,0.059849676,-0.014779743,-0.15805583,0.0020210862,0.19642189,-0.23623474,-0.15634091,-0.03187487,0.059118245,-0.26155087,0.079225846,-0.13019276,0.117871925,0.07196111,0.1420568,-0.028945614,0.027659934,0.023534419,0.12375124,0.04947892,0.021073515,0.07358384,-0.15129024,-0.076555274,-0.07128389,0.28692654,-0.030735133,-0.022709921,0.08022484,0.121006325,-0.22473375,-0.043915246,-0.020408183,0.07974596,0.35735178,0.0554824,-0.006294264,0.027061667,-0.06212572,-0.055460356,-0.09358116,-0.19790238,-0.113472566,0.029882487,0.083067715,0.010612489,-0.12532884
TCGA-49-4501-01,0.111375384,-0.12735006,-0.004580561,-0.24851306,-0.3191077,-0.083795175,-0.058307238,-0.083080344,-0.034931887,-0.012722087,-0.012687758,-0.1278158,-0.12062911,0.099636465,-0.09019062,-0.20220672,0.014394588,-0.047258865,-0.27468577,-0.23260355,-0.06826112,-0.09717744,-0.09591989,-0.00321534,0.030934568,-0.09295082,-0.09223803,-0.0601943,0.14983918,0.009845599,0.022131732,0.116034046,-0.1599191,0.009691158,0.03058059,-0.10089506,0.004743267,-0.26379728,-0.01627604,-0.07583131,0.054001883,0.05430957,0.04941233,-0.023387305,0.029017258,-0.2139348,-0.023749003,-0.09661875,0.08469473,0.26954392,0.21598005,0.09556947,-0.1254091,-0.27516374,0.02150141,0.14163594,0.0122537445,0.027154803,0.046850998,-0.00066133507,0.07889119,0.040728994,-0.10185352,-0.19706613
TCGA-MP-A4SW-01,0.27060246,0.024030581,0.07623677,-0.15514545,0.11644052,-0.09211512,0.0010492597,-0.36984286,0.16745672,0.13202871,0.019081958,-0.1518377,0.10645039,-0.037374996,-0.035117704,0.15633275,-0.05941804,-0.10878769,-0.23106979,-0.10245502,-0.083263785,-0.09071415,0.029821869,0.13101187,0.013774931,-0.010672669,0.1269584,-0.14986414,-0.13162553,-0.04738766,0.032197192,0.18041576,-0.22451225,-0.081502415,0.0771364,-0.0785393,0.1051868,-0.12713815,-0.051264957,0.06014962,-0.01164854,0.098310694,-0.20483552,0.15049376,0.07270084,0.25278807,0.018839518,0.035013333,0.00023048553,-0.120830916,-0.0027688718,-0.064449586,-0.18162595,-0.25368235,-0.019965203,0.1298651,-0.06341493,0.052936397,-0.020845642,-0.049947366,0.092791826,-0.018393865,-0.125376,-0.10038926
TCGA-44-7660-01,-0.2428755,-0.057809327,0.012634974,-0.13906936,-0.2719333,-0.11333925,-0.0894743,-0.06920232,-0.00041921475,-0.26478133,-0.0747139,-0.02383327,-0.047382936,0.0097728325,-0.1265645,-0.31142482,0.17600287,-0.061431523,0.063505985,0.026756778,-0.09704932,0.17775607,-0.026273755,0.029107679,0.04373964,-0.13608497,-0.06283943,0.0012009093,0.1641708,-0.07089459,0.149202,0.017066794,-0.06523173,-0.056681506,-0.023793576,-0.051613554,0.19074385,-0.05590568,0.14824982,0.05711898,0.06152607,0.05429404,0.1496549,-0.23558201,0.04763102,-0.17341053,0.07664481,0.04105774,0.103786126,0.23791097,0.21190827,0.074184306,0.00992745,-0.16051349,0.13790981,0.017982243,0.04164479,0.07676209,0.11158221,0.217148,0.093311,-0.12799498,-0.06634662,0.07953316
TCGA-62-A46O-01,0.098408416,0.031269547,0.015933082,-0.34045362,-0.21268806,-0.06393719,-0.020049265,-0.19234581,-0.087062545,0.03775447,-0.010163379,-0.043944445,-0.056707054,0.13342758,-0.1275199,-0.13188818,0.039627805,-0.10523528,-0.36082864,-0.13570839,-0.045033835,0.027559757,0.07327478,-0.030572494,-0.09635614,-0.011514462,-0.18844251,-0.1208012,0.024473213,0.0067755394,0.006679285,0.12115201,-0.068266705,-0.103283934,0.033329543,-0.060992688,0.052765653,-0.041333117,-0.10124472,-0.03123412,0.06449698,0.04522899,-0.10582205,-0.06582357,0.052005224,-0.2996903,-0.06407941,-0.08777388,0.062224403,0.19530733,0.08512392,0.03054068,-0.1414948,-0.26015684,0.03991481,0.16078602,-0.027666884,0.001716029,0.07239927,-0.10115423,0.12431671,0.012195268,-0.15329249,-0.30474427
TCGA-05-4397-01,0.09369308,0.1438393,0.08641965,-0.19735077,-0.31638652,-0.096116014,-0.09489359,-0.17727762,0.058124125,-0.061416794,0.04264862,-0.23107769,-0.00029834578,0.018540077,-0.062426798,0.0035167332,0.015705496,-0.12799855,-0.2136033,0.07519748,-0.13425057,0.04266012,0.14310579,0.076878615,-0.05692795,0.0028918157,0.046641562,-0.3014593,0.0068399175,-0.07471097,-0.014941023,0.17442824,-0.016486939,-0.22316167,0.08472721,-0.21650891,0.0495714,-0.14575386,-0.070427075,0.1255291,0.00329408,0.13645323,0.00021036208,-0.003466701,0.037005913,-0.07157286,-0.078903764,0.13869375,0.0151302675,0.12010975,0.08056986,-0.067173705,-0.16462186,-0.17066659,0.08453432,0.13597038,0.050731197,0.059013564,0.14485069,0.1512265,0.107999854,-0.2160627,-0.08984186,-0.19496876
TCGA-17-Z019-01,-0.05173172,-0.038927812,-0.032232676,-0.2794578,-0.05286165,-0.064085335,0.21976611,0.012324916,-0.073205926,-0.028631212,0.14057758,0.043254875,0.12344821,-0.008935048,-0.0437253,0.0017842592,0.24298984,-0.112448215,0.034077056,-0.03948649,-0.07651987,0.007117177,-0.04082051,-0.13179708,-0.11644837,0.11493943,-0.17541425,0.07733004,-0.22001968,0.09164171,0.16580115,0.105971634,0.066002645,0.06307035,0.16606887,0.18920621,0.028395811,0.04723306,0.03708638,-0.033174064,-0.18657662,-0.0921507,0.21282995,0.08744234,-0.12434018,0.11095763,0.21158907,-0.26234838,0.07748902,0.032784287,0.33770934,-0.071252316,0.07048746,0.063010536,0.029294288,0.100030966,0.022736523,-0.07317774,-0.16390023,0.1798072,-0.016380703,0.13761637,-0.03656178,0.106868125
TCGA-49-4506-01,-0.13554561,-0.025110116,-0.068269856,-0.3653492,-0.2154009,-0.019077586,0.0717722,-0.097394094,-0.14778899,0.062402394,0.0499098,-0.14657763,-0.12612368,0.11593843,-0.14462975,-0.19311252,0.052696634,-0.122635484,-0.3077072,-0.09819732,-0.01966304,-0.16379033,-0.009624133,-0.06865578,-0.021846818,0.04004701,-0.17304775,-0.041017354,0.103538595,0.038406495,0.08422359,0.2044024,-0.19055593,-0.051950503,0.0070524216,0.09557594,-0.021061774,-0.05643981,-0.20255658,0.020492451,-0.06430169,0.0071374183,-0.0743774,-0.03546138,-0.0047674216,-0.2931912,0.076879084,-0.15232159,0.08300077,0.1933802,0.12419445,0.06266527,-0.032930255,-0.048451588,0.03360659,0.2011006,0.06394741,-0.04846913,-0.020825535,0.028594004,0.053814743,0.06466833,-0.1077155,-0.20221749
TCGA-86-8054-01,-0.019994853,-0.057550445,0.24369453,-0.03451589,0.08241432,-0.18648592,-0.113754,0.2919689,-0.115867294,-0.23673896,-0.07108423,-0.17272331,-0.03281439,-0.30097023,-0.06319777,0.042551897,0.06647967,-0.122136004,-0.03763598,-0.17427021,-0.111640505,0.15844771,0.099094816,-0.102591366,-0.03521003,-0.06703005,-0.0005829624,0.039091535,-0.059915658,-0.07646406,0.07508097,-0.014581837,0.24079157,-0.20267645,-0.028182197,0.06923615,-0.12225255,-0.019039707,-0.10346695,0.08943135,0.06505363,0.13933127,0.12340253,-0.015110134,0.09463746,0.11939161,-0.114417784,0.16554475,0.1955408,0.070279054,0.015512025,-0.071992196,-0.16474798,0.02395603,0.11995846,0.10585277,0.12245108,0.18061392,0.11790645,0.10271286,0.07111862,0.058974043,-0.13043617,-0.14681782
TCGA-MP-A4TF-01,-0.03813194,-0.12650296,-0.048364114,-0.21705996,0.03141518,-0.09183941,-0.04449588,-0.27316922,0.0049846764,0.09644703,-0.03493805,-0.21917202,-0.03487695,0.03136501,-0.09448861,-0.01072776,0.023159025,-0.055034343,-0.33306253,-0.33506814,-0.090739354,-0.011307619,-0.13032013,-0.005483476,0.23248349,-0.051956423,-0.1371291,0.008932431,-0.05510539,-0.06444825,0.19756155,0.06451852,0.09361754,0.04222284,-0.13603498,-0.0650547,0.0904255,-0.2323052,-0.15002851,0.07736824,-0.025416667,0.06358033,-0.11816391,0.025223872,0.061041996,-0.16509366,-0.016089594,-0.10049954,0.037598386,0.1244959,0.04217787,0.09819068,-0.09857803,-0.13027948,0.0016754714,0.18285333,-0.063525714,-0.027403425,0.028251112,-0.15154015,0.11024591,0.071809836,-0.062192358,-0.2763015
TCGA-17-Z050-01,-0.061534278,-0.106954426,-0.05852981,-0.13369747,0.059043895,-0.059613034,0.08390229,0.0012187014,-0.35629344,0.15444694,0.041625183,0.12947163,0.03553435,0.0005876872,-0.0064498573,0.08938227,0.19695474,0.065091655,-0.009724554,-0.16671641,0.009142557,0.20417704,-0.2424051,-0.15835612,-0.016675195,0.044573396,-0.25588378,0.09013769,-0.12598564,0.11356874,0.06990991,0.12527421,-0.015484216,0.02568981,0.024049405,0.13521472,0.058421005,0.021851247,0.08378955,-0.14840396,-0.06801091,-0.06745234,0.2853231,-0.039031427,-0.016950512,0.07880022,0.13105139,-0.2215743,-0.041830514,-0.0034890356,0.068771176,0.3548004,0.05381943,-0.012614192,0.02575726,-0.052826513,-0.068669066,-0.09325387,-0.19465756,-0.12053725,0.03249039,0.087398134,0.017480189,-0.13331859
TCGA-73-4659-01,-0.051018447,0.045790073,0.0422654,-0.21984674,-0.2265444,-0.11067355,-0.07743908,0.076630175,-0.069433436,0.013878166,0.06476355,-0.21022859,-0.050086644,0.06234753,-0.12899382,-0.15633664,-0.0049916795,-0.08592255,-0.18061467,-0.1313366,-0.07118016,-0.012116842,-0.07244116,-0.128723,0.21996188,-0.071395114,-0.30526885,-0.03173172,0.072204374,0.0062876726,0.047605023,0.06740607,0.14832355,-0.12466226,-0.041768968,-0.044761416,0.057843443,-0.10866624,-0.15591842,0.121750355,0.024773756,0.063173845,0.01090071,-0.00853721,0.02524557,-0.35349566,0.015845237,-0.059413746,0.10195901,0.119186595,-0.024572134,0.23219866,-0.14408575,-0.2608194,0.0894589,0.08829488,-0.01163042,-0.058361497,0.15466066,-0.03075441,0.11009148,-0.08974691,-0.097114675,-0.23095751
TCGA-75-6206-01,0.091449276,-0.02791656,0.08127955,-0.09727373,0.05109865,-0.04991177,-0.024389043,-0.301924,0.2151835,0.088745475,-0.09396532,-0.1925682,-0.12526672,-0.07810453,-0.161598,0.22451463,-0.19669773,-0.112043954,-0.3008861,-0.17966512,-0.05867841,0.16909721,0.0856263,0.1637614,0.027040437,-0.086961694,-0.06976782,-0.0053555164,-0.1329149,-0.1307934,0.1722769,0.1522685,0.013873867,-0.09201875,0.050256833,0.015333174,-0.025323123,-0.13178298,-0.05713356,0.21246658,0.05455733,0.01484174,-0.257473,0.000799294,0.10532929,0.13599077,0.02692714,0.086738214,0.07087301,-0.034636106,-0.10943987,-0.10369734,-0.115788765,-0.0016379725,0.006443841,0.21041387,-0.069889985,0.10506386,0.0026093044,-0.08174678,0.09155726,0.021988608,-0.10190627,-0.1573404
TCGA-50-5072-01,-0.24108712,-0.098984495,-0.017959751,-0.11856996,0.010117049,0.0056440867,-0.06127714,0.19037342,0.2286349,0.053295568,-0.08821772,-0.21470757,-0.21420854,0.017987102,-0.09893051,-0.13465738,-0.19889073,0.062490508,-0.10280432,-0.09938134,-0.047250394,-0.06335719,0.06338526,-0.18097338,0.04553353,-0.036465194,-0.14068773,0.039512213,0.30165985,0.028026227,0.17415571,0.18095021,-0.24329998,-0.023799542,-0.28767952,-0.14858067,0.0037919118,-0.040723685,-0.25932595,-0.021147704,0.04501097,0.009361426,-0.1386432,-0.0033900714,0.109215826,-0.16648033,0.09445309,-0.03640927,0.0030567555,0.18500432,-0.013582471,-0.017659064,-0.013107701,-0.15099941,0.062016085,-0.014281892,0.07444403,-0.07040508,-0.0872868,-0.0039508087,0.056420825,0.0151956305,-0.04600765,-0.13145126
TCGA-55-7227-01,-0.012738933,-0.044567134,0.10795587,-0.022805164,-0.13802108,-0.09455617,-0.055248335,0.016439676,0.06856923,-0.2657801,-0.004080866,-0.14037542,0.052325662,-0.1418262,-0.05923157,-0.11800563,0.26388332,-0.12277974,-0.07292666,-0.10137232,-0.06731471,-0.09633949,0.0071814847,-0.06809792,-0.13942578,0.08992678,0.20311469,-0.047787454,0.024534363,-0.011268854,-0.08368944,-0.080387525,-0.0037384944,-0.025307836,0.20193946,0.08856761,-0.13813579,-0.10842439,0.061185047,0.07709464,-0.0018250264,0.040705267,0.1061094,0.082761124,0.08884686,0.14673373,-0.0019247454,0.10254326,0.22885491,0.19982295,0.33310395,-0.27771792,-0.096760914,0.1061197,0.12706041,0.17585385,0.103415444,0.21308231,0.03727668,0.20206834,0.043611284,-0.008999529,-0.10099998,-0.08274899
TCGA-55-8090-01,-0.10601824,-0.11504383,0.15189992,-0.14649291,0.084417894,-0.063303135,-0.026248012,0.12270857,-0.19071808,-0.34799266,0.055613108,0.09285326,-0.06380815,-0.057587948,0.006623324,-0.0022271536,-0.17736444,-0.054683976,0.025400665,-0.059870016,-0.15150467,-0.1122632,0.09626031,0.033082522,-0.31490824,0.06846974,0.087158784,-0.12801686,0.077799805,-0.014461212,0.05087469,0.055188518,0.03648379,-0.10765131,0.20821244,0.016189015,-0.23273872,-0.093616314,-0.14639147,-0.023719486,-0.004090062,0.024821071,0.040965427,0.07752567,0.027849209,-0.048762098,-0.16935991,0.096881986,0.1559611,0.058064774,0.3572155,0.087833665,-0.13032624,-0.014239635,0.06864313,0.005937063,0.09084356,0.13600233,0.15035246,0.22196558,0.0069361725,0.14047149,-0.085670725,-0.03824354
TCGA-NJ-A55A-01,0.12583238,-0.1147125,0.07565636,0.029607955,0.21142381,-0.098272376,-0.02908128,0.04183438,-0.07729131,-0.12340981,0.040050417,0.08374555,-0.004465884,0.017650194,-0.009519511,0.1457032,-0.34413162,-0.086644344,0.0017838783,0.11336225,-0.14496297,-0.37393314,0.10647859,0.2694608,0.042090837,0.0008301189,0.093392015,-0.12772752,0.079140864,-0.15720317,-0.07388656,0.053607795,-0.2380965,-0.06245797,0.058754344,0.012016699,-0.11174378,-0.098246455,-0.080743775,-0.06264228,0.03457708,0.10266143,-0.17253545,-0.013045901,-0.009663984,-0.0017407222,-0.18055952,0.09385397,0.118806176,-0.22665732,0.09282674,0.058634132,-0.14746253,0.08663083,0.068328604,-0.059019957,0.1607922,0.10585572,0.15688568,0.10557195,0.069402166,-0.030408755,-0.14302377,0.11125006
TCGA-S2-AA1A-01,-0.030004088,-0.012838114,0.07895392,0.0071086218,0.27919495,-0.059739586,0.06770465,0.0043275193,0.12517224,-0.21732748,0.0018281267,-0.138355,0.038660076,-0.11791885,-0.14127281,0.030412689,-0.27235377,-0.055552952,-0.27516216,-0.24969764,-0.06948301,-0.08334722,0.17022981,0.10234823,-0.05289727,0.07270621,0.0013050118,0.10944166,0.013093926,-0.071143605,-0.01715498,-0.23628928,0.16821858,0.12465967,0.052385043,0.09259253,-0.00794272,0.03145963,0.037948314,0.06837191,0.0512035,-0.044451334,-0.21819448,0.034503896,0.08911534,-0.0045268447,0.05504724,0.016430505,0.248663,0.016522367,0.31373158,-0.06502826,-0.09281797,0.14262974,0.04078492,0.20134874,0.004280566,0.14015688,0.15868302,0.021732183,0.071301155,0.120474264,-0.10259526,-0.043347944
TCGA-95-A4VK-01,0.097137935,-0.05160722,0.11341371,0.107891545,0.009150088,-0.0529257,-0.1112043,0.11237364,0.14533362,-0.1035564,-0.03848174,-0.073388904,-0.08236926,-0.1608718,-0.025085626,0.20286591,-0.20536332,-0.12143523,0.0073105097,0.09123953,-0.1256794,-0.20299889,0.0861509,0.14726517,0.19273669,-0.08511491,0.1290122,-0.108109415,0.008100398,-0.20628439,-0.042498633,0.10752612,0.026421685,-0.124302134,0.063147575,0.058356725,-0.13206044,-0.2137691,-0.079796314,0.17103368,0.025777431,0.10968763,0.010187877,0.0053743413,0.08111586,0.1656202,-0.09403821,0.21015948,0.14598748,-0.19257142,0.008044977,-0.13596871,-0.19506706,0.21946794,0.07105931,0.040985864,0.105469055,0.22772914,0.15705363,0.2020293,0.05619524,-0.10133588,-0.090802684,-0.0073970533
TCGA-78-7536-01,-0.049658485,-0.10508735,-0.11088303,-0.2184792,-0.22070795,-0.10267073,-0.063885875,-0.12236679,-0.15682043,0.13015261,-0.010732446,-0.09024706,-0.01983092,0.05258676,-0.1251394,-0.14832544,0.24893971,-0.07681919,-0.29364276,-0.23082244,-0.047039095,0.008294467,-0.10644101,-0.103222005,0.23647791,-0.08724115,-0.1564099,0.048426934,0.050495606,0.0019981402,0.05962051,-0.05442795,0.1358507,0.0061335727,-0.036997586,0.04005962,0.1432449,-0.20033623,-0.099892065,-0.010730556,-0.05893809,0.047239084,0.10412923,-0.14417562,0.02837806,-0.22860813,0.022210091,-0.1559088,0.09884987,0.1336135,0.08891791,0.08391543,-0.09049274,-0.11269517,0.08303018,0.12806499,0.041936778,-0.07556403,-0.0024988572,-0.04138773,0.13028967,0.005973647,-0.067115545,-0.31876543
TCGA-05-4418-01,-0.0962787,-0.0013428564,0.028915243,0.057605833,0.024527527,-0.0011564426,-0.08984817,-0.14326985,0.26801008,-0.03412838,-0.048670515,-0.24467523,-0.03569854,-0.00024507966,-0.10514711,0.04308308,-0.38533667,-0.09239275,-0.24700534,-0.014896566,-0.02052062,-0.08865523,0.09881611,0.116335675,-0.0132766785,-0.06726302,0.031975884,-0.056153946,0.15798919,-0.058009997,-0.022674153,0.060304917,-0.38825816,-0.073992975,-0.11523456,-0.06605203,-0.04263217,-0.13753533,-0.09887122,0.005281178,0.07416572,0.0887616,-0.31257275,-0.0013514361,0.094154306,0.028663548,0.0923708,0.026066903,0.006615988,-0.017780438,-0.06918334,-0.060912695,-0.05265651,-0.2188011,0.10802383,0.004902187,0.15105999,0.006644173,-0.054472458,-0.04249601,0.10141937,-0.18678941,-0.13604374,-0.140975
TCGA-50-6673-01,0.01853501,-0.08215235,0.079954855,-0.16767053,-0.27523127,-0.10986316,-0.07727264,-0.18416427,-0.08607331,-0.14495003,-0.052313525,-0.14226821,-0.10274472,0.042365838,-0.13667177,-0.19179706,0.061564192,-0.082358725,-0.1424965,-0.1474286,-0.10245361,-0.004951161,-0.10246966,0.18628147,0.11204789,-0.2021382,0.01186384,-0.04501956,0.09902864,-0.101587616,0.09435557,0.065258294,-0.07561149,-0.050797228,0.085557185,-0.023382667,0.06410776,-0.25222763,0.08824649,0.09087393,0.14646064,0.08984055,0.061259214,-0.17516583,0.0239986,-0.23852529,-0.04440855,0.08338684,0.14940874,0.25136924,0.16709869,0.20664491,-0.11523291,-0.09600238,0.06491782,0.14019647,0.026566975,0.12088234,0.18236533,0.09481378,0.090220235,-0.059901617,-0.098754145,-0.049372844
TCGA-50-5944-01,0.1846966,-0.24684973,0.043311626,-0.13332248,0.13587353,-0.08354957,-0.004549158,-0.027812622,0.11401184,0.16562948,-0.07672495,-0.14933652,-0.095539145,-0.060149956,-0.08516681,0.21600667,-0.3017008,-0.046146497,-0.28860247,-0.31322235,-0.1041132,-0.007072423,0.11966936,0.08685213,-0.067838505,-0.055874687,-0.014143105,-0.00017914541,-0.018007718,-0.056387614,0.022459973,0.15092747,-0.089719705,0.009350434,-0.0797779,-0.07723176,-0.087638125,-0.18928745,-0.17940962,-0.034228332,0.038887866,0.05696807,-0.20720333,0.011222062,0.068428405,0.105009325,-0.037903905,0.064059,0.07605551,-0.047718715,-0.040482406,-0.08325642,-0.135484,-0.03742737,-0.031330757,0.124630086,-0.009535544,0.07395497,0.025725225,-0.11667265,0.08577017,0.23159552,-0.07829243,-0.27478534
TCGA-78-7145-01,-0.1640681,-0.21387064,-0.051343862,-0.06210421,0.03416117,-0.086604215,-0.028338412,0.15962753,-0.023326991,0.21155807,-0.049133282,-0.24253906,-0.15286559,-0.08029432,-0.13004607,0.20611402,-0.1872188,-0.09870701,-0.2814832,-0.2580678,-0.04356681,-0.024446616,-0.010671657,-0.007869646,0.13856994,-0.01877976,-0.050667305,0.1019107,-0.017271647,-0.03814053,0.03859244,0.06822846,-0.1267979,-0.06666983,-0.17762719,0.055056497,-0.13067062,-0.2056712,-0.2511162,0.07154215,-0.07480835,0.0712153,-0.034075875,0.024065267,0.09021323,0.16685723,0.02682874,-0.000583925,0.07704178,-0.122979514,-0.14351949,-0.117240444,-0.029735293,0.103785045,0.014423511,0.13282813,0.119839095,-0.0044817613,-0.026505034,-0.035258062,0.04649242,0.10047568,-0.08810535,-0.32159266
TCGA-50-5936-01,-0.16221118,0.05751621,0.040116627,-0.1731705,-0.2393776,-0.04108909,-0.05558525,-0.13792199,0.042744424,-0.17604885,0.040053513,-0.17112656,0.041965134,0.10696115,0.0023250266,-0.20187858,0.04686482,-0.15162349,-0.13735083,0.0005847133,-0.091216266,-0.22972289,-0.062391154,0.063672975,-0.24065742,0.10776574,0.08996633,-0.26376373,0.146841,0.031366237,-0.0039238525,0.11511605,-0.3385295,-0.04935028,0.08374152,-0.05250157,-0.10276115,-0.26847485,-0.08488861,0.015093363,0.036189448,0.08403562,-0.028099671,0.1042448,0.0275582,-0.03542371,-0.08705137,0.008602919,0.07069824,0.106646,0.26286498,-0.02717308,-0.049026318,-0.120199844,0.105981424,0.018109689,0.10558629,0.083405055,0.022024788,0.0992212,0.042348154,-0.12315701,-0.0736769,-0.17858386
TCGA-50-5933-01,0.11657965,0.04045538,0.07966239,-0.047897395,-0.029176058,-0.12491795,-0.19831003,-0.12529203,0.022959152,0.019973772,-0.12945944,-0.20393209,-0.04090859,-0.14373676,-0.08025772,-0.09000225,0.06619932,-0.11593764,-0.28492597,-0.16743593,-0.01770972,0.3595199,-0.0674494,-0.015264325,0.044162087,-0.16275981,0.12135367,-0.08855688,0.09849918,-0.011430007,0.0023259614,0.10202683,-0.04123163,-0.113987505,-0.1786537,-0.14335659,0.2324292,-0.1851458,-0.013977488,0.033005487,0.12630162,0.11930953,-0.07932977,-0.16033292,0.12307657,-0.058032155,-0.11336995,0.0073324847,0.0019830128,0.10415724,-0.08431461,-0.028677445,-0.08033013,-0.23592272,0.040348217,0.0881688,0.05081352,0.06780917,0.08758251,-0.19339502,0.09115022,-0.08647416,-0.13712059,-0.21990041
TCGA-86-7954-01,0.13974346,0.08130213,0.14802727,0.03190852,0.50514376,-0.07183047,0.007066253,0.093799226,0.16665058,-0.01265418,-0.11530771,0.032704536,-0.14308462,-0.20979117,-0.09417983,0.01736667,-0.120074004,0.04774243,0.034098297,-0.1413409,-0.10755204,0.032532357,0.08700952,0.031143786,-0.006043132,-0.013050281,0.113561764,0.15054545,0.123739384,-0.08836822,0.17118576,0.03348571,0.20590436,0.11396255,-0.08617365,0.017796138,0.13741675,0.08248753,-0.16496237,0.077802345,0.15077835,-0.03718143,-0.25602058,-0.0041353786,0.078977145,-0.020544205,-0.07515619,0.1162564,0.1342173,-0.015588994,0.068675295,-0.019250758,-0.09794844,0.15991151,-0.008093365,0.046369474,-0.061892107,0.16532682,0.11386828,-0.106783256,0.050322976,0.22418483,-0.034219768,0.09837846
TCGA-86-8359-01,0.27264664,-0.060750667,0.16350013,-0.13288583,0.040589374,-0.21615142,-0.028082395,0.28477445,-0.13983087,-0.0049507157,-0.00039047346,-0.005382056,-0.106060944,-0.26005214,-0.119309396,0.14884499,0.049767137,-0.124665715,-0.08337482,-0.19002892,-0.17573482,-0.0022499482,-0.04843336,-0.0013797234,0.09366781,-0.059528805,-0.11964465,0.08732456,-0.20886947,-0.10997952,0.12867944,0.077669695,0.23932841,-0.07328307,-0.00052181224,0.124020614,-0.046448275,-0.07710934,-0.1484723,0.06823944,-0.009709866,0.09948019,0.08217891,0.053491887,0.048026275,0.10052703,-0.11153929,0.053286195,0.18416509,-0.12692581,0.03256356,-0.018046241,-0.23410042,0.105210535,0.03028916,0.1649132,0.02412449,0.16966122,0.11952946,0.024345752,0.07903567,0.17144434,-0.1307814,-0.055209916
TCGA-69-7974-01,-0.30779064,-0.06573727,-0.015943663,-0.12791955,-0.2163982,-0.012277332,-0.08174085,0.014601838,0.011748038,-0.19394878,-0.04903012,-0.20681752,-0.07784851,0.03924624,-0.082965665,-0.3170363,-0.0065579303,-0.044192772,-0.13971673,-0.111690916,-0.030494723,-0.16798554,-0.017308017,-0.06895904,0.0147719495,0.014179073,-0.01255087,-0.092969015,0.32627967,0.005781092,0.011389803,0.02359134,-0.22242083,-0.01931133,-0.047449846,-0.04157667,-0.05154172,-0.14702569,-0.008457335,0.03175446,0.05749487,0.041763853,0.06417984,-0.050266627,0.10110635,-0.22186743,0.03862482,0.02820737,0.11351772,0.30517843,0.24961993,0.040563647,-0.055316787,-0.054685112,0.09695577,0.07690322,0.06436709,0.10334683,0.045983672,0.14569607,0.07701961,-0.076962024,-0.07750756,-0.21898481
TCGA-17-Z051-01,-0.061966024,-0.09878625,-0.043378226,-0.1319609,0.07653854,-0.062740766,0.089276046,0.011303958,-0.36780667,0.14253923,0.053768173,0.13396645,0.034080144,-0.00984394,-0.0068307198,0.12176022,0.16129778,0.06022515,-0.010211394,-0.15835023,0.000643708,0.20664172,-0.2525357,-0.14497763,-0.038319975,0.061167285,-0.26132983,0.07469153,-0.14824717,0.11948131,0.07362861,0.14617589,-0.043614075,0.02558476,0.028555479,0.1353295,0.04164488,0.029755808,0.076130934,-0.14187568,-0.06921449,-0.07113034,0.2627762,-0.027650503,-0.027480034,0.08581164,0.115410864,-0.21480018,-0.04611305,-0.025254143,0.06762412,0.37275234,0.056340605,-0.0025931988,0.025651624,-0.057518534,-0.053934004,-0.08180383,-0.18236795,-0.13370204,0.027121311,0.08847207,0.00748104,-0.109308146
TCGA-05-4402-01,-0.28818622,-0.0440058,-0.007836003,-0.08839584,0.18982786,-0.063058324,-0.062452897,0.049343858,-0.06309109,0.07277164,-0.032527775,-0.07750356,-0.2195242,-0.23798303,-0.17005844,0.016333923,-0.22140202,-0.028928421,-0.22928506,-0.1198101,-0.043987125,-0.17404824,0.110660136,-0.05629854,0.18785927,-0.060716614,0.040444423,0.17332672,0.08441421,-0.04856113,0.16153225,0.103725724,-0.12932146,-0.079449065,-0.24645469,0.10820665,0.07473983,0.05133484,-0.26770735,0.122574024,0.08283636,0.06723595,-0.13763425,0.02215196,0.19021511,-0.17739634,-0.016740337,-0.011003533,0.056325722,-0.11730281,-0.13906842,0.01403249,-0.097299136,0.13723947,0.020368684,0.08183598,0.11005477,0.009432746,-0.026860459,-0.035401717,0.098549925,-0.036515664,-0.1793582,-0.10237122
TCGA-L4-A4E5-01,0.24935484,-0.008255875,0.06759554,-0.22838722,-0.21523869,-0.098013125,-0.0048450856,-0.21760705,0.09804572,-0.02712874,-0.0402751,-0.14884336,-0.0023330667,-0.030068472,-0.08602942,-0.1316968,0.20191455,-0.07865392,-0.25058505,-0.16064054,-0.10602305,-0.22008817,0.042815797,0.10680753,0.15740618,-0.08479627,0.12095045,-0.08958677,-0.042949114,-0.09627151,-0.01903239,0.06306436,-0.12352534,-0.034772094,0.0916293,-0.046110988,0.08423127,-0.16109914,0.09019206,0.07507997,0.10944686,0.09503857,0.084719226,0.009562362,0.08916788,-0.042537563,-0.013975597,0.032663118,0.14301525,0.19045623,0.20019932,-0.11768599,-0.2615638,-0.07629327,0.01061221,0.23863316,-0.04381928,0.17765543,0.09461214,0.0988417,0.0806578,-0.012734033,-0.15307257,-0.044941846
TCGA-17-Z020-01,-0.052561007,-0.04774975,-0.03009354,-0.2764561,-0.04415488,-0.065221824,0.22151388,0.018321572,-0.06250442,-0.03616152,0.13484077,0.04531693,0.12950763,-0.0125716245,-0.041913934,-0.0023245153,0.2387695,-0.109770715,0.041514777,-0.044996377,-0.07465814,0.015392282,-0.031935677,-0.13542664,-0.12347576,0.11104694,-0.17086045,0.08138066,-0.21275222,0.094241016,0.16655314,0.09394443,0.06575467,0.06401978,0.16759,0.18605486,0.029923188,0.051937018,0.042890072,-0.04279371,-0.18572028,-0.09422302,0.20953102,0.08410347,-0.12585555,0.11722854,0.21447879,-0.26352084,0.078626946,0.036340233,0.33889738,-0.07766158,0.07261775,0.046225566,0.030670512,0.09135403,0.024377473,-0.07299417,-0.16833262,0.18332016,-0.016700536,0.14535543,-0.037287563,0.1108324
TCGA-86-A4D0-01,0.18214475,0.17264515,0.15436614,-0.17263067,-0.024617651,-0.15088193,-0.042292904,-0.02531648,-0.037667695,-0.2104343,0.05008646,-0.14604776,0.07474159,-0.20144106,0.0056140875,-0.057047978,0.12669344,-0.097178,-0.018995473,0.08358411,-0.11547328,-0.009373477,0.012976544,0.08939827,-0.047328986,0.03915192,0.28825584,-0.19507635,0.069902234,-0.09616973,0.020669404,0.16208605,0.14758903,-0.07176024,0.107651375,-0.15793335,0.17679143,-0.0853368,-0.013894203,0.061665915,0.022985578,0.13642907,0.09258449,0.09981893,0.0068195257,-0.040164642,-0.10521855,0.039599508,0.0920882,0.09088693,0.35364196,0.073792815,-0.13874604,-0.1593338,0.0101317065,0.11234582,0.064687416,0.0847304,0.22709623,0.21818279,0.039049406,-0.012810317,-0.09512722,0.18589137
TCGA-86-8358-01,0.23078825,0.08303515,0.12595642,-0.113170534,-0.022572456,-0.122880824,-0.07098707,-0.19901326,0.15919797,-0.22523952,-0.09067118,-0.14898223,0.024778998,-0.11621909,-0.056458905,-0.18147263,0.20362853,-0.03072777,-0.13525978,-0.15644285,-0.07410566,0.08947078,-0.0022452471,0.06369969,-0.010644235,-0.029427158,0.12559171,-0.08124394,0.09082737,-0.050411604,0.078508556,-0.044139955,0.09994038,-0.023015978,0.13529079,-0.13901211,0.14941773,-0.10562707,0.18825832,0.024187917,0.07544655,0.039669354,0.023081375,0.0019557793,0.08728714,0.0307494,-0.028301047,0.017203784,0.13445659,0.3040302,0.36809048,-0.08385361,-0.17148723,-0.19746494,0.033466123,0.17288253,-0.049888406,0.14919645,0.06793082,0.110637195,0.07510048,0.008455035,-0.09013872,0.078638196
TCGA-97-A4LX-01,0.20658752,-0.24564396,0.11916011,-0.17165472,-0.10300055,-0.12436768,-0.041836597,0.014910169,-0.08921891,-0.107469134,-0.03624493,-0.032471325,-0.05140271,-0.22719905,-0.038553055,0.025255967,0.013239493,-0.1001213,-0.054497834,-0.09919424,-0.11690781,-0.15033023,0.16923702,0.07187912,-0.07581876,-0.103175,0.32082143,-0.082665026,0.022674825,-0.08946127,-0.010504261,0.09564398,-0.10969285,-0.11713692,0.1667749,-0.02751686,-0.07256951,-0.12682101,-0.029357957,-0.053869795,-0.003483485,0.14096315,0.13674976,0.0017390489,0.06327956,0.11116643,-0.11764188,0.117823966,0.15595706,0.095952205,0.22369634,-0.16821486,-0.19296393,-0.018805295,0.0053140386,0.13311563,0.13195816,0.1758206,0.046584878,0.27874365,0.037458174,0.13458896,-0.17353067,0.053435706
TCGA-44-8120-01,-0.003899054,0.11992604,0.118804686,-0.027471729,0.056090873,-0.104474954,-0.086721264,-0.11392237,-0.17101091,-0.234401,0.039346933,-0.074225076,0.17144367,-0.10872531,-0.023049608,-0.16212814,0.1277432,0.003116813,-0.010531593,-0.1123235,-0.089338265,-0.105226226,-0.15479118,0.12450505,0.07127727,-0.023113709,0.24698468,-0.081851736,0.02212356,-0.033875305,-0.12033548,-0.15141146,0.126408,0.023681106,0.12113654,-0.0491639,0.14724442,-0.14283365,0.07751186,0.13010153,0.09999911,0.100225195,0.040656183,0.07721117,0.07117779,-0.13829133,-0.0556752,0.11889652,0.1177989,-0.009530749,0.25524652,0.32692122,-0.1832177,-0.1893607,0.021439953,0.07171744,-0.06058999,0.1318363,0.3385127,0.067080826,0.07934451,-0.014797505,-0.020762796,0.033447098
TCGA-78-7150-01,0.275534,0.09132173,-0.004980798,-0.15750551,0.09314282,-0.0120732505,0.009420906,-0.23400907,0.20097439,0.21980242,-0.06935518,-0.12054303,0.048270855,0.0059746746,-0.08436151,0.027130827,-0.09666882,-0.12793237,-0.30087915,-0.03569528,0.00827732,0.06311141,0.23427206,0.08898441,-0.16862814,-0.047980525,0.08349546,-0.12819518,0.088791616,0.0163306,-0.03556811,0.08095181,-0.24727513,-0.020807141,0.018919678,-0.07203575,0.17675954,0.002790255,-0.13739358,-0.073401384,0.0502033,0.029138254,-0.40747508,-0.13650338,0.028771548,0.02380719,-0.043910556,-0.002929276,0.0059979386,-0.10263454,-0.073163554,-0.19983079,-0.064935155,-0.13054307,-0.028324999,0.052530214,0.06593547,0.009443204,-0.013216791,-0.12147241,0.10428707,0.060552884,-0.12380388,-0.102824196
TCGA-44-A47A-01,-0.16272445,-0.10215325,0.07384007,0.058269184,-0.033926874,-0.09586795,-0.11281206,0.3885707,0.13836949,-0.16957253,-0.092721745,-0.17138956,-0.17122547,-0.17142355,-0.13503733,-0.06205695,-0.13225488,0.027969074,-0.05227596,-0.13680598,-0.06674498,-0.11025291,-0.03923566,-0.15402734,0.2096216,0.027196974,-0.037208095,0.015089634,0.3072331,-0.08925791,-0.00039031895,0.0019212574,0.08959413,-0.009894181,-0.11740601,-0.013927606,-0.02398772,-0.0439235,-0.025556708,0.11428808,0.07261299,0.01600721,0.0852799,-0.005391665,0.16721825,-0.0961175,0.023958055,0.09762259,0.21931984,0.22978444,0.18171442,0.030260684,-0.12544556,0.123570174,0.11825382,0.047877595,0.06517948,0.17552903,0.15134607,0.10206267,0.09842945,0.0048519108,-0.06798219,-0.1413274
TCGA-55-6975-01,0.27749172,0.14153665,0.10369509,-0.28270996,-0.11510397,-0.12708981,-0.04466973,-0.22213498,-0.090343654,0.018440466,0.030513998,-0.15294772,0.10378591,0.004419346,-0.03873684,0.014081665,0.047222298,-0.122491576,-0.23319143,-0.043835413,-0.045393247,-0.0036241042,-0.010705821,0.083046995,-0.05623432,0.02187463,-0.022086583,-0.2532589,-0.099149056,-0.04671372,-0.029916406,0.17766166,-0.11922325,-0.17444032,0.07740115,-0.1591797,0.07686479,-0.08287442,-0.0061515225,0.008682449,0.047356974,0.15061945,-0.06866979,0.1285971,0.039661124,-0.049445298,-0.086719684,-0.013488483,-0.012191223,0.04531298,0.020567365,0.1591603,-0.1858751,-0.43004617,0.017848836,0.11327138,-0.05767921,0.020028783,0.09435382,-0.07116278,0.116279885,-0.07538801,-0.156669,-0.14855796
TCGA-49-4486-01,0.047413554,0.01265947,0.034238946,0.0048703845,0.37948605,-0.008628396,0.0645127,-0.32569665,0.09146975,0.13495865,-0.0057288366,-0.06611811,0.15633829,0.034480598,-0.08165783,0.050640464,-0.13306075,-0.108672775,-0.17931168,-0.0870751,-0.0018885258,-0.09288343,0.19630808,0.12239613,-0.055863343,-0.046157368,0.07483262,0.0693593,-0.12425049,-0.006360821,-0.07625548,-0.082185745,-0.3011307,0.004865539,-0.02379393,0.10375108,0.08957036,0.061051976,-0.047999687,-0.021175198,0.03689996,0.030723149,-0.37934655,-0.0121608935,0.036539868,0.1811093,0.06423034,-0.055100698,0.037772264,-0.28231457,-0.13491763,-0.15676844,-0.048007905,0.02837317,-0.028090049,0.0988222,0.014853726,-0.005255106,-0.048709944,-0.18631893,0.057540726,0.082716495,-0.10371141,0.033280432
TCGA-75-7031-01,0.18834844,0.007933265,0.10252312,-0.15345556,-0.011229751,-0.10986031,-0.047176905,-0.10826102,0.22622974,-0.006774779,-0.13822666,-0.31916022,0.032136157,-0.05979798,-0.10237984,-0.034185,-0.06458953,-0.10254165,-0.2867502,-0.1837817,-0.027627235,0.26015943,0.12533544,-0.011160587,-0.11431767,-0.070358336,-0.07476987,-0.11869443,0.08652074,-0.028926866,0.016130198,0.1171164,-0.07320443,-0.07512434,-0.10651631,-0.16747603,0.095236994,-0.08675911,0.041883826,-0.060130198,0.069395415,0.09398939,-0.21454492,-0.080763236,0.09010354,0.03529386,0.044994902,0.011422848,0.038505785,0.2017138,0.018348768,-0.07925818,-0.07957233,-0.3362931,0.058464985,0.14249244,-0.004217015,0.06392027,0.013950556,-0.10682085,0.1306033,0.018858472,-0.105078995,-0.23378792
TCGA-05-5428-01,-0.12275147,-0.12944615,0.025619444,-0.042503987,0.10384201,-0.040053777,-0.007340398,-0.015528255,0.20947951,0.13962702,-0.14941274,-0.14120382,-0.24913593,-0.15512137,-0.20052531,0.19931753,-0.30053824,-0.024419071,-0.2966791,-0.21318619,-0.02958959,0.21790676,0.15443103,0.0089609185,0.100030564,-0.15243886,0.035137117,0.20163567,0.024771523,-0.069694564,0.107438184,0.11016198,0.02638762,-0.03821064,-0.1696987,-0.006494983,0.089117505,-0.034142375,-0.14068395,0.17670281,0.078317486,-0.0005904607,-0.1750844,-0.08484206,0.14571312,0.05297963,0.08151848,0.026615214,0.094122544,-0.0015809981,-0.12870269,-0.1448619,-0.007686566,-0.009668969,0.022172583,0.16914466,0.031564947,0.02138603,0.01867809,-0.07748031,0.03577305,0.070242494,-0.10845819,-0.11142164
TCGA-55-A48Z-01,-0.16095804,0.0076607103,0.11979882,-0.09221107,-0.048132826,-0.04595632,-0.018730963,-0.075354405,0.20334709,-0.16296794,-0.20194179,-0.25812402,0.036386244,-0.127823,-0.19395499,-0.22124188,0.14544365,-0.15082528,-0.07535365,-0.08999962,-0.016491853,0.21129616,0.26175198,-0.085590355,-0.037689403,-0.10790693,-0.10430323,0.06645169,0.10535662,-0.051302217,0.048087317,-0.07556059,0.021981722,-0.104262106,-0.021285398,0.095041394,0.020003367,0.04101309,0.11669501,0.09751781,0.111010514,0.031045774,-0.049754906,-0.21088636,0.10994826,-0.01596577,0.1716225,0.08435438,0.15453355,0.25623587,0.008124316,-0.2187139,-0.07059585,-0.057869513,0.13539433,0.18159589,0.029271208,0.14270914,-0.058238003,0.10177716,0.110406905,-0.015926927,-0.10771284,-0.146035
TCGA-86-8672-01,-0.068574354,-0.0677056,0.09219617,-0.1483363,-0.19297908,-0.14983682,-0.08611407,0.012820793,-0.2701396,-0.31436405,0.014775371,-0.054580376,-0.028990217,-0.085981876,-0.061580446,-0.21460453,0.14168017,-0.07253438,0.040666994,-0.03811959,-0.13002667,0.01824919,-0.05948351,0.06334538,-0.10219762,-0.039881583,0.079117045,-0.112583205,0.089198984,-0.023505097,-0.001265123,0.03805392,0.039269973,-0.0962997,0.16300169,-0.011847521,-0.0018983562,-0.122855425,0.09302134,0.040113535,0.021013914,0.109929465,0.17230012,-0.08320481,0.015717972,-0.14153628,-0.09444924,0.1129581,0.15975316,0.20959742,0.35436505,0.14074516,-0.067814186,0.007195437,0.07251294,0.10541859,0.081676416,0.15916774,0.2686395,0.24693266,0.07387783,0.019042972,-0.05973223,0.036384404
TCGA-86-8074-01,0.041071024,0.08931822,0.15629263,-0.15065224,-0.07250751,-0.05843139,-0.01581443,-0.17512965,-0.058447033,-0.3305661,-0.042982493,0.04399875,0.07522054,0.03582404,-0.10818229,-0.22285011,0.14627258,-0.030621894,-0.08552758,-0.14447379,-0.07112501,-0.037222117,0.05390265,0.05681132,-0.18328528,-0.00035937506,-0.038427904,-0.06237302,-0.06100283,-0.024613818,-0.06996532,-0.1798078,0.034017906,0.0012479783,0.24182287,-0.018399753,-0.05312276,-0.00017584531,0.20987153,0.058852207,0.10818161,0.0051590395,0.023023384,0.03260907,0.09446961,-0.07022662,-0.03265849,0.05630734,0.19810686,0.18917185,0.3817143,0.026509212,-0.18019457,-0.11433571,0.04440033,0.21769528,-0.12790956,0.21284549,0.1648152,0.09601284,0.08495677,0.08757535,-0.06274514,0.016921274
TCGA-17-Z003-01,-0.052742723,-0.0895244,-0.04533802,-0.1327414,0.06345134,-0.056589946,0.083001114,-0.0048377537,-0.36715484,0.14995342,0.05102878,0.12490589,0.037243083,0.003122841,-0.006475963,0.10666859,0.1815556,0.06565339,-0.016996095,-0.16049658,0.0091860825,0.20955361,-0.25556502,-0.14885442,-0.025406044,0.056464743,-0.2564361,0.07306307,-0.14106438,0.1166325,0.06608081,0.1422768,-0.03678831,0.01839478,0.029655475,0.13070087,0.049259976,0.023091508,0.07965602,-0.13880922,-0.06332193,-0.07076093,0.26626307,-0.028301124,-0.02258037,0.07249608,0.122882135,-0.2153482,-0.05383054,-0.01086098,0.056753244,0.3755697,0.048678447,-0.019954618,0.024306856,-0.05283932,-0.066434495,-0.09088141,-0.18840054,-0.13692254,0.028355535,0.07908841,0.0146161225,-0.12423623
TCGA-50-6595-01,0.11478525,-0.065102436,0.009623308,0.0074954303,0.15084952,0.004671473,0.012296454,-0.16601045,0.2394634,0.036400683,-0.022024518,-0.23099875,0.19196974,0.025779314,-0.024982935,0.004551295,-0.14602959,-0.10335213,-0.13581586,-0.07504105,-0.03832451,-0.21013738,0.28594032,0.18548776,-0.0805999,-0.0892778,0.24816339,-0.08159354,-0.0027087212,-0.023951108,-0.1263862,-0.20936371,-0.16009273,0.040898338,0.056378603,-0.062173344,-0.05471576,-0.15781385,-0.07563889,-0.05950213,-0.026079636,0.08631095,-0.25936103,-0.07172972,-0.033633363,0.1497211,-0.018675294,0.061982222,0.11069277,-0.1732121,0.07916948,-0.35638484,-0.038316507,0.13263048,-0.008150871,0.06557406,0.14357537,0.03151462,-0.014095451,0.088395126,0.042479705,0.09698428,-0.025469491,-0.008594842
TCGA-05-4389-01,0.29588553,-0.119114056,0.02412422,-0.27387813,-0.05424519,-0.13245013,-0.0011296165,-0.27549544,-0.10462493,0.15905935,-0.026131663,-0.109984495,-0.1037485,-0.059902288,-0.13552867,0.11224146,0.09301466,-0.13498749,-0.34529042,-0.23397754,-0.06583345,-0.021005057,-0.065874696,0.102432534,0.12572382,-0.059133418,-0.03793017,-0.017601054,-0.16824754,-0.11744439,0.14374596,0.19492823,0.020440552,-0.09340549,0.095820345,0.07798319,0.055407673,-0.14554077,-0.06950421,0.06685928,0.021741716,0.07428563,-0.08921372,0.010637574,0.027395977,-0.05337318,-0.07017713,-0.041746106,0.07553884,0.09562918,-0.016566124,0.01480105,-0.1771154,-0.03664604,-0.023190046,0.2488628,-0.02261275,0.058289155,0.028387189,-0.10147139,0.10852118,0.091233134,-0.18259701,-0.1685548
TCGA-69-8253-01,-0.045326438,-0.04044076,0.12662923,0.017014047,0.22855265,-0.09994738,0.019007396,0.22131959,0.19058801,-0.30073294,-0.017898154,-0.18716833,0.024412071,-0.14330512,-0.059370887,0.092934966,-0.32090047,0.020268202,-0.17465338,-0.2567414,-0.121223256,-0.049360607,0.09534442,0.032037005,-0.09864842,0.090500005,-0.011638542,0.06712537,0.05230835,-0.05483697,-0.0139232995,-0.12115567,0.16094945,0.07693822,-0.037253838,-0.09308297,-0.14087503,-0.07798858,-0.0007920147,0.015074246,0.034287088,0.012374348,-0.0637127,0.1490135,0.117342934,0.090400405,0.07209354,0.059107624,0.17276497,0.0717123,0.3355955,0.012414211,-0.11919787,-0.13455442,0.070545785,0.12842609,-0.008884129,0.12625147,0.1172915,0.12261677,0.06862912,0.08891816,-0.045557015,-0.12433049
TCGA-86-8073-01,-0.11536108,0.18698153,0.16120407,-0.10624853,-0.08443584,-0.14514877,-0.09890291,0.07555829,-0.27396706,-0.32271758,0.0021783668,0.07025209,0.0017698193,-0.06458811,-0.04566338,-0.02207855,0.041135646,-0.07923628,0.05710186,0.118723005,-0.1716495,0.16110161,-0.087656006,0.08331685,-0.105611816,0.034890078,-0.08811385,-0.21090266,-0.10403154,-0.090246245,0.026632475,0.11393371,0.06148146,-0.11796871,-0.08506359,-0.12878953,0.08369704,0.025048327,0.07767955,0.14008105,0.11673663,0.11239787,0.11349761,-0.029070606,0.03235828,-0.18380174,-0.23466891,0.10224576,0.061023183,0.011477394,0.17163095,0.22620392,-0.079687096,0.032951925,0.07436727,0.027394578,-0.0077747586,0.17494835,0.34371516,0.016037019,0.06808297,-0.099128775,-0.07210962,0.07182348
TCGA-86-8671-01,0.08171656,0.21412471,0.11535693,-0.10142962,0.22341117,-0.016676923,0.00046125724,-0.109596126,-0.056266688,-0.17473187,0.042269375,0.15898438,0.20667607,0.08787282,-0.0036838823,0.08859544,-0.1056298,-0.11840534,-0.028405627,0.17302366,-0.120669514,-0.10910475,0.30634874,0.097303,-0.2946212,0.09317777,0.0005486053,-0.17869145,-0.16613235,-0.029027833,-0.16747235,-0.09669008,0.20945571,-0.041641142,0.08176391,-0.05828221,-0.070317134,0.030486453,-0.100088105,-0.0006926009,0.04589494,0.072081946,-0.19986573,0.0052334415,-0.0568213,-0.1713712,-0.2113851,0.028110392,0.049039144,-0.20430571,0.2101466,-0.11727406,-0.13167836,0.0051900204,0.09358199,0.053375144,0.03197321,0.029777076,0.14510618,-0.0071660113,0.08837431,-0.011084114,-0.05432755,-0.04241852
TCGA-69-7764-01,0.22478473,0.036411427,0.044706326,-0.19491744,-0.25664082,-0.10771196,-0.05848944,-0.023820024,0.11120455,-0.026589008,-0.070192255,-0.20668225,-0.04177895,-0.047565207,-0.12451764,0.020924976,-0.08046029,-0.1385574,-0.26792625,-0.02296368,-0.115305156,-0.08666086,0.08583139,0.20663428,-0.0010812437,-0.048051268,0.09867634,-0.21419583,0.05146057,-0.1524709,-0.012096955,0.14781398,-0.20018856,-0.00944261,-0.044653688,-0.20925449,0.08935464,-0.20333225,0.029661506,0.03724081,0.045470573,0.15022032,-0.043642823,-0.073643245,0.08134316,-0.02287296,-0.06579942,0.123520665,0.087628536,0.06296216,0.2399587,-0.12487799,-0.1320333,-0.007889849,0.035028994,0.19849269,0.07158394,0.17188005,0.14457232,0.17046672,0.14685348,-0.07498422,-0.12406885,-0.070585124
TCGA-97-8174-01,-0.074602686,-0.004565355,0.16522509,-0.12800859,-0.017117523,-0.0837423,0.010186458,0.10124907,0.01873944,-0.21726891,0.061621487,-0.28193557,0.2171338,-0.11059012,-0.024354268,-0.06661017,-0.06291145,-0.07870438,0.035544682,-0.09006027,-0.10388956,-0.19179912,0.14973731,-0.024658693,0.13444683,-0.019000577,0.030706916,-0.10536077,-0.0068031126,-0.06841675,-0.12501533,-0.09806194,0.29026404,-0.09208972,0.068845436,-0.08013322,-0.026513373,-0.053346507,-0.021575043,0.14516653,0.014998922,0.13357556,0.08843574,0.108746335,0.0027641745,-0.16222943,0.080125764,0.13264793,0.18940344,0.085354514,0.17833835,0.18019731,-0.22459425,-0.19909489,0.06633036,0.08653187,0.005810559,0.066290006,0.2925509,0.24250942,0.08247439,0.0047069704,-0.055484325,-0.045388035
TCGA-93-A4JN-01,-0.10932627,0.0643342,0.027569363,-0.11033309,-0.07176335,-0.03782977,-0.021921746,-0.057603374,0.1425678,-0.18193239,-0.04369338,-0.161265,-0.15309677,-0.12167657,-0.103914835,-0.22290547,0.07790701,-0.03688585,-0.043771207,0.0014583443,-0.088760406,-0.18444976,0.039383333,0.024419107,0.12274391,0.036386594,0.15688418,-0.051467046,0.2620678,-0.112017535,0.10804131,0.11274892,0.0017734705,0.024932964,0.045142584,-0.013368152,0.1356056,-0.022877185,0.01525926,0.17665568,0.08473342,0.016610982,0.061723493,-0.0068082097,0.09861384,-0.17515108,0.023644652,0.093094066,0.18196914,0.2896678,0.3498029,-0.059563804,-0.08433873,0.21868801,0.022754269,0.14985785,0.019186834,0.19349095,0.16725573,0.23468247,0.056112956,-0.028586533,-0.08692488,0.10252297
TCGA-17-Z052-01,-0.05654901,-0.09407195,-0.042983044,-0.13190123,0.071267076,-0.063654564,0.08683893,0.011786884,-0.36927715,0.14534827,0.052225206,0.13200347,0.033645093,-0.004923425,-0.008608123,0.11826755,0.17364857,0.060495242,-0.013165111,-0.15430678,0.0017352535,0.20905462,-0.25583345,-0.1456197,-0.03405937,0.06306226,-0.26246497,0.07365461,-0.14770785,0.116264336,0.07059295,0.14578187,-0.039006263,0.025080655,0.021856658,0.13256273,0.046436865,0.030236047,0.077850536,-0.13961993,-0.06526591,-0.070288174,0.26249626,-0.029858517,-0.025918664,0.07738614,0.1114226,-0.21447654,-0.048529617,-0.020929025,0.06174855,0.3728325,0.05374107,-0.0033346142,0.027293142,-0.05602936,-0.056298085,-0.08572714,-0.1826566,-0.14017339,0.027315363,0.08425912,0.009122683,-0.11447021
TCGA-62-A46V-01,0.1983755,-0.06281783,0.06213949,-0.013552474,0.24939463,-0.020140994,0.011609851,-0.18047017,0.3748205,0.085435815,-0.028242469,-0.1693951,-0.034500096,-0.05103024,-0.03556122,0.18096274,-0.38772127,-0.042060625,-0.124814846,-0.027200915,-0.07014069,-0.06787711,0.23179393,0.16723113,0.041661806,-0.06767596,0.06655106,-0.023860328,0.05432814,-0.12981485,0.120730154,0.14216544,-0.14421238,-0.017741386,-0.0241047,-0.109595776,0.055013187,-0.0693776,-0.12893684,-0.007879048,0.05594608,0.047382656,-0.37266982,0.04225431,0.039638177,0.11315299,0.04460367,0.07906979,-0.0071695875,-0.108043954,-0.08889009,-0.072091654,-0.09662353,-0.18913041,0.0078031514,0.0039161732,0.03127459,0.0028409334,-0.010524303,0.0030643293,0.08021825,-0.024913842,-0.09974523,0.041362774
TCGA-55-8089-01,-0.120697126,0.056416444,0.07101248,-0.12032139,-0.00071934145,-0.13972056,-0.030880637,-0.013286967,-0.26201516,-0.284272,0.0932464,-0.011950654,-0.03935243,-0.096034706,-0.018425811,-0.10752621,0.08635939,-0.07513773,-0.010068354,-0.041201778,-0.17258936,-0.091598704,-0.23024562,0.10102411,-0.14772157,0.12995566,0.12774333,-0.13908446,0.006729684,-0.029993162,0.08399511,0.13873605,0.06961292,0.014397536,0.09530912,0.03215358,0.021392398,-0.14667253,-0.05089227,0.088785686,0.019301346,0.08256539,0.06618908,0.06997499,-0.013674619,-0.1274602,-0.16417296,0.056655,0.13520792,0.07279307,0.40938702,0.20466328,-0.029283762,0.18159865,0.06279305,0.05739446,0.074950166,0.174307,0.3301236,0.08653492,0.044608135,0.035260852,-0.036531042,0.036492545
TCGA-55-8619-01,-0.05739266,0.0031025081,0.066356465,0.004442976,0.367783,-0.06882014,0.049352612,-0.22632343,0.005569577,-0.31407413,0.123060666,0.08650176,0.1778456,-0.01512454,0.03758511,0.029539056,-0.1614308,-0.1206968,0.124131255,0.0413589,-0.13368228,-0.16923805,0.08102439,0.10404558,-0.14949399,0.03227657,0.10322352,-0.062212083,-0.1484582,0.01899413,0.0058237626,-0.15123247,0.13310066,-0.039571904,0.2665792,0.13066006,-0.09637768,-0.02462094,-0.011762282,0.016318174,-0.06780422,0.028942866,-0.15879185,0.072453745,-0.1424063,0.025878312,-0.09889275,-0.040578816,0.10654938,-0.1298775,0.32129136,-0.106784,-0.032582574,0.048620384,0.086098254,-0.02517506,0.111879945,0.070119165,0.1207374,0.11051083,0.017440991,0.0563235,-0.104743764,0.19827273
TCGA-97-8179-01,0.2084811,0.06157036,0.14671333,-0.05773996,0.10053907,-0.15694582,-0.06282003,0.16115259,0.0930033,-0.15984745,-0.05071709,-0.09442623,-0.15047845,-0.19014551,-0.10140462,0.06619556,-0.0023741599,-0.01881324,-0.18254226,-0.18311094,-0.10568548,0.09245157,-0.053279713,-0.007962961,0.114476845,0.052372705,-0.055059925,0.025504231,0.011002168,-0.13994396,0.1142348,0.06056794,0.40089378,0.0044669164,0.013422638,-0.07243269,0.08676843,-0.06096314,0.0329369,0.15939097,0.067287385,-0.010395075,0.048648577,0.12387675,0.13488501,-0.017044315,-0.09198862,0.0066850474,0.1903892,0.16462232,0.30631664,0.0047468413,-0.18993641,0.06909474,0.004778429,0.2237409,-0.09527092,0.16808745,0.20013508,0.02722356,0.07004223,0.07251743,-0.09271852,0.005995243
TCGA-78-7540-01,0.2019575,0.036936905,0.053464707,-0.15174265,-0.13586807,-0.064068735,0.015803853,-0.21266818,0.06761699,0.064289786,-0.048335005,-0.09487013,0.047063187,0.006888651,-0.11219305,0.08739873,0.017780207,-0.18995038,-0.22043045,-0.0027972118,-0.0369723,-0.23233461,0.070107885,0.17740193,-0.0031314208,0.04428222,-0.074771345,-0.1743041,-0.12578727,-0.1215116,-0.135319,0.107797675,-0.2764168,-0.06703827,0.1409482,0.09495322,-0.12065116,-0.134587,0.062424913,0.068314515,0.010537383,0.099685214,-0.14400692,0.10520175,0.13368724,0.21636155,0.004603176,0.06352849,0.15184721,-0.15996431,0.064229615,-0.13291784,-0.21448189,0.061200626,-0.003257171,0.2491695,-0.05016067,0.20572212,0.09568677,0.0422786,0.13407485,0.020212792,-0.120766446,-0.11643315
TCGA-44-5644-01,-0.059473433,-0.114601344,-0.063615866,-0.1904943,-0.283709,-0.18799436,-0.050655447,0.072078034,-0.15165618,-0.05129156,-0.018584022,-0.03089448,-0.20210852,-0.098303646,-0.16732517,-0.15501402,0.24972898,-0.10320177,-0.060022373,-0.09553519,-0.11203545,-0.027805187,-0.14021422,0.019475361,0.26769838,-0.11705473,-0.08295983,0.1104782,0.058458295,-0.08699125,0.22757827,0.058152404,0.027963962,-0.07309755,0.009255594,0.09335362,0.09615262,-0.124704406,-0.007566712,0.052241683,-0.044483885,0.08550422,0.2533551,-0.16570687,-0.002272569,-0.11444605,0.01801691,-0.030156728,0.16160823,0.18783903,0.19037433,-0.008180886,-0.07414263,0.10573774,0.1049341,0.10810897,0.13890663,0.0778732,0.051407505,0.21770902,0.109194,-0.014808851,-0.13054527,0.027542204
TCGA-49-AARR-01,-0.20738953,-0.05596959,0.080061965,-0.087280616,0.17931427,-0.0121838525,0.026414108,-0.32139578,-0.13149062,-0.24281767,0.045233555,-0.09169191,0.21623494,0.19339846,-0.06048819,-0.05725134,-0.26191777,-0.11451351,-0.127653,-0.13469285,-0.023636846,-0.14864387,0.17344157,0.13617235,-0.16164711,-0.01960204,-0.1323681,-0.058081646,-0.14683968,0.008117805,-0.10530547,-0.26956388,-0.16715401,-0.10075209,0.1259699,0.06648521,-0.20137067,-0.035529487,0.026296875,-0.012942602,-0.014222395,0.050589584,-0.25597623,0.030135704,-0.041106224,-0.06308618,-0.019476201,-0.05960945,0.074064225,-0.09863231,-0.0012678518,0.073607296,-0.053263813,-0.2157655,0.05587566,0.06275955,0.006347929,-0.023527807,0.015800912,-0.07505448,0.042827636,0.0625601,-0.07642307,-0.102537215
TCGA-73-4670-01,0.058444016,-0.07749613,0.034378335,-0.2837182,-0.2638077,-0.08156526,-0.010299798,-0.33273888,0.011324452,-0.040129103,0.006697514,-0.21740793,-0.06716924,0.04563292,-0.0759045,-0.23476586,0.19047064,-0.12616858,-0.14905182,-0.11019966,-0.06707673,-0.07099243,-0.056092713,0.054542772,0.057207398,-0.07323671,0.02372154,-0.08292066,0.12192175,-0.042214636,0.17427418,0.19170499,-0.04028148,-0.09207587,0.1704596,0.034152415,0.08756115,-0.20397848,-0.030487062,0.04536042,0.042108193,0.05630255,7.002813e-05,-0.039530255,-0.044005916,-0.22113904,0.015866417,-0.044115063,0.08512021,0.3527913,0.15580538,0.06454782,-0.10113175,-0.1786657,0.036468748,0.13854699,0.04353614,0.008324317,0.022683363,0.0899933,0.052681815,-0.015874999,-0.115944974,-0.03535696
TCGA-95-A4VN-01,0.2103319,0.005196101,0.09635156,-0.104134426,0.09370165,-0.20836209,-0.0023865928,0.46460557,0.0060032797,0.068600185,-0.04242631,-0.082825676,-0.15543969,-0.2430853,-0.07341529,0.058846433,0.08550685,-0.09699739,0.08489196,0.010007029,-0.18335159,0.11114668,0.041639,-0.077096194,-0.010274142,-0.055912565,-0.15412879,0.09629057,0.078592554,-0.085053064,0.314286,0.18121916,0.20228292,-0.022773108,-0.19456469,0.0270496,0.04684691,-0.019173192,-0.27315575,-0.10503619,-0.060592096,0.10678356,0.020926058,-0.09013905,-0.04180799,0.11020831,-0.08039634,0.03734227,0.082131,-0.061457407,-0.022967044,-0.05334762,-0.03539984,0.071629494,0.11390573,-0.032906294,0.15423101,0.016271435,-0.08368468,0.08049489,0.06806464,0.10966517,-0.019485626,-0.0233643
TCGA-38-4632-01,-0.13565262,0.1880702,-0.017643148,-0.16155821,0.12247245,-0.0277241,-0.029793015,-0.19793285,0.04591254,0.13472544,-0.02149187,-0.2550864,-0.092805736,-0.0946636,-0.12764753,0.044621095,-0.16889791,-0.11326288,-0.34494454,-0.03685353,-0.008914513,0.08024989,0.0738,0.010016944,0.028098831,0.042396836,0.013827087,-0.086034,0.142907,-0.028735165,0.06591957,0.23860276,-0.03643287,-0.073134,-0.13131578,-0.0023031782,0.17420778,-0.017663172,-0.2454982,0.18232755,0.073575065,0.038088884,-0.30801824,-0.038183045,0.10226355,-0.1998582,-0.010187911,0.023825258,0.011126585,-0.01608096,-0.09758819,0.07099884,-0.037020445,-0.030805955,0.022017013,0.12002399,0.03318148,0.0009964012,0.119377404,-0.13939303,0.11712679,-0.07866354,-0.12813301,-0.2650088
TCGA-44-7661-01,0.18364947,0.09605519,0.1352806,0.027417636,-0.01227049,-0.08606953,-0.009438786,0.094653614,0.20388031,-0.119087666,-0.053604946,-0.12416066,0.12553927,-0.15018043,-0.08626757,0.10205712,0.0073995027,-0.11374446,-0.23212609,-0.10553877,-0.06328455,-0.104344636,0.13619184,0.042135533,0.033207733,0.06438543,0.038937487,-0.042040363,-0.11490867,-0.09634301,-0.24050982,-0.14407498,0.09826602,0.032545555,0.055735838,-0.006485488,-0.049348135,-0.06332681,0.10786321,0.11406454,0.023376413,0.06370486,-0.0035014893,0.12309268,0.1581233,0.25097844,0.028429903,0.108241595,0.21580276,-0.08686513,0.21503863,-0.24541782,-0.21138749,0.02804187,0.04516391,0.24728999,-0.039461307,0.25634247,0.16353105,0.09371501,0.08921268,0.0075214794,-0.08134938,-0.12809052
TCGA-50-5946-01,0.03252498,0.028357666,-0.025462963,-0.23698702,-0.2964317,-0.11676272,-0.057258748,-0.06464099,-0.2546952,-0.038647212,0.07115864,-0.121322505,0.009656424,0.100474246,-0.08614913,-0.18871462,0.20898084,-0.090133786,-0.3397436,-0.1670142,-0.056750868,-0.11855609,-0.12684663,0.019973343,0.077670194,-0.016289812,-0.022271257,-0.08417009,0.032692082,0.030977273,-0.09602767,-0.027512101,-0.053163752,-0.009936343,0.047460973,-0.043175496,0.060786642,-0.21763112,-0.0460898,0.01638221,6.792583e-05,0.07255484,0.108723655,-0.0268445,0.0026984788,-0.25066376,-0.08196937,-0.08235095,0.1094467,0.14323819,0.23029299,0.12224301,-0.1237437,-0.14485857,0.03491057,0.1947306,0.06602027,0.009418045,0.16835317,0.01899173,0.0833441,-0.036848206,-0.09398889,-0.23956522
TCGA-L9-A5IP-01,-0.14367843,-0.063573085,0.13933326,-0.10734677,0.12104259,-0.06999841,-0.02191719,0.014152922,0.299783,-0.1659254,-0.10112706,-0.3085708,-0.014125704,-0.13935933,-0.12528166,-0.03371185,-0.16935188,-0.05400809,-0.028233793,-0.10007462,-0.11714554,0.14544722,0.27276945,-0.028318819,0.031509064,-0.037852585,-0.09335543,0.020806618,0.17581674,-0.10418234,0.17304902,0.043708373,0.24551193,-0.121699676,-0.01856875,-0.036168758,0.029314237,0.012349606,-0.096848644,0.14420512,0.09948849,0.014417606,-0.15101816,-0.09912001,0.10362671,-0.12361464,0.12557237,0.18249953,0.12843888,0.21029109,0.034061197,-0.04811561,-0.12521066,-0.15319225,0.11292561,0.07063273,-0.0046629766,0.06526371,0.09340868,0.16704811,0.10431369,-0.010943803,-0.0992703,-0.13622363
TCGA-78-7539-01,-0.07122565,0.12871404,0.081653334,-0.097332135,0.31041288,-0.0923784,-0.017197741,0.01739149,-0.0026800495,0.056492977,-0.06525702,-0.1410573,-0.03671445,-0.18647581,-0.13207977,0.10934779,-0.15243351,-0.08521028,-0.27880216,-0.12279848,-0.018697582,0.190466,0.15655656,-0.07818164,-0.16503282,0.02706928,-0.08842634,0.105037,-0.024261897,0.008468099,0.09581601,0.04198572,-0.08399029,-0.09853183,-0.20882587,0.047835253,0.079072,0.13562407,-0.22239538,0.021486042,0.067205586,0.04463625,-0.29891768,0.036987647,0.1332146,0.07710936,-0.0009415234,-0.052540086,-0.0008293754,-0.14830676,-0.20633668,-0.03032313,-0.042175446,-0.19990362,0.055328388,0.083317205,0.039616045,-0.047928244,-0.10754258,-0.21692714,0.08246592,0.032442078,-0.151577,-0.20835653
TCGA-05-4425-01,-0.0142019,-0.123881586,0.011337602,-0.100679986,0.06914511,-0.048021186,-0.00020793785,0.09859022,0.11496064,0.07575192,-0.042268448,-0.06284665,-0.25813028,0.04616387,-0.14655606,0.16310528,-0.35019964,-0.08442996,-0.12511346,-0.015768748,-0.14307073,-0.20515922,0.16780241,0.13160962,0.07072362,-0.03882023,-0.2770122,0.07199277,0.021160666,-0.16236652,0.27840802,0.16344742,-0.16896792,-0.04588975,-0.1120764,0.039619576,-0.18766798,-0.092523694,-0.25921696,0.004049754,-0.001108115,0.04282956,-0.21488817,-0.052705195,0.031121822,-0.0111510195,-0.04868166,0.048536945,0.068672016,-0.1259966,-0.08689601,-0.09624634,-0.06565181,0.16589291,0.073301725,0.055467423,0.10689963,0.022206655,-0.1092366,0.050803147,0.09797501,-0.0028865333,-0.09753472,-0.083938256
TCGA-73-4676-01,-0.045099825,-0.2118186,-0.016218714,-0.21313979,-0.013250126,-0.037594862,0.008838558,0.06559885,-0.119124345,0.052319955,-0.03649332,0.018740049,-0.26891318,0.0010207585,-0.11089934,0.20550974,-0.10780713,-0.011206216,-0.19883025,-0.16999236,-0.1609262,-0.18738855,0.08537016,0.10672281,0.022640761,-0.032806627,-0.094461225,0.04444237,-0.1888071,-0.12206434,0.250126,0.13682115,-0.103985794,-0.036640447,-0.08438942,-0.018441357,-0.24021542,-0.15241179,-0.20579664,0.029508075,-0.01607001,0.039822526,0.065627985,0.0029685812,0.07491882,-0.01376167,-0.13146873,0.048997074,0.07076309,0.006840943,0.11359658,-0.13605443,-0.1393211,0.33322453,-0.01015357,0.20216322,0.07376004,0.066544555,-0.039855298,0.13652629,0.057625793,0.11687455,-0.08877255,-0.11628823
TCGA-95-A4VP-01,0.0046250713,-0.071355805,0.110884644,-0.03332053,-0.14268161,-0.20910616,-0.13291521,0.30028576,-0.0068069454,-0.14956096,-0.07774074,-0.20522666,-0.1350071,-0.27758786,-0.099649295,-0.102559075,0.11127965,-0.12717836,-0.0034239814,-0.07870575,-0.13679792,-0.008643071,-0.04836318,-0.029035866,0.1402907,-0.06784144,0.0970489,-0.03473446,0.21508229,-0.10136325,0.13795494,0.07984991,-0.015388118,-0.16336161,-0.025743965,0.07844571,0.032994743,-0.1204497,-0.07238145,0.07203472,0.058461398,0.12484617,0.18527293,-0.1125613,0.08224679,0.038274247,-0.06155862,0.1652184,0.16656438,0.16883005,0.049504243,-0.08606102,-0.13564289,0.067385875,0.13088156,0.011274003,0.18217503,0.2116206,0.067700855,0.20229223,0.08831912,-0.06513831,-0.16295098,-0.12732507
TCGA-05-4422-01,0.060513157,0.15025437,0.040849224,-0.2700609,-0.1223041,-0.07391623,0.034816757,-0.33974826,-0.14803848,-0.0017396287,0.05892161,-0.13487473,0.075296596,0.059861604,-0.11847028,0.095076546,-0.007317925,-0.19810982,-0.371221,-0.03507451,-0.046183046,-0.13494278,0.090832524,0.16620225,-0.052664597,0.07521749,-0.11936806,-0.17762811,-0.24195257,-0.081893474,-0.008831641,0.047604416,-0.16186304,-0.17116217,0.13775636,0.04790681,-0.072598666,-0.026070232,-0.037509296,0.10867636,0.0072203684,0.10171009,-0.13319035,0.096005976,0.039048087,-0.05448776,-0.07409411,-0.029852014,0.06879713,-0.03824506,0.016327195,0.013275198,-0.16554388,-0.0706343,0.03831539,0.21986341,0.0033003036,0.047469977,0.044659626,-0.034583338,0.122607775,-0.10072842,-0.18394229,-0.17983009
TCGA-MN-A4N5-01,-0.06928867,-0.05605227,0.02444067,-0.20575595,0.001167025,-0.0508839,0.00940787,-0.4353647,-0.2478784,-0.056820225,-0.02030191,0.043266512,0.11256687,0.086687095,-0.14885902,-0.19791408,0.27075875,-0.052762613,-0.12330285,-0.2026818,-0.03751225,-0.083837956,-0.012724179,0.12076415,0.08340334,-0.17622364,-0.023155399,0.06231665,-0.2589225,0.0040608654,0.0024039333,-0.21486494,-0.1693431,-0.056333173,0.17884411,0.15649661,0.021666711,-0.014545597,0.07255339,0.10027808,0.077826865,0.045456413,-0.08004933,-0.13292421,0.040415578,-0.13218419,-0.025895232,0.017005473,0.12103962,-0.042985234,-0.01663805,0.06876535,-0.15505074,-0.03053856,0.006208321,0.19409178,-0.0712017,0.097456984,0.11688001,-0.045186035,0.07889869,0.0936275,-0.10453493,0.015551368
TCGA-44-4112-01,0.09588636,0.20077772,0.20054296,-0.1775701,0.16914062,-0.12505688,0.013029119,0.006251436,-0.19971317,-0.19867097,-0.015320606,0.070982076,0.13724285,-0.17640051,-0.09331007,0.020289255,0.13694462,-0.07467809,-0.17762168,-0.122989774,-0.057619173,-0.008682233,0.046235796,-0.04321406,-0.14141494,0.13002639,-0.011650303,-0.039576724,-0.2283908,-0.029729394,-0.14376058,-0.05852784,0.07077949,-0.08400745,0.05005563,0.027811348,-0.009052171,0.15872692,0.051539388,0.08187079,0.081951015,0.072420575,0.0025926267,0.20733,0.18054824,0.03315255,-0.055204686,0.004660059,0.13010941,-0.05111566,0.17863177,0.057410467,-0.25681603,-0.19832084,0.027759979,0.24029385,-0.13861574,0.18948957,0.16024348,-0.060975615,0.0911782,0.09356701,-0.16584846,-0.08426712
TCGA-MP-A4T9-01,0.014039583,-0.06316099,-0.035686765,-0.16780381,-0.13525526,-0.078834,-0.0050825975,-0.21376495,-0.23087917,0.077695645,-0.030886838,-0.037067693,-0.0013443638,-0.0049082395,-0.110106066,0.085517734,0.15651825,-0.18069482,-0.28991324,-0.11110197,-0.009994349,-0.16970658,-0.0066852453,0.16081116,-0.0064956932,0.006189595,0.026032444,-0.096233524,-0.20117553,-0.045050424,-0.043021314,-0.029740127,-0.31511894,-0.14785314,0.12944202,0.17893682,-0.16710688,-0.121874295,-0.0063331625,0.04717729,-0.030206313,0.093196034,0.0061724177,-0.028341422,0.07283961,0.14534326,-0.11967248,0.033336908,0.10149552,-0.10461355,-0.02230035,-0.18342571,-0.15160601,0.21604776,0.011147695,0.19610783,0.082404755,0.14649642,-0.026824394,0.024453277,0.09396319,0.019876989,-0.16767329,-0.23151174
TCGA-49-4490-01,-0.33246195,-0.03345031,0.090076834,-0.07168726,0.14544186,-0.07389425,-0.039898004,-0.17265706,0.06083968,-0.28570783,-0.053568214,-0.2918599,0.10351983,-0.1009736,-0.08211564,-0.18019344,-0.04415814,-0.026708936,-0.11269704,-0.27489245,-0.024713716,0.13681406,-0.06988935,0.019646777,-0.0004211097,-0.07964031,0.031329647,0.10846195,0.084421195,0.0373468,0.1443068,-0.14046371,0.04847071,-0.023698313,-0.005682811,0.008637573,0.016760735,-0.13583425,0.0008144675,0.0787972,0.07444942,0.049573824,-0.10709777,0.00689686,0.07172477,-0.09143964,0.14768796,-0.015498967,0.07486388,0.15995061,0.12989858,0.21963398,-0.04139191,-0.4328679,0.08553929,0.0687216,0.02954522,-0.023747535,0.05860785,0.041846797,0.062354278,0.0036785258,-0.054825317,-0.07672329
TCGA-86-A456-01,0.038496125,0.11845104,0.14416376,-0.047001526,0.08382876,-0.14439148,-0.06542734,0.1329867,-0.1237548,-0.2751665,-0.0036045297,-0.14346793,0.17500025,-0.13443075,0.039798405,-0.10561471,0.051204562,-0.0045662043,0.067814745,0.030643973,-0.14019981,-0.119471684,-0.036672417,0.090606876,-0.08603807,0.08714245,0.19715397,-0.22721842,0.17290139,-0.057005316,-0.09693699,-0.03134094,0.088306256,-0.04583308,0.014070077,-0.18298547,0.10749642,-0.052920643,0.04647551,0.0005658156,0.095463455,0.14938185,0.06677796,0.049061995,0.020284353,-0.115745395,-0.13910626,0.14071815,0.10443988,0.12034473,0.33447772,0.24470355,-0.16409351,-0.13837579,0.08658762,-0.027372029,0.041791778,0.11097084,0.2878133,0.1568553,0.0893158,-0.046335462,-0.030863237,0.05010412
TCGA-05-4403-01,-0.12643757,-0.14207248,0.012303599,-0.06401291,0.25701633,-0.100292206,0.09891486,-0.20042656,-0.03548458,-0.034481883,0.121156976,-0.16843833,0.13078225,-0.07389011,-0.028495064,0.11904266,-0.30995277,-0.11861018,-0.14025605,-0.11080753,-0.04945675,-0.29248515,0.056715522,0.19311462,0.030185865,0.010303903,0.1450905,0.0370949,-0.088294126,-0.04082546,0.021527207,0.0014692238,-0.32826397,-0.05274264,0.04693401,0.12740536,-0.039331064,-0.07422072,-0.08212301,-0.04032136,-0.07426283,0.10625605,-0.20488022,0.17371579,-0.02099755,0.18911347,0.099097535,-0.089276195,0.048998494,-0.25066122,0.009277369,0.081981875,-0.04885131,-0.15886159,-0.009774197,0.03925891,0.13872336,-0.038701784,0.013043417,0.057087585,0.04079714,0.04735471,-0.15569662,0.074338086
TCGA-78-8640-01,0.26557285,0.19929723,0.0029865345,-0.2573025,-0.20911545,-0.110278234,-0.05489699,-0.23346955,-0.11762513,0.01974118,0.06350154,-0.09105833,-0.06732154,0.0722973,-0.07155368,-0.12325412,0.21308409,-0.0969408,-0.34811303,-0.07720876,-0.07560166,0.0137173645,-0.13721626,0.10126906,-0.047479406,0.016936569,0.017256465,-0.1509252,0.005922028,-0.008922344,0.03539266,0.13940184,-0.01037163,0.017356452,0.08280866,-0.11830105,0.1839486,-0.18472044,-0.052852664,0.008696602,0.035670638,0.06338607,-0.038823266,0.0073261335,0.007980517,-0.19295889,-0.14879867,-0.088929795,0.045207616,0.12955622,0.27475977,0.07022138,-0.10804994,-0.12476838,-0.011854003,0.2088908,0.006174241,0.018479994,0.16001756,-0.06397701,0.080779016,-0.033909425,-0.090966284,-0.08700254
TCGA-44-7669-01,0.013997871,0.18171927,0.21038014,-0.12222821,0.33561724,-0.122957654,0.025553701,0.2262694,0.010092995,-0.17609826,-0.06454197,-0.07584958,0.018782903,-0.25981322,-0.13555002,-0.016432825,0.018039165,-0.082807876,-0.043680858,-0.14345247,-0.105805375,0.024839593,0.11267449,-0.123613976,-0.10649024,0.12665297,-0.17270924,0.09054398,-0.04096411,-0.06095429,0.1318008,-0.02914428,0.32892242,-0.019065129,-0.04768771,0.13205814,-0.021558214,0.16103588,-0.14575055,0.09258024,0.0626179,0.021357702,-0.12618302,0.10844744,0.123056985,-0.013685364,0.016409488,0.06536727,0.17944139,0.008998917,0.12150864,0.003102638,-0.17189838,0.00948309,0.0753693,0.15730433,-0.06494634,0.15972447,0.06764304,-0.013561447,0.112870105,0.17142744,-0.08573036,-0.12028593
TCGA-95-7562-01,0.04641684,0.121017516,0.17879593,-0.02606412,0.035878137,-0.16784017,-0.12690647,0.24675263,-0.18330835,-0.11918307,-0.07301174,-0.062039174,-0.1578667,-0.17774835,-0.09637667,-0.16777746,0.30449364,-0.029158203,0.07424216,0.011275605,-0.099335045,0.12557524,-0.06747627,-0.16610946,0.014573825,0.0477384,-0.084198214,-0.03256361,0.14910966,-0.062809184,0.043569237,0.14792867,0.18154994,-0.15193675,-0.055834178,0.07679784,0.070172496,0.10799538,-0.06976836,0.06476453,0.15021689,0.07435799,0.11686234,-0.08757833,0.09247922,-0.14049786,-0.13425641,0.13463964,0.15942119,0.24371687,0.02775979,0.067570634,-0.113882035,0.22529507,0.11214427,0.06431006,0.030670693,0.19004922,0.17684844,-0.068790644,0.08976719,0.011217006,-0.08050866,-0.11259649
TCGA-17-Z010-01,-0.06092093,-0.10394836,-0.050120685,-0.14008076,0.064887024,-0.061798308,0.09676963,0.011545027,-0.34652412,0.14623308,0.06348149,0.123179205,0.038950115,-0.0035248992,-0.003536303,0.11373711,0.16561419,0.052910607,-0.008257804,-0.15843603,0.0004036481,0.19811,-0.24907906,-0.15712218,-0.046625763,0.07097978,-0.26036632,0.07774395,-0.14211726,0.12772626,0.08107743,0.15800613,-0.04473148,0.02861068,0.03077337,0.14014961,0.038154252,0.023542302,0.06760195,-0.1493151,-0.08503148,-0.07325898,0.26678798,-0.017098302,-0.031728752,0.09665858,0.13480812,-0.22559188,-0.046356943,-0.012033531,0.08191204,0.34616432,0.06363599,-0.008413319,0.024788326,-0.05532323,-0.05030929,-0.09346245,-0.19952711,-0.11972369,0.024822114,0.09178126,0.012712556,-0.11489996
TCGA-MP-A4TC-01,-0.22618873,0.069215775,0.017519144,-0.030700454,0.059961077,-0.03138,0.046526063,-0.15058029,0.24553823,-0.029890738,0.018504526,-0.35292637,0.091828056,-0.11410288,-0.15506221,0.11913695,-0.23991571,-0.16425763,-0.3001634,-0.022483107,-0.026127873,-0.07851398,0.18020655,0.071685486,0.037998267,0.034965172,-0.042128842,0.028620549,-0.071313694,-0.043925326,0.009047641,0.03389324,-0.25478265,-0.05876585,-0.08906849,0.06734111,-0.025463833,0.02175049,-0.04704663,0.15742427,-0.037487123,0.08220875,-0.22407617,0.07537845,0.114987046,0.14837404,0.23822924,0.017571416,0.082623005,-0.09239982,0.0050045415,-0.14642282,-0.043378316,-0.0118171,0.08128712,0.18652296,0.11449993,0.022739505,-0.043759298,0.09267925,0.11944828,-0.16813779,-0.12734719,-0.07781015
TCGA-05-4244-01,-0.010193767,-0.066417515,-0.006174408,-0.051835418,0.19647205,-0.07349516,0.0140866935,-0.115381256,0.1529246,0.18151563,-0.057871435,-0.20986214,-0.06575535,-0.14084315,-0.13098966,0.2243295,-0.2616798,-0.064503275,-0.36124575,-0.2725034,-0.021778753,0.15628472,0.03460979,0.07917509,0.17309186,-0.09464667,0.051687475,0.15081301,-0.09649038,-0.040556937,0.07194027,0.02549315,0.015810672,0.030704683,-0.16512838,-0.019285562,0.12530188,-0.12555438,-0.15416156,0.12231849,-0.002214263,0.03592347,-0.22677337,0.0301385,0.08897531,0.10327693,0.078931466,-0.07714265,0.044795264,-0.15184577,-0.1242638,-0.029481938,-0.034585193,-0.18159911,-0.031975623,0.15401675,0.029102547,-0.047737963,0.050776016,-0.16380112,0.041941814,0.0890185,-0.10209615,-0.11247669
TCGA-55-1595-01,0.004178108,-0.336063,0.07050158,-0.10907056,0.06020036,-0.0952114,-0.042123433,0.12240214,0.038326837,0.030254038,-0.11315502,0.045196015,-0.32770878,-0.1323455,-0.19471723,0.07303115,-0.231545,0.019446319,-0.17116597,-0.30865252,-0.06782896,0.16369303,0.060313944,-0.032910746,0.14329962,-0.21012858,-0.09991057,0.27801517,0.059937008,-0.057612684,0.20783043,0.111721046,0.07233532,-0.0758622,-0.028242735,0.040697794,-0.0132721,-0.042638827,-0.11231555,0.06314334,0.1017569,-0.033211835,-0.025430912,-0.11964888,0.13050702,-0.11144796,0.0147022605,-0.011907355,0.15355872,0.12672195,-0.032076813,0.027171738,-0.11966296,-0.092934884,0.020920604,0.11379994,0.0057866727,0.04796494,0.03342491,-0.0056967875,0.047050077,0.16763082,-0.16082828,-0.020960584
TCGA-78-7156-01,-0.1733126,-0.03549318,0.06629583,0.04495142,0.19848132,0.0017439732,-0.065092,-0.23576578,0.16595945,-0.007943642,-0.028057937,-0.2057763,-0.02343831,0.022569116,-0.08975353,0.12003217,-0.48062,-0.06562948,-0.18775472,-0.09265215,-0.072597496,-0.049135357,0.1463239,0.18975799,0.03003542,-0.10044635,-0.006626115,-0.012702282,0.04299702,-0.10725037,0.03747479,0.031490434,-0.18050346,-0.063200586,-0.1303512,-0.048773304,-0.0043085795,-0.11193642,-0.14623389,0.12768984,0.12576638,0.06649945,-0.35984883,-0.017510682,0.062161714,-0.043519985,0.009723089,0.077544056,0.0291548,-0.15743941,-0.18991627,0.086124636,-0.0526038,-0.060241207,0.036694117,0.0012540364,0.025554921,-0.0014617147,0.05798938,-0.13795228,0.07350291,-0.07883449,-0.07821573,-0.10901299
TCGA-17-Z037-01,-0.028656915,-0.014200787,-0.012650979,-0.2654693,-0.01688542,-0.06358577,0.22411942,0.06388112,-0.07346109,-0.06714547,0.13965362,0.05193043,0.14184755,-0.018469425,-0.036244545,-0.014098969,0.23979042,-0.103148416,0.027433693,-0.057685666,-0.07454439,-0.0069220564,-0.0420132,-0.13359085,-0.14319204,0.1327062,-0.15285729,0.074885756,-0.21566199,0.099277005,0.123973936,0.05942863,0.087763,0.0846972,0.16650698,0.18446322,0.032511,0.05610879,0.054988932,-0.039665338,-0.16715404,-0.100860365,0.20806082,0.11147835,-0.115840465,0.10827106,0.1994776,-0.260894,0.091247454,0.025282636,0.37694767,-0.06888425,0.049795825,0.048584517,0.020994378,0.10807519,0.010525088,-0.056815114,-0.12699196,0.17161852,-0.023697529,0.16670798,-0.033040825,0.11158701
TCGA-44-2659-01,-0.056016866,0.12586579,0.17394719,-0.037614923,0.12414412,-0.11681792,-0.084560215,0.0005059447,-0.1579374,-0.2740692,-0.071026795,-0.025387999,0.06398541,-0.21923667,-0.0852862,-0.17777102,0.18813057,-0.03625007,-0.07075601,-0.078447506,-0.08016787,-0.041513935,-0.007245172,-0.0052511436,-0.039378136,0.06442056,0.272419,-0.06644203,0.1286358,-0.06639296,-0.15129958,-0.043404166,0.02980966,-0.07763893,0.045974243,0.024197293,0.121999025,0.052109614,0.0472952,0.10386062,0.17235087,0.098816186,0.061327673,-0.019391466,0.17204772,-0.09440857,-0.08210821,0.15565027,0.18158944,0.14978434,0.2511655,0.07238947,-0.19841443,-0.0130257765,0.09447329,0.12716278,-0.0024669606,0.27112105,0.28536817,0.050382383,0.09361016,0.012743751,-0.13517776,-0.061808366
TCGA-49-6742-01,-0.27095324,-0.19332549,0.02151127,-0.2039098,-0.23645471,-0.055500895,-0.09717474,-0.035908367,-0.08087733,-0.17564857,-0.08511662,0.002405803,-0.10469493,0.0004748731,-0.113207854,-0.19768114,0.01966634,-0.12116881,-0.10893197,-0.036989555,-0.0802186,-0.10935353,0.16105331,0.032726336,-0.17532898,-0.075363204,0.13366444,-0.08534879,0.17274907,-0.010621126,0.068506405,0.05574965,-0.37424353,-0.11598123,0.0013186899,-0.020323804,-0.072574936,-0.13360019,-0.05239218,-0.016413435,0.05731569,0.085528545,0.07900355,-0.15375859,0.089663744,-0.11367096,-0.10260286,0.05963783,0.096696876,0.14714184,0.18079598,-0.15471102,-0.053605016,0.009772808,0.09761542,0.05329023,0.1839175,0.10930447,-0.043766815,0.2220527,0.06722397,-0.038152225,-0.14999622,-0.11357159
TCGA-MP-A4SV-01,0.056647822,-0.040202424,-0.005074865,-0.2124126,0.057810336,-0.077991,0.0059423833,0.09574845,-0.03300228,0.21756363,-0.02623529,-0.018115591,-0.15433514,-0.007944045,-0.1288057,0.06522435,-0.13812168,-0.07478228,-0.20390779,-0.12440492,-0.15171073,-0.010403565,0.17305614,-0.03363796,0.018794764,-0.069310136,-0.21066363,0.03502676,0.04180628,-0.029192882,0.16878529,0.13878326,0.14643657,0.016309902,-0.21229158,-0.013293653,0.07100505,-0.009358216,-0.37989163,-0.0101250755,0.03934292,0.056158617,-0.19589633,-0.18345138,-0.014664652,-0.29165336,-0.15536487,0.012900755,0.06700243,-0.058022685,-0.13098036,-0.032484103,-0.072504684,0.16455092,0.038828805,0.03409737,0.060706057,-0.021057421,0.04833842,-0.15620047,0.10261035,0.13879831,-0.040045,-0.27211112
TCGA-55-7911-01,0.11168907,0.15335922,0.18098338,-0.020247087,0.1665182,-0.065789424,-0.01746101,-0.08480734,0.20353615,-0.18497513,-0.06938925,-0.16297518,0.114867024,-0.2249155,-0.06847214,0.06932092,-0.029073717,-0.05677004,-0.14866267,-0.17283748,-0.08544781,-0.058818683,0.09639391,0.021940336,0.018960949,0.074268945,0.07875622,-0.07566983,-0.13821417,-0.10113364,-0.08978566,-0.0815982,0.20795563,0.001128588,0.04584438,-0.051069546,-0.02686075,-0.015013973,0.10655362,0.18531327,0.08236664,0.062460512,-0.051609803,0.2095461,0.19285728,0.13033238,0.029289676,0.13214006,0.1534745,0.02735333,0.21350843,-0.10654533,-0.2561562,-0.032676835,0.011829566,0.23225349,-0.15731126,0.26080266,0.159022,0.026314454,0.09818199,0.039132357,-0.08669785,-0.09364119
TCGA-55-7570-01,0.09231194,0.042360034,0.12901057,-0.20780326,-0.040049914,-0.2330632,-0.043500848,0.035072364,-0.3197274,-0.2945108,-0.03765619,0.10764981,0.0029145111,-0.12782986,-0.06455057,0.010857419,0.13039456,-0.16200016,-0.099277146,-0.010534265,-0.13619865,0.18989652,-0.08769903,0.14993499,-0.18359558,-0.0025371446,-0.009540002,-0.15716067,-0.14221537,-0.061605886,0.1013198,0.063042,-0.015701376,-0.091730475,0.01683646,-0.040034182,0.1189061,-0.025927667,0.16088493,-0.0026709703,0.061719105,0.09860709,0.071866356,-0.0710995,-0.012176345,-0.02935127,-0.29577497,-0.030585568,0.11341602,0.027423497,0.2742926,0.10441009,-0.062297568,-0.03202426,0.055211093,0.076295994,0.095542856,0.15917864,0.22555098,0.027886307,0.06835948,0.028943062,-0.17085397,0.121129744
TCGA-86-8280-01,-0.07693819,0.19427244,0.09944864,-0.10681987,0.0768112,-0.10264009,-0.047439072,-0.05381875,-0.06689388,-0.2615887,0.047199793,-0.114882216,0.060427785,-0.12799984,-0.0019706597,-0.19596164,0.19178422,-0.043847382,0.083934076,0.082886584,-0.1406211,-0.12752374,-0.045343846,0.016950939,-0.10360703,0.17936872,0.19449107,-0.18375894,0.15824448,-0.042319175,0.029367864,0.10165138,0.14306772,-0.036250293,0.08913704,-0.06229137,0.1166622,-0.002208988,-0.055511143,0.086647086,0.07493351,0.09598737,0.039922245,0.051752146,0.023483973,-0.1914076,-0.0998078,0.11384551,0.120262176,0.20077004,0.4006445,0.07045297,-0.09292553,0.10752487,0.084886834,0.031447835,0.058044225,0.13478763,0.26781753,0.17057301,0.08462297,-0.027432626,-0.041268796,0.07427745
TCGA-MP-A4T4-01,-0.09883034,-0.28905746,-0.05612448,-0.16988625,0.0042563044,-0.054733608,-0.046396066,-0.08296462,-0.09289998,0.17502534,-0.027273629,-0.18158023,0.011903824,0.11142447,-0.11455892,-0.0008911889,-0.16827106,-0.03482068,-0.2510577,-0.39665043,-0.05191824,-0.037525464,0.006170577,0.029220786,0.14577645,-0.16733968,-0.12872903,0.06724318,-0.066918425,0.04591368,0.009180873,-0.13091931,-0.13324212,-0.022644848,-0.08702326,-0.04142987,-0.065996006,-0.25386557,-0.16853316,-0.0137368655,-0.010258178,0.05575132,-0.10809701,-0.08173525,0.028302275,-0.12472922,-0.002089288,-0.04428637,0.033157203,-0.07301431,-0.15292649,0.08433889,-0.11527623,-0.20708042,-0.03200783,0.07102698,0.012390634,-0.088577226,0.036207717,-0.117041625,0.07828376,0.1708464,-0.055343345,-0.29916844
TCGA-86-A4P8-01,0.041295577,0.20480984,0.15729544,0.14916267,0.14196725,-0.05993237,-0.07777276,-0.07617227,0.16850862,-0.21106915,-0.026013833,-0.050431266,0.15864214,-0.21798636,-0.0015534686,0.14633042,-0.10194543,-0.152954,-0.07704212,0.05981578,-0.06910181,-0.048852216,0.13974902,0.11986935,-0.07829589,0.06014297,0.23287363,-0.13588402,-0.11994366,-0.10087279,-0.16443895,-0.13811885,0.12471013,-0.05407379,0.07395866,0.0064987466,-0.012955382,-0.05652692,0.081094295,0.16525704,0.08114181,0.09022708,-0.063452415,0.14418939,0.13045765,0.22482614,-0.11367146,0.090936296,0.12415755,-0.21110849,0.1612517,-0.21970434,-0.14514932,0.11295437,0.049384948,0.07529972,0.021484137,0.21974465,0.13341303,0.041064195,0.051564865,-0.12922464,-0.11024392,0.023207428
TCGA-05-4427-01,-0.12286475,-0.30973682,0.07177385,-0.13173929,-0.046258364,-0.1277257,-0.07909602,0.1050209,0.0010916862,-0.016663166,-0.13823693,-0.08685638,-0.22585541,-0.13174173,-0.16034088,-0.0012081048,-0.02682845,-0.09876958,-0.18340853,-0.28540623,-0.10153217,0.10919447,-0.006096045,0.030186761,0.0054841232,-0.2096369,-0.07847187,0.22462413,0.0074483952,-0.04335783,0.30465394,0.06511586,-0.18584515,-0.10589425,-0.086512305,0.11374676,-0.09566872,-0.20429866,-0.16596235,-0.02253653,0.087263025,0.068365365,0.022614414,-0.14584613,0.0717699,0.09047029,-0.029948844,-0.02122789,0.10451756,0.032907132,-0.07400142,-0.10705504,-0.080078535,-0.09857139,0.08422515,0.060925383,0.17407048,0.036039248,-0.14360398,0.032233525,0.04919263,0.11780491,-0.1577215,-0.13113259
TCGA-17-Z047-01,-0.055432916,-0.049291026,-0.029180095,-0.2770661,-0.044095516,-0.064647004,0.22000912,0.016635964,-0.062114786,-0.032607604,0.13590842,0.045131426,0.12970491,-0.012869867,-0.041115124,-0.0022155265,0.23685518,-0.11065245,0.0413619,-0.045134623,-0.07514,0.016332721,-0.03035019,-0.14000203,-0.1293966,0.11446335,-0.17104919,0.080455676,-0.20891984,0.09727132,0.1653689,0.1005484,0.063704394,0.06301103,0.16656114,0.18525915,0.029149268,0.051396057,0.038917534,-0.044870045,-0.18564624,-0.09353054,0.21100537,0.084915645,-0.123305045,0.118106805,0.21649994,-0.26309323,0.077809535,0.03760353,0.33854926,-0.07567541,0.07308541,0.04413932,0.032491732,0.088797145,0.02459517,-0.07486578,-0.17299157,0.18133269,-0.015997315,0.14258662,-0.036979362,0.10478009
TCGA-78-7155-01,-0.08397549,-0.0784158,0.089371204,-0.13772571,-0.13427462,-0.14372398,-0.16477334,-0.12121953,-0.20647328,-0.1483239,-0.017719774,-0.14636338,0.018706897,0.017088048,-0.06537279,-0.16049565,0.060651038,-0.06812315,-0.051925562,-0.19527347,-0.092384465,0.1374805,-0.1842979,-0.020550422,0.1135078,-0.13755697,-0.18167953,-0.07734835,0.06710548,-0.010651038,0.12126261,0.004401062,0.18375763,-0.14853705,0.007913083,-0.06568003,0.01352779,-0.22611818,-0.042404503,0.046917826,0.03062379,0.10960022,0.014078974,-0.07374391,0.030644404,-0.27883592,-0.082201004,0.00829776,0.048229158,0.18576987,0.019324753,0.33123976,-0.12558246,-0.30510983,0.09848884,0.028657328,-0.02115466,-0.011610841,0.12153598,-0.050026983,0.11154359,-0.06021196,-0.04512338,-0.19816722
TCGA-44-3917-01,0.24625657,-0.18439446,0.2064006,-0.22039773,-0.04476208,-0.12985766,-0.0447304,0.092063524,-0.12144551,0.049165446,-0.0038388837,-0.0013532838,-0.07959338,-0.06096365,-0.11202638,-0.13901071,0.06887107,-0.0936152,0.08295629,-0.09670553,-0.11548044,0.08331533,0.20409095,-0.13286711,0.058048386,-0.23209824,-0.12644774,0.035203874,0.06334825,-0.034078885,0.034407504,0.11178482,0.21474864,-0.250455,0.19112314,0.07228458,0.04992485,0.02163588,-0.16880552,0.014534007,0.09763094,0.05277048,0.0105097005,-0.15849158,-0.019310925,-0.22492513,-0.08571501,0.072200075,0.19199459,0.110473044,-0.13811205,0.10408677,-0.23656063,-0.15810919,0.06448094,0.024225812,0.00498747,0.041488282,0.14912336,0.022466779,0.051560044,0.15758128,-0.15107794,0.016238632
TCGA-50-5939-01,0.1511543,0.20179063,0.036946002,-0.23269188,-0.1450073,-0.06542531,-0.0052721137,-0.21378805,-0.049478598,-0.06928203,0.09853255,-0.112133995,0.05528042,0.035290066,0.015925877,-0.032506358,0.017039059,-0.1042757,-0.2684014,-0.015792262,-0.105093755,-0.2085332,-0.06741862,0.15901428,-0.16090967,0.11890567,0.18223837,-0.30933243,0.02662429,-0.014203835,-0.039069504,0.148711,-0.19357859,-0.027883666,0.12780808,-0.15210944,0.022354254,-0.20156915,-0.08958209,0.009889479,0.0039047007,0.10453164,-0.044542808,0.14613548,0.015947618,-0.04181183,-0.13176933,-0.00055733364,0.039521538,0.034073338,0.30528748,0.09006325,-0.14859733,-0.19561373,0.024507634,0.0935121,0.027563116,0.08234841,0.124802075,0.055093724,0.06263424,-0.072003804,-0.09086066,-0.12482666
TCGA-55-8097-01,0.2663901,-0.005119518,0.15857545,0.10973003,0.29487324,-0.018156232,-0.11917716,-0.21722925,0.10995379,-0.08545757,-0.04220487,0.098327175,-0.054366387,-0.140282,-0.0031345019,0.05684741,0.015874531,-0.026427452,0.09305969,0.016845893,-0.10119931,0.01241204,0.14835024,0.11781538,-0.0001846021,-0.145393,0.29762304,-0.0287908,-0.03678359,-0.103080325,-0.03200359,-0.016379263,0.18538159,-0.083840705,0.23822169,0.05404256,0.03988758,-0.08374345,-0.033177726,0.14729235,0.10102713,0.018904315,-0.14234392,-0.04913293,0.08009051,0.12157935,-0.15394218,0.22949594,0.114991345,-0.12416128,0.049894042,-0.16009973,-0.21676189,0.17256407,0.006851422,0.070402674,-0.038507007,0.19785757,0.17221065,0.057909843,0.024025341,0.06502355,-0.055452865,0.15205242
TCGA-J2-8192-01,-0.026560364,0.040809058,0.00750425,-0.11501476,-0.08124792,-0.10705579,0.009176057,-0.0530788,-0.113478094,-0.22669974,0.12985523,-0.13797136,0.026256561,-0.06828997,0.012777676,-0.082096085,0.057499044,-0.04704021,-0.00913348,-0.010598544,-0.125483,-0.2667803,-0.18295568,0.18673705,0.031082748,0.05734133,0.23628749,-0.15004286,0.07679887,-0.048277736,0.07998036,0.013791078,0.0071976404,0.025258515,0.23324285,-0.008278668,0.01469843,-0.22475429,-0.020373294,0.07220981,-0.080059275,0.069900684,0.09509986,0.115064435,-0.049954243,-0.018748807,-0.05382255,0.04229488,0.12205099,0.04741714,0.43683892,0.18557975,-0.07579121,0.01163433,0.010736678,0.0661335,0.10663964,0.08496503,0.22957006,0.30584112,0.021920422,-0.0020918923,-0.025881981,0.14548092
TCGA-55-8510-01,-0.03183966,0.15318978,0.131347,-0.09257125,-0.0018555878,-0.12397638,-0.12710914,-0.20117342,-0.11838444,-0.22160877,-0.12532838,0.027993277,0.044554207,-0.06499298,-0.10995565,-0.28210837,0.38305157,-0.0324102,-0.05743485,-0.070722535,-0.035725504,0.25633726,-0.054119915,-0.04223479,0.02072348,-0.078921355,-0.020763395,0.031219505,-0.008789564,-0.051021274,0.012190419,-0.071173936,0.11477886,-0.092926346,-0.018697139,0.0016040518,0.23779577,0.06473871,0.17147946,0.091226034,0.21570073,0.05746532,0.07490912,-0.13184935,0.14554511,-0.17025635,-0.06675836,0.013870646,0.09558903,0.20216899,0.09455545,0.0595466,-0.12349052,-0.1530339,0.085658535,0.12939857,-0.104933314,0.12773214,0.15191874,-0.09143612,0.0950171,-0.06135453,-0.10648972,0.0065477546
TCGA-55-7903-01,0.2670091,0.12449977,0.14711471,-0.074908525,-0.03963441,-0.16584127,-0.100858554,-0.12333177,-0.011686793,-0.18590893,-0.064780876,-0.015531306,0.023990603,-0.16045742,-0.07044532,-0.05103726,0.2043036,-0.036672864,-0.12558268,-0.03324903,-0.09991724,0.13913791,-0.08836218,0.19278465,0.046687063,-0.09224389,0.24920467,-0.074974224,-0.02093698,-0.120087564,0.056594368,0.014686245,-0.020556645,-0.031206299,0.05336448,-0.15083851,0.28538322,-0.10670571,0.19172601,0.07858228,0.10229721,0.094215654,0.06170963,-0.021890631,0.09900231,0.07869064,-0.09263722,0.06540209,0.07026133,0.06925833,0.25358585,0.086467914,-0.16539784,-0.24225551,0.028177459,0.15815826,-0.023964947,0.15085818,0.16134754,0.10227372,0.070165746,-0.09433561,-0.108769186,0.18278873
TCGA-50-6590-01,0.1341115,-0.07279829,-0.017515646,-0.28974524,-0.23887978,-0.15017632,-0.04824568,-0.21100149,-0.20486829,0.06412546,-0.027193228,-0.022133317,-0.12713021,0.028731475,-0.11899172,-0.121849604,0.371086,-0.14404339,-0.22972023,-0.15723722,-0.07787581,0.041467838,-0.13156648,-0.016384864,0.019558642,-0.061694022,-0.12133187,0.014497821,-0.03579773,-0.06575628,0.20375761,0.1481408,0.065878235,-0.07871725,0.074057214,0.109810285,0.05577409,-0.18276666,-0.07680252,-0.029773368,-0.002028009,0.07350521,0.08387002,-0.08264614,-4.473549e-05,-0.120877944,-0.07824399,-0.113033414,0.084422454,0.22146349,0.1097501,0.002222222,-0.10171272,-0.02926201,0.08146569,0.18501332,0.037158065,-0.00080432795,-0.072251424,-0.036228817,0.11022247,0.032903552,-0.11783297,-0.20904943
TCGA-55-A494-01,0.06727563,0.1952706,0.1167516,-0.06479144,0.024715792,-0.12622906,-0.14621006,-0.035284363,-0.046707395,-0.19917761,-0.11040687,-0.023907945,-0.03285061,-0.15652981,-0.05371809,-0.261685,0.29589605,0.017054804,-0.009879844,0.03858795,-0.078053705,0.15531531,-0.030657977,-0.0075031524,-0.034347635,0.013394381,0.18509188,-0.07243209,0.22794637,-0.07007824,0.016750569,0.0728932,0.066016264,-0.059811495,-0.06679224,-0.1415936,0.32580334,0.026295498,0.10174904,0.01634934,0.1987667,0.085969,0.08681766,-0.08304143,0.13537906,-0.14785893,-0.083125606,0.09355211,0.057991106,0.2574259,0.24654569,0.06758116,-0.12483836,-0.13868466,0.06868984,0.06077024,-0.015769986,0.12653056,0.18472347,0.049811274,0.106655665,-0.08372833,-0.08087652,0.041529134
TCGA-67-3773-01,-0.020672664,0.14814988,0.10729111,0.017818548,0.13358706,-0.07129244,-0.005641827,0.027179068,0.0045117023,-0.32828942,0.057040557,-0.107619904,0.09083644,-0.081821404,0.016773608,0.003009926,-0.109341286,-0.05603403,0.023687636,-0.023945099,-0.1366166,-0.23198754,-0.07793812,0.15772057,-0.060234793,0.10640136,0.1179311,-0.19009812,0.038780686,-0.08585545,-0.066122554,-0.073918864,0.14035943,0.045372806,0.1681679,0.0030405065,-0.1101617,-0.1608302,0.038467117,0.11391647,0.021219844,0.049161255,-0.015361701,0.14293817,0.023316061,0.029471122,-0.08096805,0.13461381,0.18714882,-0.03988241,0.40966457,0.122291975,-0.15541928,0.12554714,0.041406818,0.07116187,-0.0049592545,0.22367826,0.3073667,0.1810836,0.061650537,0.03474909,-0.012212924,0.0126560535
TCGA-55-8205-01,-0.20644312,-0.15519208,0.0800202,0.017760258,0.06857026,-0.11597563,-0.07225049,0.46348792,0.012128956,-0.05947751,-0.10393111,-0.13673961,-0.26006004,-0.22987236,-0.16459504,0.03670756,-0.13451838,-0.0035891642,-0.069994465,-0.20170727,-0.06922253,0.070371404,0.047788177,-0.1566383,0.04941776,-0.06019885,-0.09896823,0.20233698,0.1736008,-0.018461684,0.08673683,0.012013656,0.02023917,-0.07370901,-0.10754991,0.07606345,-0.1581829,-0.051523507,-0.15793411,0.07683367,0.0025066175,0.015524054,0.104115695,-0.027041009,0.1844207,0.14172333,0.04126853,0.068644024,0.20631078,0.013776349,0.039761093,-0.040043928,-0.050902396,0.121969044,0.110307544,0.07663862,0.09579404,0.11551183,-0.02065115,0.12636022,0.046298362,0.08876242,-0.06411083,-0.15014997
TCGA-44-2655-01,0.18394741,0.23260969,0.12917879,-0.10096137,0.12015188,-0.089919955,-0.014989886,-0.008497068,0.057892527,-0.20007478,0.039013844,-0.045059174,0.14184748,-0.15039223,0.053408425,0.013269922,-0.0032976223,0.0046242643,-0.06994553,0.0062348186,-0.112221494,-0.17969276,0.021952214,0.07977575,-0.1530245,0.1856679,0.26306117,-0.23660766,0.079348944,-0.047386337,-0.076755695,0.02482677,0.03931134,-0.009856105,0.10479814,-0.19857435,0.08261406,-0.03298419,0.017959556,-0.00923324,0.036117014,0.08755679,-0.013254193,0.2385775,0.0945136,0.06408776,-0.0826784,0.065452084,0.054658502,0.015087483,0.39253148,0.08523515,-0.22578362,-0.2589853,0.020023007,0.04917706,-0.045764398,0.12729365,0.15835987,0.1523223,0.07539947,-0.010344049,-0.06903728,0.040848922
TCGA-17-Z049-01,-0.0034261334,-0.12414754,-0.14562489,-0.10927306,-0.0999877,-0.02746675,0.066691846,0.087961294,-0.34923735,0.20436248,0.050783444,0.13293296,-0.0076454766,0.10053181,0.0051178387,0.008758371,0.30549532,0.07169629,0.038264934,-0.10920849,0.021768209,0.09808768,-0.21814418,-0.14281248,0.17436247,-0.049891848,-0.23025297,0.111963466,-0.084675014,0.03974888,0.016353386,-0.02466814,0.18500708,0.046238553,0.037507188,0.13933234,0.10691579,-0.053104386,0.07806988,-0.107853405,-0.0809389,-0.066655956,0.34405497,-0.088577576,-0.03955839,-0.06655683,0.089695305,-0.19511808,-0.03360703,-0.011187832,0.046967145,0.28256628,0.025341941,0.07540966,0.008399884,-0.04315708,-0.08458181,-0.15354493,-0.093646325,-0.02223124,0.01860369,0.060158253,0.070944406,-0.13110968
TCGA-86-8055-01,0.010247966,0.07536374,0.08529333,-0.07107946,-0.07678677,-0.10974114,-0.070453286,-0.18508735,-0.09543396,-0.23185404,-0.033530615,-0.06970771,-0.017005125,-0.14533821,-0.09797577,-0.2137737,0.43189642,-0.02989557,-0.047856357,-0.040684354,-0.06932917,-0.025758112,-0.07941562,0.023718758,0.01653918,0.016527727,0.22636177,-0.00086062704,0.016585052,-0.058092758,0.00014871749,-0.014963709,0.0284732,-0.048994295,0.17867792,0.079503685,0.068838805,-0.026776642,0.111399956,0.119245514,0.07054337,0.06795831,0.12978616,-0.013798488,0.111458644,-0.006088829,-0.010567239,0.09713536,0.17149095,0.2540518,0.32259268,-0.09314593,-0.1231784,0.11817273,0.069355346,0.23125899,0.020103684,0.20025878,0.14758958,0.15818445,0.06909584,-0.0028309342,-0.08052707,0.070100285
TCGA-64-1680-01,-0.15160458,-0.28356618,0.031424105,-0.016611213,0.2338897,-0.04673184,0.047376882,-0.06598015,0.1587863,-0.0025223533,-0.11578733,-0.21193986,-0.057599414,-0.14740895,-0.12523584,0.108595096,-0.31035912,-0.045127504,-0.23984039,-0.3072308,-0.061281234,-0.14795639,0.15999568,0.12127875,0.0744714,-0.075058945,0.064999394,0.20212728,-0.023094691,-0.108493656,0.09269365,-0.031570703,-0.16885,0.03392115,-0.11976809,0.11113074,-0.11482127,-0.119535625,-0.07586874,-0.00668481,0.07250263,0.06493521,-0.17647891,0.015155788,0.11654542,0.13808309,0.12115778,0.012979143,0.11717176,-0.031497687,-0.020196645,-0.12048656,-0.06470195,0.032699764,0.0032922684,0.14062558,0.08144484,0.07872582,-0.049623936,-0.0010751382,0.06457431,0.15596394,-0.11625863,-0.106958255
TCGA-44-2668-01,0.30288413,-0.12916219,0.1381436,-0.12777227,0.031869184,-0.16545354,-0.031976674,0.082117215,-0.07211122,-0.0392301,0.028896684,0.016770553,-0.07592059,-0.24450858,-0.053102728,0.19374685,-0.0929266,-0.16309063,-0.020032112,-0.08536541,-0.14782648,-0.08192322,0.058345925,0.09390662,0.03495534,-0.04416099,0.04131941,-0.122349076,-0.11354008,-0.12668183,0.08476437,0.122606404,0.11985393,-0.18536219,0.2476111,0.11004595,-0.100080065,-0.10143218,-0.081814304,0.051855948,-0.033961486,0.079618685,0.0115836095,0.04665611,0.041634742,0.14030993,-0.16796455,0.12203784,0.16706027,-0.12072663,0.07715898,-0.05346669,-0.28757492,0.115140185,-0.0066402317,0.07637262,0.055521883,0.22267371,0.17048067,0.15954295,0.08495892,0.13562773,-0.19686931,0.026278608
TCGA-50-8460-01,0.17937303,0.05451723,0.10435002,0.021593412,0.20039107,-0.039366294,-0.012269006,0.042074457,0.2956535,0.08947631,-0.08508644,-0.113033205,-0.015806375,-0.19445463,-0.0669086,0.275778,-0.32376218,-0.042490024,-0.15818956,-0.07030274,-0.11384351,0.076942086,0.28021175,0.11137143,-0.047458485,-0.054325696,0.15815839,-0.043176364,-0.039747592,-0.10390595,-0.09674276,0.07963608,0.16464211,0.003483058,-0.07956974,-0.13493425,0.0304392,-0.094201945,-0.10600132,0.11384694,0.08486451,0.071523674,-0.17665859,0.0055235852,0.10228729,0.14835247,-0.011908554,0.16659278,0.0733805,-0.18166953,0.021854557,-0.17721881,-0.16140363,0.045221083,0.011189465,0.107653745,-0.017577732,0.14226286,0.15649824,-0.007865495,0.08812723,0.06170304,-0.042794127,-0.1054589
TCGA-55-7573-01,0.24561703,0.11283073,0.10469605,-0.10147957,0.20056023,-0.09285619,-0.014531042,0.11066043,0.10994239,-0.07386847,0.0533999,0.0147893205,-0.19347523,-0.07738341,-0.06591475,0.059727423,-0.03941474,0.0062335036,-0.009525683,0.04460984,-0.19486266,-0.21808249,-0.017141512,0.07704771,0.1974192,0.054944035,0.028012354,-0.0027673638,0.043722577,-0.19567157,0.22446813,0.19611706,0.34857574,-0.007610309,0.059111416,0.006407498,0.12888077,-0.061550904,-0.2155523,0.14552695,0.055062436,-0.0039451323,-0.055330534,0.07993767,0.0036717954,-0.17595662,-0.10276533,0.056265455,0.11415245,0.03456112,0.23072614,0.031493075,-0.19869527,0.18017703,0.027135544,0.10751861,-0.010432455,0.07946628,0.19058965,0.12165402,0.046496477,0.031563144,-0.06702535,0.13014057
TCGA-73-4662-01,0.06992481,0.07717001,0.026860906,-0.2677266,-0.043604705,-0.11843172,0.007947213,0.02397106,-0.011915786,0.13813889,-0.0040901653,-0.225106,-0.08033727,-0.0044659744,-0.14922966,0.07597617,0.03666647,-0.114841565,-0.29046974,-0.16601264,-0.16923262,-0.124853,-0.017890893,0.054268107,0.2047726,-0.056329448,-0.30482483,0.05902205,-0.20635329,-0.11850318,0.25199705,0.11678113,0.067575745,-0.008812,-0.17101172,0.03834579,-0.011973103,-0.17294778,-0.27473795,0.0992691,0.0344814,0.116023324,-0.06552013,0.01846034,0.011395562,-0.11601468,-0.04261542,-0.0527953,0.06357082,-0.09521679,-0.07246747,0.035926435,-0.14467408,0.02067965,0.04092887,0.18897636,0.029336521,-0.017497513,0.0168925,-0.088320136,0.11444967,0.018861793,-0.08316775,-0.2242449
TCGA-05-4395-01,0.25269407,-0.047525894,0.07939627,-0.10946952,0.032445736,-0.14581203,-0.116307564,-0.28462327,-0.087205596,0.09380158,-0.09961206,-0.06567933,-0.16127732,-0.14026654,-0.11596146,0.11193641,0.16573383,-0.08286991,-0.29519576,-0.2188571,-0.038752045,0.2789619,-0.13999516,0.082555614,0.07380938,-0.13995437,0.039845996,0.04414589,-0.15246673,-0.10655208,0.17955272,0.18666573,0.069854915,-0.115942664,0.013306174,0.03432286,0.12887304,-0.15371405,-0.003998063,0.108533576,0.10954543,0.06173082,-0.059685826,-0.038784053,0.10349003,0.06791559,-0.13505557,-0.008924176,0.03488919,0.06296284,-0.09256604,-0.011091764,-0.118653946,-0.02261489,-0.0058938893,0.20253241,-0.05310499,0.08714688,0.012483924,-0.20483963,0.07360429,0.026181012,-0.14592728,-0.124128714
TCGA-44-5645-01,0.03722318,0.06357977,0.14904085,-0.06444792,0.33796433,-0.119901896,0.040524963,0.07852906,-0.044829834,-0.21237439,-0.00025423823,0.047620602,-0.012878422,-0.16281156,-0.16175945,0.060835898,-0.10069508,-0.024587326,-0.1975183,-0.20964468,-0.09621611,-0.09120333,0.07827769,0.021704562,0.048629247,0.06900418,-0.0339317,0.18443482,-0.15852286,-0.104947925,-0.014550235,-0.15493941,0.26936272,0.01951745,0.032047857,0.13153827,0.02622219,0.11956168,-0.0035520978,0.12718493,0.08681459,-0.009847526,-0.09269044,0.12958436,0.14091755,-0.04337109,0.017105367,-0.0241723,0.23082262,-0.050552733,0.23665114,0.011718128,-0.19847617,0.035741,0.037446126,0.24786687,-0.07022074,0.13334303,0.19425254,-0.017288791,0.077794746,0.14253516,-0.15279374,0.03640867
TCGA-67-4679-01,-0.08436359,0.14250776,0.13041869,0.056940954,0.44995418,-0.020335058,0.0953586,-0.18104665,0.19353788,-0.16898869,-0.00041174685,-0.10157794,0.12589554,-0.14667939,-0.0790658,0.09032171,-0.2888311,-0.0472337,-0.07893824,0.020532476,-0.050590392,0.012622149,0.29823607,0.09147669,-0.070556395,0.006443594,0.045265418,0.104738265,-0.10627575,-0.08689933,0.013046774,-0.11622145,0.10199998,0.03134204,-0.044878423,0.041756757,0.123091996,0.21894729,0.03446961,0.09481378,0.098230004,0.009913264,-0.34602892,0.072505094,0.047121655,0.03176064,0.07828822,-0.0065186694,0.07627695,-0.1353484,0.04355651,-0.027689397,-0.015019941,-0.018636055,0.030444166,0.100716524,-0.004920091,0.023560556,0.078025475,-0.04702013,0.03688146,-0.015334647,-0.09537718,0.21448652
TCGA-NJ-A4YP-01,-0.13818793,0.042973295,0.20278928,-0.011936775,0.2956318,-0.09806129,-0.04714853,0.07762113,-0.031628218,-0.13787426,-0.05434439,-0.21101722,0.054781403,-0.20420875,-0.10886918,0.078843355,-0.27201077,-0.17183673,0.0037020913,-0.013016168,-0.12610304,-0.03706885,0.24319106,0.04063168,-0.08039169,-0.016287928,-0.13495898,-0.041238885,-0.0044994946,-0.12534325,0.11346205,-0.01781301,0.004366266,-0.18919657,-0.0912792,0.10724803,-0.11453723,0.07523822,-0.19660379,0.084654756,0.07430559,0.13709077,-0.28810596,-0.016030032,0.09166608,0.0212543,-0.07197592,0.17530756,0.11549801,-0.17254765,-0.19067076,0.06760083,-0.12701328,0.066349864,0.12267166,0.00070178043,0.08265592,0.118659444,0.036519673,-0.026685055,0.122219026,-0.041337322,-0.13444194,-0.122638375
TCGA-80-5608-01,0.27489433,-0.25548795,0.07833906,-0.1942402,0.05355524,-0.115159445,-0.016128581,0.11117667,-0.07234081,0.04971783,-0.050358944,-0.006704242,-0.052184507,-0.046908148,-0.043276105,0.13229378,-0.18838955,-0.0965982,-0.1641165,-0.20673612,-0.101123594,-0.1611912,0.18649544,0.07345415,-0.15492603,-0.02109145,-0.018128127,-0.119613975,0.0041852826,-0.053550992,-0.051790304,0.09299879,-0.13415806,-0.09544865,0.08586198,-0.04009597,-0.23768432,-0.16714637,-0.12411537,-0.18915746,0.019657696,0.101977065,-0.044515282,-0.0009182272,0.07734489,0.10250755,-0.16393104,0.065295145,0.13435683,-0.049802892,0.10984543,-0.11080383,-0.23576938,0.012140098,-0.008102568,0.07941505,0.07540242,0.12779167,0.051679146,0.055463377,0.113114044,0.24258088,-0.14067493,-0.2224913
TCGA-44-6144-01,-0.22925627,0.0970689,0.12860827,-0.045857504,-6.8473695e-05,-0.09200983,-0.1301796,-0.05791679,-0.13178281,-0.33375743,-0.018977955,0.09021254,0.0048933984,-0.13635746,-0.0062926295,-0.10021527,-0.05139964,-0.10240875,0.10772427,0.13065645,-0.15879029,0.095027864,0.009130474,0.08552459,-0.24242447,0.015543341,0.1710319,-0.22337565,0.0931706,-0.031623594,0.0747417,0.110845,-0.010490764,-0.06005705,-0.001703247,-0.13044354,0.099831454,-0.06680358,-5.940741e-05,0.09372159,0.08987586,0.10870543,0.01618829,-0.08221653,0.024029847,-0.13459048,-0.2615997,0.13894312,0.06362192,0.014309021,0.30131438,0.093850225,0.0050249672,0.070775926,0.112665966,-0.084252484,0.10812703,0.20832418,0.25744432,0.11350591,0.057330087,-0.112466834,-0.06695373,0.12184347
TCGA-50-6593-01,-0.12753491,0.02058165,0.11601218,-0.11777473,-0.004403446,-0.10193122,-0.115962625,-0.14876601,0.030850738,-0.1628296,-0.0905087,-0.08571937,0.047507964,0.01303646,-0.07303374,-0.11221688,-0.033333886,0.0036315538,-0.126892,-0.19701949,-0.031480253,0.33540246,-0.060208887,-0.08341566,-0.012604232,-0.06848878,-0.20929226,-0.012358365,0.027067576,0.020097286,0.110494725,0.0027096986,0.072436586,-0.08019138,-0.13134822,-0.20256855,0.094427235,-0.038460184,0.04957825,0.019177778,0.106636696,0.045565106,-0.045069933,-0.020614684,0.11165612,-0.1702635,0.0032859077,-0.06980669,-0.0059241904,0.18998061,0.0008374418,0.2214315,-0.06651519,-0.5322691,0.09329948,0.007380315,-0.10998716,-0.023628566,0.023098366,-0.15456899,0.09248757,-0.068174265,-0.06425159,-0.15122923
TCGA-97-A4M6-01,0.017717568,0.07093032,0.13058986,-0.023680437,0.0390365,-0.07108052,-0.046598848,0.084140025,-0.012701687,-0.30973297,-0.009520446,-0.08808566,0.099649616,-0.10946773,0.012328695,-0.07309198,-0.10544222,-0.03400478,-0.04469443,-0.109683,-0.104322076,-0.21351458,0.023111809,0.049243677,-0.16739462,0.14388065,0.15297878,-0.218974,0.15324926,-0.04709487,-0.15621383,-0.09449014,0.047110103,0.025467617,0.12910464,-0.105406076,-0.099868685,-0.10467122,0.07495385,0.015285711,0.051918946,0.06882165,0.031848677,0.15080106,0.11514033,0.013438623,-0.094170906,0.1452402,0.17408024,0.1052987,0.42163438,0.08283424,-0.18414044,-0.049515545,0.045915876,0.060698565,-0.04109264,0.25252354,0.22160797,0.15190554,0.088146135,0.05020596,-0.045533005,-0.12171733
TCGA-49-AAR3-01,-0.07037694,0.059584145,0.05563634,-0.26961544,-0.12738581,-0.10169866,-0.042189296,0.009166211,-0.21751428,-0.022550274,0.10960585,-0.22807351,0.041835442,0.025843853,-0.022654332,0.0947235,-0.07228285,-0.12075302,-0.19079746,-0.05773012,-0.12176446,-0.23080723,-0.08383412,0.03952571,0.11244481,0.08753142,-0.1476884,-0.21115771,-0.14281435,-0.09342327,0.0793468,0.16820644,0.026086558,-0.16378805,-0.05087789,-0.0905842,-0.08420046,-0.16793613,-0.21896365,0.101347916,-0.026645556,0.1721558,0.059481513,0.18445191,0.0023743694,-0.18085018,-0.10741791,0.008828558,0.014626171,-0.016439749,0.035255432,0.24299113,-0.16029507,-0.14036945,0.036676746,0.09129276,0.039478827,-0.02620319,0.15164256,0.04141902,0.09762276,-0.096469164,-0.11011504,-0.24301274
TCGA-17-Z013-01,-0.053584587,-0.03953495,-0.03392708,-0.27864957,-0.048254505,-0.06442038,0.22193103,0.022053601,-0.07600106,-0.027913362,0.1411935,0.04473989,0.12385711,-0.010832323,-0.04283664,0.0069073173,0.23675913,-0.109171465,0.037435763,-0.04024558,-0.075822085,0.005919036,-0.042146526,-0.13235337,-0.113286324,0.11735947,-0.18082592,0.07587192,-0.22086138,0.09193448,0.16562265,0.10158457,0.067816906,0.06435023,0.16574289,0.18867221,0.026955653,0.050777182,0.03849356,-0.035734568,-0.18706445,-0.09424322,0.21531372,0.0876242,-0.12675075,0.1090167,0.21003883,-0.2631647,0.07776966,0.028925799,0.33699507,-0.06540514,0.071049385,0.066870734,0.028800242,0.094410315,0.023929594,-0.0727556,-0.16159444,0.18086697,-0.015539972,0.1399573,-0.03713829,0.10772156
TCGA-44-7670-01,0.09134172,-0.06366848,0.06739937,-0.16910478,0.058643054,-0.09681952,0.0059212036,0.10398026,-0.015146317,0.12718226,-0.09219992,0.12731946,-0.08233155,-0.015084323,-0.1288218,-0.11223606,0.22522746,-0.016986236,0.09437896,-0.058072295,-0.11869613,0.011458795,0.18451189,-0.19217162,0.17226127,-0.10957182,-0.2893611,0.13055977,0.04683588,-0.1011662,0.14631607,-0.04012644,0.4347349,-0.04150347,-0.039119437,0.07864191,0.12845623,0.15047167,-0.16004875,0.0032333625,0.07133443,0.0098799,0.018600138,-0.16924578,0.043959122,-0.28026935,-0.08223554,-0.0018204369,0.1720719,0.10357071,-0.08435532,0.0043725087,-0.14844888,0.11148483,0.10117297,0.0096222125,-0.086903095,0.011538179,0.018804321,-0.057823014,0.10066414,0.14147395,-0.046420645,-0.080750436
TCGA-78-7633-01,-0.06312209,-0.047192004,0.048674826,-0.081312545,0.15971254,0.0047363015,0.050304484,-0.13955463,0.30359253,0.10847926,-0.08318108,-0.29071116,-0.022141434,-0.06473664,-0.09848172,0.21315597,-0.36037433,-0.08092374,-0.25038612,-0.14325841,-0.051135134,0.08950875,0.21799618,0.08932138,-0.07644391,-0.0337807,-0.06958537,0.005320165,-0.03877056,-0.05976765,0.06624014,0.15978935,-0.062779255,0.0017570386,-0.13510868,-0.043179236,-0.05873822,-0.0855825,-0.16607551,0.10058308,0.022564996,0.044419643,-0.3334324,0.018056568,0.06903493,0.13246612,0.12676015,0.08117557,0.032567054,-0.096592814,-0.12539628,-0.10714582,-0.011100353,-0.067396626,0.0068252636,0.13022032,-0.008226033,0.025685655,-0.0013769094,-0.0714724,0.064331986,0.0834955,-0.02175655,-0.20321688
TCGA-64-5778-01,0.24496827,0.04323359,0.072452836,-0.25533932,-0.23875846,-0.1563805,-0.07206351,-0.13781984,-0.19269745,0.025773048,0.066650115,-0.19250472,-0.012299503,0.008096831,-0.03579322,0.014772013,0.21445404,-0.12124457,-0.23131366,-0.08367458,-0.0848757,-0.06757542,-0.115872525,-0.0051760096,0.10459021,0.022641813,-0.11159808,-0.19304483,-0.16385762,-0.07988179,0.0043248604,0.20555224,0.072253734,-0.18268652,0.075232334,-0.07283707,0.0120230075,-0.13487554,-0.03802287,0.095490836,0.0074745705,0.15062688,0.08947915,0.1426912,0.026139615,-0.106002174,-0.1379325,-0.0030704823,0.048483834,0.14793256,0.038509622,0.10431366,-0.19242707,-0.12477475,0.019186627,0.20771399,-0.050024472,0.048918564,0.14868048,-0.039264224,0.09866502,-0.08627928,-0.13397838,-0.2025097
TCGA-64-1677-01,-0.049624134,-0.10907132,-0.13214312,-0.18674126,-0.2871896,-0.08371894,-0.08094765,-0.17844415,-0.1271923,0.1116257,0.026165886,-0.13892677,-0.07445833,0.08442854,-0.08219956,-0.1461255,0.19604766,-0.07982805,-0.29183507,-0.17319952,-0.057728007,-0.06575791,-0.1581866,-0.008142456,0.262062,-0.09767682,-0.011793283,-0.012536712,0.08400843,-0.037916794,0.054021414,0.024882093,0.09767,0.033382867,-0.032524902,-0.015447139,0.14375013,-0.3032163,-0.114951245,0.03835882,-0.05484078,0.07912214,0.07776246,-0.08749812,0.00882228,-0.26006937,-0.023372741,-0.10217013,0.06617644,0.15447554,0.12937418,0.0992803,-0.053375013,-0.083572686,0.046066914,0.13746811,0.06977087,-0.07059048,0.10296872,0.0068809874,0.10081096,-0.042373333,-0.042961862,-0.2680512
TCGA-73-7498-01,0.07609003,-0.1981617,0.097511776,0.0988534,0.26491144,-0.07801658,-0.059095703,0.045280043,0.22357929,-0.06512341,-0.08749951,-0.10095399,-0.06537312,0.0031668348,-0.07110703,0.20560764,-0.4465878,-0.0759535,-0.10818895,-0.11070519,-0.11063283,-0.22038014,0.017710675,0.2101966,0.088321045,-0.018636428,0.02067605,0.023708593,0.022910895,-0.20683406,0.0039030684,0.07961987,-0.20630759,0.0065049846,-0.13944271,-0.011679674,-0.10282136,-0.18268731,-0.1062062,0.006913673,0.055706218,0.09657887,-0.27402365,0.05259369,0.061255258,0.17241654,0.008255674,0.08986938,0.07971938,-0.14800614,-0.02636681,-0.08171213,-0.08196677,-0.0067373696,0.050113384,0.045063555,0.06154063,0.123569384,0.049466655,-0.03617095,0.06710805,0.047568742,-0.098277345,-0.036698207
TCGA-05-4410-01,0.051111314,-0.31020522,0.0667222,-0.15321444,-0.09805789,-0.06761275,-0.03902293,-0.16699658,0.075178064,0.0042448193,-0.09352884,-0.11750159,-0.1423436,-0.16482624,-0.08802112,0.16031402,-0.06831413,-0.069884695,-0.18973954,-0.24656768,-0.12634677,-0.10191289,0.09436233,0.09554204,0.06430095,-0.13989626,0.15592138,0.025702808,-0.14862843,-0.12249926,0.15267424,0.11670814,-0.18745424,-0.14418006,0.04936603,0.014415878,-0.1440179,-0.19448835,-0.06573133,0.06425119,0.0042281933,0.1146119,0.056718886,0.034072623,0.11983172,0.19836773,0.011820175,0.12076137,0.06698316,0.08903638,-0.0069574937,-0.20074905,-0.20063634,-0.05112825,0.007476588,0.1869999,0.048476845,0.13888776,-0.1071448,0.16177565,0.04560005,0.0678142,-0.16460606,-0.10875556
TCGA-75-5122-01,0.234599,-0.089970686,0.088660344,-0.14888239,-0.16324,-0.102705285,-0.151796,-0.124367364,0.026274225,0.028648302,-0.12825522,-0.02001075,-0.10848199,0.035682153,-0.08405105,0.03242404,-0.08230709,-0.09835435,-0.20787092,-0.040119767,-0.12814437,0.12272314,0.12803432,0.1829426,-0.050023165,-0.21167666,0.021523263,-0.19728358,0.012260394,-0.12719566,0.106902495,0.15501423,-0.24778134,-0.10995497,-0.11015327,-0.2401454,0.09589776,-0.18184704,-0.019083371,-0.06927577,0.13279167,0.14946546,-0.11708601,-0.24954227,0.0977736,-0.052351937,-0.25350052,0.13355082,0.01906713,0.01559575,-0.018251661,-0.08577837,-0.13909589,-0.070937075,0.045698863,0.059762057,0.07452872,0.11809699,0.09247718,0.0036520306,0.12685071,-0.07216347,-0.12724835,-0.074584596
TCGA-73-4658-01,-0.15642028,-0.23438308,0.026831413,-0.15201597,-0.013688787,-0.0871865,0.011901403,0.059261974,0.014028061,0.06735428,-0.05771237,-0.17682238,0.07360109,-0.049876273,-0.13488135,0.15745112,-0.2745483,-0.115577616,-0.306394,-0.31440467,-0.049606998,-0.11910817,0.13221724,0.0075185397,0.1627161,-0.049945414,-0.1432941,0.045743566,-0.14543325,-0.032322526,-0.07605359,-0.08446201,-0.1039966,-0.07185734,-0.130007,0.013713767,-0.14283381,-0.11059879,-0.12743004,0.056582574,-0.015130517,0.10468504,-0.05964935,0.025762044,0.11165307,0.0119195655,0.04723533,-0.015716918,0.10380994,-0.13904561,-0.13790374,-0.054093737,-0.15961333,-0.1807676,0.015641045,0.1238971,0.034715176,0.04654338,0.05491538,-0.037252355,0.09613429,0.11240679,-0.13815226,-0.32026553
TCGA-97-A4M7-01,0.043161944,-0.0680864,0.15134987,0.056913454,0.2540046,-0.091249585,-0.042469077,0.22396705,0.12463187,-0.2348642,-0.006147179,-0.15878122,0.06883292,-0.1579943,0.013200107,0.15353225,-0.19786124,-0.093657225,0.08288437,0.0033228304,-0.16467284,-0.23776597,0.14075911,0.06823723,0.10766746,0.012382577,0.15413977,-0.053030018,0.037155915,-0.1614931,-0.047649894,-0.038952734,0.19557104,-0.11824796,0.02823687,0.06524576,-0.15649703,-0.14941004,-0.168491,0.08136906,-0.029130999,0.11676692,-0.019310806,0.04774451,0.0022785203,0.11420506,0.0038922587,0.21803474,0.14875741,-0.078264005,0.09499198,-0.08886491,-0.20601061,-0.020408375,0.13670106,0.0109415,0.13268477,0.13148096,0.122932,0.25481167,0.051546585,-0.011027256,-0.089161865,-0.1064019
TCGA-50-8459-01,-0.063260734,0.14201465,0.0828223,-0.030692559,0.09405982,-0.028793188,-0.053994406,-0.15744562,0.06647584,-0.2680946,0.07624971,-0.016166436,0.16004178,-0.0015977629,0.08351453,-0.024963524,-0.16199239,-0.09657931,0.054951794,0.09924297,-0.12897286,-0.14189157,0.081208,0.11108752,-0.28465945,0.12954924,0.21306741,-0.2778939,0.09680416,0.0073871915,-0.004024893,-0.04172479,0.18415262,-0.037170798,0.20861687,-0.12912373,-0.0563008,-0.15620795,-0.08675353,0.022155764,0.0038719801,0.08150817,-0.08489839,0.103280924,-0.07805804,-0.11327697,-0.18796033,0.009362456,0.04220962,0.018344102,0.43075424,-0.0010912496,-0.05576766,-0.07438532,0.08580324,-0.08627817,0.09462289,0.05085941,0.12878992,0.14361432,0.0475779,-0.0706074,-0.030259144,0.03632987
TCGA-97-8176-01,0.23470749,-0.060645014,0.17311646,-0.055035047,0.21444318,-0.05267748,-0.03623574,0.148808,0.08830439,-0.08331784,-0.014713261,0.0049504736,0.053299803,-0.11732248,0.030065637,0.065706305,-0.26040792,-0.0575115,0.12815548,0.020725582,-0.16773695,-0.21090063,0.30668762,0.04416494,-0.0747183,-0.017463485,0.09305101,-0.19757508,0.1306916,-0.10884019,-0.042021897,0.040164568,0.18047392,-0.09755699,0.107607715,-0.06722571,-0.07501653,-0.043713164,-0.1681014,-0.06459273,0.09293653,0.09089852,-0.11467637,-0.036208235,0.023388563,-0.08494688,-0.1831676,0.21142106,0.13269068,-0.06444891,0.10415672,-0.017470911,-0.27466407,0.04356543,0.047258932,-0.09314199,0.05150335,0.15425101,0.20390657,0.1460289,0.096935235,0.112806134,-0.086799696,-0.032142762
TCGA-67-3772-01,-0.0057903277,0.1753277,0.15452886,-0.086120956,0.22127405,-0.08322034,-0.006598222,0.08881388,-0.141183,-0.24028857,0.022441631,0.041394886,0.051783197,-0.17164503,-0.009447016,-0.06511897,0.017105097,-0.033891294,-0.02353531,-0.022919685,-0.10475377,-0.2742689,0.0046389033,0.012910782,-0.09655568,0.18293227,0.23366177,-0.13690795,0.09317009,-0.07113963,-0.14026289,0.03718878,0.07007552,-0.00610994,0.06149908,0.02011881,0.033346705,0.055731326,-0.05646197,0.079839416,0.124573596,0.067979604,0.025287729,0.17441514,0.11896379,-0.09457901,-0.11940376,0.09935456,0.16978619,0.031733435,0.3523797,0.11168722,-0.21330456,0.08383799,0.025107024,0.0906747,-0.025457207,0.23255067,0.29004702,0.06790017,0.060971893,0.0879483,-0.11739262,-0.0041529513
TCGA-62-A470-01,0.050830692,-0.057971284,-0.041641384,-0.1968769,0.11214324,-0.004567565,0.03738438,-0.10085599,0.08418068,0.21006113,-0.018963104,-0.13069478,-0.16886334,0.024119461,-0.084333055,0.1348149,-0.3223742,-0.05823898,-0.31500402,-0.12103281,-0.06537744,-0.006932709,0.23850419,0.08964593,-0.17918609,-0.003927136,0.021496963,-0.077531986,0.1604121,-0.0034430549,0.0845864,0.20296185,-0.10956359,0.008424005,-0.0446682,-0.044981975,-0.006735963,-0.0910976,-0.30161098,-0.03790503,0.048081897,0.00143829,-0.30847812,-0.11128177,0.0106212525,-0.10463776,-0.117525555,0.050288346,0.04496254,-0.030560846,0.00195142,-0.106028356,-0.042398494,0.13096544,-0.014638693,0.06133662,0.093847275,-0.00954644,0.042842176,-0.085175715,0.06522768,0.14248902,-0.08210576,-0.25042856
TCGA-55-6981-01,0.062505834,-0.2590514,-0.0075868513,-0.0886334,0.07447086,-0.10173364,0.03184163,0.057913315,-0.0035031184,0.20065849,-0.091847174,-0.17100368,-0.05229961,-0.054668657,-0.17002088,0.09660392,-0.16072643,-0.09800638,-0.27989668,-0.3812612,-0.05320603,-0.101378545,0.008585353,0.03632544,0.2673402,-0.0991161,-0.100888714,0.14452113,-0.07591316,-0.08125675,-0.052999575,-0.061659154,0.055817753,0.050447702,-0.10640894,0.10157663,-0.02192469,-0.18424529,-0.08272678,0.045609552,0.026626594,0.05036631,-0.071883425,-0.0499847,0.051977202,-0.03381661,0.012468718,-0.07043791,0.1742382,-0.055393547,-0.081725255,-0.047390126,-0.12867735,0.12572156,-0.04107168,0.1911491,0.0022121991,0.07452332,0.108290456,-0.16599841,0.07695529,0.25525978,-0.09931371,-0.21133453
TCGA-55-6986-01,0.12273104,0.023770891,0.0353935,-0.12949775,0.07434245,-0.072579615,0.061650008,-0.21229039,-0.017946964,-0.074894674,0.08355909,0.0396779,0.029644102,0.020489326,-0.03355721,0.16720133,-0.14296062,-0.1753583,-0.10635297,0.13424692,-0.089622796,-0.23281284,0.11830631,0.27217853,-0.22322944,0.045411527,0.10733633,-0.12378436,-0.15252918,-0.072724946,0.023386503,0.10573398,-0.31511712,-0.072063364,0.19104126,0.046262663,-0.13789389,-0.0819772,-0.090082094,-0.04691183,-0.071823,0.09815594,-0.22110967,0.10965098,-0.06216087,0.17481987,-0.105978124,-0.012432453,0.06836312,-0.23318537,0.16309427,-0.14150487,-0.055145767,0.0070182667,0.046495974,0.08481873,0.15863347,0.053457137,0.011569159,0.14136489,0.056367066,0.006532396,-0.13231994,0.15582976
TCGA-55-8621-01,0.11254237,0.01018989,0.09644536,0.077572435,0.33969048,-0.10657984,-0.052265204,-0.14856152,-0.110307105,-0.2555726,0.06229611,0.14707671,0.14678365,-0.04833552,0.025802396,0.08859963,-0.032084774,-0.074798815,0.11464392,0.15649231,-0.13953823,-0.19156854,0.1363214,0.12945557,-0.10557167,0.035346728,0.21422191,-0.11944755,-0.12577426,-0.054965142,-0.14689796,-0.15168443,0.032709118,-0.11526964,0.19822891,0.041017048,-0.11069976,-0.005539666,0.014069831,-0.05368321,-0.040710837,0.105609275,-0.09203164,0.020621585,-0.050361417,0.057090003,-0.20681676,0.08559506,0.08029978,-0.11608838,0.24206586,-0.17210786,-0.13379231,0.0975677,0.12768942,0.01041616,0.15977596,0.09766703,0.113967106,0.12012782,0.06582471,-0.014837811,-0.11646228,0.17982684
TCGA-78-8660-01,0.06703198,0.030821476,-0.07193932,-0.15878873,-0.01920626,-0.024426263,-0.039384086,-0.26450393,-0.011355749,0.055333927,0.0981069,-0.1240835,0.09913447,0.26409507,0.04259123,-0.0010960845,-0.054156084,-0.039396815,-0.068635024,0.061398,-0.13172244,-0.40703937,-0.04739329,0.26523742,0.14219931,-0.04086441,0.10725832,-0.23270455,-0.018053312,-0.09395187,0.057291623,0.022634108,-0.13780013,0.013049668,-0.00323975,-0.16916457,0.012597584,-0.33008295,-0.21372738,-0.01554099,-0.054324172,0.1390378,-0.12802918,-0.0009646675,-0.13778809,-0.18067653,-0.14441158,0.030271642,-0.033410396,-0.11635194,0.09219257,0.07880772,-0.081366666,-0.060533367,0.0256317,-0.016786223,0.10317376,-0.11067493,0.0888038,0.095706426,0.073040426,-0.08437236,0.021621505,-0.06822155
TCGA-38-4626-01,0.07949363,0.091935724,0.009921451,0.0069375364,0.30754912,0.018178454,0.035585165,-0.3983209,-0.058537338,0.10866419,0.008810841,-0.002119875,0.112239294,0.12063392,-0.07100583,0.0058863456,-0.098891184,-0.082499854,-0.1757985,-0.018762989,0.00797944,-0.12220378,0.1830149,0.18374647,-0.031599637,-0.049237438,0.02387311,-0.015914101,-0.10837789,-0.035656326,-0.1455978,-0.13086185,-0.13947868,0.031822924,0.02680593,0.11426532,0.08225182,0.056912955,-0.030942755,0.038866956,0.09334315,0.0076131,-0.4200784,-0.08966945,-0.0030386408,-0.0703219,-0.100848086,0.008495731,0.069175355,-0.25770283,-0.15911298,-0.040963776,-0.041858383,0.20198938,-0.028218277,0.10194596,-0.03371981,0.023783045,0.10548898,-0.26077226,0.058846645,0.051917724,-0.053822923,-0.001651052
TCGA-62-8398-01,0.06257883,-0.1362539,0.015647026,-0.1651896,0.1205978,-0.07171606,0.011341685,-0.29627478,0.08331612,0.1292577,-0.054876283,-0.25763983,-0.0717321,-0.055900127,-0.12140914,0.13530916,-0.20818165,-0.12010799,-0.37650746,-0.29228136,-0.029153178,0.045564324,0.038794596,0.09481328,0.010856138,-0.03937315,-0.07840238,0.018853858,-0.06417385,-0.056219995,0.12500283,0.14336167,-0.11460073,-0.053022258,-0.017217476,0.061570287,-0.031820845,-0.14845043,-0.11721339,0.05142174,0.02649669,0.040265586,-0.2848111,0.038371462,0.071015984,0.054677185,0.034833908,-0.04704296,0.04795761,0.01168802,-0.10725408,-0.02160083,-0.08431698,-0.1117814,-0.025158187,0.18132462,-0.013956789,0.016230445,-0.04482057,-0.17725265,0.087343566,0.113163784,-0.14021632,-0.24635835
TCGA-44-A4SS-01,0.08061602,-0.006472002,0.20150362,-0.02660292,0.09342956,-0.02865949,0.00093166134,-0.110771045,0.27975267,-0.16496441,-0.12897828,-0.17202641,0.04752839,-0.15251693,-0.13209957,-0.043131784,0.0460536,-0.09704766,-0.06509001,-0.14605428,-0.04062185,0.04056455,0.25494814,-0.013543979,0.047079537,-0.095138855,-0.026849672,0.05895174,-0.09056404,-0.1139731,-0.03209322,-0.11852788,0.17153068,-0.08217598,0.15274654,0.110061504,-0.06001128,0.046436984,0.12508248,0.18067864,0.13050494,0.012390484,-0.07810784,-0.007209182,0.1584347,0.1332987,0.12107816,0.16547103,0.23445995,0.11635564,0.06933732,-0.23414214,-0.2162731,0.017333545,0.05708716,0.23759119,-0.08929885,0.23018496,0.09409351,0.11264786,0.07522101,0.06456872,-0.121927164,-0.020859502
TCGA-78-7154-01,-0.23932646,-0.0845104,0.0642777,-0.18639034,-0.17703937,-0.0816216,-0.07494838,-0.103336476,-0.05222244,-0.2285084,-0.0065206387,-0.1590027,0.04578148,0.13509457,-0.073125236,-0.14937526,-0.08124249,-0.009242512,-0.12549073,-0.22591333,-0.07086989,0.1003839,-0.08374179,0.003880027,-0.039440412,-0.04704867,-0.22325717,-0.05456752,0.021042112,0.042944334,0.13165471,-0.0674561,-0.07810463,-0.06806022,-0.02454955,-0.20663725,-0.09246413,-0.17297804,0.012402866,-0.004226976,-0.0027383815,0.05308923,0.03158526,0.0047064833,0.021287594,-0.18582454,0.027699685,-0.049873214,0.022609087,0.21857588,0.14416456,0.24044923,-0.051984016,-0.47229335,0.09858694,0.03953125,-0.01550486,-0.04776158,-0.0026230349,0.044823844,0.072409764,-0.06288138,-0.033762068,-0.15558605
TCGA-67-3770-01,0.26862314,0.107779704,0.110255815,-0.12493703,-0.00090568466,-0.136665,-0.06030492,-0.027587237,0.035119228,-0.19358258,-0.053342633,-0.019212848,-0.013913645,-0.10033378,-0.057912394,-0.12844005,0.12336747,-0.008745051,-0.13334963,-0.05246574,-0.13250327,-0.11874018,0.0141358,0.13640077,-0.1160646,0.046036534,0.22746189,-0.1055773,0.11718531,-0.10184902,-0.042082686,0.04617401,-0.18724924,0.050394055,0.018268377,-0.18466365,0.15366226,-0.07234296,0.11052644,-0.087653205,0.13252933,0.10592946,0.06337213,0.040817145,0.109802045,0.051508915,-0.08038385,0.061901543,0.12628447,0.16684379,0.44339818,-0.060512748,-0.18319142,-0.11313871,0.043590955,0.15006156,0.022173315,0.1850781,0.13910177,0.118700996,0.10056419,0.030221498,-0.11851924,0.11062553
TCGA-97-8547-01,-0.037611663,0.06412587,0.03353871,0.1043383,0.16700684,-0.10159297,-0.0525401,0.2387513,0.08228552,-0.1581307,0.047757536,-0.1559887,0.029418284,-0.21998994,-0.012559461,0.091756366,-0.14094694,-0.013278513,-0.060470864,-0.09466299,-0.10041135,-0.27091104,-0.09051746,0.08746481,0.2194244,0.095311455,0.2631505,-0.007868691,0.10227317,-0.09741912,-0.08728374,-0.11453537,0.19915715,0.073907666,0.0071646916,-0.010255808,0.015946196,-0.19066052,-0.071344264,0.13354114,-0.009652614,0.07050196,0.08282837,0.16460961,0.10036022,0.06634626,-0.0019175883,0.111263245,0.14107984,-0.11469633,0.29851034,0.049551513,-0.16152777,0.07132228,0.03377163,0.047905896,0.07745102,0.14022896,0.25891235,0.1950617,0.06023569,-0.025782006,-0.050581533,-0.039086003
TCGA-78-7537-01,0.25479984,0.16752343,0.08952445,0.000109467896,0.3775124,-0.033774663,0.048583824,-0.21467821,0.16120599,-0.043263998,0.018519863,0.07330094,0.06455474,-0.07165639,-0.051901408,0.17686558,-0.07362082,-0.09393088,-0.12950605,0.07311634,-0.06574447,-0.10682995,0.2317664,0.1518081,-0.008535509,0.04220528,0.11071914,0.0040973937,-0.19926007,-0.11659706,-0.03609408,-0.072647035,0.16666195,-0.022734338,0.13921605,0.10421178,0.06810403,0.07644514,-0.03499849,0.095195554,0.025075471,-0.0048329234,-0.26873264,0.06765819,0.024776034,0.11941819,-0.06203693,0.0030573881,0.09807647,-0.22103012,0.11057671,-0.25257295,-0.15511964,0.12412141,0.01255015,0.16204685,-0.0067815906,0.08344603,0.07498168,-0.006621976,0.04364445,0.026854893,-0.12746958,0.1405873
TCGA-MP-A5C7-01,0.09646733,0.24088861,0.011034723,-0.18797842,-0.048175484,-0.056085054,0.0011988115,-0.21772438,-0.120299384,0.08252913,0.028780822,-0.12549642,0.031970702,0.02998006,-0.091574796,0.122018814,0.09918346,-0.16721943,-0.37741947,-0.00023353378,-0.03463173,-0.1305838,-0.020514058,0.13514175,-0.07084031,0.13550444,-0.055630308,-0.19115384,-0.21359941,-0.06460061,-0.09248932,0.1261285,-0.23759316,-0.08611265,0.016476236,0.039726023,-0.061981123,-0.056682535,-0.08528953,0.13326466,0.002474111,0.0983147,-0.15467907,0.110962026,0.09850616,0.07308009,-0.09638167,0.033666387,0.053304404,-0.15229948,0.018598,-0.06598512,-0.13830198,0.121920094,0.013996341,0.2594526,-0.019633638,0.12818372,0.09054589,-0.09355824,0.11452446,-0.07943557,-0.12457885,-0.23809765
TCGA-55-8085-01,0.15971775,0.10500076,0.1654361,-0.15137182,-0.026445007,-0.06757433,-0.010597704,-0.070943974,-0.014189259,-0.044127073,0.014400133,-0.022984587,0.13557628,-0.1248112,-0.12060017,0.16363186,-0.010126621,-0.11764613,-0.23256806,-0.07699483,-0.13120544,-0.049221866,0.23710419,0.033498667,0.063914865,-0.0289902,0.023280477,-0.07261255,-0.3486207,-0.10383631,-0.17958224,-0.05597504,0.18146424,-0.09629021,0.04111641,-0.043760948,0.014966064,0.054553118,-0.056597218,0.23486048,0.043920483,0.10655684,-0.034698196,0.059287466,0.11369647,-0.035924576,-0.044942558,0.13833632,0.15265004,-0.14207517,0.01180196,-0.12385246,-0.2671887,-0.020976536,0.023483468,0.2632405,-0.07787712,0.17567796,0.23895907,0.030693933,0.09797525,-0.0028693269,-0.1309272,-0.110093154
TCGA-62-A46R-01,0.0751862,-0.06605586,0.13741483,-0.13580118,-0.026824884,-0.14060682,-0.06604046,-0.11809769,0.06490441,-0.10602699,-0.042300943,-0.2353072,0.074421756,-0.050184015,-0.09014691,0.025671698,-0.17538914,-0.08248715,-0.2524867,-0.3315642,-0.07267708,0.13358171,-0.06479018,0.012691875,0.087765254,-0.072582014,-0.14663927,-0.054762393,-0.075251274,-0.025566673,0.020560164,-0.006528849,0.0918449,-0.07779826,-0.034192037,-0.14182961,-0.012470652,-0.17392267,0.036116395,0.0715592,0.050141726,0.086607754,-0.08294263,0.09095273,0.0807791,-0.08024731,0.01204524,-0.031625945,0.06614892,0.13478924,0.012587955,0.17161337,-0.17390175,-0.4631272,0.027151417,0.12863205,-0.10048752,0.058331985,0.099531844,-0.12464556,0.10014173,0.021555897,-0.115704745,-0.22922988
TCGA-49-4514-01,0.0572027,0.097849704,0.12815374,-0.14907748,-0.11390183,-0.16144423,-0.13060218,0.04146283,-0.23975165,-0.10684093,0.028975414,-0.16292667,0.118954495,-0.09060414,-0.022942796,-0.10803846,0.06642469,-0.11278476,-0.15403883,-0.073169425,-0.08604549,-0.062079422,-0.07429796,0.012992311,-0.10394035,0.044827994,0.12357082,-0.24823418,0.079484984,-0.0040651443,-0.21600088,0.0878592,-0.106760755,-0.13018996,0.012630729,-0.10146222,0.03900337,-0.1754996,-0.05175598,0.018347207,0.112838395,0.17829843,0.05914374,0.08481169,0.09585194,-0.10789332,-0.17315257,0.08759809,0.07216672,0.0026977607,0.11785241,0.1908699,-0.20790681,-0.23206812,0.0649539,0.052584883,0.027048942,0.14132518,0.28213808,-0.040145203,0.11544296,-0.048971847,-0.13050903,-0.25331134
TCGA-38-4627-01,0.09747118,0.07439133,0.07249051,0.013316921,0.012951031,-0.0053332406,-0.049681615,-0.21084952,0.08587185,0.13632421,-0.043258447,-0.036118746,-0.11226626,-0.09327181,-0.07036694,0.24183658,-0.13693894,-0.13001114,-0.11620857,0.08298603,-0.10122879,-0.027365759,0.11755906,0.21613052,0.11145419,-0.09207287,0.041978084,-0.10776535,-0.13044848,-0.1777014,0.0456778,0.20724295,-0.0053923135,-0.07109314,0.008813959,0.05485708,-0.013955611,-0.12365776,-0.115201235,0.2175488,0.08871206,0.07344919,-0.17542855,-0.0637545,0.08804733,0.070393324,-0.1477934,0.18374214,0.067310855,-0.26369116,-0.15221621,-0.104594156,-0.1587557,0.37178305,-0.020939374,0.12083943,-0.0026064038,0.18496116,0.17058301,-0.03037449,0.07035868,-0.05642454,-0.057816584,0.005463776
TCGA-75-6212-01,0.20428456,-0.05762579,0.081522465,-0.12513636,0.02491512,-0.10063081,-0.10946583,-0.10323563,0.104840934,0.11589506,-0.09004364,-0.1550491,-0.07145495,-0.099955685,-0.03245311,0.047928344,-0.11483659,-0.08141913,-0.113775685,0.018381542,-0.10273532,0.12970051,0.20137158,0.1272529,-0.105948664,-0.16614221,0.19755244,-0.17604332,0.18641324,-0.068893224,0.10273814,0.25659046,-0.20350893,-0.18158829,-0.039607573,-0.17934513,0.13536797,-0.14740373,-0.14842348,-0.09017308,0.13365412,0.14590582,-0.16057283,-0.20617253,0.068985306,0.03295615,-0.13722181,0.1761835,-0.016460842,0.0077068545,-0.07798262,-0.06656371,-0.12684293,-0.16612393,0.069078304,-0.05054647,0.14543422,0.03708975,0.0507137,0.063740194,0.11889658,-0.068006456,-0.14122254,-0.10517756
TCGA-64-1681-01,0.10512279,0.039050765,-7.850978e-05,-0.19640149,-0.2264516,-0.09346567,-0.11483877,-0.1556275,0.049154233,-0.006073539,-0.14020993,-0.049373776,-0.07800986,-0.0444847,-0.10464027,-0.25917047,0.35045573,-0.10326117,-0.19441684,-0.031101447,0.0012382164,0.19266032,0.032355372,-0.07105646,-0.013351035,-0.09161826,0.048447777,-0.01891914,0.16430062,-0.05620564,0.099759944,0.08369969,-0.09229047,-0.10695344,-0.027295515,-0.056939427,0.21560892,-0.05883636,0.030803956,-0.10106508,0.07596768,0.08850961,0.055658083,-0.15987019,0.12218452,-0.07966488,0.006490398,-0.07055646,0.0317549,0.29270348,0.12819497,-0.16976383,-0.07929695,-0.27800113,0.09710813,0.10789638,0.069356404,0.0324352,-0.073087774,0.050582103,0.12276818,-0.09301122,-0.16751613,-0.10535769
TCGA-44-6775-01,-0.10440469,-0.058848727,0.0800644,-0.0884677,0.2934787,-0.11003109,0.030828362,0.33443975,0.095866084,-0.2470142,0.0025676487,-0.10103224,-0.088181086,-0.17135358,-0.037318617,-0.051442742,-0.11552203,-0.053550415,0.038196236,-0.14527301,-0.16274683,-0.18529838,0.016804073,-0.05847297,-0.15550455,0.11069804,-0.0020175956,0.07354319,0.14789926,-0.017244779,0.26491427,0.0035054507,0.1342741,0.059761286,-0.035024863,0.0932741,-0.10366949,-0.074492164,-0.24086419,-0.05022158,-0.057328198,0.009233299,-0.071507014,0.075060874,-0.044158626,0.040815912,-0.028128501,0.009386488,0.15984507,0.056820553,0.31307265,-0.09516336,-0.029470358,0.10346399,0.10361393,-1.2109951e-05,0.16382855,0.07792845,-0.03171056,0.18725018,0.036945786,0.20955089,-0.031781927,-0.02917639
TCGA-69-7978-01,-0.12932189,-0.28176233,0.06073739,-0.11367003,0.013537129,-0.12662037,-0.04098796,-0.037985396,-0.047798585,-0.0026550998,-0.09608654,-0.25437546,-0.13800824,-0.10637467,-0.1716394,0.051481273,-0.13822778,-0.115601875,-0.26652727,-0.3916799,-0.051629767,0.13834716,-0.09112209,0.012716272,0.12128967,-0.13149534,-0.1406609,0.15355162,-0.03891646,-0.055785265,0.19172288,0.057110097,0.059711426,-0.0738804,-0.04423531,0.12978403,-0.10758482,-0.22170165,-0.11055143,0.10828632,0.0030761785,0.048106764,-0.06573817,-0.057304688,0.054957427,-0.0024885093,0.039498094,-0.020984178,0.119408205,0.11604345,-0.090683505,0.05268163,-0.038901944,-0.05363829,0.031419124,0.17432454,0.04208672,0.057316907,-0.014038596,-0.08452041,0.059892386,0.15001577,-0.09719937,-0.26860747
TCGA-50-5935-01,0.11708232,-0.18830319,0.06196553,0.0077923187,0.275433,-0.07292895,-0.018434886,0.11938207,0.22931229,-0.03702101,-0.065562814,-0.109849125,-0.15173207,-0.045369793,-0.039316934,0.1973465,-0.30764523,0.03610274,-0.052226007,-0.14768833,-0.15236044,-0.2137284,-3.248172e-05,0.06789062,-0.064331755,0.065825686,0.024711791,0.006331851,0.09538254,-0.10618236,0.10463591,0.20409876,-0.16222958,0.058174327,-0.11955514,-0.015176596,-0.2244541,-0.18616147,-0.22017752,-0.09848464,-0.017103853,0.0658289,-0.22272548,0.100272946,0.026155848,0.19010358,0.021730227,0.12472762,0.049241494,0.034172606,0.09076163,-0.12568238,-0.07356261,0.035935562,0.077242196,0.056854967,0.08676451,0.10857659,-0.05811628,-0.0026506071,0.072887145,0.17823783,-0.0044310763,-0.17682205
TCGA-91-7771-01,0.05780951,-0.1270428,0.22797865,0.0005310844,0.13118684,-0.11553812,-0.14403082,0.23878872,-0.027547032,-0.055987727,-0.088663206,-0.0077272058,-0.14817025,-0.24593765,-0.094242275,0.070333675,-0.17451519,-0.0939889,0.12640084,-0.057495955,-0.104462706,0.22856061,0.20902601,-0.10067594,-0.038612306,-0.15326913,-0.04854597,0.015512697,0.10722803,-0.07690555,0.11389656,0.10173677,0.25216886,-0.27043933,0.038029615,0.053949945,-0.052254543,0.038121194,-0.18808699,0.0728785,0.118218124,0.06783753,-0.046680804,-0.13011868,0.089617886,-0.049594373,-0.14215143,0.21104147,0.11557906,-0.0069652195,-0.21581915,0.010658756,-0.1772378,0.017172808,0.08045876,-0.0695195,0.057778843,0.124038875,0.093194276,0.01849917,0.0753158,0.064356335,-0.13276957,-0.10528244
TCGA-55-A493-01,0.037394814,0.20982952,0.1050587,-0.099751934,-0.017670095,-0.12141384,-0.06703787,-0.18672189,-0.08498053,-0.29789886,0.032260332,0.014237817,0.12718822,-0.02690866,0.017389586,-0.1341343,0.10137609,0.0017870186,-0.08213753,-0.07804073,-0.11124179,-0.029060153,-0.15799737,0.12873541,-0.044493914,0.04082445,0.14787008,-0.17591728,-0.0140369,-0.0077587357,0.0014101673,-0.092815265,0.14061406,0.014670164,0.11965943,-0.17472948,0.11008649,-0.13387465,0.115871735,0.055313144,0.0756919,0.082461864,0.06893206,0.10202621,0.040978406,-0.1369505,-0.15757668,-0.012613423,0.067526154,0.09660949,0.4234059,0.20873794,-0.14805679,-0.24602681,0.025192788,0.06288241,-0.063986,0.12050202,0.24213149,0.056529433,0.06456869,-0.060562536,-0.037280306,0.07512992
TCGA-95-7039-01,-0.028249007,0.05256907,0.01607197,-0.134687,-0.2252041,-0.17022933,-0.10734142,0.18132196,-0.21127906,-0.14451624,0.072982386,-0.086341225,-0.0755532,-0.08575372,-0.02161688,-0.17578362,0.18580763,-0.07052999,-0.01459026,0.05224418,-0.14650568,-0.08556422,-0.19002874,0.04783057,0.05001646,0.022430863,0.15396164,-0.11636404,0.16038081,-0.05835165,0.09338347,0.14307013,0.009919791,-0.0020781634,-0.08391105,-0.1304465,0.18754004,-0.19744892,-0.07828893,0.011387526,-0.0039280294,0.14660686,0.23000194,-0.01939484,-0.020974623,-0.18638554,-0.12797105,0.043832965,0.061607823,0.12334978,0.2992154,0.19297607,-0.031151768,-0.031542808,0.08420614,0.013780084,0.16249515,0.036767155,0.20624666,0.20270437,0.06686364,-0.13243903,-0.040678397,0.010230105
TCGA-55-7913-01,-0.010423362,-0.14802691,0.11376482,-0.043100737,-0.17461154,-0.19761425,-0.11314706,0.2381839,-0.0067816977,-0.19298446,-0.07155466,-0.21674195,-0.09994841,-0.2160786,-0.11008679,-0.052711368,0.20032124,-0.11215595,-0.1597464,-0.200632,-0.07374245,0.16247036,-0.008587339,-0.13663284,0.023660213,-0.016904203,-0.01041648,0.061506644,0.0700594,-0.024542844,0.03704434,0.030850315,0.072269596,-0.16281995,-0.0050775586,0.039408356,-0.089928254,-0.09911156,0.028504116,0.03271437,0.013708785,0.09002021,0.20945601,-0.046977513,0.09606955,0.10168103,0.0035605314,0.056189775,0.16313925,0.29262084,0.11583299,-0.18506612,-0.110579245,-0.027866717,0.14792149,0.16141146,0.15414216,0.14531611,0.0054542297,0.13159521,0.079464495,-0.0190613,-0.13637501,-0.2072508
TCGA-75-5125-01,-0.084016606,0.0077044996,-0.000122001446,-0.13732034,0.013282199,-0.033074863,-0.038104534,-0.26765734,0.11151655,0.08222072,-0.082750976,-0.19306393,-0.07003192,0.002985708,-0.17894928,0.0063628517,-0.13775395,-0.1083929,-0.39211786,-0.23902763,0.0058910996,0.2515285,0.08097442,-0.023259487,0.049228083,-0.099121846,-0.16448762,0.05055579,0.034361452,0.000960152,0.06393805,0.0044990703,0.1277927,-0.022047084,-0.04294163,0.03050137,0.1166857,-0.07503697,-0.10172238,0.14892682,0.05291083,-0.022163933,-0.28701967,-0.12285811,0.08845172,-0.1671878,0.036547028,-0.048691,0.08085704,0.075688116,-0.08511237,-0.007204755,-0.03471773,-0.15701215,0.03413772,0.17693664,-0.032927025,-0.015624801,0.060640216,-0.19777733,0.100318566,0.027094694,-0.09392325,-0.29488537
TCGA-L9-A443-01,-0.07334134,-0.16676816,0.07796689,-0.10254733,-0.06238638,-0.08779963,-0.020626359,-0.036292966,0.15513174,-0.083609425,-0.2074167,-0.039799903,-0.070984036,-0.10480032,-0.23131585,-0.15567838,0.06504677,-0.09976655,-0.09013296,-0.1340244,-0.089765996,0.16334713,0.26877454,0.03502684,0.14330474,-0.21800248,0.022737812,0.14474995,0.07733726,-0.119005635,0.07715486,-0.12893106,0.09061016,-0.0018092702,-0.070866294,0.0033722646,0.17681634,0.027930899,0.09890964,0.10151271,0.14660777,0.034388144,-0.007982684,-0.32857984,0.10239774,-0.18085302,-0.001839118,0.06927265,0.2048132,0.16249779,0.058642484,-0.22047304,-0.098056585,0.06808561,0.068489105,0.15506124,0.03660619,0.1534811,0.11523439,0.08780811,0.08558858,0.079996176,-0.13227978,0.04628333
TCGA-4B-A93V-01,-0.4121023,-0.09528048,-0.031126002,-0.09577214,-0.18222429,-0.030996555,-0.09353576,-0.06033077,-0.021894623,-0.20250618,-0.04274282,-0.108209245,-0.054109458,-0.01093843,-0.09560186,-0.3203838,-0.0037629842,0.0034209639,0.029206855,-0.043621775,-0.037697032,-0.10849441,-0.062610015,-0.051387254,0.2157349,-0.11458554,0.021553162,-0.016068202,0.28540137,-0.036530636,0.08315581,0.011407881,-0.0683792,-0.028192231,-0.07459789,-0.04745739,0.1122199,-0.10005903,0.011264236,0.10517247,0.045853317,0.057072174,0.09741554,-0.11590309,0.0822589,-0.32287025,0.09029054,0.021135492,0.08796464,0.21858045,0.1611865,0.21431679,-0.024232263,-0.11877361,0.09058643,-0.011103649,0.037734117,0.050751433,0.12474683,0.18463787,0.080836646,-0.11688117,-0.04012794,-0.029878782
TCGA-55-7728-01,0.015765792,0.19229595,0.030609138,-0.042600635,0.16042683,-0.029479321,-0.0017535633,-0.15381159,-0.003801871,-0.17642586,0.056341384,0.17943698,0.13366774,0.019938625,-0.0059805135,0.07016129,-0.06578807,-0.13212566,0.012363066,0.1846014,-0.13918042,-0.084150635,0.20465656,0.12905414,-0.17574708,0.0779279,0.020661097,-0.16015796,-0.1669093,-0.017052602,-0.025201518,-0.14906873,0.24644034,0.0038375976,0.16190554,-0.029062415,-0.0495909,0.0043560793,-0.046377264,0.049673542,0.00039220473,0.04656058,-0.097485274,-0.03869409,-0.09555871,-0.1677206,-0.28585818,-0.011815491,0.056385037,-0.15951754,0.3432253,-0.21477534,-0.08184433,0.24259557,0.07033676,0.012884881,0.096085295,0.09047487,0.15274845,0.073224455,0.075074084,-0.03188025,-0.07064092,0.12963621
TCGA-55-7727-01,-0.03711995,-0.059905607,0.12268238,-0.009264766,-0.031131627,-0.14417118,-0.12292277,0.035070803,-0.14983495,-0.17012426,-0.09482486,-0.097610004,0.030609174,-0.22344418,-0.13873418,-0.022281323,0.1550279,-0.09647818,-0.1575582,-0.26085457,-0.062358536,-0.01700426,-0.013577283,-0.037829604,0.07408145,-0.0278092,0.095431715,0.028939558,-0.1485819,-0.0615294,-0.16326681,-0.19969015,0.04729299,-0.0782913,0.03089656,0.027876293,-0.07788925,-0.076667376,0.13594574,0.15728092,0.040271774,0.13106851,0.15635392,0.07399192,0.20320074,0.12176458,-0.046235457,0.1576905,0.18743154,0.061274163,0.14286645,-0.09688182,-0.20944293,0.043717194,0.057018586,0.2661212,-0.026546458,0.27433187,0.15344903,0.062827505,0.12438481,0.022881228,-0.13856357,-0.19076091
TCGA-78-7166-01,0.16329561,-0.084668346,0.088099055,-0.022476336,-0.009263826,-0.04693071,-0.08077257,-0.21856388,0.12276164,-0.010244474,-0.0235029,-0.013853024,-0.037332904,0.19659695,-0.056685735,0.15608528,-0.2517892,-0.078964524,-0.048171353,0.07806204,-0.14601018,-0.22755192,0.07772128,0.31108645,0.064835474,-0.12515454,-0.0426315,-0.14413531,-0.05321412,-0.17235215,0.003940171,0.13720477,-0.3534322,-0.10135416,0.025643345,-0.094826385,-0.16721678,-0.22116986,-0.08895947,0.013554946,0.08805609,0.13443759,-0.22492564,-0.071921766,-0.008478804,0.03517044,-0.09750569,0.17439334,0.032110967,-0.1346842,-0.09576463,-1.1544682e-05,-0.16293025,-0.08007891,0.09528674,0.015360448,0.068401426,0.07726622,0.06998147,0.018181691,0.10218989,-0.11504546,-0.07980281,-0.02838183
TCGA-17-Z054-01,-0.06929883,-0.043325257,-0.028832784,-0.27564892,-0.03171639,-0.058135208,0.2285217,0.012905041,-0.08346629,-0.022858994,0.13848065,0.040091455,0.12598257,-0.011092562,-0.048669636,0.009663442,0.21950312,-0.108361036,0.031680364,-0.054365028,-0.06951057,0.0124826785,-0.04243341,-0.13943855,-0.12067149,0.11898818,-0.20147067,0.08268662,-0.22525437,0.10547578,0.15638857,0.1088355,0.039534602,0.061007757,0.16309774,0.20212513,0.016560137,0.06312523,0.048287828,-0.033626817,-0.18227085,-0.10106847,0.20703119,0.083376534,-0.120265745,0.118444696,0.2288076,-0.26141793,0.073814385,0.02714656,0.3214398,-0.05029175,0.06923267,0.0683968,0.02666019,0.0994839,0.014926141,-0.06725067,-0.17331637,0.1635033,-0.015131089,0.14457752,-0.03972,0.096599266
TCGA-05-4396-01,-0.044665776,-0.015051023,0.08630219,-0.15384254,-0.26773286,-0.043556634,-0.1140596,-0.023012195,-0.06163244,-0.029033799,0.011408619,-0.0669978,-0.19286424,-0.03518869,-0.05776683,0.029113185,-0.22279507,-0.12892029,-0.19187883,0.08365634,-0.118568294,0.031673923,0.07590238,0.07247123,-0.17154548,-0.024129514,0.120576166,-0.24610798,0.19028209,-0.07595561,0.018144159,0.39149156,-0.19583635,-0.17111233,-0.00061974203,-0.106411085,-0.018675603,-0.20239843,-0.22134633,0.06805458,0.065799765,0.1186899,-0.03277144,-0.035962354,0.05570326,-0.12141669,-0.15293357,0.10254273,0.024931287,0.038351867,0.05239485,0.06306235,-0.08673076,-0.050390445,0.062581,0.027864832,0.12084258,0.10912128,0.15105581,0.059320692,0.053400367,-0.10883487,-0.09932828,-0.20837905
TCGA-69-8254-01,-0.00920975,0.12146543,0.09500825,-0.029504409,-0.014058383,-0.10010811,-0.03003108,0.080727495,0.018553453,-0.18723035,-0.07184877,0.072398126,-0.0524475,-0.21356985,-0.065592125,0.2664649,-0.06361917,-0.14245418,-0.13279036,0.17571968,-0.13713606,0.01528346,0.21363167,0.18538888,-0.15371974,0.05837959,0.09929877,-0.090887256,-0.1467096,-0.14012095,0.019974288,0.07186564,-0.019979632,-0.096101336,-0.008817607,-0.004878524,-0.060567062,-0.03564323,0.022679843,0.10101277,0.030250367,0.09628752,0.049558286,0.04049101,0.102478035,0.21468005,-0.15264577,0.09898565,0.083643936,-0.1523406,0.24440753,-0.26196557,-0.12298696,0.18066825,0.08544026,0.1535441,0.13839868,0.19744094,0.073346116,0.22622207,0.07502308,-0.11644573,-0.13778856,0.07027161
TCGA-17-Z023-01,-0.06451303,-0.09504495,-0.042976502,-0.13095973,0.069311164,-0.061596964,0.08353694,0.009536186,-0.36727342,0.14251778,0.05333253,0.13173176,0.02882727,-0.0038443368,-0.007832849,0.11629599,0.16896075,0.059678238,-0.015943328,-0.15909776,0.0014027414,0.21031293,-0.2604612,-0.14720671,-0.042560477,0.06381173,-0.25922927,0.073270746,-0.14908743,0.11794899,0.07333106,0.14956409,-0.04213576,0.025626289,0.022420412,0.13370651,0.04203623,0.021858532,0.07266883,-0.13550657,-0.066070616,-0.071523316,0.26173645,-0.024430495,-0.02526339,0.08077301,0.110702515,-0.21676281,-0.047684573,-0.02216764,0.06312193,0.3705685,0.058462564,0.0009988141,0.026893819,-0.054413974,-0.056461867,-0.08414935,-0.18340622,-0.1418046,0.025123967,0.08536751,0.011809741,-0.11669546
TCGA-J2-A4AG-01,-0.06936983,0.1313113,0.15547329,-0.021114476,0.24354881,-0.084465735,-0.03662199,-0.035067804,-0.07547757,-0.3855566,0.042680416,0.19178273,0.05560955,-0.09090943,0.02091479,-0.102000974,0.07895615,-0.0655035,0.026259905,-0.061088715,-0.1369805,0.003874669,-0.1257548,0.009207513,-0.32508233,0.1462383,0.15553328,-0.042648397,-0.06114583,0.031567823,0.018255616,-0.038605947,0.19238321,0.08516528,0.12180407,0.07028508,0.051944125,-0.040224545,-0.017499287,0.07748671,0.102655716,-0.019981466,-0.048050486,0.12567554,0.00019371604,-0.059669286,-0.20451221,-0.02209051,0.13931379,-0.008969321,0.4157648,0.027650978,-0.031976085,0.056961596,0.07543663,0.0064600394,0.0023478537,0.17924133,0.21751937,-0.05840457,-0.013073808,0.09223019,-0.04581667,0.11648079
TCGA-97-7938-01,0.15993582,0.004813036,0.120835766,0.09846002,0.48895532,-0.07812446,-0.028665569,0.094068184,0.07228065,-0.17522377,-0.022537446,0.030285189,0.0036385504,-0.15269807,-0.0014289131,0.021587148,-0.086359374,0.03858302,0.03723807,-0.1524218,-0.12392547,-0.21828854,-0.046705265,0.10755912,0.021513516,0.03398232,0.25755072,0.092557065,0.04656164,-0.08693256,-0.041692726,-0.08150912,0.18581197,0.1516825,0.013088511,0.0631336,0.0052064573,-0.13026077,-0.100406915,0.017422576,0.06148441,0.032069582,-0.119929865,0.10289311,0.048624367,0.09947529,-0.052551925,0.11198642,0.15574346,-0.11711771,0.28042713,-0.022421531,-0.14402999,0.12499362,0.011304703,0.07742767,-0.0045215474,0.17223051,0.19087495,0.022090806,0.030936945,0.2286294,0.007973958,0.056894846
TCGA-86-A4JF-01,0.07820694,-0.008603642,0.13704361,-0.17653705,-0.17824167,-0.18864535,-0.07410452,0.21846125,-0.18035561,-0.22887269,0.035917442,0.007016518,-0.11100551,-0.11372148,-0.06175375,-0.09070726,0.16447626,-0.10006768,-0.04858701,0.017409096,-0.1816131,0.03836933,-0.008619288,0.011665808,-0.16686215,0.038911343,0.11742517,-0.08167477,0.06949062,-0.07154227,0.014116218,0.17624475,0.15444975,-0.072529644,0.042055324,-0.06890518,0.08995098,-0.107787736,-0.04594444,0.026066763,0.071629435,0.1020755,0.20447962,-0.024481561,0.02114504,-0.12371005,-0.15961628,0.08012592,0.16164738,0.17782536,0.3666995,0.028707081,-0.09156243,0.03863746,0.10832934,0.11733483,0.12532085,0.11543515,0.25062662,0.19393696,0.049951345,-0.014082617,-0.099985026,0.0032234474
TCGA-44-3396-01,0.2176725,0.10125455,0.13126642,0.010165715,-0.060205903,-0.0943512,-0.04907739,0.0124474885,0.00817044,-0.046467513,-0.01053946,-0.12346606,0.07936717,-0.15815274,-0.07053555,0.070276,0.18609858,-0.17270622,-0.15047683,-0.0055540777,-0.03140985,-0.070835225,0.12586877,0.010315472,0.10485837,0.0023027994,0.012911953,-0.06507862,-0.17997864,-0.114553384,-0.22290498,-0.07794161,0.1163478,-0.1615587,0.1551925,0.16599296,-0.06544173,-0.034157068,0.10639262,0.14802329,0.05062584,0.07624677,0.07837014,0.066890016,0.15848504,0.22494347,-0.020503417,0.10810638,0.20036326,-0.1129346,0.022891557,-0.23472926,-0.26388118,0.18346864,0.04722674,0.23922578,-0.017020063,0.20949294,0.14753503,0.07469784,0.07460367,-0.06801562,-0.16020747,-0.09969418
TCGA-44-2662-01,0.17554449,0.08817042,0.09428337,-0.14874434,0.1549631,-0.1866797,-0.048034903,0.21135731,-0.08413957,0.1020194,-0.0605094,0.010403242,-0.24303596,-0.25584555,-0.14669697,0.12635353,0.11358152,-0.04104148,-0.080462955,0.020270651,-0.13656104,0.16061927,0.04739603,-0.044760644,0.12391831,-0.051990446,-0.11231903,0.120962076,-0.022711197,-0.14319803,0.30971405,0.21941862,0.3009787,-0.11200152,-0.12745705,0.043611936,0.18994571,0.09023097,-0.23967333,0.081628904,0.052126423,0.063464224,-0.02418044,-0.07663495,0.069404215,-0.082781374,-0.14035028,0.030145096,0.068209544,-0.044327475,-0.08178925,0.046711374,-0.10376018,0.13554823,0.07387718,0.08285374,0.060777087,0.016314426,0.020279858,-0.022857476,0.102290936,0.0017677721,-0.11478965,0.012284245
TCGA-55-A491-01,0.028163625,-0.06906832,0.045788173,-0.18353035,-0.23527707,-0.19577543,-0.07834363,-0.02079923,-0.14999072,-0.24352437,-0.1184713,0.050979547,-0.06477863,-0.055754803,-0.11375723,-0.19483896,0.3145949,-0.07410646,-0.04818171,-0.027509129,-0.11620773,0.19741182,-0.03688653,0.0749421,-0.07110709,-0.08049104,-0.0013539597,-0.028117733,0.051082954,-0.08148867,0.12557422,0.021383606,-0.049341574,-0.066109754,0.004496571,-0.0708588,0.15547635,-0.062287703,0.21612604,-0.045038182,0.04861536,0.08049146,0.20261012,-0.20324777,0.032952514,-0.037672702,-0.09737155,-0.0005367633,0.12494076,0.26886705,0.31843516,-0.05452536,-0.03639075,-0.05101021,0.11100603,0.11416047,0.070050426,0.1323154,0.064585134,0.17163609,0.09179948,-0.02522285,-0.106390014,0.08458274
TCGA-91-A4BC-01,-0.21267025,-0.015469709,0.013214037,-0.25787097,-0.12152569,-0.106242664,-0.039175913,-0.10274014,-0.26221034,-0.24628407,-0.012305052,0.015891902,-0.055443387,-0.022684215,-0.061479505,-0.24375513,0.18316548,-0.10053868,0.030922893,0.06841968,-0.12343123,-0.111319855,-0.0016781333,0.069880046,-0.1800924,0.059494372,0.0893392,-0.17114484,0.10256998,-0.043844435,0.14099161,0.12336445,-0.18914361,-0.07518654,0.056865707,0.024290666,0.026846727,-0.05954666,-0.017402865,-0.016840423,0.011811003,0.09861483,0.094706796,-0.09062777,0.015908359,-0.17201667,-0.15667117,0.05988053,0.10369105,0.18278922,0.33969513,0.017508464,-0.014265254,0.1521324,0.07355224,0.0597017,0.13633966,0.13192576,0.13190043,0.22710395,0.076941974,0.008894988,-0.098597266,0.050219335
TCGA-MN-A4N1-01,0.09921207,0.095030144,0.026523102,-0.18402785,-0.045356814,-0.121950775,-0.01067297,-0.23306042,-0.13755997,-0.13880554,0.08091232,-0.16060883,0.10653789,-0.028050844,-0.020519838,-0.18934791,0.19198751,-0.045317702,-0.17365988,-0.15310387,-0.06285517,-0.13930193,-0.19906105,0.101730496,0.031687845,0.034531273,0.17782398,-0.110098995,0.08139654,-0.006584315,-0.017621884,-0.019589711,0.10879288,0.031232744,0.19559315,-0.012754598,0.13883136,-0.19998576,0.0016297534,0.026891988,0.0075257854,0.082133055,0.0019413866,0.094670616,0.0020854427,-0.1564654,-0.022791525,-0.035877045,0.1078734,0.14337847,0.3463481,0.26918957,-0.12751235,-0.25162965,0.016473778,0.124307565,-0.0149225695,0.039521627,0.21674109,0.054242477,0.074271016,0.021819549,-0.047209967,-0.063116856
TCGA-17-Z014-01,-0.056872744,-0.0971347,-0.04408978,-0.13224906,0.07391083,-0.06256048,0.08464951,0.005681718,-0.37253156,0.14657494,0.05173253,0.13560967,0.03206285,-0.008978195,-0.007670151,0.118324146,0.16913918,0.060299527,-0.011625921,-0.15787779,0.00030927162,0.20763572,-0.2527834,-0.1449385,-0.034095783,0.059619006,-0.26006258,0.07442482,-0.14581867,0.117432654,0.07255199,0.14726989,-0.04018635,0.024642957,0.02658029,0.13316384,0.04530212,0.027296886,0.07461637,-0.1417484,-0.06577591,-0.06947627,0.2634007,-0.032563645,-0.02523455,0.07766326,0.1111807,-0.21220788,-0.046945762,-0.023113627,0.06382482,0.37458336,0.053454615,-0.0006587742,0.026470277,-0.056843128,-0.055991996,-0.081222296,-0.18284835,-0.1378366,0.02876359,0.08418122,0.006849814,-0.113100715
TCGA-95-8494-01,0.16177708,-0.19978793,0.17717072,-0.114155784,0.0612316,-0.17710415,-0.08504946,0.18877342,-0.07264714,-0.15547374,-0.11340538,0.012025675,-0.03796767,-0.26882014,-0.0494495,0.07691279,-0.06901726,-0.1340226,-0.12670077,-0.22964528,-0.13477838,0.07384109,0.15386526,-0.02711378,-0.13656963,-0.020627534,0.13172884,-0.07479769,0.00091564184,-0.08076852,-0.0049542375,0.042973865,0.19851676,-0.088200755,-0.027334904,-0.050188433,-0.012703775,-0.09658327,-0.034214433,-0.056345828,0.10660058,0.11017872,0.094649054,-0.05250784,0.106488936,-0.019341769,-0.24611634,0.08734995,0.17861648,0.10337533,0.17440283,-0.1421371,-0.20773463,0.03767335,0.04990267,0.05695289,0.09301268,0.21701509,0.16523306,0.02713023,0.0928858,0.16016145,-0.17403713,-0.16040127
TCGA-97-A4M2-01,-0.09223374,-0.057897672,0.09009534,0.038200315,0.37937912,-0.09731847,0.03888246,0.08132607,0.037218407,-0.30825132,0.037226833,-0.01503119,-0.06229929,-0.16567266,-0.020184029,0.2574751,-0.3880486,-0.06325232,0.0063388986,-0.009489683,-0.13310552,-0.059350282,0.038267456,0.18174767,-0.12249425,0.06140384,0.07672951,0.007774157,-0.051610973,-0.103711024,0.10942037,0.046459608,0.0027519509,-0.05266035,0.08841548,0.102647014,-0.18396239,-0.049629416,-0.0754084,0.059981834,-0.06792621,0.017958712,-0.1659835,0.11104436,-0.00885254,0.21747136,-0.026741896,0.074590795,0.10142667,-0.17237481,0.20086096,-0.0048125787,-0.04612982,0.04392844,0.06224923,0.03638162,0.114470355,0.12737319,0.10779108,0.17853014,0.0146457,0.092069514,-0.09930087,0.10991727
TCGA-95-7567-01,0.057092186,-0.056708064,0.104300156,-0.096907005,-0.17679997,-0.1847273,-0.12612468,0.27697372,-0.04518082,-0.24640669,-0.021503078,-0.15121382,-0.1070615,-0.12791362,-0.07150972,-0.041545715,0.027266433,-0.058628093,-0.09781537,-0.09559783,-0.13515848,0.121612564,0.06114064,-0.012223599,-0.07484314,0.023308918,-0.01369073,-0.064471595,0.144246,-0.076726794,0.039491598,0.061533403,0.24433641,-0.0979448,0.021180145,-0.14190194,-0.017111396,-0.14109202,0.033218976,-0.0017501002,0.030473636,0.08556052,0.20005992,-0.04589043,0.06299403,-0.054885183,-0.08113181,0.11228346,0.14007413,0.25242665,0.33823475,-0.033490974,-0.1215858,-0.026775999,0.08778483,0.13018528,0.09925473,0.110876925,0.1872642,0.26795375,0.11060498,-0.03320009,-0.06866594,-0.13536698
TCGA-86-8585-01,-0.03459803,0.01432757,0.033879302,-0.18514961,-0.1686612,-0.17191544,-0.10055932,-0.13020034,-0.19466217,-0.13080111,-0.07561806,-0.009705078,0.021663686,-0.105494216,-0.10750669,-0.2028894,0.2738417,-0.10314574,-0.026370479,0.056763068,-0.13755956,0.17777298,0.049657103,0.09856762,0.019635463,-0.13999155,0.14898889,-0.08864937,0.09025274,-0.07906388,0.070384495,0.07420578,0.003945628,-0.0931666,-0.038737737,-0.101661384,0.27669862,-0.0572143,0.06243224,0.0035205295,0.08091693,0.16021025,0.1343471,-0.30491006,0.01812184,-0.21526048,-0.12518485,0.07338222,0.085117646,0.14799117,0.19592579,0.023832109,-0.0386727,-0.011033296,0.10168601,0.0495745,0.13053489,0.09872182,0.20108147,0.15243992,0.13169976,-0.08895674,-0.09845669,0.051586967
TCGA-L4-A4E6-01,0.059958212,0.023795052,0.08624985,-0.27460295,-0.16524716,-0.111949846,0.029323425,-0.21511336,-0.13270202,-0.10766541,-0.0035735646,-0.15292649,0.108953364,0.036299348,-0.0995759,0.011655248,0.08137468,-0.16596287,-0.19539891,-0.16213751,-0.10803521,-0.2053211,-0.019976314,0.11634434,0.14506721,-0.0047679306,-0.19355373,-0.18267691,-0.30478042,-0.11910794,0.025227595,-0.028520836,0.019836104,-0.12963739,0.0954655,0.041304592,-0.119213596,-0.10511238,0.09546897,0.14379667,0.0149692865,0.11483551,0.03322551,0.07456084,0.019942213,-0.116700955,-0.0827422,0.0020790163,0.12609425,0.06976564,0.082716994,0.043046206,-0.25045392,0.012442021,-0.00012261812,0.24516092,-0.079327,0.15878546,0.1387744,0.024857024,0.11524817,0.0065969937,-0.15303825,-0.1369775
TCGA-93-A4JP-01,-0.3285896,0.11680496,0.15951905,-0.09512849,0.31225458,-0.112587124,0.039084695,0.19193327,-0.17416854,-0.24112558,-0.032122936,-0.07535251,0.023370018,-0.18066125,-0.16316862,-0.042239126,-0.121746235,-0.046220563,-0.15036264,-0.09982431,-0.04417477,0.055765595,0.19444376,-0.12754329,-0.14221995,0.05929403,-0.17881615,0.17638871,-0.08849767,-0.016941858,0.018781137,-0.09519073,0.08924408,-0.058275398,-0.21969482,0.09164582,-0.015771903,0.27203512,-0.07838197,0.08814422,0.08587226,0.053634375,-0.11926587,0.07386368,0.14985418,-0.079367496,0.016073156,-0.05855687,0.15306081,-0.08760386,0.024661936,0.075074695,-0.020733684,-0.0035784217,0.09597201,0.15987653,0.0012339398,0.034885097,0.06459622,-0.08209496,0.064956725,0.07026382,-0.101192266,-0.053687047
TCGA-05-4382-01,-0.13130765,-0.19150089,0.038177732,-0.10736885,-0.012122234,-0.036149565,-0.08821744,0.11511609,0.12343707,0.07821397,-0.084812135,-0.16680753,-0.23387976,-0.06341903,-0.092405684,-0.1339355,-0.13692814,-0.038038,-0.012421979,-0.08140555,-0.12166791,-0.1934243,0.1233018,0.0039107054,0.0853689,-0.19072999,-0.017391594,0.058007915,0.28595927,-0.05457418,0.25816476,0.19868234,-0.24266863,-0.072102904,-0.12507106,0.021712122,-0.07571176,-0.18354397,-0.32296816,-0.032366257,0.11274401,0.091904804,-0.083432615,-0.1601152,0.046962384,-0.10386282,-0.029769447,0.119080305,0.08949179,0.034676123,-0.09318004,-0.056995485,-0.095974304,0.092060775,0.071745254,-0.04979652,0.19136804,0.03385846,-0.067954406,0.12679847,0.08162916,0.047237046,-0.0693946,-0.10487608
TCGA-17-Z033-01,-0.03170577,-0.10638327,-0.06832041,-0.148285,0.036654495,-0.054877806,0.09204045,-0.012537941,-0.35761032,0.16759251,0.059233066,0.11367182,0.032108717,0.02103765,0.0045249662,0.08177773,0.21814802,0.057618845,-0.0137896165,-0.1571887,0.010248153,0.17936867,-0.25129735,-0.15303513,-0.021104466,0.053401034,-0.2418788,0.075413436,-0.11675307,0.11562213,0.07567232,0.14549004,-0.026353983,0.026096616,0.04119955,0.13654271,0.054124296,0.0026885527,0.06814754,-0.15915184,-0.083711885,-0.06865417,0.2813263,-0.02869949,-0.031317677,0.07597594,0.13120091,-0.22297934,-0.055387974,0.013491218,0.08046808,0.34418204,0.05314148,-0.016695924,0.019459266,-0.049464326,-0.06301978,-0.10854231,-0.20821272,-0.10659022,0.022682192,0.083433375,0.022495782,-0.13729396
TCGA-O1-A52J-01,-0.2665043,-0.24682063,0.0018143019,-0.13159621,-0.078027084,-0.043892503,-0.10118344,-0.19273081,-0.069308035,-0.09350705,-0.06266404,-0.08679235,-0.03074228,0.06086636,-0.09249023,-0.29300806,0.0034288596,-0.003983666,-0.063072525,-0.2623586,-0.04617512,-0.073439494,-0.09265048,-0.008421147,0.2237337,-0.22491686,-0.02722487,0.06960195,0.17709064,-0.005565918,0.13293242,-0.07216287,-0.016858153,-0.0337826,-0.02105758,-0.0003833007,0.046800964,-0.19970822,-0.07015111,0.016781142,0.09697799,0.06461181,0.003191283,-0.16382544,0.0516593,-0.3572156,0.009767345,-0.02636853,0.08464206,0.21105747,0.031810343,0.23264432,-0.08964937,-0.22384186,0.055565607,-0.0096070655,0.021799382,-0.012956721,0.07477429,0.0069085616,0.077508874,0.03442525,-0.058553077,-0.12667309
TCGA-67-3774-01,-0.036052745,0.07614531,0.14908844,-0.043438565,0.11511328,-0.07834128,-0.009534573,0.012834638,-0.049542334,-0.39637095,0.024575913,-0.054218505,0.14255786,-0.043073203,0.030658493,-0.0515502,-0.18742085,-0.03880211,0.024645362,-0.060936112,-0.13706593,-0.15033187,0.052457206,0.11879406,-0.27981713,0.1034158,0.08686175,-0.23023061,0.062065773,-0.02437528,-0.091786794,-0.100187965,0.05951708,0.015147754,0.12191266,-0.11014158,-0.1295346,-0.098286845,0.09433632,-0.037434552,0.03547425,0.07723466,-0.038059305,0.10582656,0.0108320145,-0.019093368,-0.1195881,0.09123027,0.15606517,0.067890964,0.44263107,0.12576874,-0.11497978,-0.05716957,0.06850207,0.017915694,0.014809851,0.17772818,0.22923027,0.14327471,0.07166299,0.07589933,-0.010874214,-0.0042813364
TCGA-J2-8194-01,0.16221176,-0.120509155,0.1090679,-0.15436587,0.10325281,-0.15498406,-0.006780034,0.4361143,-0.11470053,-0.041452907,-0.00045076432,-0.01287472,-0.08567747,-0.11678709,-0.053182416,0.1806584,-0.17782292,-0.073903516,-0.05966818,-0.14329393,-0.19130439,-0.17770274,0.11563053,-0.029939327,0.016555935,0.032841325,-0.17059141,-0.009241332,-0.08620481,-0.100576766,0.10782405,0.03786199,0.2058086,-0.0584365,-0.11029093,-0.042416558,-0.19782583,-0.08479152,-0.25524688,-0.07835219,-0.06303115,0.10981198,0.06328748,0.04308201,0.005353374,-0.025605863,-0.1675537,0.06208445,0.12766486,-0.06715809,0.10352118,-0.0500601,-0.19255173,0.07513144,0.06786702,0.05602881,0.098597296,0.08531599,0.045784313,0.10159639,0.091276966,0.14733021,-0.091522194,-0.19514386
TCGA-05-4434-01,-0.01524419,-0.000605206,-0.03538019,0.03194943,0.22597481,-0.015688911,0.06342531,-0.1820138,0.21726523,0.13052005,0.029026724,-0.26373532,0.0537618,-0.023515472,-0.09164858,0.18753298,-0.26996985,-0.13269931,-0.2476018,-0.0647317,0.0034224843,-0.16271287,0.16969416,0.12740907,0.062213756,0.032983087,0.036551114,0.062591545,-0.08546495,-0.06929258,-0.0437905,-0.04151973,-0.19667943,-0.05649322,0.0029816506,0.13814658,-0.03552889,-0.053310506,-0.0906544,0.046440396,-0.061956093,0.040080167,-0.3068215,0.10399047,0.055498593,0.27068827,0.1762282,-0.035337016,0.03841874,-0.24176419,-0.111486755,-0.21843423,-0.029129947,0.021986477,0.02004455,0.12028197,0.08566292,-0.040676393,-0.079420514,-0.025999611,0.05844679,-0.042656068,-0.124347135,-0.08043511
TCGA-17-Z031-01,-0.13375801,-0.059831165,-0.11753102,-0.035883702,0.008631386,-0.067326196,-0.008764997,0.13473372,-0.22849114,-0.10210941,-0.07546779,0.2216897,0.07620127,-0.008049827,0.0707919,-0.10090413,0.23325126,0.1344292,0.24051075,0.0753194,-0.012252351,0.15588377,-0.13991077,-0.09858659,0.07064762,-0.041947205,-0.045159217,-0.021464346,0.11607467,-0.06377123,0.11104765,-0.025357412,0.1369032,0.08699444,-0.12902305,-0.07395884,0.26040843,0.09253684,0.2287759,-0.1977246,0.014952786,0.025319718,0.31476492,-0.18129703,0.028853945,-0.11767455,-0.014624604,-0.10036291,-0.08414865,0.066377714,0.21147338,0.20451531,0.116165444,0.015405059,0.05699566,-0.19055258,-0.05513828,-0.05160858,-0.027475163,0.12418066,0.08180611,-0.044606198,0.104714505,0.075364165
TCGA-55-8299-01,-0.11016638,-0.050677948,0.05949135,-0.16815448,-0.12171083,-0.09243392,-0.03653538,-0.07168391,-0.37411255,-0.24801882,-0.0021067578,0.058884975,0.049517676,0.02880637,-0.094753,-0.1935685,0.26582438,-0.048378743,-0.13377702,-0.20692721,-0.05520561,-0.13643502,-0.09859824,0.02363022,-0.08663836,0.01880034,0.0042129005,-0.012706396,-0.13423643,0.0071017714,-0.095626734,-0.19977444,-0.08251102,-0.035998587,0.16015731,0.08698026,-0.13037889,-0.086127125,0.11899796,0.02755352,0.0072680186,0.050850667,0.17719184,0.038506016,0.08851905,-0.06050463,-0.08254123,0.0036719616,0.16362417,0.104548596,0.2975535,0.068969704,-0.15250456,0.008602334,0.024298878,0.23713332,-0.03171857,0.15954703,0.12285182,0.09531163,0.06388716,0.10635141,-0.0783957,-0.10161296
TCGA-97-8171-01,-0.27198014,0.007529771,0.14066987,-0.13672638,0.2960805,-0.067611784,0.013797595,0.10775627,-0.24049959,-0.26440236,-0.0023786842,0.02578013,0.049895037,0.006579357,-0.13657062,-0.062041078,-0.16264613,-0.07506913,-0.10739674,-0.117667,-0.10167624,-0.21777868,0.17354548,-0.022112036,-0.037261058,0.040542938,-0.21240105,0.078358404,-0.098831,-0.06198483,0.022356294,-0.18142715,0.06899718,-0.06257257,-0.09950217,0.14236745,-0.1255708,0.13849209,-0.14422338,0.05845545,0.091190994,0.056180384,-0.13050039,-0.0017323816,0.04825236,-0.26699996,-0.12513942,-0.0098739695,0.17476952,-0.081214,0.064735495,0.08302686,-0.13636163,0.10949863,0.092565976,0.10330662,0.036198165,0.06797195,0.11720509,-0.051858284,0.07630337,0.106586345,-0.12838255,-0.11350839
