,dim_0,dim_1,dim_2,dim_3,dim_4,dim_5,dim_6,dim_7,dim_8,dim_9,dim_10,dim_11,dim_12,dim_13,dim_14,dim_15,dim_16,dim_17,dim_18,dim_19,dim_20,dim_21,dim_22,dim_23,dim_24,dim_25,dim_26,dim_27,dim_28,dim_29,dim_30,dim_31,dim_32,dim_33,dim_34,dim_35,dim_36,dim_37,dim_38,dim_39,dim_40,dim_41,dim_42,dim_43,dim_44,dim_45,dim_46,dim_47,dim_48,dim_49,dim_50,dim_51,dim_52,dim_53,dim_54,dim_55,dim_56,dim_57,dim_58,dim_59,dim_60,dim_61,dim_62,dim_63
TCGA-05-4415-01,0.12063118,-0.13449535,0.05205042,0.18458822,0.16569567,0.18215248,-0.25204298,-0.050316352,0.003231008,0.1688581,-0.12013466,-0.049521755,-0.15328589,-0.09120823,-0.2551128,0.12767678,0.0070662233,-0.0210733,0.21848989,0.11850544,-0.09644363,-0.081132635,0.008951872,-0.06694264,-0.07348242,0.35373706,-0.15117544,-0.15712762,0.03839251,0.035677925,0.15448748,0.14017387,-0.15113115,-0.020178517,-0.02754232,0.0064747436,-0.040766712,-0.1030755,0.18776572,0.18984573,-0.05247845,-0.10265732,-7.677278e-05,-0.0066763153,0.02407128,-0.035089158,-0.042422116,0.16169463,-0.15074398,0.00093233725,-0.18609647,-0.044092223,-0.19158474,0.07115641,-0.035643205,0.13119394,-0.08563203,-0.05545366,-0.054972462,-0.023490002,0.16655226,0.0657747,-0.0068895156,-0.14782195
TCGA-67-6216-01,-0.006333496,-0.28006378,0.06691974,0.13639344,-5.366312e-06,0.1670386,-0.06950902,0.11859627,0.15747462,0.23230675,-0.43249705,-0.059910335,0.035583522,-0.10816304,-0.022941751,0.00039642758,-0.20993501,0.024952643,0.116519205,0.17644599,-0.09017987,0.023691654,0.18141705,-0.063875996,-0.19547388,0.04989777,0.01522243,-0.066449404,0.20667514,0.022398192,0.014327817,-0.046868883,-0.12950575,-0.05049954,-0.018251292,0.03212083,-0.028853836,-0.13364077,0.3565548,0.07544092,-0.07631606,0.041577157,-0.023563119,0.10703316,-0.055902462,-0.013932634,0.048995327,0.017110035,-0.16100624,0.092316486,-0.06529295,-0.09750196,-0.039441727,0.034422047,0.08003238,0.059713498,0.13107352,-0.07964648,0.07175244,-0.03323347,0.09591365,0.14724834,-0.009160032,0.15244983
TCGA-78-7162-01,0.0019159907,-0.12272878,-0.27489394,0.12721488,0.017707447,-0.048364412,-0.023186889,-0.23952912,0.08313124,0.04815074,-0.14254186,-0.17368823,0.038621187,-0.034466095,-0.17283763,0.032963093,-0.1127964,0.094928876,0.15521997,0.002602908,0.045245275,0.15126301,0.041569218,-0.06827002,0.069351085,0.16034001,0.04062257,0.10772661,0.116230704,0.19506723,0.18860555,0.088463716,-0.20758937,-0.03488214,-0.0058173793,0.10623521,-0.17112286,-0.033986356,0.19753309,0.00320426,-0.07620931,0.31018367,-0.12645985,0.10816591,0.08040137,-0.08920882,0.06107619,-0.09689962,-0.09996984,-0.044318795,-0.06560312,-0.1396375,-0.07523794,-0.17145135,0.09202554,-0.056588266,0.12648976,0.1003541,-0.016239632,-0.07997531,0.13571613,0.055192385,-0.31008065,0.0905249
TCGA-49-4512-01,-0.2005141,-0.09955535,-0.057555024,0.123480275,-0.07716116,-0.05492384,0.18369587,0.105859555,0.14378321,-0.118596464,0.11356815,0.044054497,0.032455806,-0.18642119,-0.13506576,-0.04505785,-0.11817824,0.10026922,-0.12266477,0.12002317,0.035712227,0.38809603,-0.0025529414,-0.13371597,0.16805641,-0.10635438,-0.030519333,0.019415598,0.017187644,0.11519736,0.09924118,0.08513521,-0.15482356,-0.11396419,-0.023682296,-0.0028997518,0.27291366,0.09469122,-0.0072389883,-0.0102095585,0.017909748,0.11733607,-0.23480558,0.14473845,0.097223975,0.043667905,-0.27926725,-0.13882625,0.11495329,-0.060053553,-0.14487757,-0.12498378,0.06786836,-0.058139503,-0.01296637,-0.024624433,0.18262945,0.12541243,-0.028129851,-0.0671227,0.17709655,0.024640433,-0.07302189,-0.056289636
TCGA-86-8673-01,-0.027435437,0.051147785,-0.010652025,0.17271471,-0.004745782,0.15016079,0.17746273,0.06079848,-0.043802768,-0.01434493,0.203398,0.1707141,-0.024412561,0.014316476,0.00677297,-0.17366739,0.18213306,-0.107002795,-0.1598757,0.03765767,-0.13377145,0.14199527,-0.087880336,-0.14697671,0.016061949,0.18794295,-0.04584311,-0.06586713,0.004743106,0.13201973,-0.10994153,0.11906325,0.16985415,-0.056360546,-0.2368337,0.017916078,0.15429309,0.122393206,0.07277128,-0.015522979,-0.051645815,-0.023329567,0.0382738,-0.09729287,0.13431607,0.2072269,-0.44026193,0.16402043,-0.08221422,0.056237895,-0.01779685,-0.07740048,-0.053569987,-0.12253231,0.20338948,-0.013391016,-0.049508672,0.0075819273,0.08183409,0.0382091,-0.0015055948,0.19705118,0.14031088,0.08425162
TCGA-55-6712-01,0.15916808,-0.106665544,-0.016320247,0.28453633,-0.05977249,0.17078695,0.011930928,0.018586626,0.02483738,0.04447356,-0.06620461,-0.31585124,-0.04633943,-0.03542958,-0.14906552,-0.15844253,0.06747184,0.11278657,0.12133011,0.17221053,-0.08061981,0.12586896,0.012735304,-0.048792977,-0.0063263983,0.31927305,-0.13907094,0.20693721,-0.03542246,-0.0006015753,0.07595099,0.26828292,0.029022127,0.09110599,0.009761222,0.06775395,-0.14519905,0.016003596,0.07571415,0.02410248,0.22747996,0.1369996,-0.11096983,0.035563942,0.042245142,0.009076505,-0.12776887,0.07853183,-0.12792955,0.034921832,-0.17261092,-0.2475016,-0.11351211,-0.119755514,-0.09734437,0.004465098,0.072274856,-0.08461323,0.054027107,-0.036310386,0.034869555,0.15553002,-0.1525976,-0.03292381
TCGA-69-7978-01,0.16300565,-0.041335505,0.32487258,0.11647536,0.063850366,0.1646923,-0.21289174,-0.14163114,0.09129694,-0.023491215,0.01957135,-0.13065486,-0.14782001,0.26456398,-0.07320364,0.09697109,-0.049208187,0.009568899,0.016961396,0.040132876,-0.09621918,-0.014555968,0.08830237,0.0834072,-0.3168167,0.06727717,0.06299917,0.0094566075,-0.0351192,0.047729924,0.033957507,-0.04735708,0.2186827,-0.041652024,-0.047209475,-0.06761262,-0.0497758,-0.23503023,-0.016267326,0.020251462,0.28182107,0.11320265,0.07040355,0.025854573,0.10447526,-0.06843969,0.10048756,0.007233246,-0.0212036,0.01497342,-0.073906094,-0.29253036,0.0062667574,0.09664748,-0.25266406,0.1623688,-0.023040053,0.108596064,0.026804369,0.015166931,-0.04807916,-0.050461106,-0.089990914,0.15066138
TCGA-NJ-A55A-01,0.0771461,-0.19362798,0.060291313,0.07853298,-0.044779047,-0.059862122,-0.094856195,-0.10298323,0.12711956,0.003918714,-0.16895641,-0.16342516,-0.038205925,-0.14045312,0.00053435256,0.27015045,-0.17531422,0.12056736,0.03988123,0.13363929,0.16101545,-0.061336603,-0.094870485,0.007964939,-0.09020156,0.09656054,0.1059787,-0.083053954,-0.0018597711,0.099392705,0.021661194,0.059640888,-0.06532352,0.1632706,0.118393525,-0.0006479555,-0.011889108,-0.03333317,-0.056198526,0.079436176,0.11518501,0.18288265,-0.16096924,0.10993606,0.32790303,0.038764622,0.13026953,-0.19535224,0.015828254,-0.0052233622,-0.038004994,-0.17439587,-0.039476432,-0.08568461,-0.17588064,0.27875867,0.15157387,0.15336275,-0.09107289,-0.038743895,0.2132233,0.13392894,-0.14410691,0.091265246
TCGA-78-7147-01,0.12351035,0.13910149,0.1458098,0.059003875,0.20641217,0.04690966,-0.09320176,-0.09668769,-0.12593067,0.01356499,0.4712963,0.08470979,-0.05327077,-0.12293552,0.118976444,0.22418553,0.1459575,-0.09439583,0.00496033,-0.111594096,0.058340136,-0.061898388,-0.1603723,-0.17184067,-0.04571249,0.13961482,-0.09244715,-0.14731446,-0.13482471,-0.048949387,-0.010979164,0.08403949,0.14465182,0.17076856,-0.027055822,-0.098944485,0.1596486,0.07040809,-0.049376924,0.049332343,-0.036051694,-0.101029605,0.12990642,-0.1081383,0.09669529,0.009889541,-0.24480975,0.17778434,-0.09789593,0.06941204,-0.01904331,-0.015490072,-0.20730238,-0.0962429,0.03555586,0.10132811,-0.06345799,-0.0320134,-0.053004827,0.031583197,-0.054938428,0.11966108,0.109878264,0.10637861
TCGA-50-6591-01,0.012346097,-0.066993944,-0.07568825,0.05537431,-0.14575286,-0.11812003,0.11505749,-0.21715246,-0.119275846,-0.008529619,0.083668396,0.057301935,0.006393718,-0.11590091,0.07728949,0.12688002,0.09480812,0.024769215,-0.09079282,-0.06657352,-0.016532136,0.06053668,-0.037227284,-0.0152515,0.07116223,0.032113794,0.11953026,-0.011744919,-0.049660273,0.25591174,0.045870397,-0.067257494,0.078681976,0.24443077,-0.23480384,-0.09957334,-0.0036750368,0.14756496,-0.12298709,-0.02980832,-0.008978813,-0.014920629,-0.1251652,-0.19127004,0.15346196,0.22676706,-0.28010133,-0.009154942,-0.00054831797,0.17117374,0.096135415,-0.049976703,0.03643933,-0.19913578,0.15652718,-0.036581375,-0.020586126,-0.03560149,0.0037799834,0.08855979,0.20150755,0.26548836,-0.28993616,-0.14313078
TCGA-67-3772-01,0.06953279,-0.045813832,0.15168393,0.047798075,-0.0018069989,-0.18114041,0.18750367,0.07242937,0.15084814,-0.110604875,-0.12455018,-0.07616595,0.09038408,0.033068985,-0.09555585,-0.17493957,0.010314784,0.0011795359,0.011727176,-0.06572939,0.18547902,-0.007680174,-0.050955165,0.019562265,0.0005354068,0.12677209,0.039668832,0.12029907,-0.0964017,-0.34217593,-0.16268982,0.24512409,0.11947927,0.01831771,0.18376012,0.05739127,-0.04477874,-0.034967974,0.09900609,-0.1506581,0.2827542,0.06315187,0.12271598,0.25616056,0.10033796,-0.010386777,0.14968845,-0.05362721,-0.16921504,-0.24207583,-0.08524135,-0.038720828,-0.0939403,-0.035283584,-0.14269689,-0.036135625,0.06307245,0.043932673,0.10441999,-0.14989299,-0.010404764,-0.06394592,-0.075572796,0.19442238
TCGA-55-6970-01,-0.16222045,-0.018690698,0.26170617,-0.12970528,-0.15760866,-0.07197003,0.1470602,0.00023904676,0.12928762,-0.18018141,0.108153634,0.1644976,0.12198039,0.041272543,-0.043256447,0.015065172,0.032406457,0.093633585,-0.14708112,-0.052658048,0.14244461,0.0032468708,0.065386854,-0.011409416,0.052589808,-0.14970268,-0.09847422,-0.14304066,-0.008278621,-0.14072715,-0.11613574,-0.029106427,0.21836223,-0.053608827,-0.048904505,-0.19833234,0.08487182,-0.030753866,-0.092698835,-0.13628232,-0.0118324105,-0.15399176,0.23144853,0.0074840654,-0.08098797,-0.10181978,0.030368838,-0.12763405,0.03236265,-0.13083792,0.017179236,0.21197346,0.110417396,0.15883198,-0.03600443,-0.09674066,-0.2522601,-0.09115151,0.111080505,-0.08569325,0.012643317,-0.26185206,0.13010524,-0.23091495
TCGA-MP-A4SW-01,-0.0185029,-0.0030585274,0.0042845933,0.09220056,0.03542008,-0.30370748,0.17841955,0.016107189,0.023114523,0.018646834,-0.13062608,-0.11764175,-0.009488151,-0.16270047,-0.110307045,-0.09933649,0.047556933,0.026202124,0.09061462,-0.023827469,0.13233073,-0.018568143,-0.021400623,0.0016724811,0.07648147,0.070535414,-0.24238066,-0.0050271284,-0.060131352,-0.048825994,-0.22007059,0.35868523,0.15947834,-0.05849165,0.20767832,-0.05814028,-0.041218452,0.10377245,0.0035290208,-0.030662725,0.0080220625,0.23722291,0.14656913,0.05018636,0.28960663,0.01875886,0.0875461,-0.06344497,-0.08333307,-0.28298455,-0.0668008,-0.07749853,0.03841761,-0.056059297,-0.01640531,-0.022387076,0.12490899,0.19278874,-0.07703028,-0.07098007,0.13599713,0.15739833,-0.1032765,0.1297504
TCGA-55-A491-01,0.020494634,0.10669516,0.18618308,-0.2630648,0.05825799,-0.06200361,0.057943728,0.11612632,0.028084315,-0.08172136,-0.10004965,0.076597854,0.06404635,0.072903425,0.108204715,-0.20333533,-0.038366545,-0.26013273,-0.01753223,-0.05962814,0.17154798,-0.3972107,0.0683296,0.1559747,-0.049656853,-0.065255344,0.14855286,-0.05118916,0.051896133,-0.051026914,-0.17986071,0.0014464486,0.19915317,-0.14505938,-0.023933718,-0.10993603,0.097238265,0.073416345,0.044288784,-0.062737845,0.022784423,-0.1562669,0.27953753,-0.0981052,0.041363034,0.07722158,0.10277981,0.11588996,0.024481557,-0.122622035,-0.06187381,0.10274496,-0.13396864,0.123681694,-0.09237132,-0.19862469,-0.07500859,0.033912662,-0.15849403,-0.03228475,-0.14559577,-0.094755806,0.03467204,-0.046044532
TCGA-55-8205-01,0.15320964,-0.04537066,0.22211936,0.055785056,0.043505125,0.076855406,0.039135624,0.01850806,0.08547162,0.08507645,-0.2360641,-0.008424106,0.02123978,0.16639246,0.0012019961,0.16909577,0.07451192,-0.045200955,0.0731005,-0.091933146,-0.04356198,-0.26066062,-0.20246083,0.08872191,-0.24014504,0.2945929,0.19124667,-0.1091748,0.073662095,-0.11232433,-0.13326359,0.09164014,0.06275212,0.10890114,0.043928295,-0.07270629,-0.00017398209,-0.00891755,0.015611625,-0.022977414,0.030039305,0.023789072,0.05662463,-0.18221468,0.24125068,0.24592766,0.04766222,-0.016760021,-0.1663408,-0.012509106,0.044453543,-0.042444877,-0.18353418,0.00793608,0.07242072,0.13311262,-0.074921206,-0.049695946,0.01637775,0.15077485,-0.015698627,0.1954952,0.22314793,0.13188837
TCGA-17-Z023-01,-0.011842945,0.12403437,0.10967821,-0.10869773,0.12959355,-0.045383565,-0.18641578,-0.25530726,-0.082800955,-0.044249415,0.016006842,0.03780786,-0.27332193,-0.18510671,-0.052977465,0.09045263,0.08126706,-0.05998405,0.22955954,0.042779434,0.15899628,-0.06265023,-0.087704726,-0.0029968321,0.11711308,-0.025499579,-0.08743776,-0.07719724,0.024033843,0.024336355,-0.117687814,-0.09522611,0.04469955,0.00035779545,-0.15265271,0.0033782835,0.048229124,-0.0029165782,-0.093239285,0.13426691,-0.19762953,0.0063488116,0.2989191,0.1312479,0.2026442,-0.097428344,0.18219571,0.049459536,0.113098055,-0.03503576,-0.17560646,0.1433512,-0.08992654,0.04951052,0.12855835,0.20178457,-0.08331885,0.034909036,-0.16451995,-0.010716437,0.18336639,-0.17206798,0.01445557,-0.19869208
TCGA-44-2666-01,0.14936335,-0.3899726,-0.004782276,0.065092,-0.21159658,0.04546299,0.079004504,0.03553475,0.12992513,-0.050858445,-0.123839155,-0.052676197,0.23307097,-0.07790989,0.09399894,0.057150785,-0.19230162,0.17512707,-0.076213814,0.21272562,0.11075004,0.015340186,-0.12559934,0.0441933,-0.22233872,0.025075698,0.19521455,-0.021800023,-0.053598017,-0.21836343,-0.06331406,-0.027262572,-0.03864565,0.2676149,0.16469836,-0.048593193,-0.09836794,-0.079462886,0.018234788,-0.067343004,0.24709526,0.050038714,-0.045167573,0.01937005,-0.037175298,0.00041310093,0.045573097,-0.07056536,-0.14123023,0.12681428,0.017084094,-0.038609166,-0.0028609808,-0.063120335,-0.19358529,0.07488175,0.03474921,-0.19831505,0.11954484,-0.07721362,0.047784485,0.04537146,0.057163987,0.113523394
TCGA-75-6205-01,0.015510368,0.04359835,0.06343591,-0.1006247,-0.0415001,-0.08299123,0.12911098,0.2348603,0.097494334,0.16943836,-0.35604405,-0.14908366,0.12020619,-0.14622754,0.046182223,-0.12164473,0.0058825254,0.05348286,0.15826127,-0.057086177,0.16314135,-0.2946987,0.12762477,-0.042468935,0.0379624,-0.09008219,0.18685372,0.07197637,0.3053809,-0.026045835,-0.19710082,-0.029087514,0.0265244,0.039610326,0.081227064,-0.0024767057,-0.10080721,0.011953318,0.15619749,0.031160248,0.056050047,-0.009442017,0.063367926,-0.0358805,0.04527681,-0.04294656,0.17574917,-0.021637581,0.08581118,-0.037429858,0.23845752,0.061821893,-0.010666051,-0.12034336,0.099860534,-0.019399518,0.16067202,-0.035409678,0.056648787,0.13728751,0.052819356,0.23623635,-0.108029865,0.12305516
TCGA-73-7498-01,-0.0061193975,-0.12352912,0.1972342,0.29710177,0.045839608,0.04070537,0.093195274,0.034871373,0.1453405,0.01061192,-0.14051557,0.08088465,-0.019187842,-0.005169766,-0.17668276,-0.1448688,-0.045750912,0.063937105,-0.029869836,0.09885459,-0.008974606,0.14067157,0.029442012,-0.1686923,-0.046602234,0.129408,-0.28465214,-0.013192754,0.024381101,-0.100177,-0.17158829,0.029789876,0.041052926,-0.17542627,0.06361075,0.06826546,0.015859617,-0.16681252,0.26709023,0.0012583489,0.018525193,0.09695446,0.08840014,0.29565886,0.1531674,-0.12780643,-0.043421622,-0.006956173,-0.079601735,-0.1399118,-0.17269081,-0.20730056,-0.031235272,-0.015256053,-0.011572898,-0.013429469,0.14012471,0.119723156,0.15541296,-0.049765047,0.009769141,0.024219213,0.15670283,0.2515622
TCGA-62-A46U-01,-0.0012673722,-0.3791364,-0.10690014,-0.16362278,-0.007823517,-0.052169513,-0.082479656,0.16696724,0.092907056,0.17714152,0.022726795,-0.12817469,-0.053583506,0.020125039,-0.12792246,-0.0320925,-0.17329068,0.12328714,0.07101206,0.025488757,0.048158158,0.12873857,0.004504301,0.15661645,-0.13547361,-0.014888827,0.032433093,0.057208005,-0.008165392,-0.119127624,0.23167467,-0.03588709,-0.18764338,0.1430132,0.15866713,-0.017467165,0.0024067834,0.007567961,0.031834252,-0.054708965,0.035520773,0.1537215,-0.22719207,-0.25752738,-0.10424108,0.046794713,-0.091803245,0.25819775,-0.1951965,0.006752091,-0.15396954,-0.030229988,0.1444152,0.100153826,-0.07318924,-0.17609315,0.047464468,-0.042988222,-0.11741527,-0.0025276225,0.0671524,0.010245496,-0.20876455,-0.06465242
TCGA-67-4679-01,-0.07570828,-0.06071905,0.05101299,-0.21666741,0.06973007,-0.015050777,-0.11388859,-0.060861163,0.11261469,0.09028432,-0.06464634,0.30966195,-0.06408625,-0.048290104,-0.08907797,0.22216639,-0.020911088,-0.19097753,0.12875514,-0.0069559785,-0.045705337,-0.072978415,-0.011679527,-0.105194464,-0.19321358,0.030058078,0.0036203593,-0.20140857,0.06815821,-0.04714352,-0.1170717,-0.1276779,-0.11546898,-0.08178575,-0.11097954,0.028815746,0.13785979,0.015626622,0.2542024,-0.038802553,-0.29828924,0.10796587,0.14010864,0.07505955,-0.013757102,0.037325703,-0.12051342,0.093285866,-0.21076187,-0.049960293,-0.103633605,0.019295245,-0.1039306,0.10195739,0.3160803,0.111620314,0.054141,0.03757534,-0.1319666,-0.048125938,0.032694,0.047678825,0.17788187,0.16399829
TCGA-17-Z025-01,-0.0110945245,0.17674953,0.18935622,-0.23686425,0.08082739,-0.013822328,-0.19189945,-0.20068471,0.01893359,-0.059200857,0.1492417,0.039921146,-0.24917142,-0.2580554,-0.05636248,0.12852308,0.063649744,-0.06598251,0.22209606,0.021679942,0.08490886,-0.050659776,-0.029222008,-0.08502731,0.01731487,-0.04431747,-0.10917208,-0.073293954,-0.023163961,0.010893043,-0.19335902,-0.15033866,0.08336753,-0.005688591,-0.23837814,-0.027317656,0.18400218,0.028034529,-0.09854935,0.08709473,-0.1295839,0.061003894,0.2875014,0.12009673,0.079390615,-0.07292749,0.11224424,0.09999552,0.07325723,-0.08093503,-0.1963378,0.14769349,0.056498878,0.06136782,0.097646005,0.097039424,-0.11362673,0.037665974,-0.088437565,-0.0016655722,0.100636885,-0.13875881,0.042596783,-0.20160262
TCGA-83-5908-01,0.17178845,-0.045727685,0.15281685,-0.079485655,0.17862794,0.18753965,-0.23141061,-0.15624806,0.01664108,0.047588408,0.18205597,-0.078566454,-0.08088728,0.1829909,0.011832259,0.24748528,-0.104560815,-0.015609698,0.07659091,-0.09162029,-0.04383847,-0.07853639,-0.06362877,-0.025864076,-0.23147257,-0.037823133,0.058130518,0.015056173,-0.02385748,-0.046214167,0.11887798,-0.014847402,-0.014899185,-0.1194584,0.0873425,0.059933275,0.03572753,-0.21919888,-0.05447589,0.120162085,0.11927308,0.12917739,0.05864364,0.12366892,0.02617741,-0.25702682,0.051128156,-1.3842474e-05,0.04717736,-0.035749603,-0.14174856,-0.10261948,-0.07900727,0.116256565,-0.3180944,0.18677422,0.100707196,0.15997446,-0.116707176,-0.027005754,-0.17660384,-0.12748875,0.16860592,0.09555057
TCGA-86-6851-01,0.07269759,-0.33922124,0.06897216,0.09896918,-0.12502873,0.10502704,-0.041201517,-0.11168157,-0.050190784,-0.05647679,0.08003131,-0.14152591,-0.06423786,0.23121704,-0.07014323,0.068889335,0.052254763,0.18374087,0.016217701,0.032909855,-0.09783512,0.27322233,-0.063975684,0.11033789,-0.037178915,0.0878389,-0.001403345,0.081774265,-0.19355029,-0.115894996,0.15296963,0.13444254,0.027542092,0.14752862,0.06512445,-0.050455436,-0.14420915,-0.0318511,-0.17234553,-0.03999872,0.049082644,-0.016656052,-0.08357585,0.022793747,0.04408661,0.084758766,-0.21749909,-0.059898276,-0.21295734,0.122761205,-0.17341805,-0.06685701,-0.16561867,0.060960826,-0.11388506,0.21118596,-0.073385626,-0.026753861,-0.12307437,0.015025524,0.097687244,-0.15346323,-0.13014539,-0.2656277
TCGA-86-8671-01,0.10770722,-0.24515198,-0.13945612,-0.0867135,-0.09744508,0.04108454,0.034232765,-0.22962801,0.1940966,0.081331685,-0.008787585,-0.22855341,0.124263085,-0.0023074413,0.023157306,0.17092037,-0.2824747,0.11836593,0.037472274,-0.08478997,0.14379612,-0.028630815,-0.011934473,-0.1408655,-0.22125648,0.037097175,0.041228615,0.21148145,0.0894918,-0.06467607,0.16345581,-0.018002195,-0.087958574,0.105957225,0.0020890478,0.031709332,-0.21358982,-0.0736654,0.09741471,-0.103752695,0.15874755,0.20455743,-0.13635966,-0.09444682,-0.061482556,-0.15514103,-0.06996947,0.050637618,-0.11752496,-0.018963195,-0.080732875,-0.15111114,-0.0652427,-0.21903414,-0.056526355,-0.14908421,0.09772116,-0.075742766,0.0040135817,-0.08150629,-0.115368016,0.12116878,-0.10734807,0.10392732
TCGA-91-6828-01,0.10635349,-0.09002433,-0.18045571,0.1894408,0.015535152,0.16860306,-0.06480459,-0.14562199,-0.26431075,0.08881167,0.13724177,-0.08850841,-0.18126862,-0.09684473,-0.05462359,-0.011505899,0.18822925,-0.049373902,-0.032152172,-0.0066936254,-0.2096581,0.22778851,-0.06669708,-0.15465102,0.13954711,0.1314506,-0.17339462,0.15370004,-0.17039396,0.09372356,0.102616176,0.047956057,-0.022339435,-0.034849666,-0.1694062,0.13898091,-0.09988481,-0.017120373,0.019761205,0.19621341,-0.015920946,-0.074305184,-0.08816149,0.08490566,0.014631367,0.0029949748,-0.31485882,0.1702216,-0.084239915,0.13294667,-0.15020199,-0.033695024,-0.05252278,-0.14019698,-0.004700708,0.087680876,-0.038229767,-0.05804314,0.13166218,0.017887995,0.1345727,0.09731255,-0.031513836,-0.16252533
TCGA-91-6848-01,0.02650497,-0.17432182,0.21636596,0.19923262,0.10311415,0.18943459,-0.19605912,0.1864786,0.047354084,0.08275598,-0.04076041,-0.12037279,-0.16751333,-0.0098915845,-0.1027915,-0.056498658,-0.111852996,0.056545604,0.005394563,0.10704786,-0.15920448,0.301376,0.06538174,0.015462883,-0.13648908,-0.062231336,-0.04396536,0.039513823,-0.10195827,-0.097945794,0.047805674,-0.15321204,-0.059001118,-0.086021096,-0.004179398,0.08645636,0.15566523,-0.23167074,0.15740594,0.14013286,0.080523685,0.03015329,-0.15792103,0.24063751,0.017800935,-0.0497223,-0.028062504,0.12022718,-0.09388765,0.12805328,-0.22362308,-0.116275705,0.15114899,0.17386118,-0.15142038,0.14678754,0.105167635,0.052222762,0.12818633,-0.022193,0.05474536,-0.08046504,-0.010199843,0.018630428
TCGA-50-5941-01,-0.11540881,-0.03241568,-0.01302033,0.044691592,0.124448106,0.0132552255,-0.13808288,0.020394828,0.2086363,0.0018078808,-0.18323715,-0.09590612,-0.08307382,-0.100686535,-0.18911393,-0.055866268,-0.2353928,-0.040684808,0.15116517,0.1220854,0.021829078,-0.030823058,0.16698268,0.05029527,0.110442646,-0.02201432,-0.12851124,-0.111400954,0.1164432,0.22476664,0.12022283,0.14125098,-0.13887663,-0.32783085,-0.077379964,-0.03276045,0.096851744,-0.056985207,0.15411408,0.10918019,-0.09907358,0.010338029,-0.024960158,0.007899443,0.016266784,-0.116696864,0.09273235,-0.07387178,0.04221599,-0.23169567,-0.2323485,0.030521406,0.012437214,0.14650309,-0.12593043,-0.042738155,0.00745406,0.17803332,-0.14985228,-0.16755266,0.15260687,-0.142708,-0.13469166,-0.15781443
TCGA-49-AARR-01,0.06420432,-0.2671205,-0.04349124,-0.09972675,0.012697039,-0.019984217,0.016241686,0.1980613,0.110286996,0.072403915,0.10927842,0.166209,0.11055224,-0.17684087,0.1772523,0.12257857,-0.23461336,-0.11226009,-0.15588026,0.09456178,0.055161033,0.023380086,-0.20855802,-0.07154988,-0.24395102,-0.013105775,0.22395985,-0.06341809,-0.10804322,-0.11156347,0.059807476,-0.1481714,-0.1531871,0.14116357,0.03749365,0.11647684,0.18471967,0.009648614,0.05632096,-0.00933956,0.092888504,0.073550336,-0.19543129,0.09947659,-0.0820852,0.0171176,-0.13942549,0.09538966,-0.09568033,0.09395419,-0.040745016,-0.08713645,0.049152736,-0.004341577,-0.063680634,0.02839932,0.12808771,-0.06011816,-0.010440176,-0.09792584,-0.116065025,0.12345237,0.1544454,0.31426907
TCGA-49-4505-01,0.0558162,0.28836283,0.15716727,-0.102324136,0.17762241,0.0566639,-0.14386319,0.120250076,-0.06971502,-0.06152337,0.2312046,0.14219473,-0.14981858,0.14900373,0.008654035,0.14806265,0.113576844,-0.1788971,0.035902873,-0.018235916,-0.055027943,-0.23892373,-0.03200102,0.03066717,-0.104597725,0.086056404,-0.03021415,-0.09836994,0.010703871,0.17390455,0.058796495,0.039920606,0.10081697,-0.1274756,-0.076450005,-0.060793612,0.23698166,0.098065384,-0.1401662,0.045509875,-0.05199906,-0.082282305,0.0323596,-0.16093603,0.0872988,0.09098468,-0.25604978,0.087516814,0.10420147,-0.019994006,-0.0024206096,-0.107295096,-0.14498587,0.075113714,0.003317113,0.059641704,0.09346281,0.14393449,-0.32095116,-0.015460374,-0.14084238,0.055317562,0.1703311,-0.011044015
TCGA-64-5778-01,0.03430999,0.08832201,0.22994985,0.049253676,0.08818974,0.18776621,-0.07411221,0.061578717,-0.00053680455,-0.01028328,0.06912348,0.04948197,-0.10981372,0.30906597,-0.08310813,0.12369969,0.06297401,-0.090326935,-0.018157125,-0.073189534,-0.16660862,0.10372011,-0.072723545,-0.034146506,-0.20321506,0.08992658,-0.0651716,0.074195586,-0.05323048,-0.09204551,0.02127923,-0.032595918,0.024070578,-0.12184439,0.08067415,0.12122773,0.12526797,-0.0854748,0.027006539,0.0047814506,0.041233946,0.10972149,-0.0075364476,0.27883425,0.13651094,0.039199263,-0.11192726,-0.037512917,0.026113292,-0.005086691,-0.082661316,-0.26403987,-0.09611075,0.1155014,-0.071315184,0.22021437,0.1348525,0.20589598,-0.052362416,0.090564705,-0.24329576,-0.016725028,0.31707063,0.20140718
TCGA-95-7567-01,-0.0883819,-0.21464305,-0.0005428309,0.055340987,-0.08775719,-0.06031257,0.26419055,0.20802948,0.009428437,-0.11061923,0.19598012,0.34164646,0.05709487,0.1253081,0.092549615,-0.15605089,0.07286603,0.1223444,-0.1773104,0.13194057,-0.08014903,0.18379822,0.002869163,-0.038710937,0.08097632,-0.06506086,-0.046808373,-0.180316,0.012210069,-0.05837005,-0.11618051,0.09529699,0.0355492,-0.047473352,0.114356615,-0.06958702,0.1413013,0.07967524,-0.16959897,-0.043972347,-0.114513464,-0.0003630026,0.045775436,0.00986403,0.012572623,0.11570557,-0.33429143,-0.081492156,-0.15160042,0.0064289114,0.15640739,0.06371759,-0.12179607,0.06349392,0.102346845,0.07303989,0.13770847,0.043788284,-0.029156754,-0.012445882,0.20253906,0.061355874,0.17074817,0.09537443
TCGA-44-2655-01,-0.111634135,-0.24752979,0.018743632,0.04090454,0.1038114,-0.034127224,-0.0029566123,-0.1138348,0.24690007,-0.11425615,0.111294866,0.13592795,-0.027593888,-0.10723207,-0.07474761,0.17474169,-0.18464845,0.07862701,-0.12287042,-0.034507584,0.21813384,0.13958701,-0.2199686,-0.042703163,0.029145429,-0.10000689,0.080489025,-0.16637987,-0.0030963006,-0.011506663,-0.014362111,-0.004216305,0.022861637,-0.111702375,-0.21187718,-0.059272785,0.20696835,-0.14594021,0.063978985,0.0056967055,-0.09196949,0.014307949,-0.046694797,-0.10153564,0.26536497,-0.094499536,-0.23356892,0.0592757,-0.0392044,-0.15479136,-0.27779362,0.061980065,0.06198011,-0.043207597,-0.0075416137,0.061648197,-0.020845892,0.14917602,-0.056077547,-0.180449,0.17436965,-0.17224334,0.062315017,-0.013990828
TCGA-05-4434-01,-0.076138906,-0.11404751,-0.07919251,-0.010991746,0.033051215,-0.1603139,0.016751744,-0.034638748,0.13581653,0.036998954,-0.123347044,0.16135511,0.06545813,-0.058506437,0.058823746,0.11607368,-0.299072,-0.048851155,-0.013207984,0.10107049,0.0696718,-0.051010404,0.026255567,-0.050785873,-0.29237807,0.016830647,-0.21985126,-0.09698528,0.0025142685,0.06318868,0.03611987,-0.018382153,-0.047877934,-0.002084643,-0.06449636,-0.031022128,0.015450483,0.07489057,0.15027422,-0.16290191,-0.1365754,0.07941772,-0.07842353,-0.22693025,-0.113413,0.06853448,-0.14226063,0.0820647,-0.1181085,-0.0304645,-0.07790503,-0.1174811,0.008546115,-0.066527285,0.2697397,-0.26615992,0.13951117,-0.038425602,-0.20921779,-0.23591267,-0.090227954,0.13559228,0.10474363,0.26170754
TCGA-55-6982-01,0.1126199,-0.062437817,0.02453525,0.05048612,0.19232279,0.103952244,-0.17444345,-0.09057481,-0.049667835,0.18083248,-0.17824809,0.055643573,-0.115567386,0.027715398,-0.17549688,0.24955723,0.10571997,-0.11555774,0.20963018,-0.055068232,-0.034366116,-0.22118683,-0.1362303,-0.0120075885,-0.039258365,0.3347311,-0.052231077,-0.18948035,-0.007456186,-0.021122895,0.073649056,0.14962827,-0.081133716,0.036354423,0.0013307058,0.07633015,-0.061240036,-0.02665162,0.14324364,0.18066776,-0.13855112,-0.08162396,0.08601592,-0.025593376,0.124260224,0.046739176,-0.004938053,0.13541047,-0.16066721,-0.0074684885,-0.05324449,0.03037028,-0.30319294,0.04587964,0.07541303,0.22450563,-0.09177874,-0.0021283817,-0.047903307,0.059467886,0.13046895,0.15600502,0.13766026,0.013664033
TCGA-44-6777-01,-0.042624608,-0.14855002,-0.096831605,-0.10899992,0.13871798,-0.16347627,0.036674034,0.17153619,0.09546382,0.060496688,-0.10132682,0.1692931,0.05895641,-0.07407399,-0.10651315,-0.15601243,-0.17020962,-0.23907366,0.14422868,-0.037871964,-0.029583875,-0.008574411,-0.0088466145,0.13341497,0.015160919,-0.015422783,0.14818108,-0.23327728,-0.17068683,-0.16084579,-0.016815381,0.15275924,-0.17028521,-0.13282017,0.06305104,-0.008883577,0.13184671,0.033833794,0.13772683,0.021557264,-0.09597942,0.017280234,0.08705625,0.08391168,-0.15897536,0.09364524,0.057584584,0.06669597,-0.3366251,-0.1558821,-0.08344801,0.25564617,0.025576307,0.2183676,0.017042458,-0.116124816,-0.09303438,0.04213299,-0.059455138,-0.17305341,0.124929756,-0.051526334,-0.1014719,-0.0020794773
TCGA-44-4112-01,-0.19703609,-0.031800453,0.03252855,0.0995419,0.06983262,0.0020118025,0.21873747,0.15900217,0.023217216,-0.00782882,0.11213454,0.05928859,-0.022616502,0.013022896,0.017234705,-0.08663267,-0.011050555,0.0042700693,-0.12632115,-0.013826929,0.041212514,0.16695738,-0.14051871,-0.047749978,-0.019423138,0.022798143,0.009924024,-0.09618815,0.17849119,0.033584338,-0.065829314,0.23961471,0.04491802,-0.074601375,-0.028968511,-0.04612919,0.27345997,0.10573633,0.018353924,-0.11393417,-0.2681723,0.083576314,0.011393119,-0.09748565,0.3040248,0.2579765,-0.3143215,0.062559836,-0.0012309618,-0.066340216,-0.11873793,-0.05275278,-0.017706305,0.013239774,0.23910424,0.0711914,0.08156451,0.15742798,-0.251648,-0.012140013,-0.060876198,0.022520458,0.16278756,-0.058767255
TCGA-MP-A4TK-01,0.033525273,-0.25206044,0.11915927,0.21374826,0.15906253,0.19901438,-0.053269815,-0.073726095,0.01954116,0.027114728,0.11378298,0.015748696,-0.091408245,0.09580022,-0.08664605,-0.13895966,-0.036779463,0.08622316,-0.03187293,0.045417868,-0.054783344,0.20615748,0.033381194,-0.029122131,-0.0059281704,0.057335224,-0.19581388,-0.08758352,-0.014402616,-0.13600814,0.038991816,0.20965493,0.051554106,-0.20552365,0.052460328,-0.031621944,-0.03770468,-0.2116485,0.08577835,0.08032979,-0.013150844,-0.044297017,0.1952671,0.09556869,-0.0016847836,-0.25424725,-0.12052827,0.11993056,-0.1579932,-0.08854656,-0.31842622,0.03839205,-0.09436318,0.1089424,-0.21313588,0.06006216,-0.096194744,0.010944541,0.055719282,-0.10914909,0.02792892,-0.2654627,0.09581408,-0.093981184
TCGA-78-7156-01,-0.034346957,-0.36215064,0.003132125,-0.052180044,0.039434522,-0.13625582,-0.07298597,-0.041659065,0.09133591,-0.025255082,-0.024226202,0.26116228,-0.018556748,0.073943146,0.032714766,0.16130842,-0.16860738,-0.022015844,-0.051204957,0.0717058,0.03244819,0.087357864,-0.14136684,0.14005661,-0.27323088,-0.0859044,-0.08631749,-0.27603722,-0.15975052,-0.07624133,0.02467706,-0.0449552,0.019158764,-0.018478649,0.054690197,-0.07496621,0.042528752,-0.06574484,0.023429701,-0.04648282,-0.124856554,0.16308366,0.05361358,-0.2043779,0.01307928,-0.061687075,-0.10200853,0.10593099,-0.28729135,-0.085654564,-0.18507318,-0.0015656379,0.06432,0.14235814,0.033015523,-0.012543718,-0.04030252,0.029166933,-0.12131321,-0.19096942,0.13409145,-0.12725393,0.22453335,0.15442649
TCGA-86-8359-01,0.06386393,-0.15932187,0.09301267,0.15559378,0.07966581,0.1257838,-0.020673491,0.13239683,-0.12891847,-0.008095885,-0.023973694,-0.110588156,-0.07363832,-0.05179984,0.0842159,-0.24624345,0.06978729,0.03696457,0.055075213,0.17058347,-0.044741012,0.13465641,-0.04932379,0.2200112,0.08195745,-0.07105418,0.1818452,-0.11960513,-0.0639082,-0.0583091,-0.05672729,0.2587619,0.11923587,0.0014079385,0.11447968,-0.096641146,0.057004273,-0.04018036,-0.138499,0.12864321,0.030054016,-0.0674347,0.18065278,-0.016160047,0.08145706,0.011079889,0.057215765,0.016785387,-0.08617031,0.105770215,-0.1637302,0.21063575,-0.0485102,0.19098452,-0.22184804,0.22333226,-0.11532094,-0.064675786,-0.02128603,-0.07593028,0.17886907,-0.2218413,-0.065432735,-0.28856564
TCGA-55-6981-01,-0.029683504,0.08115537,0.18251495,-0.044413906,0.15201227,0.016853124,0.07224261,0.064575836,0.02722529,0.04929098,-0.077172846,0.014743228,-0.061715715,0.037607193,-0.1274082,-0.0892562,0.24063206,-0.07900506,0.047973294,-0.23791555,0.08382618,-0.09802527,-0.09388435,0.0018140655,0.19359665,-0.03781081,0.047516257,0.037161108,0.13678503,-0.10766098,-0.26608345,0.10988858,0.16519682,-0.2997203,0.07590292,0.00911138,0.08090295,-0.07336924,0.115801506,0.08799874,-0.022247288,0.077846356,0.24753132,0.037129812,0.32196352,-0.18075088,0.020263791,0.027619714,0.08859184,-0.22862494,-0.15189405,0.054702852,-0.013169573,0.07985578,-0.09714817,0.11254714,0.059639603,0.24327795,0.008008344,0.10377889,0.0060386686,-0.0730305,0.14404541,0.06466693
TCGA-55-A492-01,-0.14872761,-0.051307734,0.082256116,0.041325454,0.022509702,0.0069212797,0.13111171,-0.11630231,-0.0059180283,-0.088003024,0.325716,0.2437724,0.026028393,0.05825636,-0.08350948,0.05284341,0.08262111,0.16272603,-0.25253272,-0.16060072,0.03473622,0.17947958,-0.0009796914,-0.14755283,0.12250257,-0.11005247,-0.114988565,-0.1749548,0.020983357,-0.0014285526,-0.08774636,0.042117752,0.12242344,-0.19563048,-0.09711803,-0.0891925,0.14724132,-0.094430774,0.045444258,-0.04302068,-0.196351,-0.15385796,0.15574737,-0.053343628,0.0744745,-0.18803507,-0.32560068,0.036964066,0.042162113,-0.11017551,-0.10280767,0.12365312,0.07670774,-0.01928053,0.014408551,-0.013028258,-0.10708067,0.039252374,0.12851575,-0.016689386,-0.004207248,-0.18389852,0.1775939,-0.07127331
TCGA-64-5779-01,-0.023426808,-0.21299356,0.017875433,-0.13353345,0.049643077,0.07609469,0.036594234,0.023389312,-0.068975426,-0.041726224,0.35036787,0.30873775,0.06838189,0.060664434,0.21484922,0.09353016,0.0065296036,0.024791121,-0.23661883,-0.07187198,-0.0044266107,0.066448726,-0.09929507,0.03321324,-0.044656392,-0.14224736,0.10130671,-0.24326096,-0.03324842,-0.1474782,-0.034849104,-0.037607327,0.08897139,0.019647343,-0.011025852,-0.10797447,0.19598538,-0.010219593,-0.09741896,-0.014267931,-0.18258591,-0.12678586,0.14478756,-0.15319166,-0.0325031,-0.02912205,-0.26019228,0.17504327,-0.101412766,0.08765478,-0.035344295,0.20648475,-0.018703705,0.10547224,-0.0028202909,0.025301352,-0.08442154,-0.07260215,-0.042180106,-0.005745697,-0.04333276,-0.114252895,0.27822495,0.026229925
TCGA-55-8087-01,-0.0910677,-0.16464122,0.03626559,0.077667564,0.05920127,-0.041883234,0.050897658,0.0527763,0.20405187,0.1807104,-0.36800867,-0.09670923,0.023194112,-0.10460385,-0.14301755,-0.014541641,-0.21157612,0.10206632,0.14675021,0.018491978,0.07205334,-0.053084083,0.14283209,-0.13789104,-0.10372719,0.03006327,-0.232572,0.016582098,0.2783986,-0.025497409,-0.051159363,0.09143987,-0.08552883,-0.18406314,0.05597899,0.004824773,-0.06765838,-0.114018165,0.33579522,-0.053815115,-0.1139089,0.100797914,0.03148288,-0.027459307,0.047023598,-0.14851204,0.054736376,0.028763281,-0.042099614,-0.19863345,-0.1420471,-0.11527128,-0.0006287366,-0.009446734,0.09888822,-0.10964428,0.1977383,0.07697608,-0.08304301,-0.093087725,-0.0040453505,0.074757576,0.057720248,0.13815917
TCGA-97-8179-01,0.12400844,0.0025857675,-0.11316232,-0.09476685,-0.0817433,0.05804901,0.055471305,-0.026329758,-0.0055305893,0.018001692,0.022750175,-0.12636285,-0.07562336,-0.026042502,-0.22929074,-0.20565324,0.08421737,-0.22154675,0.21308444,0.040383264,-0.124161504,-0.028700009,0.004775609,-0.07368902,-0.019789612,0.23554224,-0.049342647,0.19421485,-0.1862615,-0.0066532344,0.036526065,0.18709251,0.01394562,-0.04113681,-0.13702239,0.08006642,-0.09569355,0.10581275,0.06592502,0.010533623,0.21615161,0.06135199,-0.03312837,0.06137309,-0.10404237,0.15592249,-0.23945473,0.17087592,-0.25679657,-0.04166292,-0.15977181,-0.039048705,-0.22630362,-0.015709547,-0.026535444,-0.10654858,-0.07878555,-0.07355032,0.02442931,-0.13564497,0.06704195,0.15682119,-0.17491646,-0.24788117
TCGA-86-8358-01,0.099358626,0.16127755,-0.0773689,-0.10269656,-0.045812614,-0.0650972,0.06812666,0.14989091,0.018511642,-0.04058139,0.14946519,-0.0039442866,0.14878735,0.040874835,-0.069826685,-0.019866051,0.029260673,-0.13403451,0.1353391,0.08657621,-0.07759812,-0.39335796,0.04930985,0.009263795,-0.034677893,0.18020879,-0.20218994,-0.07309172,0.023169998,0.11221928,-0.037142407,0.25734538,-0.023816982,-0.085424885,0.21233906,-0.121482715,-0.011506738,0.23219076,-0.06410644,-0.050348435,0.04457271,0.002647733,0.11148325,-0.16390014,-0.17582795,0.06554732,-0.021607611,-0.08452596,0.007255378,-0.18871565,0.1865541,-0.014669706,-0.10238517,0.123235755,-0.15902227,-0.096365444,0.01448079,0.069539666,-0.26965347,0.015541665,-0.15586208,0.19062716,0.099451154,-0.014729155
TCGA-49-4494-01,-0.054042574,-0.22109142,0.13990414,0.032625098,0.094420806,-0.032408558,-0.10596748,-0.21779107,0.08968669,0.059666354,-0.22016227,0.25526065,-0.06294193,0.05553826,-0.15191711,0.30412677,-0.034300603,0.018915711,0.08321055,-0.05942831,0.07066193,0.01219635,-0.08892176,-0.061826702,-0.12029952,0.08237949,-0.012124505,-0.30170175,-0.0069314092,-0.103588715,0.0097282445,-0.0018755686,-0.075263195,0.006804434,-0.0026321013,-0.036564793,-0.047768172,-0.13956459,0.21880166,0.06610704,-0.20032889,-0.059130833,0.099538215,0.07947022,0.16312695,-0.043217592,-0.07163479,-0.044675425,-0.23468025,-0.038312137,-0.1093059,0.012619014,-0.22323132,0.012924818,0.1680144,0.24919492,-0.056474622,0.006708979,0.028581727,-0.05245944,0.20684293,-0.058504067,0.13259184,0.053208116
TCGA-50-5049-01,0.05200102,-0.13923186,-0.06751926,-0.15580796,0.009204714,0.0016152007,-0.00031039564,-0.04067879,-0.07168882,-0.06673812,0.29595473,0.25358963,0.06647905,-0.0038938823,0.11126586,0.17291792,0.039436538,-0.16288365,-0.14662617,0.03791574,0.007160683,0.05324703,-0.18115117,0.013690119,-0.20229942,0.040149536,0.38206258,-0.19771835,-0.11768398,0.11443481,0.03178966,-0.012515918,-0.0513542,0.15068845,-0.03794867,0.007712561,0.27389407,0.080152676,-0.10592127,-0.031122563,-0.07292472,0.16854909,-0.07009955,-0.055744004,0.102750406,0.21391185,-0.18522389,0.0012560606,-0.10447754,0.12085078,0.03535622,-0.086133294,-0.100769944,0.022086835,0.057401836,0.12244391,0.06423284,0.08247692,-0.13007888,-0.014318779,0.027797924,0.12611905,-0.04049387,0.18482986
TCGA-17-Z056-01,0.092691585,0.041938834,-0.029946735,0.09280752,-0.042399686,0.16375156,-0.07609267,-0.071586646,-0.19704245,0.17055635,0.07185911,-0.05912197,0.009889039,-0.024313096,0.14447653,0.2573697,0.17977633,-0.05583761,-0.011733758,-0.12246,-0.208828,0.056030348,-0.09931653,-0.09723303,-0.058333598,0.07843817,-0.12321363,0.064703144,-0.107083224,-0.063829124,-0.0026313434,-0.1902608,0.034107797,0.2608067,-0.07884129,0.026549377,-0.06334501,0.068591304,0.070337586,0.06650562,-0.07469274,-0.052369177,-0.05375031,-0.051162675,-0.029429361,0.14916794,-0.08790661,0.08304757,-0.051993158,0.25771776,0.13533075,-0.10480672,0.02255854,-0.108832784,0.13469225,0.08177683,-0.032584015,-0.13997783,0.107755266,0.28941602,-0.12834853,0.28784388,0.20226678,0.20321105
TCGA-05-4396-01,-0.07805704,-0.031567667,0.13937233,0.14746635,-0.07240322,-0.09439565,0.12275947,-0.08289006,0.12496257,-0.124896824,-0.09387771,-0.01200327,-0.03783263,0.0886313,-0.3273638,0.122562006,0.03164671,0.019482616,0.040603958,-0.05569029,0.04724543,0.17046767,-0.102974094,-0.122941844,0.061736923,0.14648353,-0.1756784,0.021975042,-0.08273281,-0.11669598,0.01101954,0.2513057,-0.044787582,-0.08415523,0.12844388,0.016016932,-0.059120424,-0.0034478146,-0.05722214,-0.03216626,0.080092624,-0.018528923,0.0044823023,0.34034634,0.1948284,0.097671874,-0.0129301855,-0.3102046,-0.018759513,-0.21929008,-0.051414423,-0.09270456,-0.18466032,0.047651976,-0.053182047,0.2540607,-0.06643147,0.18607037,-0.019806804,0.020031461,0.13269372,-0.039261755,0.06979006,-0.11431849
TCGA-69-7761-01,0.10215434,-0.1410597,0.013467259,-0.044457752,-0.03191342,-0.15075731,0.10480376,0.14421074,0.03344578,-0.0896252,-0.047786433,-0.123364605,0.079221465,-0.08979726,0.18339144,-0.26509655,-0.16236019,0.019878987,-0.016599115,0.18490776,0.12771177,-0.033405125,-0.00404872,0.24900194,-0.094671406,-0.07631851,0.22458157,-0.06300596,-0.07158968,-0.08606749,-0.09110256,0.26907557,0.08418041,0.13313474,0.22209801,-0.083884105,0.03601347,0.110133305,-0.17422721,-0.10628246,0.20298551,0.14127299,0.060671847,-0.0694563,0.021670088,0.14039148,0.19356966,-0.057381544,-0.13018395,-0.038776264,-0.042527203,0.10013363,0.07028347,0.06689738,-0.21407486,-0.07241396,0.054639187,0.00046482525,-0.105423346,-0.20435518,0.05212995,-0.051322095,-0.21057989,0.02820067
TCGA-78-7149-01,0.071380705,-0.12329579,-0.07505586,0.042698365,-0.12121291,0.08922734,0.16370077,-0.00613426,0.13310787,-0.06562512,0.07955448,-0.19335075,0.057216752,0.025977435,0.017851388,-0.028757773,-0.26826873,-0.027841223,0.072449654,0.030546466,0.011184672,0.037674047,-0.12466653,-0.09356075,-0.0013820338,0.11108666,-0.050533257,0.16170235,-0.18823971,-0.12930563,0.20927931,0.20761691,-0.13740104,0.07666365,-0.029635169,0.00700492,0.007571119,0.12879932,-0.21188903,-0.033641383,0.268889,0.09755629,-0.23534168,0.085421495,-0.10334974,0.13687322,-0.2526608,-0.023312593,-0.14404644,-0.043658063,-0.16366473,-0.06290785,-0.12306004,-0.11753644,-0.2292293,-0.134106,-0.0009725853,-0.04577264,0.0063624913,-0.109080486,-0.07405371,0.065960124,0.09980447,-0.23169869
TCGA-95-7948-01,-0.003905193,-0.19088995,-0.072007254,-0.13027668,0.04758679,-0.088972345,0.13952224,0.14315473,0.0017005986,0.040785093,0.024567408,0.07589766,0.004556423,0.2738115,0.05908505,-0.13103907,-0.0921356,-0.12863407,0.10447658,-0.08348,-0.10657783,-0.012470877,-0.060730346,0.21944964,0.0182908,-0.004197541,0.06599718,-0.10759254,-0.1567285,-0.14211473,0.1836358,0.24525008,-0.120142415,-0.09851638,0.27058625,-0.05455941,-0.040450886,0.12187665,-0.23987713,0.04737828,0.02371261,0.042968817,0.03125541,-0.0340799,-0.14093561,0.10078875,-0.047894284,-0.055664305,-0.27447343,-0.14501303,-0.0041883704,0.08192853,-0.21839051,0.23948601,-0.19617467,0.03913697,-0.085395016,0.030154595,-0.15762681,0.020157883,0.03467528,-0.05451683,0.081757635,-0.1316298
TCGA-L9-A8F4-01,-0.059354387,0.09170096,0.029260317,-0.27795348,0.18273367,-0.04963355,-0.121153586,0.15526468,0.030556096,0.17528963,0.06793603,0.2337356,-0.08289568,0.1367438,-0.07413564,0.049744822,-0.017386852,-0.16061617,0.12619554,-0.16237774,-0.109522134,-0.050180353,0.12843281,-0.07807507,-0.08101861,-0.034375466,0.113017604,-0.12880994,0.13201986,-0.0015654783,0.0999091,-0.22271651,-0.29312283,-0.13846673,0.09061207,0.07570585,0.15708275,0.068911314,0.17402816,0.011750929,-0.19093665,0.07392167,-0.11705673,0.109718196,-0.089862615,0.028335596,-0.10565406,0.081906244,-0.09548689,0.0112701915,0.099564046,0.055855058,-0.05946412,0.08587827,0.20923813,-0.0061473143,0.17916872,0.15342408,-0.08535959,0.05793558,-0.029821755,0.08753485,0.020018581,0.25632885
TCGA-75-6214-01,-0.05563936,0.18371661,0.25070634,-0.12280448,0.050295755,0.06578874,-0.11138225,0.27659538,0.037835628,0.033480804,0.0877501,-0.0030412022,-0.054803524,0.006024725,-0.15810844,0.13204257,0.10468642,-0.15466163,0.0717994,-0.057481464,-0.056952037,-0.24486716,0.07051342,0.02465784,-0.1312312,0.14377406,-0.045171384,-0.021299548,0.025178883,0.064426064,-0.02128498,-0.14778869,0.05193671,0.013958074,-0.13951659,-0.08506638,0.30380657,0.07788136,0.14631324,-0.031088972,-0.04009148,-0.12490216,-0.074268535,-0.1986866,0.05394748,0.22631325,-0.1686741,0.24665862,0.059051096,0.02985694,-0.0044932133,-0.17237654,-0.024617396,0.1414963,0.08817669,-0.055445913,0.024167227,0.054226827,-0.20776749,0.16121536,-0.10434565,0.21659605,0.0060627065,-0.045440733
TCGA-78-7146-01,0.091196656,-0.07968334,-0.14656886,-0.055986263,0.104336135,-0.062016126,-0.11546794,-0.11806603,-0.23404849,0.17760766,0.2327728,-0.030371504,-0.21473473,-0.05379374,-0.11377635,0.014294261,0.15007105,-0.07383274,0.16248855,-0.1498602,-0.085129745,0.16241924,0.0036973853,-0.03840272,0.16324686,0.1391064,-0.078857325,0.024169158,-0.10382501,-0.024629623,0.23310699,0.022901652,-0.19875602,0.106172636,0.19283937,0.045338377,-0.08003675,0.0824424,-0.10303485,0.14511277,-0.09213831,0.09851733,-0.06041648,0.14083754,0.05852222,0.042019695,-0.084499665,0.14965953,-0.17935923,0.033518434,-0.061889708,0.04360612,-0.15684861,0.06979958,-0.03827044,0.079881094,-0.06072846,0.05947355,-0.04559218,0.13404001,0.2100919,0.06828526,-0.24688193,-0.2438376
TCGA-91-6840-01,0.19803001,-0.10543144,0.23602408,0.28454122,-0.013597644,0.23274945,0.010291823,-0.016856693,0.06046776,0.11247847,-0.011329371,-0.3006968,-0.009255718,-0.20048858,-0.062360063,0.010221926,0.0157148,0.07181561,0.10785062,0.049428247,-0.08401999,0.06523653,0.009537384,-0.14823332,-0.12286482,0.26406673,-0.056615267,0.111907855,0.0057003163,-0.085196115,-0.011168078,0.16055197,0.13694444,0.17490858,-0.08803141,-0.03414071,0.010912396,-0.090783656,0.15090959,0.042687815,0.25304458,0.008797963,0.035001844,0.11265971,0.116282836,-0.0005008733,-0.091584586,0.11095905,-0.1401467,0.076503694,-0.17014576,-0.19206129,-0.084888265,-0.0564159,-0.17309423,0.07447426,-0.017705405,-0.10300068,0.14011107,0.033544704,-0.0077417316,0.1862531,-0.07831625,-0.085188486
TCGA-49-6745-01,0.022400577,-0.060266104,0.09538399,-0.12863049,0.028211556,-0.15860818,0.06783112,0.13385898,0.18710387,0.0012050396,-0.29419905,-0.17706673,0.056397226,0.1050003,-0.11722018,-0.15665163,-0.10443759,0.0038175953,0.14751261,0.012944567,0.17174259,-0.211384,0.035803184,0.17861763,-0.092359,0.073825315,0.15619586,0.062181566,0.056037057,-0.18879642,-0.10501073,0.2902862,0.010411471,-0.014261627,0.22910447,0.007807493,-0.07560722,0.038194288,0.10740621,-0.14580965,0.1304335,0.13724373,0.07163068,0.018194115,0.060484294,0.064032465,0.23371828,-0.055260483,-0.1467004,-0.22015817,-0.07350809,-0.018187074,-0.087872684,0.04709108,-0.068234436,-0.045055274,0.10383205,0.076767184,-0.13724725,-0.14144744,-0.059182134,-0.055839412,-0.16157001,0.14014
TCGA-55-8204-01,-0.123751484,0.10874999,0.032335937,-0.034433257,0.0003176592,-0.04935715,0.16343693,-0.2166653,0.08875545,-0.16465785,0.021456907,0.068652675,-0.019420471,0.27104172,-0.08569214,-0.086725056,-0.17125,-0.13417688,0.046731636,-0.071196064,0.14234051,-0.0026298242,0.0029884055,-0.09128812,0.15467401,0.0065946593,0.06281924,-0.04546532,-0.0698466,0.07290714,0.14612547,0.19871898,-0.15085503,-0.23709609,-0.050352357,0.032510776,0.041678157,0.11584406,-0.17422469,0.006382642,-0.058146473,0.0430889,-0.020875592,0.28604382,0.07866375,0.089322716,-0.060364466,-0.29845157,-0.019401744,-0.17951214,-0.06917614,-0.012014942,-0.31835836,-0.04589072,-0.007592885,0.001409871,-0.052429337,0.21396302,-0.052446295,-0.078960605,0.057294928,-0.17360705,0.038850915,-0.15959099
TCGA-17-Z048-01,-0.09575263,0.026595974,-0.30771574,0.2830439,-0.020603219,-0.20523989,0.20737754,-0.061740566,-0.09717562,0.097327545,-0.062740654,-0.16577964,0.12280661,-0.11700425,0.06748142,-0.16297804,0.05232749,0.14161652,-0.052869447,-0.052589323,0.096345,0.14168215,0.06879664,-0.039651636,0.29386172,-0.08136799,-0.069495805,0.1721603,0.18924472,0.1590583,0.15730704,0.040693782,-0.08437057,0.047189597,0.060088817,0.061693575,-0.20815974,0.021076964,0.16762733,-0.025528297,-0.06511203,-0.039563242,-0.08786035,-0.05238928,-0.029682688,-0.1618772,0.063461155,-0.063916884,0.15349998,-0.021717902,0.13839512,-0.063925974,0.021970302,-0.1912512,0.022272794,-0.105048895,0.080436334,-0.11734868,0.07544886,0.042768296,0.066899486,0.012182178,-0.25740635,-0.038680054
TCGA-17-Z033-01,0.03316587,0.12647898,0.08068834,-0.1272905,0.15982658,-0.042761028,-0.2004141,-0.25515074,-0.07177929,-0.019558104,0.043490414,0.02951724,-0.2845019,-0.24247842,-0.026153577,0.080530636,0.066101626,-0.097385995,0.26375768,0.05681304,0.13551506,-0.083437175,-0.1019736,-0.026738422,0.06352852,-0.0008076427,-0.07718601,-0.08799644,0.011458161,0.037434373,-0.14210932,-0.05621351,0.06413464,0.0040164506,-0.1881004,0.0035620828,0.063514054,0.016908383,-0.10645743,0.14518428,-0.15972807,0.027029062,0.32342377,0.10260379,0.1691745,-0.094706446,0.16767855,0.092850976,0.07045456,-0.050908532,-0.17841534,0.15461354,-0.055360217,0.014055108,0.12307349,0.1832679,-0.080085,0.030663883,-0.15836771,-0.026422234,0.17155656,-0.11635818,0.01219272,-0.15209664
TCGA-38-7271-01,0.07237157,-0.23168819,-0.1117394,-0.0022450432,-0.07206208,-0.013029126,-0.021324202,-0.21290973,0.25811285,-0.0042047948,-0.0349034,-0.25710946,0.09078288,-0.04447024,-0.044436865,0.16566479,-0.31697866,0.15222952,0.0101266075,-0.0031280592,0.16518718,0.041032217,-0.015251672,-0.04384955,-0.15984623,0.033076957,-0.02755715,0.173272,-0.014329985,-0.04161267,0.12040387,0.047511164,-0.043639727,0.062051598,-0.0064762393,0.0017745689,-0.14608522,-0.07943787,0.0968279,-0.113312356,0.18496457,0.24436097,-0.18246064,-0.072922796,0.023072474,-0.1515788,-0.03821235,-0.0068835835,-0.09853861,-0.08143362,-0.19745257,-0.18629968,0.061099283,-0.18400717,-0.14824858,-0.12797096,0.11515354,0.013641677,-0.015190296,-0.17202611,-0.07491125,0.032409444,-0.16952734,0.12233353
TCGA-86-A4P8-01,0.13168435,-0.1648316,0.077141576,0.0110824,0.066812314,0.1833604,-0.09988228,-0.16880597,0.2659344,0.119803384,0.052174006,-0.10926317,0.06213498,-0.029513905,0.062465742,0.14393659,-0.32916263,0.04213107,0.012763058,-0.016685994,0.057842415,-0.099201635,0.050419908,-0.23959252,-0.31001168,0.00022021837,-0.034853414,0.009728682,0.15534481,-0.028431294,0.0386766,-0.032669265,-0.04340197,-0.10417736,-0.037957154,0.03304892,-0.09924509,-0.23517211,0.22323819,0.0090194475,0.115701415,0.088080905,0.016813388,0.04559796,-0.08791405,-0.30270243,-0.0022327795,0.0199976,-0.11214084,-0.096234314,-0.09436507,-0.08471009,-0.014648923,-0.10197739,-0.15226947,-0.0081666885,0.056707345,0.016249008,0.076641105,-0.12767752,-0.16151547,0.0018098224,0.085155986,0.22530638
TCGA-05-4426-01,-0.12769006,-0.096309565,-0.18265654,0.080261745,-0.004383911,-0.093567476,0.04996339,-0.016457258,0.13614534,0.14991786,-0.3287722,-0.24706839,0.05193773,0.0050875577,-0.1999507,-0.024172936,-0.16106685,0.11477884,0.1538711,-0.062123735,0.019378949,-0.022326432,0.154267,0.025357122,0.09503875,0.072326906,-0.20303687,0.13731886,0.20809296,0.1392253,0.11236668,0.11864517,-0.14051391,-0.17209731,0.0005715003,0.021851556,-0.1274334,0.007914303,0.26575172,-0.06560907,-0.19347051,0.13741659,-0.1042733,-0.10364637,0.04221454,-0.051306743,0.019188656,-0.0026222782,-0.019910622,-0.1485996,-0.11641914,-0.09340997,0.045718785,-0.03290672,0.09893878,-0.1902505,0.13992256,0.08620883,-0.15109135,-0.028411796,0.0096717235,0.08243865,-0.18440655,-0.0685146
TCGA-05-4395-01,0.12746051,0.14305697,0.20434181,-0.025351739,0.1388262,-0.0023676336,-0.12910847,-0.06516075,-0.23094828,0.14107424,0.029185466,-0.048179466,-0.17671059,-0.04052923,-0.017273337,0.08497244,0.27805394,-0.10455911,0.16477136,-0.16744019,0.09855914,-0.19356571,-0.028546639,-0.042202935,0.11954479,0.043461718,-0.0012215272,-0.01933477,0.039137945,-0.08877549,-0.078938864,0.016730394,0.1098887,0.084086776,0.16447599,0.0012824995,-0.10442854,-0.028516186,-0.036370877,0.19034036,-0.055130992,-0.109201424,0.28192347,0.13493946,0.21875581,-0.083527446,0.1439991,0.04995045,0.021887511,0.0035225442,0.07654969,0.054495215,-0.277153,0.050715588,-0.009531153,0.3106861,-0.06601277,0.061664358,-0.019541543,0.19305024,0.11191225,0.03230467,-0.040217984,-0.07550884
TCGA-49-AAR3-01,-0.011469556,-0.15075332,0.2125589,-0.2962396,-0.04780338,-0.040908325,-0.0843193,0.060027774,0.15696333,-0.07307759,0.27705598,0.14533097,-0.0042522782,-0.08306503,-0.06845993,0.3080939,-0.036990087,0.047723964,-0.14254148,-0.014553993,0.19978236,0.106879584,-0.20821923,-0.109314956,-0.21408318,-0.1315943,0.2073469,-0.04354187,-0.0944774,-0.2010261,0.054794896,-0.24017705,-0.07508697,0.20174015,0.08387755,0.014572997,0.2210855,-0.05190315,-0.06087396,-0.0909718,0.13326298,0.06455809,-0.1558256,0.06515929,0.021904038,-0.028034626,-0.09117699,0.0072888993,0.017967748,-0.014817291,-0.08556894,-0.034138586,0.05630979,0.037206534,-0.066252075,0.091268,-0.01086458,0.0016465539,0.032999165,-0.030261878,-0.029931199,-0.14113615,0.09849687,0.1004702
TCGA-49-4501-01,-0.15268609,-0.19958842,-0.050166853,-0.13994592,0.016591761,-0.06404505,0.07866314,0.20863585,0.21243922,-0.052808687,0.3394786,0.09274131,-0.023750521,-0.012913866,-0.07974881,-0.11589161,-0.089061625,0.08756483,-0.11868165,-0.018731372,0.13561104,0.22814101,-0.1351114,0.017291196,0.09688506,-0.21923095,0.10225532,-0.019971456,-0.011367529,-0.13660955,-0.05145129,-0.030943051,-0.03652898,-0.062742874,0.018840892,-0.020799525,0.27694783,-0.021770438,-0.016260715,-0.09909678,0.0069494336,0.15930945,-0.14091697,-0.123241216,0.08892045,-0.012445473,-0.29658693,0.11567223,-0.06856017,-0.15326558,-0.15107688,0.07093245,0.19330405,0.10053873,-0.06355861,-0.031194923,0.119177766,0.19779891,-0.06486415,-0.07830028,0.0549405,-0.13647637,-0.03624521,0.016895924
TCGA-73-4666-01,0.13561453,0.19866417,0.02235386,0.008342287,0.2625131,0.122166745,0.01176317,0.09861248,-0.098159246,0.105389945,0.122093335,-0.15157197,-0.12999362,-0.066099405,-0.07071487,-0.16169217,0.19135313,-0.08832102,0.23524623,-0.07581205,0.0064663463,-0.12352857,-0.016685707,-0.07209818,0.104478665,0.20616348,0.10501884,7.900225e-05,0.14984632,-0.043556396,-0.0006557035,0.46485484,-0.020963978,-0.104919694,0.22623795,-0.0053272094,0.02958068,0.04948604,-0.0645313,0.11305166,0.08124458,0.07224266,0.17542906,0.037194874,0.09863601,-0.029757189,-0.004576315,0.057864595,-0.039878964,-0.14402366,-0.07258069,0.103606135,-0.26679912,-0.026076466,-0.13984866,0.10770447,0.021586921,0.05555515,-0.04274125,-0.010430984,-0.0036601897,0.022499356,-0.03952259,-0.12588951
TCGA-62-A472-01,0.036829017,0.10036201,-0.05211363,-0.1281445,0.013707668,0.05612981,0.10164092,0.060495768,0.14739226,0.06423953,0.20514652,-0.15566637,0.0911071,-0.04639475,-0.21795124,0.11962259,0.04407153,0.022177774,0.13794214,-0.2687318,-0.05872813,0.010105259,-0.1280919,-0.21143854,0.029768419,0.12796684,-0.045907754,0.29566085,-0.06929027,-0.30925125,-0.03566925,0.047006696,-0.12101473,-0.013982791,0.013587365,0.11358476,0.053630006,0.0001677636,0.13872556,-0.07379019,0.2415146,0.15748964,-0.15766206,0.06958514,-0.11866781,-0.10974188,-0.1786538,0.12635228,-0.047702365,-0.102812305,-0.0970001,-0.010496161,0.025870617,-0.0814446,-0.08773718,-0.13571043,0.114219524,-0.029171055,0.09342196,0.012947607,-0.22157459,0.13607258,0.15412082,0.07970623
TCGA-38-4626-01,0.16718395,-0.28797925,0.12770975,0.09371274,0.034485307,0.19167854,-0.13472104,-0.1717205,0.12039755,-0.011234013,0.017276233,-0.059482392,-0.017634409,-0.052071135,-0.0051557864,0.091875255,-0.1800338,0.040942464,0.05301102,0.19187243,0.0901227,-0.0009824559,-0.012152192,-0.14622776,-0.22982825,0.061606374,0.09506585,-0.076942906,0.06870093,-0.07153619,0.1134054,0.12685631,-0.058057066,-0.013497571,0.04476379,0.0118105905,-0.1066209,-0.21384844,0.07401999,0.079108685,0.14784762,-0.0036991567,0.12786876,0.15818031,-0.023028059,-0.25255877,0.021666352,-0.028503178,-0.1468451,-0.022181267,-0.19021186,-0.04274239,-0.26084706,0.008873291,-0.22502565,0.23403406,-0.047234926,-0.059993777,-0.010962655,-0.22023557,0.10521413,-0.1770333,0.025430512,-0.017329007
TCGA-86-8055-01,0.064670324,0.102525435,0.09217568,0.13549356,0.065637626,0.09276404,0.0322213,0.1693123,0.027060594,0.032300547,-0.05862901,-0.07727132,-0.06909486,-0.078559175,-0.20066845,0.04095467,0.17590468,0.0074275783,0.15602928,-0.07559496,-0.08927378,0.09728802,-0.20748,-0.029977236,0.16184488,0.21123002,0.14216228,-0.0052401857,-0.14347826,-0.09944408,-0.09990455,0.098783225,-0.10325654,0.032584865,0.1046584,0.15033258,0.18064119,0.023698233,0.04238444,0.18699726,0.13123722,0.11143573,-0.15328167,0.3073549,0.26403242,0.11808,-0.0417156,-0.0842754,-0.063751005,0.029369272,-0.019045379,0.009382239,-0.09888211,-0.0071672252,-0.07504846,0.28319663,0.1186631,0.13061592,0.16843936,0.09570662,0.16736163,0.17905562,0.044699952,0.030640693
TCGA-69-8453-01,-0.058131,0.044606373,-0.039101653,0.051298767,0.2066756,-0.084186696,0.09942921,-0.021022834,0.0009397189,0.17185639,-0.23764817,0.095481016,-0.07098289,0.09785766,-0.17020024,-0.07393078,0.12313434,-0.08836911,0.1945186,-0.19808467,-0.049957413,0.025438773,-0.03918695,-0.018116487,0.17445818,0.13922028,0.10607154,-0.119460426,0.12906186,-0.008222523,-0.029691802,0.18662561,-0.12794796,-0.18732452,0.08061502,0.0846771,-0.04135983,0.03092415,0.17544971,0.09760751,-0.2693932,0.116086856,0.09624291,0.17855918,0.20480114,0.0856266,0.027414734,-0.0746483,-0.22733934,-0.110751666,0.012704902,0.106721945,-0.20757632,-0.029912036,0.2264209,0.11995351,0.037119593,0.13394706,0.049206197,0.08378409,0.18622218,0.07771164,-0.03551078,0.08096964
TCGA-49-AAR4-01,0.031474642,0.061029244,0.30246842,0.13639875,-0.050835878,0.12907264,0.02045705,-0.09416245,0.24256912,-0.10351264,-0.17023903,-0.12933968,0.050817758,0.085506506,-0.15841682,0.07525385,-0.005997042,0.033466626,-0.06933182,-0.059935212,0.09084084,-0.1306891,-0.11217144,0.08126361,-0.082178205,0.098520204,0.26784557,-0.012036391,0.094219945,-0.061689608,-0.21109197,-0.0004552768,0.23263526,0.0090377815,-0.1696767,-0.1590848,0.043991126,-0.18998711,0.06447947,-0.061136268,0.22541247,-0.08761674,0.092156015,-0.10619558,0.2817186,0.123907275,0.1352719,-0.10051714,0.09845789,-0.04955214,-0.047462907,-0.05678327,0.091703765,0.0015157512,-0.14083296,0.089569665,-0.21320498,0.0055732196,0.15180784,0.0780771,-0.088392496,-0.064629406,-0.009752062,-0.069803104
TCGA-MP-A4TD-01,-0.039245054,-0.050729178,-0.22495371,0.14056061,-0.08779209,-0.051704567,0.08172383,-0.0025369239,-0.002109652,0.053182133,-0.02861251,-0.3636101,0.029592076,-0.012988123,-0.110382535,-0.12187357,-0.0731997,0.19372013,0.035235543,-0.021347355,-0.03378827,0.1606867,0.12783305,0.016478183,0.20330802,0.040858034,-0.26442868,0.31206402,0.039587475,0.09905981,0.15884928,0.12429347,-0.10422422,-0.08088421,0.12290616,0.07455847,-0.1279319,0.055683736,0.035656687,-0.06219836,0.002573632,0.19492097,-0.19056438,0.039639905,0.02180487,-0.11781574,-0.023447633,-0.021524144,0.084852956,-0.071936265,-0.12676787,-0.15350983,0.11123542,-0.06935374,-0.13299084,-0.18105349,0.18368874,0.0905134,-0.076091476,0.008934221,-0.059566185,0.042038452,-0.23140295,-0.117147006
TCGA-97-7554-01,0.10418107,-0.03219059,0.06332249,-0.00031820135,0.05088343,-0.05341756,0.17498356,0.06099001,0.066234544,-0.1320999,0.03721985,0.19424552,0.008315612,-0.1481943,-0.01592859,-0.25711673,0.063146606,-0.22322373,-0.036310643,0.074191935,0.091252066,-0.06924565,-0.12948279,0.025129454,-0.026290232,0.15647626,0.12843567,-0.13986662,-0.15200138,-0.06309229,-0.1978311,0.24779677,0.20756458,-0.024531014,-0.15450084,-0.02421915,0.14260057,0.09367818,0.038812112,0.00096301467,0.18770903,0.0043487,0.19525473,-0.014876975,0.1138356,0.15436417,-0.1679763,0.16832316,-0.24758904,-0.13771659,-0.15463777,0.0986226,-0.11734722,-0.05181021,-0.020412065,-0.12675251,-0.098016106,-0.026532924,0.08240177,-0.20991743,0.17638366,0.089616485,-0.026969405,0.03713648
TCGA-17-Z017-01,-0.022520386,0.16855147,0.19054915,-0.21729232,0.056094125,-0.013449676,-0.15363778,-0.19502272,0.050803907,-0.050789587,0.09428544,0.02054074,-0.23681122,-0.2533596,-0.03115368,0.094425716,0.04491907,-0.07193438,0.22764438,0.025307689,0.071588255,-0.06244089,-0.040248245,-0.073708475,0.017752744,-0.03378676,-0.07978963,-0.084125616,0.0034030166,0.030398767,-0.23789446,-0.13865156,0.11125665,-0.0028673562,-0.2871485,-0.055740766,0.18888724,0.036637027,-0.11196063,0.08163576,-0.12645733,0.07281366,0.30281404,0.09971629,0.1072789,-0.011848325,0.13290955,0.07253669,0.053356286,-0.09040686,-0.16479178,0.16214947,0.10756232,0.052860606,0.11067507,0.09484478,-0.14246811,0.038670115,-0.059821747,0.02389748,0.1086302,-0.111307815,0.052898113,-0.2142271
TCGA-55-8512-01,0.06989673,-0.2173005,-0.019233786,0.06640444,-0.19283131,-0.04023502,0.073261194,0.2581055,0.02034036,-0.10732022,-0.079160415,-0.12015693,0.106018245,0.058218177,-0.01670725,-0.19648361,-0.06322188,0.09266982,-0.018603055,0.28831878,0.01418193,0.09642472,-0.049908917,0.15837902,-0.048081473,0.04430526,-0.015464115,0.100853205,-0.13318256,-0.18968663,-0.06443687,0.097245514,-0.06372392,0.12499293,0.40974495,0.06471502,-0.08327817,0.058734935,-0.10359328,-0.114668615,0.20382345,0.14287937,-0.06560056,0.22775342,-0.043333378,0.06544573,0.1489359,-0.14581735,-0.045748394,0.02979307,0.0033337295,-0.09332871,-0.033810865,0.12458755,-0.22777288,0.10661294,0.13865903,0.0145033,-0.052312855,-0.068951994,-0.045760375,-0.04366993,0.0226202,0.11920873
TCGA-05-4420-01,0.162604,-0.055693686,-0.08242461,-0.0029186234,0.05102376,0.2006815,-0.096195325,0.12950288,-0.15856503,0.01808345,0.15217806,-0.050831325,0.044759057,0.042645138,-0.006782218,-0.08364573,0.15356164,-0.06577067,0.07765639,0.14001612,-0.03360261,-0.23566061,-0.113073036,0.11052564,0.0029280155,0.23339784,-0.115590855,0.048518352,-0.064662494,-0.19053149,-0.00060255814,0.2296337,-0.008698784,0.08537524,0.22127175,-0.0043285275,-0.1521355,0.02769333,-0.012974873,0.0408187,0.089121304,-0.1093178,0.1717862,-0.118803345,-0.25712538,-0.089438856,0.010396594,0.17950027,-0.041345384,0.03412302,-0.03945312,0.07602088,-0.19784392,0.10101012,-0.20960408,0.013493752,-0.13030072,-0.23789375,-0.062269032,0.0144182695,-0.18002084,-0.08707145,0.22222899,-0.106318064
TCGA-MP-A4TA-01,0.07848819,-0.104561575,-0.073308766,-0.19255152,-0.015002743,0.0046726866,-0.18647508,-0.10583091,0.23483793,-0.005995524,0.12549664,-0.22095385,-0.012501629,0.17297179,-0.29028973,0.15208364,-0.1436682,0.06608194,0.19694072,-0.13330881,0.105540276,-0.055582464,-0.062317625,0.06516569,-0.008858005,0.04585793,0.13489264,0.17004222,-0.12150937,-0.17779899,0.16053045,-0.0340583,-0.16750492,0.003987233,0.10035972,0.072921686,-0.16258708,-0.10912972,0.07332374,-0.028778482,0.18096195,0.096110396,-0.15123345,0.05315555,-0.10837862,-0.18024395,0.023945734,0.023864487,-0.16962712,-0.114354715,-0.11408657,0.036968697,-0.08643541,0.044300277,-0.1593912,0.0693938,-0.032122377,0.054129887,-0.068877555,-0.11293221,-0.03044375,-0.15693559,-0.25176078,-0.05595119
TCGA-55-8091-01,-0.06949984,-0.02553643,-0.09558465,-0.2129688,-0.08116095,0.04460068,0.07202295,0.08263961,-0.08287362,0.17038517,0.059879977,-0.32988155,-0.020498486,0.08327294,0.04551517,-0.13903594,-0.005089894,0.05299779,0.047310144,-0.1693917,-0.008415411,-0.08538973,0.22380733,-0.037700024,0.10075221,-0.103859216,-0.082507394,0.35139447,0.25056925,0.061639756,0.12764952,0.008572701,-0.0070532025,-0.09081942,0.08209174,-0.037096143,-0.09749171,0.059367403,-0.037093293,-0.08087002,-0.052358028,0.014831382,-0.047792062,-0.1824432,-0.061903805,-0.025554262,-0.10953708,0.14119324,0.12599097,-0.0036418177,-0.0048760516,-0.06882657,-0.020528879,0.000793215,-0.062425423,-0.20867553,0.09925269,0.026048293,-0.19613647,0.16645598,-0.18628536,0.040799573,-0.18586361,-0.2951513
TCGA-78-7152-01,-0.19253726,-0.17912412,-0.011675483,0.032841623,0.15543391,-0.012055931,0.014905327,0.09212922,0.03051485,0.08712185,-0.074163035,0.27910545,-0.08803631,-0.016132096,0.021640874,0.060656898,-0.022354787,0.036351066,-0.07728735,0.011375792,0.018347789,0.1030279,0.0017823654,-0.051585507,0.058798637,-0.019979103,0.0065048058,-0.2504906,0.21996202,0.080883004,0.017225325,0.019849746,-0.011360433,-0.11699097,-0.13662069,-0.04158431,0.19682333,0.007932044,0.13847725,0.054310046,-0.4006853,-0.057953224,0.024442945,-0.10849809,0.17459524,0.07189949,-0.2820625,0.15221149,-0.095330566,0.020852964,-0.058600914,0.05498073,-0.08007139,-0.030075524,0.35068968,0.065024085,0.10088937,0.047752507,-0.111289784,-0.045422133,0.17367132,0.018159945,0.1435134,0.10216133
TCGA-55-6968-01,-0.05798035,-0.119036,-0.07831759,0.12931414,0.14494492,0.2171427,-0.017756091,0.30448318,-0.15698527,0.15291916,0.23921159,0.061118893,-0.112495914,-0.06188404,0.20283575,-0.21849126,0.07802862,-0.02583097,-0.11333063,0.12244885,-0.189418,0.36512733,-0.029995639,-0.0011133685,0.028660351,-0.061785627,0.021759976,-0.06583938,0.050418843,-0.028993776,0.06156968,0.1435817,-0.0199293,0.00813489,0.06389934,0.005644904,0.15998302,0.038864456,-0.014771752,0.09568482,-0.16381091,0.002041352,-0.00705141,-0.041565046,-0.10714451,0.09440746,-0.24405153,0.19410081,-0.16840376,0.20018128,-0.022869816,0.10274349,0.09579096,0.02850407,0.07495946,0.09891232,-0.004257751,-0.1322844,0.114643246,0.040980533,-0.015781661,-0.021945603,0.12279384,0.042363394
TCGA-86-7713-01,0.070424125,-0.15449746,-0.12452087,-0.19340242,0.12831263,0.14075613,-0.074889176,0.0618455,-0.23821881,0.13824971,0.35207236,-0.04602663,-0.118505694,0.08608494,0.14771073,-0.10817899,0.017903117,-0.06979714,0.011263074,-0.029376728,-0.071874306,0.13333246,-0.039361984,0.028151724,0.008073237,-0.13694856,0.006414463,0.12186134,-0.046733826,-0.18253113,0.1887829,0.05007738,-0.084561005,-0.0043665958,0.18722656,0.08565238,0.0046435874,0.03972125,-0.1514005,0.048907913,-0.09759907,0.026673265,0.046379253,-0.019019006,-0.16782138,-0.06425773,-0.18289419,0.28063175,-0.08452287,0.13771439,-0.16699657,0.13432275,-0.17012887,0.1626667,-0.10534381,0.03878425,0.023858387,-0.061078914,-0.16379279,-0.007836514,-0.1312341,-0.15173194,0.08599734,-0.15562184
TCGA-MP-A4TJ-01,-0.001868843,-0.07887045,-0.16413812,0.040047973,0.021435738,-0.007358213,0.08701796,-0.2313897,0.08600732,-0.0570026,0.20254949,0.0973222,0.13998802,-0.11322117,0.13691176,0.14924467,-0.13474469,0.10721287,-0.23160523,-0.03192742,0.18944973,0.11066284,-0.117393695,-0.14607204,-0.09915092,-0.06870047,0.3020031,-0.07830462,0.08202044,0.2156152,0.020719944,-0.0453815,-0.0128461,0.076741934,-0.15355782,0.03795607,0.08634945,-0.054082334,0.0038805634,-0.012339913,0.04584627,0.16717151,-0.12601593,-0.11909876,0.100405656,-0.08560134,-0.0970186,-0.053496383,0.11148941,0.05645516,0.09379017,-0.060386237,0.12595125,-0.3060457,0.053765636,-0.050989076,0.090967365,0.04607007,0.15146537,-0.059467684,0.003918392,0.10607483,-0.08029796,0.32369003
TCGA-NJ-A4YG-01,-0.048185308,-0.17575744,-0.0778835,-0.21701571,0.048193693,-0.074844874,-0.1456355,0.12451082,0.009767385,0.15269153,0.090056926,0.18771373,-0.096468404,0.050955124,-0.10583199,0.11735564,-0.070736095,-0.026481332,0.03962114,0.03057096,0.03488423,0.113302976,0.009335399,-0.016603734,-0.14841242,0.003371684,0.11598731,-0.069925204,0.041028656,-0.097262904,0.18583262,-0.19965562,-0.3521118,0.16514306,0.27376202,0.12702222,0.08942731,0.042159077,0.112423755,-0.021745948,-0.12051218,0.17277777,-0.2231845,0.16435982,-0.013707184,0.07471447,-0.076948225,0.10184892,-0.10339968,0.062848955,0.054169912,-0.114148095,-0.05805378,0.07682911,0.15251452,0.1176311,0.19939213,0.09219354,-0.1279332,0.030722518,0.03943604,0.059722014,-0.06554852,0.23740403
TCGA-73-4668-01,-0.10371562,0.26254374,0.037696704,-0.25650075,0.1467093,0.037434906,0.021757364,0.15804121,0.06978861,0.10803742,0.12908918,0.02601151,-0.027097188,0.201436,-0.046463575,-0.06914135,0.011021008,-0.2750418,0.051143005,-0.2986023,-0.14241861,-0.17239168,0.009491448,0.005956021,0.058393277,-0.07347412,0.074792616,0.035739407,0.03271268,0.052325755,-0.07156694,-0.08252669,0.0038481513,-0.32864755,-0.09910557,-0.008493226,0.19913347,0.11004402,0.103331015,0.013670148,-0.16336404,-0.04285871,-0.011067196,-0.05700618,-0.04926044,0.1502682,-0.18433279,0.092134185,-0.012968803,-0.07412532,0.016132357,0.12243092,0.02204484,0.12111837,0.076175146,-0.12335439,-0.017332545,0.15243617,-0.10082415,0.13119829,-0.27328295,0.034235004,0.09280309,-0.033279918
TCGA-86-A4P7-01,-0.09563109,-0.08746781,-0.1603825,0.13885018,0.030058589,-0.118293785,0.12683682,-0.23083663,0.14086196,-0.07822072,0.0066843145,0.12789583,0.1598989,-0.11845638,-0.00081898406,0.14391737,-0.15503627,0.10221047,-0.14493796,-0.0037113135,0.20273979,0.12664337,-0.12668192,-0.12522677,-0.07875732,-0.013025687,0.13229986,-0.11078225,0.12401075,0.25088012,-0.020123482,0.013916707,-0.019180508,-0.02530671,-0.18559217,0.038575523,0.09044042,-0.05418198,0.16362688,-0.08338428,-0.11912411,0.2146116,-0.06353388,-0.10929941,0.19528748,-0.07260288,-0.08155381,-0.10033223,0.058457755,-0.047722604,0.0023857749,-0.10500758,0.10010192,-0.23287128,0.1888774,-0.08698858,0.12298541,0.12841691,0.020462915,-0.14589727,0.06304655,0.066172175,-0.024855735,0.2952351
TCGA-NJ-A55R-01,0.16129905,0.14344844,-0.0366259,-0.11914957,0.22412987,-0.016033733,-0.10154217,-0.17270981,0.033386327,0.036080636,0.43139562,0.11570722,0.0041798274,0.031683877,0.07902263,0.20067124,-0.06399104,-0.050366074,0.122459054,-0.14786513,0.0725254,-0.11938674,-0.10401066,-0.25825557,-0.10285995,0.059167,0.03458268,-0.15780528,-0.0054377457,-0.025823714,0.13059533,0.05704542,-0.15644978,-0.012068769,0.12527165,0.03265497,0.011620506,0.033486184,-0.052864432,0.033676967,0.054893848,0.096089914,0.015096288,0.05369478,-0.0680421,-0.25774276,-0.12739858,-0.022784553,-0.118779674,-0.06008298,0.07275275,0.10099612,-0.20585382,-0.15475592,-0.0497057,0.06866071,0.09387225,0.096642636,-0.046458844,-0.14318691,-0.07629712,0.030890875,0.114428096,0.28098318
TCGA-49-4488-01,0.09099901,-0.065590814,-0.09299395,-0.13174361,0.0051374477,0.157185,-0.2128537,0.055059746,-0.20820747,0.104351416,-0.011362851,-0.30306852,-0.13848965,0.13389084,-0.01207808,-0.12563804,0.050054554,-0.0910677,0.15328625,0.07260532,-0.048284397,-0.07526265,0.11347219,0.09592209,0.08016241,0.018695902,-0.047630437,0.30988625,0.0013878014,-0.02094016,0.20970449,-0.01378029,-0.071361005,-0.03406666,0.12720358,0.10018484,-0.22443186,0.013725322,-0.052197766,0.08919168,-0.015997017,-0.06312332,0.0030757121,0.045262497,-0.17573719,-0.06577888,0.06664032,0.17841603,0.0424627,0.14328524,-0.12168051,-0.020656275,-0.23950434,0.13546659,-0.13463831,0.05235549,-0.030689184,-0.09779769,-0.1856255,0.053940155,-0.10785774,-0.14484176,-0.12202239,-0.26220453
TCGA-93-A4JP-01,-0.08325698,0.046133075,-0.06380923,-0.019283494,0.009409061,-0.04700483,0.05152603,-0.19890903,0.068842016,-0.027528936,0.22159581,0.014216903,0.13044369,0.06274018,-0.033658292,0.25608772,-0.05826577,0.09840083,-0.19563973,-0.17301561,0.19398609,0.05121822,-0.11684942,-0.16882184,-0.06715672,-0.08465072,0.27509052,0.06029009,0.11677789,0.14474212,0.054753788,-0.102527104,-0.11044067,0.0522806,-0.06262234,0.1232863,0.113671824,-0.06140617,0.11953408,-0.10557808,-0.07950429,0.08674365,-0.16155969,0.024950456,0.15832795,-0.04136925,-0.121958576,-0.13512868,0.17134778,0.025540978,0.13737343,-0.17229989,-0.0035818282,-0.21936552,0.11746573,0.098554134,0.17922798,0.1685965,-0.006534077,0.025385415,-0.14350769,0.038476016,-0.094569445,0.27857015
TCGA-50-6592-01,-0.017394207,-0.31595105,-0.16972852,-0.055528212,0.08047581,0.09866506,-0.1045341,-0.0338162,-0.08665202,0.2546254,-0.12983263,-0.1432133,-0.11953021,0.15528798,-0.11965185,-0.05049776,-0.013669214,0.049597807,0.15745874,-0.08115734,-0.12732501,0.04383564,0.13847212,0.09173987,0.07323235,0.07457539,-0.11733716,0.047421247,0.115500346,-0.022445828,0.2319775,0.15377049,-0.12469693,-0.11628732,0.06729258,-0.0132960025,-0.20117514,-0.04171692,0.10346055,0.07780762,-0.20299603,-0.01247895,0.046269517,-0.16971144,-0.09894594,-0.065961376,-0.09515782,0.22814624,-0.22623521,-0.00908529,-0.17669348,0.109254874,-0.086461306,0.10550868,-0.016203074,-0.041033596,-0.08337064,-0.051370565,-0.10178601,0.042771976,0.1014399,-0.06457443,-0.12773561,-0.2624786
TCGA-44-6148-01,-0.032995217,-0.097400844,-0.067798175,-0.11744053,0.07114347,-0.0016340186,0.021016808,-0.11466391,0.32871944,-0.0036221156,0.15775774,0.08346508,0.14643581,-0.06191786,-0.08307216,0.23405226,-0.24356812,0.009449486,-0.04029888,-0.17537412,0.12848356,0.09404232,-0.16862063,-0.13306096,-0.15065244,-0.07826812,0.22981423,-0.043002795,-0.040969435,-0.08990341,-0.030947967,-0.05966753,-0.10804109,-0.05723756,-0.108882256,0.031536687,0.16013636,-0.10990879,0.21201131,-0.05023172,0.08471101,0.21777558,-0.15310657,-0.009269468,-0.005232986,-0.11251497,-0.17166662,-0.026385399,-0.14226629,-0.09451953,-0.081631355,0.016371896,0.1284355,-0.14644079,0.0017884738,-0.050999776,0.102542974,0.074999824,0.13471392,-0.15263066,-0.06742486,0.03142096,0.016456041,0.30072352
TCGA-86-7954-01,0.12880722,-0.0032160028,-0.106039174,-0.053864542,0.10717098,-0.012716444,0.03999863,-0.2405297,-0.047557883,0.0111586,0.2999084,0.27691767,-0.16308735,0.042439505,-0.13585383,-0.043977942,0.1659962,-0.2024635,0.032663062,-0.050464638,-0.07888239,0.0715425,-0.12046207,-0.22827561,-0.0054514534,0.24317825,0.003963105,-0.1067144,-0.1047535,0.06562979,0.03127464,0.10105394,-0.052180164,-0.0561188,-0.0071221557,0.11486151,-0.023669945,0.0878104,-0.03421066,0.054642178,0.07877999,0.21443698,0.009149389,0.11541078,0.083031,0.041889988,-0.27580988,0.09697855,-0.21794614,-0.08907161,-0.051028315,-0.037155345,-0.25580275,-0.11717406,0.054544475,0.014280824,-0.012361511,0.12549916,0.09187336,-0.056667652,0.15987635,0.1539598,-0.009899878,0.15246658
TCGA-86-8076-01,0.17398119,-0.27889314,-0.11745171,-0.13297313,-0.17799024,-0.03418571,0.075266555,0.033501405,0.1520013,0.021123683,-0.049149193,0.07340819,0.23433362,-0.035495605,0.06464913,0.020040965,-0.14900833,-0.0067763757,0.035784587,0.18554212,0.07707144,-0.20838386,-0.058934726,-0.052227538,-0.292578,0.060440443,0.11388759,-0.041515514,0.058316782,-0.12050229,-0.09485319,-0.038710352,-0.072127596,0.15328687,0.21104506,0.012883924,-0.17862968,-0.018325262,0.115907446,-0.100753054,0.20331374,0.15690921,0.093544714,0.009671085,-0.15411226,-0.10437386,0.07706384,-0.026180277,-0.15847296,-0.06723275,0.15044431,-0.055555526,-0.101365514,-0.026514143,-0.10965372,0.00048891373,0.068077736,-0.09307097,0.0032786068,-0.10044096,-0.03674854,0.13666032,0.115065396,0.32018274
TCGA-17-Z052-01,0.03341156,0.110414825,0.08673839,-0.101832174,0.18538545,-0.038290016,-0.1934312,-0.25118217,-0.07311707,-0.02305305,0.033927746,0.038571514,-0.28184515,-0.21103095,-0.023200175,0.065128766,0.05397247,-0.08712638,0.24581094,0.062244788,0.16157036,-0.08914415,-0.1156062,-0.013439098,0.06666026,-0.011353622,-0.08738337,-0.10444593,0.013725038,0.009345636,-0.12306679,-0.03221953,0.06939221,-0.011826169,-0.15735014,0.008878176,0.044934265,-0.008979963,-0.09764444,0.14846332,-0.16236447,-0.0012432906,0.3415337,0.105663344,0.17200239,-0.13111785,0.18199462,0.08601971,0.06834511,-0.05835188,-0.17960605,0.17044088,-0.08128567,0.023882179,0.10350056,0.18949936,-0.087279424,0.019511981,-0.15040334,-0.05679761,0.16530009,-0.15608977,0.04206469,-0.13336672
TCGA-99-8025-01,0.021652559,0.11602713,-0.08340461,-0.13601705,-0.061827555,0.08223051,0.02120058,0.068063505,-0.01478055,0.080909915,-0.054681946,-0.21363926,-0.091371804,-0.003169568,0.05180222,-0.17306611,-0.06411383,-0.09875467,0.09818856,-0.025815032,-0.17810678,-0.09093217,0.19901003,0.021095293,0.017366912,0.1260791,-0.01174461,0.16737087,0.18602099,0.2858377,0.16494301,-0.019262167,-0.007037163,-0.065964006,-0.19525297,-0.03663378,0.035705466,0.19029999,-0.051408183,-0.035902284,-0.0062525286,0.031653654,-0.17755623,-0.2121302,-0.045914423,0.24163981,-0.13187985,0.13897987,0.013140236,0.06132874,-0.049070936,-0.047519796,-0.016326793,-0.043512207,0.086478695,-0.33208606,0.022802852,-0.022687746,-0.15550649,0.033793893,-0.09359679,0.17986038,-0.17488863,-0.2635838
TCGA-50-5936-01,0.039335232,-0.21084072,0.056574907,0.14919786,0.09902789,0.21770427,0.0029887892,0.24880232,-0.010502435,0.17056444,0.058031667,-0.15288109,-0.06269742,-0.16367547,0.14462262,-0.3089541,-0.083770484,0.14088415,0.0137658175,0.18957019,-0.036939245,0.22261982,0.17873242,-0.08503909,-0.020473069,-0.062111408,-0.015933271,0.07882097,0.20778526,-0.11388074,0.048002668,0.18279709,-0.043263793,-0.0017598046,0.22905368,0.018613376,-0.0056904326,-0.14458986,0.09320331,0.06643201,0.091248706,0.048802514,0.06329921,0.13912138,-0.15224317,-0.21652013,0.014199567,0.13208373,-0.09747918,0.066432394,-0.08888963,-0.017682387,-0.035506334,0.00014556157,-0.17163317,0.016718615,0.13569427,-0.1538339,0.17639239,-0.06575446,-0.026052086,-0.06978785,-0.043895237,0.04552834
TCGA-78-7540-01,-0.10552597,0.1425854,0.08769549,-0.025107015,-0.0031811786,-0.1201723,-0.023918243,-0.13199022,0.07835145,-0.12092732,0.110895164,0.05181649,-0.09566569,-0.2989216,-0.10760015,0.030519648,0.058449905,0.002875588,0.11506837,0.108327635,0.059879057,0.05866688,0.006633433,-0.0455038,0.10581983,-0.022128455,-0.21047635,-0.06963509,0.001170154,0.13293125,-0.29537615,-0.0777813,0.10582508,-0.053155158,-0.20273395,-0.035585146,0.24054421,0.0817284,0.044028867,-0.03500675,-0.23869294,0.23331644,0.2065511,0.1599033,0.2293114,-0.042021666,0.073199116,0.0005258149,0.1029081,-0.13317369,-0.18444659,-0.01177049,0.19150105,0.076631285,0.11558166,0.042240538,0.030407371,0.18757537,-0.16114579,-0.01797373,0.1113389,-0.07462415,-0.006637244,-0.087345116
TCGA-95-7039-01,-0.092901625,0.025362138,0.20013984,0.0824695,0.019590229,-0.09673829,0.15165034,0.17120236,0.108788185,-0.11647217,-0.05195616,0.03563032,0.003504409,0.08331722,0.07404345,-0.019701933,-0.07226726,0.08263429,0.040032633,-0.047747087,0.004554848,-0.017321996,0.050078373,0.18834922,0.09446287,-0.069524355,-0.040783774,-0.24915881,-0.11142025,0.012589818,0.014763572,0.30028337,0.13657728,-0.055525944,0.060419377,-0.23987243,0.16958115,0.105018355,-0.2611752,0.07708446,0.040773768,-0.18654916,0.060516838,-0.07736834,0.07700729,0.10766623,-0.078840144,-0.20230503,-0.1452206,-0.103480056,0.096757226,0.18721628,-0.05092157,0.14005387,-0.20609197,0.07770339,-0.089130126,0.062187605,-0.04218701,-0.09980082,0.19291964,-0.05095709,0.020711048,-0.29420826
TCGA-55-8615-01,-0.011722778,0.04596031,-0.039527472,-0.34397012,0.0015360082,0.0351122,0.050028168,0.18382974,0.09715152,0.08576127,0.1594679,0.08230843,0.14963499,0.055550557,0.04521573,0.08235816,-0.034930542,-0.13730107,-0.015638087,-0.25913003,-0.10085978,-0.11919705,-0.10462687,-0.013525279,0.0044471105,-0.15068735,0.23132728,0.10088691,-0.028567446,-0.18455356,-0.12145597,-0.26231936,-0.1457,-0.08093568,0.05231463,0.09955927,0.20523486,0.05193954,0.10366099,-0.019471569,0.018296244,0.09751107,-0.1430298,0.07630891,-0.12233156,0.010357589,-0.09878924,0.077962965,0.043388892,0.027349463,0.06762904,0.12327794,0.1118437,0.11582076,-0.043698683,-0.0640314,0.14845543,0.069432005,0.0022606754,0.12895192,-0.27838314,0.09422688,0.21783797,0.18478408
TCGA-97-A4M3-01,-0.19988215,-0.09408257,0.05144854,0.15563278,0.06638317,-0.07217168,0.15109175,-0.085858256,0.05468887,-0.085293554,0.11544615,0.26228184,-0.0026653023,0.03074586,-0.15127312,0.017171187,0.035773925,0.108529076,-0.17436056,-0.0884107,0.06028033,0.17922148,-0.06637144,-0.113547064,0.15206625,0.0037542398,-0.19360618,-0.14664885,0.022654966,0.033157587,-0.103769824,0.0649795,0.06202142,-0.23464006,-0.12217559,-0.014166914,0.1745721,-0.051902957,0.14887615,-0.0387,-0.25735608,-0.034240503,0.08968389,0.054338295,0.25344098,-0.114753425,-0.32031694,0.033721775,0.03206049,-0.1555136,-0.20055746,-0.0058307825,0.004047716,-0.0059163156,0.13770437,0.011340681,0.034711327,0.17711194,-0.035130728,-0.059542164,0.080364466,-0.11975478,0.1779994,-0.009201139
TCGA-17-Z022-01,0.061400317,-0.18406013,0.069735184,0.09804389,-0.011681837,-0.042426005,-0.098990664,0.16228531,-0.048886087,0.015126084,-0.33169127,0.042310786,0.020582544,0.04292604,0.041654147,0.24850924,-0.033981893,-0.03689488,-0.09907127,0.0025923464,-0.14824101,0.011692333,-0.113323145,0.14234567,-0.27719107,0.050602157,-0.0021809072,-0.0013341508,-0.26508176,-0.22806475,0.0012263082,-0.30372116,0.0025723632,0.10967979,-0.025502002,0.0732798,-0.00097575434,-0.1701643,0.12171324,0.02043821,0.082989335,-0.16751729,-0.15808304,0.009661647,-0.06131135,0.12203779,0.10838744,0.1328666,-0.12509932,0.12800072,-0.038818844,-0.10900299,0.06536215,0.13749662,0.0044502416,0.0719456,-0.0035958209,-0.15652835,0.10031889,0.021027936,-0.02680147,0.051415574,0.2322697,0.17796843
TCGA-86-8585-01,0.10139758,0.003356437,0.1932744,0.31788597,0.039274395,0.24870786,-0.093814746,0.050133415,0.17936072,0.16775912,-0.34529138,-0.14755082,-0.025991086,-0.026358051,-0.1531393,-0.051782258,-0.033034585,-0.022578226,0.15081032,0.14558263,-0.17512414,-0.12217734,0.07674746,-0.038348,-0.13305998,0.2729853,-0.062153075,-0.08246081,0.16615178,0.113504685,-0.069487646,0.09890613,0.097181976,-0.07763655,-0.19886306,-0.045425266,-0.064732164,-0.14859463,0.27218136,0.102237806,0.076679885,-0.08389047,0.09001374,-0.0293898,0.033562925,0.048468612,0.07317642,0.00073482137,-0.10947146,0.0021608316,-0.03470509,-0.09788338,0.020656992,0.033695485,-0.0059139715,0.059453774,-0.10214832,-0.078162506,0.14151186,0.049826477,-0.008423587,0.15758683,0.025674047,0.012843773
TCGA-17-Z049-01,0.09521243,0.06590766,-0.03323065,0.11804108,-0.00087237795,0.1750092,-0.07912151,-0.07890115,-0.20530607,0.181513,0.096705675,-0.058091965,0.00076999346,-0.015234124,0.16170181,0.22790603,0.1996557,-0.047435563,-0.01120541,-0.12198714,-0.2040871,0.041324552,-0.0948327,-0.09393469,-0.04567461,0.09764683,-0.13103545,0.041044686,-0.104149066,-0.059280712,-0.019080706,-0.13790888,0.047747545,0.25552258,-0.059779312,0.030769892,-0.0600565,0.07103717,0.09480587,0.083323635,-0.08062803,-0.03049695,-0.030777235,-0.06326848,-0.02404357,0.12259635,-0.0852642,0.09066662,-0.0717012,0.24589235,0.14145453,-0.10890712,0.009818024,-0.11857457,0.12790328,0.09277794,-0.021098496,-0.1344104,0.12565775,0.2729028,-0.12917244,0.27903882,0.20150171,0.24309671
TCGA-49-4486-01,0.0038055123,-0.27902058,-0.14373082,0.023956621,0.037876155,-0.016581427,-0.13048553,-0.13199039,0.11583884,0.15574327,-0.3048889,-0.13775583,-0.061607897,0.08934591,-0.16962732,0.082977474,-0.20924246,-0.015340982,0.17349765,0.02370322,-0.06415029,-0.018797325,0.114851214,0.08647518,-0.09042225,0.18063158,-0.22205184,0.012356575,-0.0014635184,0.06836653,0.22891428,0.119107425,-0.12677415,-0.12169785,-0.039349593,0.008689744,-0.19227739,0.0046509444,0.19385476,0.0065995157,-0.14140543,0.11599202,-0.08122229,-0.06868251,-0.038297907,-0.033315692,-0.060853314,0.09213529,-0.26435453,-0.06882726,-0.25470638,-0.061678663,-0.07411088,0.056739517,0.033082433,-0.10107175,0.0012329374,0.014203126,-0.15350975,-0.1423233,0.08410758,0.035561778,-0.13571423,-0.07479134
TCGA-49-AARN-01,-0.09839679,-0.07682117,0.2257268,0.12985303,0.11526804,-0.09298061,-0.1463906,0.25525326,0.12956749,-0.03128647,-0.16807677,0.008160137,-0.18986747,-0.06383513,-0.2559067,-0.0810804,-0.16489686,0.0013856693,0.07774913,0.17596504,0.028907731,0.17821868,0.12151841,0.08316235,-0.17314829,-0.039209418,-0.19229737,-0.06341992,-0.04270273,-0.05592779,0.031176748,-0.15935919,-0.030202534,-0.08185619,0.009055703,0.018458221,0.18829258,-0.18002747,0.24888436,-0.007837996,0.014592895,0.009927822,-0.045100123,0.1963028,0.08321151,-0.02394199,0.11214548,0.113680035,-0.05649702,-0.078424916,-0.15587911,-0.15756354,0.16005099,0.21436203,-0.0076595936,0.00042926133,0.09065064,0.10389558,-0.022651885,-0.15998995,0.13899936,-0.10149007,-0.06055579,0.084927045
TCGA-73-4670-01,-0.007192543,-0.14222208,-0.093044594,-0.2087101,-0.05411087,0.11410539,-0.11123956,0.10774099,-0.10269804,-0.073690265,0.105927005,0.17981839,0.100048296,0.14531839,0.09485187,0.078543186,0.043019157,-0.21903183,-0.14359015,0.078650184,-0.14046568,-0.17870282,-0.09027348,0.16485895,-0.04131922,-0.062824376,0.15039709,-0.062459342,-0.03378947,0.027264459,-0.06928527,-0.22103043,-0.0319766,-0.14723882,-0.056850545,-0.056767642,0.15633777,0.037308965,-0.063771985,0.025558675,-0.13806058,-0.052195627,0.05212301,-0.08487129,-0.049937483,0.06197116,-0.10840404,0.088419184,0.17332684,0.11347259,-0.04616886,0.1033633,0.046704702,0.30923256,-0.13388719,0.06948797,-0.08115593,0.038439862,-0.297158,0.06430843,-0.12016006,-0.14405155,0.29842153,-0.10977798
TCGA-J2-A4AD-01,-0.076897606,-0.10189188,-0.03925484,-0.05248545,-0.022658238,0.015388624,0.08119415,-0.08182503,0.023067852,-0.1455603,0.22933441,0.12058425,-0.026230598,0.19857502,0.059439816,0.034951758,-0.20045963,-0.102464095,-0.087820545,-0.058543064,0.06130298,0.1777428,-0.22510417,-0.016987175,0.06260828,-0.11007693,0.044449918,-0.041773655,-0.28297755,-0.15988645,0.123650186,0.064958476,-0.11390317,-0.04591901,-0.010601268,0.04266102,0.1463522,0.064710714,-0.3070244,-0.0032868418,0.01196905,0.09204465,-0.13006426,0.22629753,0.04088137,0.12816332,-0.2583927,-0.10202346,-0.0774184,-0.034918044,-0.17082706,0.0649079,-0.08534806,0.040050223,-0.11834706,0.09040911,-0.019482743,0.15811254,-0.064692564,-0.10974293,-0.046739757,-0.18771046,0.23460992,-0.15473983
TCGA-17-Z055-01,-0.04589136,0.072305046,0.14362998,-0.02907066,0.06996378,-0.058321137,-0.15008633,0.30371016,-0.024070088,0.17716444,-0.13527054,-0.16156214,-0.0177424,-0.080583476,-0.1139022,0.18479654,0.046464816,-0.05182539,0.0358136,-0.16770539,0.01611396,-0.105706565,0.015359871,0.023501014,-0.05933422,-0.09146591,0.055878565,0.09804858,-0.17001148,-0.19467737,0.012385692,-0.34540176,-0.10086818,0.10072386,0.014192354,0.11782584,0.15463194,-0.09349027,0.23345497,0.1167834,0.029513672,-0.23134816,-0.27257016,0.10078621,-0.054638464,0.06217093,0.08156613,0.17399585,0.04982209,0.13850439,0.08835955,-0.026460983,0.11628222,0.14076379,0.005337051,0.13375145,0.08493171,-0.020749195,0.07781578,0.15935664,-0.010747645,0.10798481,-0.10156469,-0.006567393
TCGA-75-6212-01,-0.14791943,-0.09433673,0.009778801,0.14480305,-0.11872177,-0.15806448,0.3231002,0.08199702,-0.03817405,0.030893208,0.068760686,-0.013513668,0.14266878,-0.09042415,-0.030125696,-0.09988783,0.11291392,0.32391813,-0.13013469,-0.10989074,0.1093953,0.2357301,0.11338992,-0.18229958,0.256726,-0.13819928,-0.12158618,0.09862109,0.17985378,-0.10844129,-0.030973243,0.05002372,-0.007765155,0.03339185,0.21695578,-0.05482086,-0.027063895,-0.05998975,0.015472573,-0.11065768,0.05206054,-0.16181685,0.016984498,0.06088029,-0.021983564,-0.18262835,-0.06112784,-0.13513336,0.20276281,-0.08915905,0.1520595,0.025736751,0.06327009,-0.11041578,-0.047740065,-0.061500035,0.102608494,-0.08354371,0.19973955,0.10327699,0.086800605,-0.00947235,-0.05990879,-0.05148748
TCGA-17-Z062-01,0.07258764,0.12740661,0.036576133,-0.059716646,-0.020004684,0.13757777,-0.17093936,-0.13073932,-0.17961334,0.11168465,0.15036805,-0.019640207,-0.11258463,-0.14325932,0.13034761,0.25939032,0.14401889,-0.1105526,0.081971094,-0.043302804,-0.15789802,0.03767945,-0.044679385,-0.11736413,-0.09036452,0.027982838,-0.12512793,0.0670493,-0.10812352,-0.052986957,-0.09079119,-0.31026003,0.0012633856,0.2659847,-0.13847595,0.050720263,0.06409246,0.100528724,0.015281938,0.051326178,-0.13811992,-0.005723151,0.023558091,0.09158,-0.0023112935,0.17705844,-0.022413777,0.113053374,0.021394076,0.24385907,0.055160444,-0.1100564,0.013205147,-0.05300686,0.18234496,0.13781436,0.012669373,-0.063484386,-0.021015864,0.28146636,-0.109359145,0.22273229,0.13076796,0.12595835
TCGA-L9-A444-01,0.05867825,0.03668826,-0.17789961,0.16690661,0.07237997,0.10523789,0.045201976,-0.031564485,-0.17597193,0.05010718,0.122345634,0.1407472,-0.1025894,-0.023665357,-0.040399708,-0.17339925,0.17310277,-0.16538084,0.021401709,0.09107009,-0.25971612,0.31223896,-0.054170866,-0.10930395,0.018588742,0.24591115,0.015533016,-0.09787477,-0.07983106,0.19068977,0.07313424,0.1770119,-0.09070171,-0.036335386,-0.063272,0.11467624,0.087180614,0.14496027,0.018663673,0.09851378,-0.05826818,0.1931416,-0.042222504,0.14296767,0.055319913,0.22174446,-0.2274235,0.010494502,-0.19638112,0.08938931,-0.017125659,-0.06066097,-0.08675209,-0.07827303,0.15042281,0.046665814,0.031482786,0.057686396,0.112337075,-0.00080459047,0.13702345,0.19563521,-0.025454886,0.11570424
TCGA-55-6969-01,0.04534591,0.12691297,0.16907118,-0.021830233,0.104949355,0.15314125,0.05763277,-0.012851911,0.18294923,0.030365147,-0.17343587,-0.11459702,0.05629044,0.09064278,0.101945296,0.004109591,0.01672853,-0.07846718,-0.029985238,-0.17885992,0.10191382,-0.2984046,-0.12905341,0.058127668,-0.008888254,-0.034753036,0.35598302,-0.026944779,0.1993797,0.09412872,-0.23180735,0.044486735,0.2652322,-0.1671033,-0.13447793,-0.0646935,0.042685762,-0.07447761,0.08246259,0.0650852,0.1027728,-0.013904255,0.13884711,-0.18821304,0.2774346,0.0035933245,0.07146444,-0.045152992,0.114059106,-0.07114508,0.025311157,0.061422676,0.044331353,-0.0964877,-0.11066028,0.0706896,-0.0759823,0.12952131,0.09390984,0.118341796,-0.1348461,0.013518527,0.08782614,0.112156026
TCGA-95-8494-01,0.00744056,-0.09639266,0.0060018296,0.07247256,0.005883114,0.072548114,0.07477565,0.24311498,-0.014874709,0.04406517,0.18930067,0.005116444,0.04984414,-0.2289419,0.15527569,-0.007840795,0.0133628575,0.10472503,-0.06719739,0.14959837,0.0826131,0.14505272,-0.049850494,-0.14999752,-0.05490864,0.095137216,0.06463902,0.07277007,0.09585617,-0.09932766,0.08261799,0.070527345,-0.036177482,0.30911967,0.024944011,-0.047101494,0.12339304,0.08425886,0.0032923792,-0.05588517,0.1168849,0.023308635,-0.13081391,-0.07136049,-0.10794528,0.056013085,-0.24231753,0.18055323,-0.06126041,0.22042713,0.03649128,-0.094105765,-0.034911584,-0.28016216,0.11688097,-0.123448506,0.13794942,-0.31631124,0.14324519,-0.018525504,-0.03488901,0.20214136,0.040674202,0.18025978
TCGA-97-8172-01,-0.058507968,-0.18644498,-0.1436845,-0.16524322,0.10756253,-0.035228904,-0.038973868,-0.0351792,-0.0469117,0.20512377,-0.009868382,-0.25152168,-0.09691122,0.11708635,-0.04420239,-0.02085836,-0.16014051,0.11249016,0.12850237,-0.12632628,0.05687932,-0.06455471,0.12695436,0.055026144,0.029253967,-0.043733206,-0.119377375,0.09136443,0.16816057,-0.007857542,0.221444,0.24740142,-0.148497,-0.12935998,0.21876013,-0.03827501,-0.12538178,0.017874688,-0.033469547,-0.042560812,-0.1934487,0.061119042,-0.024005126,-0.21911511,-0.025621831,-0.07789567,-0.054343533,0.124105655,-0.060514074,-0.10938393,-0.17575285,0.06334771,-0.085937515,0.049165208,-0.04523388,-0.10310671,0.0845193,0.07639156,-0.30048162,-0.045310616,-0.06134529,-0.092147015,-0.16774906,-0.25154242
TCGA-55-7573-01,0.01875989,-0.21886362,-0.12330509,-0.012657117,-0.07349832,0.05972732,0.15612149,0.009088449,-0.013369284,0.13629776,0.08563604,-0.30563003,-0.0114655895,0.09446642,-0.06890976,-0.18345222,-0.025242407,0.21141672,0.042628735,-0.13418332,-0.040572643,0.19954146,0.11028084,-0.085194424,0.07570796,0.036579102,-0.16390286,0.3472847,0.11055571,-0.13764355,0.16186194,0.16980349,-0.07426918,-0.042623535,0.1832838,0.055521343,-0.18024223,-0.009876578,-0.00016212123,-0.09492968,0.09441662,0.15717693,-0.07998215,-0.020139288,-0.05368966,-0.14889637,-0.17602934,0.13637626,-0.090381615,-0.064014144,-0.15853551,-0.08392635,-0.040332574,-0.073659204,-0.12911311,-0.18476035,0.12536167,-0.007630682,-0.005129724,0.03884368,-0.08799279,0.013817481,-0.13717553,-0.1489679
TCGA-93-A4JO-01,0.0057361485,-0.25477502,-0.1341848,0.017029079,-0.07773219,0.12336735,0.081362285,-0.16016655,0.11086502,0.07655004,0.26168597,-0.20936929,0.15053944,-0.040780738,0.07046727,0.19259147,-0.20837209,0.24907808,-0.17232543,-0.15687549,0.06640546,0.11005174,-0.10044294,-0.13531914,0.012113194,-0.14420882,0.21256427,0.14902869,0.053834327,-0.034678303,0.10317431,-0.064045124,-0.082105435,0.08960538,-0.06403008,-0.010506374,0.026188608,-0.14460905,-0.025175327,-0.009264941,0.11049425,0.017530313,-0.22718307,-0.07994488,0.006116161,-0.11549269,-0.22276798,0.043081068,0.12912089,0.09750028,-0.028878646,-0.008024821,0.17030866,-0.17108357,-0.20167664,0.000636193,0.056163926,-0.04946332,0.07224519,0.079675466,-0.12358803,0.03340667,-0.08326612,-0.10637844
TCGA-MP-A4T8-01,-0.07958574,-0.10102201,-0.20163448,0.030494628,0.06976615,-0.22787957,0.20060463,-0.013683227,-0.057144526,0.00938159,0.3151355,0.11413822,0.0033801226,-0.11661232,0.06104004,-0.08195607,-0.036244392,0.06907519,-0.16555516,-0.048468985,0.040205367,0.25589654,-0.0307007,-0.06501618,0.08889506,-0.100044906,-0.14061657,-0.055261277,-0.03574206,0.06818231,-0.027947081,0.16967212,0.0021394482,-0.066670015,0.14685337,-0.010374203,0.14633581,0.1432857,-0.11401071,-0.08801908,-0.10085917,0.29056427,-0.047976624,-0.05702448,0.14463203,-0.026800916,-0.2235815,0.04992728,0.0113657955,-0.13138664,-0.07390436,-0.038956527,0.19386485,-0.071747884,-0.0033616414,-0.14864624,0.21745077,0.2266426,-0.11110361,-0.05519869,0.030462755,0.110854425,-0.058418043,0.19388466
TCGA-69-7979-01,0.007822141,0.04847027,-0.017941175,-0.049912103,-0.21984331,-0.057498727,0.16916792,-0.09831066,0.039841104,-0.007804799,-0.020843374,-0.28260568,0.11952053,-0.07269505,-0.08215113,0.0102532115,-0.077777214,-0.18774232,0.12413615,-0.15134114,-0.09791995,-0.07937601,0.014689016,-0.053671654,0.073976636,0.048593573,-0.07397574,0.2090305,-0.09578424,-0.013693353,0.022474375,0.12538493,0.07047907,0.023996035,-0.1507318,-0.1328409,-0.09169792,0.16130549,-0.11674504,-0.06026377,0.13625932,-0.068646505,0.040593863,0.069008954,-0.094182596,0.27886182,5.7056855e-06,-0.11755453,-0.015540843,-0.06559656,0.034257095,0.067784116,0.019352263,0.11010743,-0.08262644,-0.09852975,-0.26047134,-0.03804184,-0.0926837,0.1276377,-0.07556584,0.13692465,-0.10813936,-0.46678212
TCGA-L9-A50W-01,-0.047343608,0.045918163,-0.13312857,0.1613901,-0.106035635,-0.05589184,0.001563689,0.025134515,-0.06772788,-0.038946997,-0.010697138,-0.423355,-0.015064319,0.037130482,-0.12784138,-0.10597799,-0.03967887,0.1788023,0.039390232,0.07654422,0.04316067,0.14521536,0.09186154,0.047619235,0.16368107,0.01552549,-0.084906116,0.30712366,0.024048429,0.10923989,0.15347596,0.13714023,-0.11668068,0.012942421,0.15101083,0.093757726,-0.09608759,0.036488947,-0.062319953,-0.07330649,-0.0041184872,0.118476205,-0.20385225,0.14252628,0.08304596,0.014726128,0.06939062,-0.1481315,0.15228783,0.02546412,-0.041638575,-0.16565256,0.004948149,-0.020311458,-0.08103592,0.05481452,0.16273874,0.10814174,-0.1789874,-0.031146113,-0.03562662,-0.074649215,-0.3179245,-0.2169772
TCGA-97-A4M0-01,-0.1509382,-0.056930117,0.08835704,0.033341017,0.018166447,0.002562594,0.1354471,-0.11388279,0.006467239,-0.081874,0.33030656,0.23811026,0.024820466,0.05732041,-0.08381852,0.052424587,0.08009967,0.16483042,-0.25300404,-0.16469103,0.036759164,0.17517471,-0.005041446,-0.15153089,0.12335152,-0.11826397,-0.10689972,-0.16626929,0.023471715,-0.0077510765,-0.08935824,0.031522237,0.11962837,-0.19301327,-0.10308612,-0.08878659,0.14807685,-0.09449899,0.043962933,-0.045911442,-0.18520278,-0.14955814,0.14389987,-0.058010325,0.07500292,-0.18881077,-0.33188844,0.04167251,0.044099767,-0.110437974,-0.10312557,0.13164407,0.090205185,-0.0155021455,0.011563214,-0.009761601,-0.10807794,0.0402996,0.12755641,-0.0186758,0.0006433273,-0.18563677,0.16955402,-0.08281034
TCGA-J2-8194-01,-0.15375686,0.01559805,-0.009208761,0.022279361,0.108049184,-0.08551977,0.10803218,-0.038971454,-0.021403914,-0.049630646,0.3111177,0.18057695,-0.0121289985,0.03614546,-0.07354289,-0.026999328,0.0142520955,0.09960467,-0.19006579,-0.1373753,0.011764651,0.17952462,0.024041494,-0.07123168,0.15523355,-0.11305233,-0.2812684,-0.14073452,-0.010490662,0.053455785,-0.033718925,0.13460489,0.057347763,-0.3013475,0.050263606,-0.033732913,0.1874241,0.004476833,0.0031657105,-0.057056606,-0.22143777,-0.0005244444,0.10110678,-0.023096934,0.08632355,-0.20195764,-0.25175437,0.014539183,0.08597054,-0.21501848,-0.18476729,0.08049682,0.13310067,0.053245608,-0.05826396,-0.11230669,0.036919642,0.19874254,-0.028739326,-0.0699887,-0.071096145,-0.15904558,0.16347721,0.004648335
TCGA-55-8092-01,0.008273042,-0.15561107,-0.15012519,0.27573752,-0.04273923,0.24107611,-0.013207867,0.045782812,-0.15595832,0.0940046,0.011836334,-0.2191079,-0.0936403,0.088472076,0.07018001,-0.14836933,0.012119401,0.104756504,-0.06257645,0.041115765,-0.31099173,0.3562892,0.05797867,0.072479375,0.114911556,0.06946878,-0.07482854,0.13828745,-0.07924288,0.037479967,0.18606934,0.079591066,-0.03895492,0.009188696,-0.085230365,0.04349847,-0.07313402,-0.0017823739,-0.045753982,0.10772873,-0.08250853,-0.07315689,-0.1587053,0.04901423,-0.07285496,0.13582504,-0.20242278,0.08475127,-0.14665337,0.25792715,-0.07343324,0.01331957,0.067626104,-0.011159304,0.0010428439,0.03339162,-0.059260592,-0.1465724,0.091506355,0.07873772,0.015689883,0.01747621,-0.08535619,-0.24779281
TCGA-44-6774-01,0.013013819,-0.09747877,0.030599264,0.17764233,0.18573174,-0.05741543,0.0017499109,-0.058656733,0.04290861,0.019508481,-0.017544776,-0.049143326,-0.09101852,-0.061459366,-0.10917176,-0.09475661,-0.09172091,0.044712167,0.062427267,0.03133923,0.026734706,0.080668755,-0.00017251466,-0.04847302,0.042755745,0.059627485,-0.35995635,-0.046167977,0.014389833,-0.0146608995,-0.037569113,0.22161254,0.003072792,-0.28061005,0.1588046,0.03782753,0.007383207,-0.08115225,0.105325684,0.03813548,-0.09322067,0.18848583,0.13131092,0.119308755,0.1803966,-0.25384584,0.040790968,0.034778047,-0.036504537,-0.2711076,-0.32595238,-0.07215911,-0.022228938,0.07685162,-0.14240682,-0.04881512,0.13947155,0.23740108,-0.1373455,-0.15859234,0.02119529,-0.10575919,0.10143807,0.092564866
TCGA-78-7145-01,0.15342651,0.18120517,0.2800932,0.18812704,0.14574747,-0.01256896,-0.018262142,-0.022757934,0.106727116,-0.06425702,0.042137794,-0.1078126,-0.0530461,-0.14918765,-0.14776766,0.07661579,0.080753475,-0.05547763,0.10403624,-0.06588605,0.07258523,-0.14841284,-0.06910206,0.055307645,-0.03242813,0.2012202,-0.16423461,-0.05939926,-0.15358724,-0.04923294,-0.13669181,0.28369278,0.32233754,0.010999151,-0.0687468,-0.1375514,0.11894475,-0.007756035,0.008362698,0.013442618,0.23099187,-0.048825882,0.20238891,-0.06588531,0.21964474,-0.039417826,-0.020328196,0.053483624,-0.03238692,-0.18964393,-0.18354107,-0.038279448,-0.009444068,0.033846904,-0.24775755,-0.033921633,-0.115635954,0.08158917,-0.0031634944,-0.09449788,0.00055426825,0.045567185,-0.019838063,-0.0714413
TCGA-38-4632-01,0.16394725,0.025999438,-0.084201135,-0.1583101,-0.048212763,0.1043595,-0.02954742,0.18652345,-0.09031401,0.07265335,-0.024558483,0.080385774,0.07003087,0.18230163,0.06591517,-0.19198741,0.069711834,-0.22070064,0.10518685,0.10664515,-0.19085377,-0.15103951,0.0024386893,0.10560528,-0.05073856,0.1201405,0.21089743,0.0045683705,-0.00062783586,-0.07805739,-0.019717418,-0.08823075,-0.16748266,0.054642573,0.2940466,0.12164336,-0.092876665,0.1301155,0.030102678,0.015790349,0.07364023,0.054400977,0.044835676,0.24800399,-0.19653422,0.16290325,0.14295474,-0.053514782,-0.102547355,0.11281981,0.21036738,0.02794117,-0.20288916,0.15339798,-0.08261897,0.0888061,0.03548495,-0.03401902,0.012078931,0.14543398,-0.1681905,0.08423772,0.09756891,0.18363467
TCGA-44-8117-01,-0.052093692,0.075438544,0.28539026,0.06624255,0.048403483,0.018152611,-0.010769849,0.19326991,0.20653516,-0.025029832,-0.18007754,-0.07635431,-0.020620162,-0.101006664,-0.2993389,0.08518267,0.06499882,-0.09507505,0.14950131,-0.09461268,-0.017599976,-0.115089834,0.009409669,0.12224333,-0.039673246,0.15543137,0.065199845,-0.07041207,-0.075278044,-0.06383834,-0.17153841,0.11788587,0.17962334,-0.046288986,-0.19988143,-0.16174892,0.23882504,-0.04511969,0.2323656,-0.0070987754,0.11705746,-0.13660584,0.060261287,-0.10214123,0.15964223,0.19098173,-0.09657978,0.091637865,-0.1346343,-0.111222155,-0.13825832,-0.0075975345,0.047878932,0.15531473,-0.05771396,0.046545517,-0.12747514,0.0399172,-0.008806217,-0.03103282,0.11597305,0.080943845,-0.11869017,-0.20278472
TCGA-35-4122-01,-0.044718437,0.016694285,-0.04257097,-0.11326067,0.080963835,0.20081753,-0.124069534,-0.08167478,-0.045065813,0.03725065,0.20281325,0.03072166,0.016277058,0.0779411,0.14507522,0.16706891,-0.067031756,-0.10097529,-0.16814592,-0.11989436,-0.00044768394,-0.086910196,-0.12583324,-0.03253705,0.074708074,-0.22947837,0.31187695,0.0065869987,0.030469203,0.15106834,0.037551846,-0.28137413,-0.049680524,-0.14098372,-0.21369429,0.061705288,0.16853571,-0.052943707,-0.028772652,0.17348526,-0.1568811,-0.12757328,-0.12687306,-0.0041281446,0.046933435,-0.013016422,-0.20081812,0.058892112,0.28223166,0.21426183,-0.015815796,0.08314366,0.025694199,-0.014865554,-0.0010893134,0.15387769,0.018781694,0.0571139,-0.098643534,0.142402,-0.15958121,-0.05948472,0.098384865,-0.070430234
TCGA-55-6986-01,-0.062267903,-0.27839568,-0.21153854,-0.09015102,-0.17554216,-0.15130502,0.15881094,-0.1981407,0.23331371,-0.09828904,-0.038794987,-0.07453628,0.14509071,-0.124452695,-0.01864728,0.11856794,-0.33746064,-0.03587332,-0.03594066,0.034776602,0.14969212,0.08196119,-0.111581564,-0.018490255,-0.03912283,-0.008093289,0.13766837,0.06762306,-0.11997711,-0.016157528,0.17006408,0.13040015,-0.11131295,0.10214147,-0.07989058,-0.0815073,-0.08374763,0.07142121,-0.07808761,-0.0899124,0.2237158,0.10332324,-0.1813554,-0.08719303,-0.078343965,0.14837587,-0.044334088,-0.14951973,-0.09732959,-0.111046754,-0.09009602,-0.08844586,-0.015206237,-0.08748914,-0.13538766,-0.09795665,-0.11227213,-0.06923522,-0.046331383,-0.1470824,0.08069069,0.028414657,-0.17453916,-0.10866997
TCGA-44-7662-01,-0.17653203,-0.0058612437,-0.0074492116,0.3011983,0.09245595,0.15315771,0.1871233,0.15081435,0.023209115,-0.008952889,0.06460519,0.1318836,-0.07199934,0.061739616,0.13879405,-0.19310938,-0.092764154,-0.05130907,-0.2036126,0.18026288,-0.062471446,0.25143412,-0.12674098,0.007738483,0.088193014,-0.03772254,0.0069956244,-0.19233684,-0.03564222,0.07736871,0.008872557,0.026298214,0.04712706,-0.047474433,-0.124695405,-0.008355578,0.2630508,0.09264331,0.021097828,0.04970506,-0.19699715,-0.08216968,-0.066947296,0.16757804,0.17904718,0.27724552,-0.23686133,-0.090191595,-0.015561833,0.20395018,0.07525394,-0.0028444629,0.03899008,-0.01014726,0.1381307,0.12546827,0.031374842,-0.0293952,0.05103249,0.0057769283,0.0053318315,0.060587697,0.13702936,0.12177281
TCGA-17-Z019-01,-0.0819254,0.04457758,-0.29189268,0.28255138,-0.02685661,-0.20790674,0.18933503,-0.06746473,-0.055800952,0.08514531,-0.10456503,-0.18304183,0.15936285,-0.09611358,0.08671532,-0.17629105,0.042320356,0.14704046,-0.04153403,-0.07450508,0.14206843,0.09040128,0.059380475,-0.017004717,0.27134037,-0.1020537,-0.032774553,0.17268641,0.18961853,0.11794361,0.08552289,-0.019439513,-0.036333766,0.05255626,0.030780045,0.07009341,-0.2316451,-0.025290828,0.2120976,-0.06017055,-0.04629283,-0.038328122,-0.05539068,-0.06159009,-0.017723583,-0.1963263,0.111607954,-0.051691737,0.1389796,-0.021294104,0.15065445,-0.011327239,0.05645545,-0.20659964,0.042440638,-0.11417299,0.07128077,-0.1156775,0.111315414,0.0028631818,0.051112738,-0.016947547,-0.2527143,0.017251318
TCGA-95-A4VK-01,-0.06312935,-0.10655065,-0.082383014,0.22722697,0.06000654,0.041885976,0.008601222,-0.18787247,0.04912974,-0.029528245,-0.094452746,-0.14264469,-0.0538126,0.11810202,-0.2000108,-0.10346952,-0.01188924,0.054220654,0.06901252,-0.04169302,-0.006564087,0.14715435,-0.0008735667,-0.0051946654,0.1593965,0.14023195,-0.27200428,0.15531872,0.054841418,0.08624451,0.11704927,0.14055085,0.022677446,-0.252395,-0.16501132,0.05674713,-0.14688379,-0.07171913,0.19466417,-0.0003996694,-0.17277086,0.084823705,0.034083553,0.041880876,0.13708273,-0.17411092,-0.16372667,0.07778614,-0.0867985,-0.10952253,-0.33779836,-0.073079586,-0.10410196,-0.0019748602,0.0470217,-0.07391547,-0.03643045,0.090854935,-0.119695656,-0.12072797,0.042756215,-0.19386467,-0.024644597,-0.22320083
TCGA-05-4410-01,0.028685858,-0.073817156,0.04129673,-0.035824474,0.029206693,-0.044959303,-0.07596483,0.20629765,-0.102920756,-0.0039345277,0.01264535,0.19277607,-0.051195234,0.14417648,0.009351996,0.08293859,0.06841568,-0.1024269,-0.051027995,0.027373364,-0.23540358,0.19654715,-0.09740972,0.19619842,-0.21017782,0.030527702,0.024949882,-0.05032613,-0.23676282,-0.053171627,0.049502797,-0.17075564,-0.0708815,0.035401918,0.1200189,0.12445821,0.23028103,0.056291487,-0.033849496,0.024834415,-0.0123463925,0.23840575,-0.15789513,0.16950625,0.07285189,0.14362894,-0.055231187,0.044141274,-0.08610024,0.111004226,-0.04202141,-0.19023722,0.1215344,0.23319879,0.00043884746,0.07709915,0.20375644,0.14494751,-0.1070832,0.058083355,-0.035204146,0.096267164,0.19568948,0.2593198
TCGA-55-8096-01,-0.016499935,-0.105219126,-0.012387175,-0.27583587,-0.0021210082,-0.037249632,-0.08822395,0.26642734,0.0012758615,0.100010306,-0.051105764,0.18542176,0.03712573,0.085359626,0.07975569,0.064366005,-0.0642262,-0.08777394,0.01643386,0.10086018,-0.015645042,-0.026884064,-0.02418096,0.066120684,-0.1783893,-0.12604855,0.2502053,-0.010349904,0.011920877,-0.08844148,0.10924027,-0.3176328,-0.18883258,0.17151988,0.1381008,0.09583019,0.124755055,0.11588477,0.084942184,-0.01985336,0.00089247717,0.048466578,-0.18298246,0.053993694,-0.17208196,0.094441846,-0.057445906,0.1070334,-0.02588835,0.21526527,0.09533304,-0.06910961,-0.08999447,0.06649855,0.111105554,-0.0033502944,0.22563453,-0.08889138,-0.08853715,0.051364142,-0.110812135,0.07356567,0.12964155,0.3085127
TCGA-05-5429-01,-0.13846722,-0.09075673,0.02103261,0.20719452,-0.073967904,0.044455506,0.07829796,0.141292,-0.12539224,0.01518661,0.13840303,-0.014469134,-0.038177688,-0.00055690395,-0.01184959,-0.0026624398,0.11928015,0.22468829,-0.22698604,0.0035598867,-0.02817514,0.3950794,-0.021515092,-0.1322482,0.1571562,-0.13131434,-0.009079171,0.14661658,0.036460318,-0.022032632,0.0147841945,-0.09875977,-0.081764065,0.062283836,0.090155065,0.1294812,0.11119897,-0.041904982,0.04251027,-0.014104111,-0.12522957,-0.07304796,-0.18155052,0.25085208,0.16121553,0.009108147,-0.26140073,-0.05948705,0.14061704,0.16231021,0.042003844,-0.14236511,0.049990207,-0.09780845,0.08771937,0.24968909,0.207,0.082068466,0.07600954,0.12611352,0.012577681,-0.0421487,0.01159917,0.048368458
TCGA-55-8203-01,0.07784677,0.1358985,0.10387423,0.11268959,0.08894772,0.10020477,0.01685896,0.07617591,0.0025641872,-0.054910365,0.3088517,0.0961869,0.021395683,-0.15445666,-0.16868287,0.0586805,0.23059183,-0.08459353,-0.011782776,0.0722417,0.005634908,-0.13195321,-0.16765225,-0.19671574,-0.050916675,0.31360132,-0.1921909,-0.10908152,-0.03451594,-0.0062806457,-0.10104969,0.17391273,0.10016712,0.030053455,-0.11920241,0.0032539344,0.21312256,0.076380074,0.10898452,-0.027356688,-0.005745253,-0.009184131,0.07767283,-0.12870884,0.10323307,0.0115485815,-0.29339105,0.22366558,0.00048603353,-0.07945025,-0.12939642,-0.122315355,-0.101079725,-0.056478016,0.075633354,-0.023067832,-0.018929066,-0.0062883454,-0.0675238,-0.00643323,-0.08138215,0.18904597,0.22315347,0.0958586
TCGA-55-5899-01,0.13872044,-0.029641481,0.13709165,0.055652827,0.20707794,0.15960087,-0.11570249,-0.03264766,-0.1379723,0.18417674,0.17717442,-0.21396181,-0.1700165,-0.10027116,0.004319633,-0.12182297,0.1044407,-0.04582907,0.17204079,-0.094022766,-0.05482741,-0.016061062,0.09510074,-0.12920661,0.039112125,0.079557,-0.19697125,0.05627086,0.10006979,-0.06649423,0.011037662,0.2544043,0.11704497,-0.1266516,0.083288096,-0.023978041,-0.08077095,-0.118385464,0.062167916,0.1590061,-0.0026112269,-0.026501909,0.30601323,0.071835555,0.009033315,-0.25100243,0.022645134,0.1942425,-0.12447316,-0.11865436,-0.18532692,0.07222414,-0.1354332,0.090205856,-0.19245242,0.089179546,-0.09076097,0.029609615,-0.025625857,0.007876177,-0.0016766447,-0.10465393,-0.022769418,-0.17885984
TCGA-J2-A4AG-01,-0.121361814,-0.106041685,-0.13371707,0.19616812,0.08543786,-0.11411029,0.089043036,-0.16940685,0.22838755,-0.020898229,-0.005546336,0.012155376,0.11463536,-0.08150053,-0.021267943,0.13748358,-0.26115268,0.14463529,-0.1545576,-0.046009384,0.1660345,0.14246522,-0.11279313,-0.08707023,-0.015006905,-0.090658166,-0.042867303,-0.042968992,0.09026133,0.16195354,0.012643608,0.0001664756,-0.047866367,-0.13951488,-0.13823003,0.03116887,0.083002806,-0.08307492,0.21189073,-0.08033103,-0.12407066,0.15572642,-0.16484629,-0.10782116,0.18254296,-0.1288653,-0.16142158,-0.05696245,0.07055268,-0.1149647,-0.1461391,-0.08972194,0.20634003,-0.19165751,0.06193254,-0.096807994,0.15983412,0.16438024,-0.016517606,-0.16967757,-0.027411107,-0.015093281,0.010692376,0.22661385
TCGA-97-A4M6-01,0.15728432,-0.080193,0.04654856,0.035819102,-0.10916726,0.029044542,0.17848445,0.09433232,0.033512145,-0.061239768,0.10439607,0.019292882,0.13085492,-0.050072595,-0.12134888,-0.03919354,0.11769606,0.006108795,-0.033522133,0.099565536,0.095151275,-0.07446795,-0.18099712,-0.17466074,-0.10864123,0.2670653,0.021693526,0.11203659,-0.0053864936,-0.27520907,-0.16492392,0.18057016,-0.012907739,0.16955122,0.23460175,0.08983347,-0.020472182,0.03290004,0.06765801,-0.12553212,0.25255832,0.11903547,0.052695036,0.19433472,0.07537317,0.086879455,-0.07839312,0.010548715,-0.049807083,-0.0917363,0.02753557,-0.21771331,-0.17122215,-0.09477613,-0.08044342,0.08928304,0.14338988,-0.0059120753,0.052536607,0.024356633,-0.13156016,0.19275168,0.15492466,0.24343598
TCGA-44-6146-01,-0.11926499,-0.026715714,-0.1551824,0.10073191,0.029178547,-0.27057022,0.1290438,0.0014278193,0.14646545,-0.05744093,-0.08315209,0.041194834,0.11053511,-0.15195742,0.075767696,-0.043491326,-0.24168567,0.045452613,-0.07541916,0.08911609,0.18327507,0.0518427,-0.019054081,0.041552376,-0.030304523,-0.12708537,-0.17330165,-0.005170054,0.07884215,0.14878127,-0.064078934,-0.0005840624,0.01602894,-0.101850234,0.013223672,0.010679627,0.068656094,0.05330868,0.11434666,-0.170537,-0.14500403,0.25049207,-0.09358349,-0.14791463,0.11404188,-0.07321215,0.010304294,-0.01476637,0.09737019,-0.13896431,-0.11497352,-0.1279198,0.1714541,-0.049556766,0.12509191,-0.24086599,0.25205973,0.13260527,-0.2146664,-0.21241935,-0.042777773,0.026820956,0.017365195,0.2428115
TCGA-44-7667-01,0.18366434,0.11282858,0.059407778,0.030074054,-0.058995467,0.2123074,0.056008935,0.23917884,-0.0810974,-0.004064805,0.07334941,0.054215167,0.11503857,-0.07772757,0.10791742,-0.2056628,0.13077368,-0.19659725,-0.018773366,0.2186359,-0.06643425,-0.2744195,-0.008698592,-0.04019851,-0.10884646,0.2607702,0.08143278,-0.036122702,0.08932459,-0.004982767,-0.16295281,0.06256544,0.08452806,0.11749742,0.047089465,0.019414492,0.038873933,0.12326029,0.11350679,-0.018721156,0.087642916,-0.13971114,0.18013686,0.021605358,-0.09749798,0.19537066,-0.0031629698,0.13271841,-0.0041564675,0.09089244,0.15458785,-0.081501976,-0.20484234,0.025088366,-0.00093763723,0.013433201,-0.043319423,-0.15958253,0.014360985,0.10284971,-0.21133439,0.21824124,0.17204435,0.14139189
TCGA-91-A4BD-01,-0.10364571,0.048061505,0.057153795,0.07572279,0.035007782,-0.19951853,0.11749391,0.12422481,0.069618866,0.06874605,-0.4194547,-0.0966603,0.0008498398,-0.058482956,-0.072476014,0.041906223,0.07695882,0.083152324,0.13437828,-0.089096256,0.114230245,-0.116792925,-0.036565773,0.095300466,0.1183913,-0.0034157722,0.04535783,-0.027479475,0.22563209,0.047472898,-0.17638314,0.10466849,0.026403029,-0.036946326,0.08951336,0.0045918715,0.005839346,0.02423952,0.09031117,0.011526265,-0.19330549,0.11746079,0.014887868,-0.022757096,0.40980047,0.08133017,0.16346513,-0.13807768,0.059643354,-0.12764955,0.0753345,-0.0064429976,-0.0012221921,-0.009096752,0.17145629,0.15176053,0.16394433,0.19484301,-0.13571085,0.092551105,0.18316643,0.13386208,-0.013484673,0.03966641
TCGA-75-6207-01,0.088685855,0.06822448,-0.11950397,-0.04190338,0.047897637,0.00902533,-0.056521866,-0.0077804057,-0.11121556,0.039648574,0.0676244,-0.07176803,-0.04020323,0.017409584,-0.035155397,-0.07664371,0.011523054,-0.045550644,0.14292838,0.07379913,0.016102074,0.14907122,0.01051612,-0.07502488,-0.0043648193,0.078284554,0.22844447,0.11384489,-0.006140408,-0.050774947,0.1553004,0.036298934,-0.29021776,0.14309613,0.3074508,0.1966629,-0.06255014,0.060670793,-0.04020715,0.027469162,0.06747926,0.21880493,-0.12559803,0.38638744,-0.05251428,0.06618435,0.14456806,-0.12914698,-0.015452603,0.11945692,0.102707274,-0.10890093,-0.28419125,-0.07008384,0.0482234,0.15909176,0.20059659,0.012150698,0.019996755,0.013725123,-0.020615246,0.05473475,-0.19561154,0.18572436
TCGA-91-6829-01,0.097452484,0.06436673,0.18777359,-0.12451804,0.15821716,-0.026826292,-0.22983353,0.25669575,-0.048663396,0.042666968,-0.023712868,0.08415598,-0.21039869,0.20596986,-0.14371528,0.026481677,0.08721278,-0.059650883,0.16170055,0.0037796947,-0.058445144,-0.029334785,0.01200673,0.25256008,-0.11192357,0.052003037,0.21234691,-0.097084016,-0.13239177,-0.09504348,0.12147395,-0.12708095,-0.16641396,0.065858044,0.30132607,0.08078026,0.14287733,-0.011650117,-0.054183163,0.10974616,0.082961135,0.062024068,-0.13728829,0.11954864,0.047797613,0.06522039,0.12418943,0.08455755,-0.10976503,0.07436573,0.022251487,-0.03479902,-0.14647599,0.24083266,-0.08995881,0.19648196,0.1251686,0.07573327,-0.040708907,0.036817607,0.11952616,-0.015588632,-0.09251066,0.0877259
TCGA-86-8669-01,0.040982254,0.016339712,0.06859904,0.26369512,0.07432488,0.15679902,0.11987283,0.18810274,0.012035432,0.0071600564,0.23068202,-0.013397283,0.011789239,-0.13628218,-0.04600917,-0.06064192,0.14316565,0.061720606,-0.023742212,0.09664723,-0.051839452,0.16717681,-0.1198879,-0.2396348,-0.051184837,0.29316914,-0.1856767,0.03545696,0.06546558,-0.059824646,0.00022113764,0.21819542,0.03441171,0.070919216,-0.039298907,0.008053712,0.14873317,0.096359,0.08783631,-0.047215622,0.076466285,0.050766703,-0.03799626,-0.05893317,0.03543962,0.007528285,-0.3275853,0.17825773,-0.049686182,0.014097017,-0.12240844,-0.1556951,-0.09613934,-0.18607098,0.098795705,-0.07266432,0.08484896,-0.111285985,0.03882078,0.0033670745,-0.06991087,0.18467975,0.23065782,0.1800618
TCGA-97-8171-01,-0.03479712,-0.085987784,-0.017055916,0.034060568,0.10781554,-0.16271004,0.15908217,0.1903003,0.18863234,0.07584685,-0.16135857,0.033800524,0.029110258,-0.17482921,-0.19045584,-0.20402397,0.008186277,-0.02568344,0.0799965,-0.1336219,0.012640178,0.14510916,-0.07699862,-0.0030306978,0.12730265,0.061120633,0.078759804,-0.0047165714,-0.055076048,-0.20337531,-0.19854856,0.12521769,-0.05815924,-0.12721403,0.071246974,0.089934774,0.10841558,-0.006243581,0.26173738,0.019079465,0.037742406,0.18897747,-0.0065387893,0.1969535,0.11127073,-0.00030983254,0.02285285,0.060937773,-0.24921715,-0.20810159,-0.11010391,0.13128655,0.17862305,-0.027607331,0.052908625,-0.11723091,0.069689885,0.0993394,0.20622705,-0.07279278,0.16155502,0.06708717,-0.07691396,0.2136909
TCGA-17-Z041-01,-0.10745246,-0.018551264,-0.32488552,0.31476957,-0.00695621,-0.20519863,0.18814564,-0.08666958,-0.07054109,0.10319134,-0.11369304,-0.13303931,0.12727207,-0.107191294,0.062333606,-0.14506684,0.0044580624,0.13591923,-0.060362943,-0.037165374,0.11482922,0.14100185,0.049305055,-0.03634103,0.26428843,-0.06895463,-0.09043658,0.14448485,0.18326387,0.16430143,0.16081838,0.028184945,-0.087702505,0.029300274,0.024332825,0.06768293,-0.23300523,-0.012533178,0.2145385,-0.03321938,-0.09152127,-0.051997162,-0.08773847,-0.08587722,-0.041220672,-0.17618065,0.04765622,-0.044243593,0.1255747,-0.024766827,0.10324688,-0.06530946,0.025339855,-0.1951393,0.05670669,-0.11188931,0.06786191,-0.12875834,0.07260893,-0.0067833005,0.062859885,-0.0076682926,-0.23131397,-0.010407084
TCGA-97-7547-01,-0.03351292,-0.27321988,0.0840547,-0.058980986,0.055382352,-0.01804329,0.06756962,0.05605482,0.011976661,-0.07609104,0.37644213,0.2308074,-0.027999131,-0.049073882,0.0021750699,0.0046291626,0.00603558,0.11401099,-0.2035665,-0.023442717,0.1320456,0.23713502,-0.18015632,0.0044149607,-0.028110435,-0.12618542,0.0071648913,-0.2037849,-0.12827466,-0.1859483,-0.037763137,0.040173948,0.090104304,0.007932391,0.07513234,-0.087507844,0.2211545,-0.045198437,-0.08573813,-0.017074747,-0.050905388,-0.0094326,0.07985097,-0.11991882,0.08717314,-0.10355129,-0.2756043,0.17211519,-0.11916614,-0.06797787,-0.2259172,0.10374471,0.07368787,0.06801743,-0.12683567,-0.02315191,-0.08062295,0.011194653,0.016688073,-0.063933976,0.087220475,-0.19763151,0.17847154,-0.026218921
TCGA-50-6597-01,-0.0075851097,-0.07611979,0.07895787,-0.0026485473,0.0035093331,-0.061436165,0.15612686,0.05218936,-0.17742571,0.026812382,0.040156327,-0.0009754616,-0.049439292,0.09220904,-0.066987805,-0.07520761,0.20571768,0.14093235,0.021460818,-0.075501725,0.12337914,0.1432642,-0.09135263,-0.016661514,0.09191447,0.02403144,0.0070064478,-0.016910208,0.045160756,-0.19557042,-0.09710544,0.1892894,-0.02900419,0.0903653,0.4298342,0.06025258,0.022461684,-0.0048519005,-0.1572801,0.009870715,0.0070626717,0.18797019,0.1290117,0.17006336,0.33100107,0.021065008,0.09235033,-0.114968166,0.04936986,-0.07410115,0.04043994,-0.06607847,-0.20501362,0.07053979,-0.10982002,0.24151339,0.17453,0.21704851,-0.03875705,0.16474791,0.123477764,0.019873679,0.06375624,0.042344082
TCGA-69-8253-01,0.0598488,-0.09173612,0.10459465,0.025871303,0.17177375,0.16908865,0.0051993905,0.059096187,0.022681234,0.21777882,0.10853982,0.020511247,-0.1251992,0.057762105,0.034055002,-0.17948253,-0.014678569,0.06015062,0.04364079,-0.05618914,-0.13906945,0.15751056,0.19661203,-0.20252319,0.036882162,0.01010907,-0.009080609,-0.006939169,0.22160973,-0.042194556,0.040110834,0.03665877,-0.13734789,-0.18365851,0.24956575,0.11890609,0.040858995,-0.08907962,0.15041089,0.103833966,-0.027817331,0.14041987,0.041621424,0.3473841,0.0494872,-0.16474964,-0.06889843,0.016396802,-0.1117203,-0.05808337,-0.042719945,-0.09418501,-0.17325757,-0.015368969,-0.10865999,0.08052003,0.26201195,0.18236393,0.09949585,0.08840592,-0.01638011,0.037780832,-0.017979367,0.2604307
TCGA-44-8119-01,-0.016214354,-0.058341634,0.016669197,-0.08893923,-0.07568788,0.107806854,-0.21641947,0.20726073,-0.06583214,0.046471417,-0.06813266,-0.2542126,-0.09207657,0.08554432,-0.11786841,0.019481719,-0.08374745,-0.06591346,0.08606107,0.06423328,-0.12478299,0.06709087,0.11462215,0.13878854,-0.09302826,-0.050527826,0.027824888,0.26966348,-0.15202126,-0.083695374,0.20339938,-0.260065,-0.13888775,0.075959146,-0.015606078,0.07137424,0.0015707639,-0.03451353,0.038262967,0.018643197,0.040695403,-0.12503801,-0.25111607,0.11162122,-0.20584695,0.14315656,0.012016684,0.16619906,0.024573533,0.25306156,-0.06885118,-0.09912557,-0.0064067696,0.2049064,-0.04720557,0.030666215,-0.0075353812,-0.1308822,-0.10490916,0.0714838,-0.11138165,-0.043266006,-0.14936379,-0.25464937
TCGA-17-Z060-01,0.034255926,0.13082632,0.0931158,-0.13299131,0.1656417,-0.02688987,-0.20743538,-0.2575861,-0.068854004,-0.021173878,0.043173265,0.03182595,-0.2798095,-0.21633215,-0.033825513,0.07719542,0.06332291,-0.085071035,0.26148477,0.049214445,0.14146261,-0.0892797,-0.09737281,-0.018273808,0.07201234,-0.0060858983,-0.07707227,-0.088967115,0.014888402,0.019785423,-0.12579672,-0.059942245,0.054041885,-0.010227264,-0.17467962,0.0024614788,0.05404564,0.0007455163,-0.10638168,0.15074822,-0.15242732,0.00634349,0.3256419,0.10220236,0.1529565,-0.119945176,0.17842089,0.087329656,0.079946846,-0.05387619,-0.18707749,0.16927311,-0.06972168,0.02844772,0.10357174,0.17747857,-0.0901796,0.017687574,-0.15182671,-0.03273583,0.15959789,-0.1505803,0.02634469,-0.16981822
TCGA-97-8174-01,0.081299216,0.19484445,0.10077736,0.1299989,0.097442314,0.06557793,0.053852573,0.07601575,-0.0558085,-0.088404305,0.33540627,0.05077555,-0.029120322,-0.04676396,-0.09074924,0.009825911,0.17414415,-0.048378106,-0.032121927,0.07486808,0.058054686,-0.1417979,-0.15991737,-0.18301378,-0.03033684,0.32386678,-0.19762456,-0.025463467,-0.027441029,-0.006977558,-0.06670545,0.22190925,0.100488015,0.048304394,-0.06715907,-0.011028837,0.15636747,0.13081695,-0.055636555,-0.067076735,0.017070083,-0.04887944,0.021642532,-0.16324185,0.0922059,0.11629537,-0.31476498,0.17833073,0.043062564,-0.030313442,-0.07286221,-0.1219588,-0.20777678,-0.11960445,0.12663941,-0.047333315,0.030707672,-0.021256678,-0.14273717,-0.032093365,-0.11363489,0.16324541,0.18627416,0.04442712
TCGA-55-7726-01,-0.04711245,0.011328336,-0.044197023,-0.15940098,-0.12258263,0.041951206,0.106657244,0.062122807,-0.14195602,0.06827076,0.09595993,-0.30178863,0.010973149,0.16560742,0.03922666,-0.0978761,-0.006625562,0.09014704,-0.047204945,-0.14618617,0.062112004,-0.012344875,0.12563892,-0.09447945,0.032009862,-0.12122832,-0.079648405,0.43294972,0.108777754,-0.1584309,0.06327138,-0.08347934,-0.06959066,0.022492416,0.20679095,0.07977715,-0.14530149,0.03700588,-0.054420613,-0.13811532,-0.018351726,-0.027163878,-0.116144806,0.050246872,-0.06856982,0.007555154,-0.07819362,0.077930026,0.20105472,0.0796426,0.018328028,-0.16078717,-0.14827107,-0.050637342,0.0044268407,-0.08541841,0.180516,-0.011817115,-0.17683877,0.16398565,-0.33112535,-0.014464352,-0.041973628,-0.1274662
TCGA-44-A479-01,-0.033781994,-0.15438858,-0.027153684,-0.03139047,0.06698912,0.2058969,-0.197244,-0.15190785,-0.04105007,0.20123532,-0.15435658,-0.18213221,-0.10936528,0.21559428,-0.108227454,0.1996799,-0.094043806,0.04503156,0.09681352,-0.17815259,-0.065995775,-0.05184188,0.098513246,-0.027730962,0.009740313,0.08326101,-0.06161856,0.12439744,0.10136831,-0.015304686,0.26460943,-0.06736697,-0.1707753,-0.077569865,-0.06428119,0.09478375,-0.17164242,-0.13620408,0.19131848,0.12038698,-0.25319162,-0.2047526,-0.07396924,0.06300561,-0.042075742,-0.03362224,-0.07817469,0.12629007,-0.0689349,0.09629511,-0.10407484,-0.030890627,-0.24470831,0.0031184843,0.110804535,0.10998513,-0.03618992,-0.053778183,-0.09233535,0.10647259,-0.089678735,-0.05070145,-0.038761023,-0.20068109
TCGA-05-4427-01,0.027886545,0.07072445,-0.12010918,-0.059126783,0.14045136,-0.14477685,0.041644625,-0.023542013,-0.11418645,-0.014554579,0.32748282,0.2260459,-0.08944947,0.12815332,-0.06613587,0.03753891,0.030678242,-0.16882643,0.098183855,-0.032085896,-0.19363081,0.07180951,0.025747979,-0.059509415,-0.0031672062,0.10149768,-0.14704198,-0.14643309,-0.08123236,0.14643678,0.2616233,0.17387775,-0.16803561,-0.110737815,0.14943351,-0.042125534,0.06987177,0.24323191,-0.14818992,0.02052248,-0.09907995,0.10817978,-0.034159698,0.018185504,-0.12472648,0.092046395,-0.26955852,-0.012057737,-0.1332888,-0.07872015,0.05793781,-0.074889265,-0.20961218,0.071313806,0.062219974,-0.047434893,0.07468031,0.122489154,-0.2530263,0.0036465956,0.048535716,0.13455273,0.0042193388,0.020207219
TCGA-05-4418-01,-0.18965197,-0.2187122,-0.09390297,0.08019914,0.103286915,-0.123441614,-0.031643573,0.052993048,0.079000026,0.08946987,-0.19406816,0.21316764,-0.0055042985,-0.09182976,-0.14064038,0.07127524,-0.065037645,-0.03762985,0.008482177,0.056937512,-0.02374166,0.09022675,-0.030083267,0.065073185,0.011022475,-0.0019398364,-0.16461362,-0.19823512,0.04693925,0.0838164,-0.052660752,-0.008849648,-0.1069559,-0.1736661,-0.08423756,-0.008267573,0.13626754,-0.008392715,0.28981656,-0.009635542,-0.405991,0.09716826,-0.021652782,-0.11095041,0.11799116,0.02099497,-0.1146644,0.098512694,-0.12292206,-0.08748289,-0.19857916,0.0009003458,0.11711708,0.1555279,0.24591725,-0.0245719,0.080646664,0.12053447,-0.18894468,-0.0804351,0.15764223,0.0010035788,0.08789012,0.08025763
TCGA-44-7670-01,0.11332086,-0.0923273,0.07512071,0.11550614,-0.08025381,-0.06932976,0.17565486,0.0703016,0.003332243,-0.057415996,-0.20348768,0.14295852,0.04633949,-0.01615084,-0.048701193,-0.042966973,0.16536771,-0.1887362,0.0071124914,0.04880624,-0.08461379,-0.10163144,-0.14473577,0.043340787,-0.20124651,0.28085575,0.08181508,-0.068920724,-0.10648113,-0.056230538,-0.22419843,0.099729896,0.22574393,0.1274595,-0.12159925,-0.026898954,-0.03121533,0.039036024,0.06950982,-0.051244482,0.16032024,0.0125074275,0.15652186,-0.032874003,0.15055643,0.323221,-0.07814446,0.07894002,-0.22935641,-0.031002084,0.08499412,-0.10259274,-0.100288935,0.004932761,0.12166283,0.05776116,-0.1167797,-0.05496865,0.062295396,0.026345247,0.13531078,0.29518378,0.083555676,0.11311522
TCGA-55-8299-01,-0.016677845,-0.03997272,-0.21399319,0.06400866,0.14589348,-0.0037384469,-0.14890718,-0.15884154,-0.053107742,-0.06522793,0.23505795,0.05039857,0.0030161457,-0.08615969,0.13715714,0.14192572,-0.23230083,0.020120956,-0.11269974,0.11431262,0.021471852,0.1748559,-0.10980822,0.100139,-0.0024352013,-0.11426176,0.123810746,-0.22555883,-0.082199976,0.34975696,0.21025588,0.06262312,-0.11740608,-0.07385844,-0.08547184,0.027553901,0.236134,0.03264059,-0.14284982,0.11687177,-0.17621991,0.14436941,-0.12575106,-0.09476397,0.07771594,-0.02238154,-0.05238438,-0.08656027,0.091504306,0.08689741,-0.11118493,0.05197647,0.11610596,-0.011021262,-0.052602217,0.034326192,0.110743895,0.14643097,-0.18087897,-0.18691391,0.044012804,-0.057239436,-0.085842565,0.06629942
TCGA-17-Z014-01,0.0067622587,0.13880777,0.09691971,-0.22179446,0.082457185,-0.019794373,-0.18800147,-0.2486838,-0.026188988,0.0041227913,0.089355424,0.031196825,-0.28180835,-0.2766103,-0.018601602,0.1333254,0.08292326,-0.10423419,0.24857101,0.010024044,0.027033849,-0.027233759,-0.053106654,-0.06602726,0.018801685,0.0072895116,-0.043244082,-0.04916098,0.0014357689,0.10409245,-0.1636849,-0.17365207,0.056939367,0.041469008,-0.30347022,-0.0114605175,0.1541954,0.077945456,-0.11152027,0.11425422,-0.15087467,0.110768236,0.22842649,0.06486482,0.13792223,0.03647859,0.07305796,0.13207403,0.05106293,-0.009780249,-0.1773947,0.117735766,0.06443219,0.004692129,0.16902207,0.103611074,-0.089780666,0.05199171,-0.11820254,0.0686991,0.15572883,-0.01758855,-0.038674306,-0.1978496
TCGA-05-4390-01,0.07454891,0.112937376,0.10329758,0.31416112,0.1465596,0.23263803,-0.018240416,0.075762615,0.10233603,0.0935462,-0.013786683,-0.17958285,-0.03905552,-0.0005993318,-0.086385906,-0.15405706,-0.032996967,-0.0077730347,0.06432254,0.077683926,-0.18940648,0.00034794118,0.07451888,-0.08425295,-0.041069075,0.27583268,-0.32750654,0.0010416758,0.06903122,0.12160457,-0.021037854,0.30004165,0.05489307,-0.23252252,0.008446791,0.044448983,0.05010917,-0.037851464,0.19336857,0.044639148,0.058928933,0.0981025,0.04503045,0.06379799,0.03677185,-0.09473924,-0.040124368,0.0039060058,-0.037557904,-0.14398961,-0.17612481,-0.17643647,0.021376211,0.0070960885,-0.166698,-0.06787207,0.075817466,0.11677528,0.044501796,-0.032641068,-0.19528571,0.092189,0.12341892,0.12753552
TCGA-50-8459-01,-0.04613947,-0.0053318474,-0.23355468,0.06802292,0.088412106,-0.14453132,0.110030785,-0.25199056,0.030401733,-0.02390582,0.124315545,0.18299027,0.08212356,-0.080709636,-0.013204113,0.08653779,-0.06313615,0.053299658,-0.07307418,-0.067146696,0.087447375,0.20053744,-0.06626239,-0.16789284,0.012695652,0.029036276,0.16166937,-0.13399588,0.123299025,0.24554926,0.054091953,0.039405,-0.15428044,-0.035594933,-0.028849257,0.09480436,0.079065554,0.02085625,0.09796192,-0.041847434,-0.14956509,0.29270688,-0.06851955,0.08216397,0.18046232,-0.05416446,-0.06257728,-0.14502485,0.0071530757,-0.060326863,0.07232302,-0.06557504,0.011655023,-0.22415003,0.1763773,-0.042710006,0.17239717,0.19558755,0.04500738,-0.07633949,0.098769255,0.0963189,-0.08861065,0.3296947
TCGA-53-A4EZ-01,0.07221976,-0.063801356,0.014373759,-0.1631412,-0.051019263,0.1837109,0.08514317,0.13996962,0.0034665707,0.015157696,0.08903263,0.19820535,0.15603638,0.12639739,0.26840845,0.0010731373,0.027560113,-0.14933707,-0.20187284,-0.05619219,-0.14073785,-0.14739354,-0.11932371,0.025888626,-0.19755302,0.025558446,0.23109843,-0.05908745,0.08652057,-0.08195629,-0.123531274,-0.14921613,0.064897045,0.010563091,-0.08794807,0.0009792439,0.16963221,0.048227154,0.015564013,-0.081838205,-0.02822493,-0.026258547,0.025788307,-0.18835704,-0.02525728,0.13740125,-0.16487326,0.16545057,-0.033041082,0.11873381,0.065254144,0.02494878,-0.04269392,0.10085035,0.07452277,-0.06519228,0.020957535,-0.07454544,-0.07270767,0.109361984,-0.25829378,0.110627174,0.36210576,0.179362
TCGA-78-7153-01,-0.08125272,-0.10062606,0.07580307,-0.00755874,-0.07021588,-0.1180141,0.15012628,0.38908577,0.08194923,-0.17020473,0.075747736,0.11580958,0.04324144,-0.20615031,0.13118815,-0.30624974,-0.16709192,-0.015993586,-0.15781714,0.28770146,0.13156882,0.2302903,0.01151814,0.03445663,-0.047350626,-0.16264345,0.041355923,-0.0056277225,-0.02447876,-0.06946972,-0.0021828734,-0.011443476,-0.028389325,0.030106133,0.086547725,0.008327893,0.27923563,0.13233621,-0.11475884,-0.08100306,0.13976133,0.020404663,-0.081771776,0.14867425,-0.05678598,0.107659526,-0.07333078,0.0098098265,0.0215306,0.018136797,-0.08251113,0.019205855,0.078394726,0.03268002,-0.046881475,-0.16471876,0.14442375,-0.036188897,-0.042063605,-0.22616464,0.06501904,-0.062745176,0.05290696,0.082982376
TCGA-78-7158-01,0.007574005,-0.031921703,0.009099328,0.031060958,0.21106821,0.06732787,-0.24734215,-0.039987724,0.006306584,0.1754261,-0.14279754,0.0814697,-0.2926662,-0.16614516,-0.026679415,-0.02530886,-0.15359446,-0.08068744,0.23019971,0.17270169,-0.11385323,0.13020049,0.15686488,-0.061453544,-0.06765967,0.0818796,-0.09766269,-0.1823906,0.10742352,0.1306762,0.14826797,-0.120647885,-0.2357096,-0.039477125,-0.031605717,0.101030886,0.09226561,-0.020207496,0.14673045,0.18417855,-0.21767583,0.05744608,0.0042273235,0.30467317,0.019461244,0.022202047,0.121546105,0.07230477,-0.13060004,0.05785174,-0.09492002,0.004695416,-0.067079365,0.050669678,0.15415065,0.07942899,0.08275157,0.03756623,-0.028847124,-0.054099124,0.18886372,0.028022766,-0.078296304,0.069510855
TCGA-55-7910-01,0.036298756,0.29350922,0.0858744,-0.10221361,0.19763745,-0.18885304,-0.039021328,0.07961801,-0.024997843,0.045651995,0.115145825,-0.119268976,-0.06784661,-0.062072486,-0.051843178,0.040577482,-0.015858525,-0.15569991,0.21425356,-0.15118474,0.040217753,-0.34209085,0.07415031,0.03989433,0.009590724,0.051051434,-0.24843235,-0.07048022,-0.08612077,0.10197609,-0.015186555,0.25193647,0.110606514,-0.16078848,0.09916709,-0.12753266,0.09168306,0.17043538,-0.07822604,0.044661622,-0.05595712,-0.061147932,0.112960294,-0.13258034,0.027006328,-0.009735771,-0.02047984,0.045061376,-0.032862477,-0.20832549,-0.011717577,0.06633658,-0.086684085,0.08929774,-0.1024955,-0.10135081,0.027070746,0.1635629,-0.28744265,-0.07600711,-0.08575782,0.10222464,-0.07880719,-0.15437384
TCGA-49-6742-01,-0.04191141,-0.16359772,-0.20851806,-0.07510763,0.23251942,0.06181047,-0.06652104,-0.07157291,-0.10229768,0.29386276,0.036763914,0.09687766,-0.14505659,0.118954614,-0.054288052,-0.04812557,-0.013658785,-0.04206134,0.11345131,-0.19441049,-0.16322953,0.15194836,0.09495067,-0.09305963,0.08689557,0.02426552,-0.068855174,-0.06484767,0.1506011,-0.015331702,0.23099864,0.07794312,-0.27710083,-0.21545726,0.10040091,0.07505492,-0.0849472,-0.01754668,0.1406003,0.11228184,-0.30954581,0.029169157,-0.0018748922,0.03117721,-0.10176759,-0.09189323,-0.18773827,0.17188863,-0.2178201,-0.02540733,-0.099341564,0.17249766,-0.1115258,0.019256879,0.12803984,-0.026813244,0.014030401,0.025533682,0.0006703253,0.040050387,0.05989301,-0.034926552,0.008212837,-0.0492252
TCGA-55-7725-01,-0.17261374,-0.24555449,-0.07044492,0.07583097,0.017107643,-0.10939759,0.123882525,-0.05027982,0.26239434,0.11478606,-0.20140173,0.12264686,0.10780617,-0.08554108,-0.122611985,0.11403921,-0.20828836,0.05586624,-0.045404695,-0.060323756,0.0953686,0.10998025,-0.033905305,-0.11755096,-0.10440367,-0.045068152,-0.13792144,-0.07682955,0.13524891,-0.027978428,-0.07094199,-0.03515836,-0.08364197,-0.14961973,-0.061544407,0.009868258,0.047658175,-0.08658163,0.340879,-0.11299946,-0.17293727,0.16214733,-0.08043144,-0.12979886,0.073985934,-0.061013255,-0.14822339,0.042759877,-0.066895925,-0.1569162,-0.16252504,-0.075830445,0.14762041,-0.030792143,0.19515072,-0.113321066,0.1405636,0.076151066,-0.023360828,-0.11423444,0.02502985,0.0924602,0.104686916,0.23271625
TCGA-80-5608-01,0.099010244,-0.105958305,-0.18656975,-0.036620773,0.11710162,-0.007935241,-0.15486771,0.21793662,-0.29452276,0.0557679,0.07664764,-0.053464234,-0.12137652,-0.078208014,0.085499085,-0.2576234,0.06613062,-0.16995655,0.060348097,0.27208546,-0.09949919,0.04511992,0.052755505,0.21568301,0.039250035,0.021527052,-0.052950375,-0.024190355,-0.14560527,0.061725244,0.11954338,0.1829627,-0.07780023,-0.014665351,0.26237977,0.07021465,0.02894891,0.13055249,-0.115522936,0.07443644,-0.11427591,0.09254937,0.048738178,-0.00879089,-0.09829944,0.027718663,0.07404918,0.1793867,-0.0772198,0.07422035,-0.16090228,0.0018103316,-0.105230115,0.21803452,-0.124924995,0.015163903,0.078480214,0.012366671,-0.26575795,-0.101753436,0.022501828,-0.068883084,-0.13874407,-0.039013326
TCGA-75-6211-01,-0.113334484,-0.007971346,0.009603946,-0.21470019,0.01527344,0.05860288,-0.060262267,0.039336182,-0.21974504,0.07935228,0.15589319,0.040726453,-0.08796609,0.067642346,0.075415626,0.002326238,0.1349085,-0.11537425,-0.051761154,-0.10453794,-0.03606879,-0.161075,0.12366159,0.041929357,0.15411443,-0.12552619,-0.04576231,-0.011185835,0.13263527,0.17285815,0.018590603,-0.1134016,0.0848108,-0.1367009,-0.051029135,-0.1264902,0.106705934,0.0732434,-0.08169524,0.073410355,-0.2821802,-0.16890727,0.13343425,-0.2090086,0.07704873,0.0723838,-0.17269611,0.18542397,0.18391871,0.04719839,-0.022089774,0.038119838,-0.06375599,0.1490814,0.0076676346,-0.0076348484,-0.052733216,0.10128535,-0.30084553,0.22541602,-0.023107922,-0.028916875,-0.023057736,-0.32046244
TCGA-69-7764-01,-0.12106373,0.007694413,0.0058096885,-0.18497102,-0.13094263,-0.05789724,0.11283649,-0.11721317,-0.12554681,0.04852884,-0.15381199,-0.093472406,-0.080316044,0.12759933,-0.07983187,0.045755796,0.16208184,-0.017298233,0.019762957,-0.1927207,0.12772278,-0.15505378,-0.0439062,0.009042035,0.20147812,0.051876042,0.079954065,0.18972042,0.17775317,0.12346669,0.041113254,-0.09719768,0.032515556,0.025064439,-0.10225464,-0.017806455,-0.09716147,0.12824897,-0.12429041,0.013762032,-0.12253009,0.036067754,-0.037564144,-0.111376755,0.28357387,0.20047583,-0.09897017,0.0485338,0.19795913,0.044783656,-0.03886,-0.034186564,-0.15988901,-0.06679293,0.20152193,-0.0047464133,-0.029880507,0.069388345,-0.17155115,0.24451719,0.07305781,0.08861384,-0.097687155,-0.3509715
TCGA-78-7163-01,0.09566572,-0.09560131,0.045124482,0.015498879,-0.0015666739,0.12761448,0.022804217,0.18314698,0.079044335,-0.032084003,0.17448851,0.007092873,0.042602416,-0.288155,0.061903216,0.03922602,-0.08666419,-0.107578486,-0.081429616,0.14435916,0.0356042,0.03366125,-0.18175742,-0.096444756,-0.14324364,0.17308046,0.1379986,0.066635765,-0.13326591,-0.11914021,0.0150493225,-0.0018634202,0.013505975,0.23334433,-0.17260692,0.0065968167,0.1967318,0.025909271,0.061388526,-0.013391632,0.28001842,-0.0719396,-0.15697706,-0.03174833,-0.08755818,0.17340319,-0.23939979,0.22808838,-0.071703956,0.12947538,-0.1499044,-0.11417418,-0.035244375,-0.13640933,-0.08203253,-0.09762957,-0.028184967,-0.25752884,0.10161397,-0.08156376,-0.09645858,0.15998256,0.0686523,0.04822688
TCGA-64-1676-01,-0.08725642,0.16305126,0.06591823,-0.1405526,0.13999774,0.20059985,-0.11200638,0.24338014,0.1394361,0.12275278,0.14214823,-0.14323378,-0.11647247,0.00016818588,-0.029344376,-0.092593834,-0.10330706,-0.16343719,0.14336392,-0.16556738,-0.17000201,-0.12642595,0.114935376,-0.015134481,0.13894735,-0.06461679,-0.05581405,0.015650027,0.056467675,0.09398316,-0.014178744,0.023554973,-0.049814414,-0.34225082,-0.1207106,-0.06309388,0.22182159,-0.021354191,0.07122869,0.15837884,-0.03793988,-0.06571404,-0.059132233,-0.060912903,-0.108672,-0.0023089359,-0.11763981,0.0935171,-0.036196604,-0.15137474,-0.08627504,0.16651806,0.1410556,0.16520873,-0.20428719,-0.06315659,-0.06056317,0.15187275,-0.03228877,0.0486413,-0.11277933,-0.05837199,0.04177788,-0.25076243
TCGA-NJ-A7XG-01,0.18373293,-0.13120037,-0.08899756,0.0941793,-0.014125614,0.04905841,0.11495982,0.24230728,-0.0043860516,0.025573682,0.043791924,0.051654134,0.07389581,-0.23311964,-0.01030493,-0.222683,-0.029419152,0.0041416953,0.031429492,0.3487408,0.02635319,-0.04565416,-0.0263787,-0.119720854,-0.17483404,0.24338241,0.05623736,-0.04140804,0.10125639,-0.09329796,-0.004280267,0.2344194,-0.08384694,0.19399813,0.13879603,0.023998925,0.029049907,0.08337252,0.05828433,-0.061917003,0.16590731,0.016549878,0.025257485,-0.019913645,-0.15694334,0.13176844,-0.11287858,0.17718267,-0.13570555,0.03513114,0.03377587,-0.07401676,-0.14915988,-0.103621304,0.030290103,-0.106865615,0.11259733,-0.2423432,0.019489516,-0.16054347,-0.0133596985,0.21681833,0.041925546,0.14297815
TCGA-78-7220-01,-0.02134824,0.13668513,0.06887821,-0.1931474,-0.041966416,-0.030173263,0.15854013,0.023223957,0.010853779,-0.046673916,-0.018428424,0.0047050724,0.018555371,0.02098534,-0.07443578,0.049679775,0.15512338,-0.25123623,0.031364348,-0.1291326,0.016755361,-0.29027823,-0.09241466,0.05596445,-0.0062732142,0.11434816,0.23569472,0.0015825621,-0.035781395,0.111369655,-0.15172333,0.14069647,0.17832366,-0.039674878,-0.15845239,-0.088426605,0.14809518,0.16776566,-0.09821079,-0.033252202,0.049486842,-0.003062595,0.059999593,-0.17076065,0.2271463,0.3645306,-0.1651898,0.0070007644,0.057607837,-0.07157095,0.0043382747,-0.033763047,-0.15470967,0.028435966,0.014408285,0.03299287,-0.080294065,0.12932077,-0.20326747,0.09514728,-0.0046977396,0.2153907,-0.092062235,-0.18589361
TCGA-75-5126-01,-0.03391918,-0.2136253,0.1514028,0.12634769,0.16632041,-0.06810613,-0.18200578,-0.011312741,0.12743588,-0.07752944,-0.22586973,0.0049050814,-0.18239444,-0.050213635,-0.08611271,0.20967981,-0.14468332,0.1502425,-0.05528012,0.045167252,0.13467567,0.13359678,-0.15970884,0.19986479,-0.06995119,-0.04058235,0.108808845,-0.13883577,-0.052052975,0.0051081106,0.0476508,-0.12499865,0.02386663,-0.009154058,-0.08187916,-0.04690747,0.12796919,-0.22940157,0.009354022,0.10876681,0.0055867047,-0.0051185163,-0.15006821,-0.15436353,0.34155187,-0.028304199,0.101291984,0.072605796,0.018074842,-0.01220151,-0.2590784,-0.04611443,0.13836731,0.021065501,-0.08887715,0.11659613,-0.01345692,0.07436135,0.02939492,-0.10054613,0.23168638,-0.16704932,-0.0033669535,0.03200078
TCGA-17-Z007-01,-0.10507272,0.026948847,-0.2986382,0.2862502,-0.022016397,-0.20362565,0.19140393,-0.06684356,-0.082361184,0.09309498,-0.07289822,-0.15857008,0.13507226,-0.10597914,0.058296546,-0.1554046,0.046711005,0.14744672,-0.044663392,-0.054344136,0.104401454,0.13657501,0.07995068,-0.052682303,0.28061852,-0.09075191,-0.07628547,0.16730249,0.19920316,0.13836314,0.1447646,0.017476454,-0.08484182,0.04370011,0.051139336,0.056095805,-0.21994774,-0.006961617,0.19724403,-0.03725906,-0.064951986,-0.060427383,-0.07150234,-0.051171392,-0.058711387,-0.18467876,0.07822408,-0.064678684,0.14253208,-0.017710391,0.15204759,-0.040626626,0.026245639,-0.1934252,0.042607967,-0.109000094,0.06774106,-0.13910526,0.09855507,0.025700754,0.06765086,-0.008328826,-0.24250811,-0.025328506
TCGA-55-8614-01,0.0066220914,0.12892272,0.1775729,-0.059433088,0.04954341,0.015287121,0.034477156,0.02087303,-0.18063153,-0.024129258,-0.07374329,0.08852012,-0.089121774,0.1603888,0.038968295,-0.14342646,0.20711318,-0.072936326,-0.019671079,-0.10738424,0.2160899,-0.15558532,-0.031921543,-0.0018608297,0.14162888,-0.045555186,0.011192325,0.03331422,0.1254649,-0.10566191,-0.14060977,-0.13594556,0.08064037,-0.03829883,0.19984539,0.10680537,-0.100029185,-0.02734049,-0.033840373,0.10735551,-0.08700042,-0.13614577,0.20930587,0.17750323,0.28657284,-0.07200134,0.09182127,0.047066577,0.23514926,0.0036673413,0.055471767,-0.022835743,-0.3721454,0.021031136,0.061076373,0.2107051,0.030838761,0.10265297,-0.061808933,0.210357,-0.02255851,-0.060442295,0.17108917,0.0074812863
TCGA-38-6178-01,0.017617926,0.040325005,0.012131031,0.07968722,0.11832702,0.13973817,0.12455581,0.2662971,0.046719793,0.09433018,0.3067469,-0.025544994,0.02127811,-0.21244915,0.071662106,-0.074415,0.06353858,0.033280823,-0.015600814,0.057335578,0.02445664,0.048445754,-0.09052821,-0.21752755,-0.047534745,0.18327504,-0.013336563,0.05353065,0.14327542,-0.050959192,0.036218353,0.26926842,-0.011964596,0.12098059,0.029141773,-0.00018084708,0.21276218,0.09632476,0.048647948,-0.05561726,0.09932185,0.07072405,-0.088959195,-0.11415933,-0.06438832,0.006489149,-0.3341327,0.20767963,-0.052464783,0.036137294,-0.02116673,-0.09925563,-0.08323748,-0.18608516,0.06450141,-0.106498435,0.15973699,-0.1603321,0.06940774,-0.037763525,-0.15218881,0.22309986,0.124667585,0.13705054
TCGA-17-Z054-01,-0.10149076,0.011899242,-0.31397128,0.29429036,-0.017025992,-0.21318072,0.20042805,-0.08461423,-0.08373576,0.098775305,-0.07441197,-0.15675862,0.13374822,-0.099188484,0.07455088,-0.14981951,0.03820993,0.141823,-0.056639966,-0.063251026,0.10969654,0.13709714,0.061060656,-0.045821905,0.2745967,-0.079401806,-0.07600343,0.15963495,0.1837727,0.14791116,0.15387234,0.029780753,-0.076984584,0.04813016,0.04585196,0.061883267,-0.23011307,-0.0019555856,0.18481465,-0.03916842,-0.066783905,-0.050757024,-0.07913152,-0.06474638,-0.038902823,-0.17695206,0.06771731,-0.06445372,0.13578746,-0.023398345,0.14392173,-0.053651012,0.025716942,-0.20183425,0.036939494,-0.104457855,0.06486397,-0.12483299,0.087157525,0.019211726,0.061853714,0.0010749119,-0.24544965,-0.010868779
TCGA-93-A4JQ-01,0.22975604,0.037996568,-0.041964002,-0.14768174,-0.070419155,-0.02342738,0.11419387,0.014268115,0.002838878,0.0003009342,0.23206456,-0.06412003,0.15808678,-0.10935282,0.040644526,-0.0035726505,-0.011969227,-0.0014291594,0.09885858,0.07327427,0.16010776,-0.30975655,-0.04311134,-0.21940866,-0.21661583,0.13723062,0.048455983,0.02840952,0.107752204,-0.14121798,-0.07456733,0.22538462,-0.027089454,0.18554044,0.2339178,-0.014001962,-0.11708788,0.07643419,-0.050455943,-0.1361001,0.24752967,0.077353664,0.1411333,-0.051244445,-0.09786747,-0.059076086,-0.007001298,0.018405788,-0.009262333,-0.11537184,0.1796914,-0.049441025,-0.19823234,-0.1321104,-0.10047317,-0.0073611885,0.097073875,-0.038908772,-0.11862038,-0.08704281,-0.14758371,0.18794239,0.03490989,0.15259182
TCGA-44-A4SU-01,-0.07240241,-0.19548501,-0.09472098,0.14817242,-0.06195132,0.109935515,0.12076673,0.077211134,-0.102103956,0.075066365,0.26417187,-0.034814037,0.047934886,-0.049664523,0.054955985,0.044559225,0.004374292,0.19088335,-0.23069595,-0.05704513,-0.15725337,0.3786198,-0.094400965,-0.11681018,0.11452102,-0.16663937,0.053976953,0.07719266,-0.061879545,-0.06953926,0.021941634,-0.08735501,-0.11469378,0.022019226,0.0072671208,0.061273575,0.20957118,-0.044062488,-0.050952792,0.04366108,-0.04301008,-0.01028478,-0.23187174,0.11080967,0.057601616,0.04336986,-0.33488184,0.0279821,0.12699124,0.17827958,-0.04572405,-0.0075882096,0.21871457,-0.00799134,-0.09709053,0.12741812,0.16397902,0.03389474,0.057939213,0.13316347,-0.033239968,0.04517717,0.08746417,-0.06881134
TCGA-38-A44F-01,0.05086551,-0.17581439,-0.11769702,0.023643717,-0.052521557,-0.19587387,-0.002798058,-0.17479664,-0.002206637,0.072042234,-0.16237032,0.042961113,-0.06399462,-0.14561388,-0.0006795624,0.16936572,-0.08676647,0.06024273,0.07336725,0.06148946,0.08796146,0.10622075,-0.0816747,-0.047083586,-0.03577493,0.07183234,0.13407564,-0.1444399,0.006393513,0.056318033,0.054674964,-0.022405587,-0.1711109,0.2364977,0.1986156,0.03498734,-0.11070223,0.073644765,-0.0620977,0.045997977,-0.017635847,0.26416528,-0.13476375,0.16392453,0.26147103,0.11736674,0.1034542,-0.15351345,-0.1133699,0.044135958,0.076996855,-0.0636215,-0.07392209,-0.1477552,0.11190911,0.20057634,0.11917174,0.084936656,0.01854161,0.007752175,0.29828972,0.20276414,-0.16945355,0.16211125
TCGA-50-6595-01,0.074811615,-0.30674595,-0.17949091,0.0017932142,-0.08979083,0.06807388,0.047785193,-0.13200141,0.09762074,0.09488158,0.10707398,-0.35001037,0.04870894,0.011557368,0.025864597,-0.0091558425,-0.19712237,0.2331616,-0.010148541,-0.05998743,0.07588652,0.12491768,0.020763941,-0.019016707,0.0035505958,-0.019708352,0.112597264,0.25989404,0.08503489,-0.014844258,0.22059497,0.07400326,-0.064533964,0.11571591,0.037580322,-0.00034313666,-0.18176682,-0.06774478,-0.032301698,-0.05344941,0.15805195,0.15089273,-0.17996734,-0.12698,-0.04143213,-0.124740005,-0.112631254,0.09948654,-0.09103224,0.05622373,-0.09738775,-0.051908273,0.038499895,-0.17031369,-0.17888129,-0.12002003,0.03721161,-0.090229385,0.041936878,-0.020812284,-0.018561125,0.018228842,-0.3000387,-0.13811225
TCGA-44-A47A-01,0.091279246,0.07112669,0.18555473,-0.07839857,0.20068954,-0.01761223,-0.113223106,0.17369267,-0.1154561,0.058398105,-0.34558368,0.18957867,-0.19920479,0.18998025,0.041554652,-0.013036325,0.12086984,-0.059750706,0.14709805,0.015458213,0.03299917,-0.22804992,0.026668737,0.14990053,-0.0482088,0.070197254,0.12970859,-0.19201595,0.08758923,0.011293639,0.0476794,-0.010279982,-0.011688165,-0.03859702,0.11448111,0.116473556,-0.004679383,0.0014625976,-0.038692534,0.19786407,-0.09034485,-0.12218642,0.09554318,0.08726156,0.182539,0.008305299,0.09822765,0.059000663,-0.055023026,0.049664054,0.07942681,0.0846099,-0.3305357,0.043845557,0.11435462,0.18966559,0.11335541,0.061071113,-0.056545276,0.0012838354,0.20195293,0.023630604,0.13845651,0.102055654
TCGA-91-6835-01,0.11558946,-0.17932281,-0.021806676,-0.080035366,-0.065295555,-0.15037291,0.10802251,0.1327007,0.09287019,-0.081812665,-0.043725375,-0.051981542,0.14798628,-0.11346382,0.150047,-0.12525006,-0.19125992,0.0034371314,-0.029026221,0.12957491,0.09747691,-0.06343807,-0.079574935,0.26923022,-0.08318489,-0.09887505,0.26025575,-0.09058766,-0.18427297,-0.14112334,-0.104772575,0.14039022,0.048844554,0.17906167,0.19073787,-0.0720357,0.09635641,0.09845704,-0.1515729,-0.080842815,0.26031405,0.15661164,-0.007881749,-0.053707916,-0.0005567107,0.12581043,0.16235064,-0.03701991,-0.121386714,-0.01793115,-0.034061305,0.10573064,0.14090176,0.09980865,-0.29985532,-0.09303295,0.0608951,0.0014202397,-0.04906096,-0.1525805,0.04202036,0.024919579,-0.13819426,0.06939244
TCGA-86-8075-01,-0.014717626,-0.025077423,-0.097583495,0.070300214,-0.046530668,-0.033143394,0.26890305,-0.083337985,-0.0014192814,-0.0104855085,0.25613603,0.14518866,0.04377663,-0.118723534,-0.057434764,-0.044280842,0.12910955,0.050099533,-0.18091407,-0.0798808,0.055939652,0.16618851,-0.07149488,-0.3038283,0.016531328,0.09164509,-0.03724897,0.032283604,0.053188078,0.084002085,-0.09926805,0.13115624,0.073006146,-0.0015415809,-0.105010785,0.048345745,0.07227135,0.04359999,0.07351181,-0.07851686,0.078808606,0.10468791,-0.022683743,-0.062687844,0.13065298,-0.0046675345,-0.3963337,0.08112614,-0.014246711,-0.090435244,0.021486232,-0.13774028,-0.0025502837,-0.31048495,0.10568947,-0.107786745,0.11489657,0.041209217,0.19616581,-0.017576642,0.03540542,0.25673482,0.025459852,0.22655194
TCGA-17-Z058-01,-0.099007465,0.023998303,-0.31652424,0.27610224,-0.015944852,-0.21417332,0.2160989,-0.0880152,-0.09884487,0.10383536,-0.051688306,-0.1526281,0.13191521,-0.09195053,0.075249046,-0.14959903,0.05473956,0.13074385,-0.059090223,-0.07784824,0.09798931,0.1340753,0.063566364,-0.05499556,0.27872944,-0.076620884,-0.07068799,0.16248831,0.18593404,0.1510155,0.16785209,0.040560495,-0.087051705,0.047187306,0.06269649,0.065091744,-0.22597793,0.016537916,0.16785254,-0.032840896,-0.058965288,-0.050276443,-0.0792748,-0.05953932,-0.039165743,-0.16863321,0.06426886,-0.0684118,0.14921941,-0.02987367,0.15592584,-0.06128042,0.007868183,-0.19942927,0.02294767,-0.1024843,0.06363363,-0.11802034,0.0807182,0.045240905,0.057670694,0.016984254,-0.24511337,-0.01627621
TCGA-MN-A4N4-01,-0.01843298,-0.16033961,0.09630586,0.13062496,-0.05809236,0.1679802,0.20083468,-0.03210079,0.14933045,0.036433965,0.10226487,-0.0077516395,0.09537988,-0.025329793,-0.17261556,-0.060952794,-0.10445635,-0.05447835,0.0003197888,-0.055278912,-0.19588728,0.27869847,0.049764078,-0.29811364,-0.05943216,0.012429138,-0.21925585,0.055735525,0.03629241,-0.14420447,0.019447798,0.19556862,-0.054323457,-0.25167146,0.0047029187,-0.023037514,0.022676859,-0.08941089,0.09314888,-0.0066802693,0.1008425,-0.020102987,0.12755202,0.2868706,-0.18133321,-0.030943088,-0.12514931,-0.14036432,-0.119462855,-0.1612354,-0.1094749,0.013835618,-0.055104453,0.13666111,-0.16237202,-0.024699638,-0.11122088,0.020083483,0.13327974,0.041714646,-0.042080782,-0.0013542266,0.21283506,-0.12014929
TCGA-93-8067-01,-0.01267044,0.06471028,-0.04060944,0.28941017,0.115882814,0.06335474,-0.07251173,0.09601967,-0.17255892,-0.0022350394,-0.04190558,-0.077001326,-0.17456143,0.040677536,-0.007916828,-0.11014988,0.08346709,0.04968182,0.028815929,0.12627444,-0.16212904,0.27371043,-0.044116046,0.14618991,0.1635693,0.12733701,-0.08941482,-0.15328792,-0.07392062,0.14645068,0.057974834,0.27177927,-0.05319851,-0.05578525,0.16249496,0.074342854,0.09610014,0.054551214,-0.14359638,0.19526434,-0.1274238,0.11790881,-0.02072232,0.18374103,0.2596825,0.15453434,0.08816611,-0.16450801,-0.03308503,0.0322649,-0.030793335,-0.009131492,-0.0077327495,0.08543403,-0.05572224,0.28009176,0.08286039,0.19119644,-0.048550535,0.033407353,0.1676409,0.011887738,-0.020125812,-0.01622396
TCGA-55-7911-01,0.07241794,-0.17365935,-0.08588204,-0.26597401,0.18160094,-0.072401814,-0.09086385,0.13003527,-0.11639469,0.10411673,0.27578774,0.19511479,-0.08840794,0.1094503,0.06992677,-0.0788344,-0.022856249,-0.047233768,0.04236217,0.031576816,0.034860846,-0.00437894,-0.052351076,0.15964124,-0.12975529,-0.13172221,0.09601969,-0.18932961,-0.025543766,-0.11255186,0.1166021,0.11120134,-0.116288245,0.030147463,0.30707175,0.011569305,0.09802932,0.065295696,-0.14136966,0.00261564,-0.097431965,0.13610397,0.07955352,-0.16236989,-0.07874043,-0.051156167,-0.11339938,0.20637779,-0.14537933,-0.03787801,-0.078296684,0.14837384,-0.033682548,0.18883589,-0.07794658,-0.01621892,0.09999334,0.09740368,-0.30015966,-0.10700861,0.00379406,-0.120050184,0.027172526,0.04888331
TCGA-78-7161-01,-0.18119289,0.05402446,0.08949525,-0.07895022,0.063916616,0.16453585,-0.14742725,0.055672687,-0.17314902,0.033675034,0.1828088,0.04116062,-0.15235858,0.15192255,0.013836473,0.06536343,0.107521206,-0.10051892,-0.15371424,-0.08756262,-0.050284117,0.01894184,0.07840577,-0.0312907,0.120984904,-0.11961966,-0.029672222,0.04979884,0.08355268,0.12013963,0.06089002,-0.1547381,0.02004055,-0.17454743,-0.09766271,0.0043161134,0.17240044,-0.02367168,0.02629717,0.07842731,-0.30661774,-0.24084206,0.0011457364,0.04246823,0.115049854,0.0716012,-0.25303996,0.1147397,0.20410012,0.11946276,-0.062430073,-0.06346236,-0.08695732,0.11515279,0.0773776,0.19913565,-0.005444037,0.13399218,-0.20394441,0.16421095,-0.1275693,-0.15086402,0.056423694,-0.21604624
TCGA-50-8460-01,-0.076707356,0.029569013,-0.07544119,0.13209103,-0.110592894,-0.0008789909,0.09036149,-0.05016471,-0.015431874,0.026924755,0.0047755456,-0.35250318,0.02062018,0.14182661,-0.20698562,-0.06846286,0.070961796,0.19757299,0.009933496,-0.13205576,0.04042488,0.103263736,0.099677354,-0.097070254,0.20985642,0.07285133,-0.15757407,0.39881483,0.15288875,0.05636222,0.1376705,0.04104437,-0.077662684,-0.064038485,0.07183968,0.13384476,-0.15491776,-0.035001032,0.14353399,-0.10496897,-0.033321653,0.050713267,-0.11497936,0.15995373,0.12130929,-0.12332479,-0.069556974,-0.05803834,0.12196664,-0.054366123,-0.03264693,-0.21391551,-0.08140686,-0.096554644,-0.0467171,-0.0070051393,0.12213397,0.12122037,-0.051425867,0.09552692,-0.086314596,-0.06678515,-0.20082916,-0.18181491
TCGA-73-4675-01,0.042038735,-0.1101198,0.17833805,0.13718909,0.004403097,0.3071827,-0.09329125,0.1037611,0.04338399,0.094131835,-0.018070458,-0.12655811,-0.003755678,-0.03657353,0.17275903,-0.0411982,-0.17471255,0.09861742,-0.13144183,0.10934488,-0.061072245,0.10273094,0.1182881,-0.11449551,-0.056837793,-0.1349003,0.01665927,0.11417491,0.09321157,-0.0889569,-0.040301796,-0.27819258,-0.024478707,-0.017597707,0.019569708,0.1033009,0.06254242,-0.19531094,0.1816293,0.12937701,0.034264192,-0.06337223,-0.089364335,0.29408246,-0.011095109,-0.11442821,0.030352844,0.055058483,0.10373485,0.2178941,-0.059268188,-0.18417329,-0.018093724,-0.030650645,-0.12370552,0.104631856,0.20947258,-0.05103725,0.14197543,0.11474115,-0.19346778,0.009642607,0.11562977,0.21437316
TCGA-49-4510-01,-0.024663176,0.11298461,0.11199283,-0.10253359,0.060302984,0.0736587,0.058521785,0.34072447,0.15093152,0.09800598,-0.1762228,-0.1945366,0.032319356,-0.08014878,-0.092187636,-0.1432254,0.08898229,-0.05829288,0.1436606,-0.13784201,0.0047415867,-0.12375711,-0.015615249,0.104607254,0.21274723,-0.11885602,0.36942446,0.1294685,0.08491122,-0.11150516,-0.25829783,0.031394664,0.034905054,-0.15047964,0.11453477,0.018283155,0.1623054,-0.033568274,0.13326722,0.11627048,0.15266742,0.05377061,-0.002741005,0.12729472,0.10650823,-0.0015320303,0.115153395,-0.03319207,0.08219407,-0.04173142,0.027061757,0.1371021,0.08565739,0.09107123,-0.19686659,0.12958468,0.10077266,0.08382288,0.13912322,0.113656044,-0.01920996,0.033041883,-0.07370972,0.0061468408
TCGA-44-7669-01,0.11081899,0.1879717,0.07533718,0.24006598,0.18366648,0.2704825,-0.12951583,0.22917017,-0.014723582,0.095969595,0.027535386,-0.22230548,-0.08635803,-0.1342675,0.06653389,-0.24242038,-0.027343618,-0.108075775,0.13242026,0.23743853,-0.18597282,-0.053980518,0.117321104,-0.0029441717,-0.06007836,0.22812615,-0.23038681,-0.0112702595,0.08125367,0.17100331,0.0150218075,0.29825187,0.044361517,-0.12176648,0.04266107,0.018554281,0.08076662,0.034677695,0.12630852,0.093363486,0.045099527,0.03182734,0.0649664,0.004034251,-0.10320936,-0.021693392,0.067167595,0.0777586,-0.02775185,-0.016701294,-0.122539826,-0.099879354,-0.027904373,0.049505502,-0.14814897,-0.048074875,0.038843296,-0.029267218,-0.013417231,-0.07026978,-0.19855578,0.060441785,0.068090916,0.063765414
TCGA-55-7995-01,-0.06942386,0.088989876,0.04587518,-0.22157726,0.042892136,0.048543263,-0.06382046,0.22796264,0.12096489,0.10577636,-0.049644943,-0.18237604,-0.08099874,0.19959937,-0.28177604,-0.07287378,-0.02651471,-0.10004325,0.18094568,-0.26447684,-0.13050072,-0.01409267,0.09451409,0.05234683,0.05118227,-0.03705019,0.013563894,0.28973168,-0.054835413,-0.1212165,0.036552954,-0.19398706,-0.15629853,-0.25578398,0.026321609,0.12825738,0.07332259,-0.035504054,0.19724551,0.024002662,0.03871928,0.07265747,-0.2215,0.12959285,-0.09524704,-0.00692474,-0.076490946,0.15134579,-0.03435128,-0.049071204,-0.11062198,-0.012246421,0.053821083,0.16680841,-0.037990194,-0.10304013,0.109858744,0.12661828,-0.014046561,0.09386277,-0.14899829,0.0047057257,-0.077688426,-0.09124242
TCGA-78-7536-01,-0.057781696,-0.240457,0.039228372,-0.11082006,0.030529365,0.06693205,-0.093535885,0.16812378,0.004960347,0.056256935,0.3042259,0.13536307,0.011944273,-0.021680588,-0.055268526,0.19332553,-0.01823267,-0.013249964,-0.15913086,-0.063234575,-0.09340585,0.14285786,-0.15164845,0.06430669,-0.13660662,-0.07915545,0.059701677,-0.10851088,-0.17338422,-0.16139627,-0.0065266346,-0.1374196,-0.09092861,0.075151734,-0.019511435,-0.07278436,0.3173776,-0.04950883,0.0040531517,-0.0042647077,-0.048557542,0.026702955,-0.17469534,-0.1706393,-0.029980633,0.13408403,-0.25249094,0.22499646,-0.05854871,0.08677736,-0.11486886,0.03087481,0.30153713,0.21696435,-0.09877138,0.030908883,-0.021881573,0.028399449,-0.05286054,0.11346074,-0.03488397,0.013451808,0.11366791,-0.047267105
TCGA-35-3615-01,-0.004428042,-0.023643635,0.23802853,0.2381318,-0.033474866,-0.0842662,0.096378446,0.10917053,0.1130146,-0.052784406,-0.18016823,-0.14726976,-0.057552222,-0.27030775,-0.122711,-0.1640807,-0.004904217,0.053359244,0.026975304,0.10395234,0.033590645,0.17497091,0.121223055,-0.08102653,0.006056514,0.0443712,-0.19860162,0.08966117,-0.03225732,-0.06655919,-0.20552276,0.07938881,0.22058685,-0.012200815,-0.05832395,-0.014653164,0.09843647,-0.08088708,0.15960675,-0.033026867,0.1865374,0.10117964,0.07796157,0.27774155,0.2654189,-0.015817614,0.04427596,-0.0043590553,-0.048746478,-0.12162948,-0.17590241,-0.15912272,0.12243684,-0.00644352,-0.09117175,-0.025727665,0.09241868,0.14577313,0.11898186,-0.11093434,0.16480523,0.042889327,-0.13537867,0.021993922
TCGA-50-5933-01,0.06432866,0.0886057,0.044602476,-0.07471518,0.054377455,0.117212825,-0.21262392,0.0364002,0.05422715,0.271696,-0.17654888,-0.25289866,-0.12463242,0.10837305,-0.154749,0.07966316,0.03706521,-0.029649999,0.2956142,-0.13954534,-0.12412532,-0.28067806,0.16801682,0.04991777,0.088755496,0.1839903,0.066880755,0.030304668,0.19183825,0.16054589,0.112763904,-0.031425122,-0.10101391,-0.014211749,0.038515665,-0.036730412,-0.13692348,0.00048889936,0.11370286,0.17228112,-0.049133018,-0.039974872,-0.06737954,-0.05006906,-0.0018710528,0.057921443,0.13468558,0.014983296,-0.058999076,0.011821067,0.15083982,0.0073249675,-0.091230676,0.05326858,-0.014779657,0.09224731,-0.05228623,0.028633162,-0.008916443,0.24968003,0.013211048,0.17535375,-0.24915162,-0.13289435
TCGA-64-1681-01,-0.13001366,0.14178255,0.064656906,-0.25707018,0.016110418,-0.10490561,0.13114488,0.12937602,-0.018646475,-0.03663227,0.29871288,0.17114224,0.008071597,0.089312464,0.108601235,-0.05426065,0.0543943,-0.024899112,-0.09102934,-0.0912413,0.13348962,0.01133487,0.0048475456,-0.22839771,0.003258996,-0.21543087,0.06484482,0.07377621,0.20888819,-0.07061526,-0.08141316,-0.078048676,-0.015907967,-0.08089284,0.115696356,0.028265264,0.14334983,0.090500146,-0.067161575,-0.16500719,-0.088096805,0.12056431,0.020711822,0.046896067,0.01874004,-0.04746712,-0.20924906,-0.017924652,0.14124882,-0.039826408,0.08991257,-0.04328828,-0.10414243,-0.06998318,0.20805031,-0.0048100385,0.28182983,0.13277537,-0.16439061,-0.011845831,-0.20825446,-0.028920528,0.1687154,0.2372063
TCGA-05-4417-01,-0.06889653,0.040321205,0.13608634,0.0041051824,0.1813358,-0.034422625,0.06334655,0.09221284,0.21633704,0.016364437,0.02153961,0.056018192,-0.037980627,0.07493845,-0.2451003,-0.05794423,0.030063376,-0.06793897,0.14348522,-0.26791978,-0.02936364,0.020886349,-0.10074885,0.03831769,0.19153549,-0.016004989,0.04277999,-0.09034414,-0.1503526,-0.16794434,-0.18837827,0.1600694,0.03407145,-0.32661557,0.031156307,-0.025575152,0.16242778,-0.07065483,0.15300822,0.09624202,0.018408548,0.048159037,0.08154103,0.13331531,0.099324934,-0.10527854,-0.11886258,-0.02699057,-0.2366629,-0.25562006,-0.1645438,0.19820449,0.025905125,0.11448645,-0.12050543,0.06028451,-0.015418258,0.2060531,0.11679124,-0.07751698,0.08912651,-0.10427619,0.020491272,-0.00787308
TCGA-55-7728-01,0.03618684,-0.23630023,-0.13249704,0.0466158,-0.024151996,-0.18307261,0.18424653,-0.08678355,0.08493223,-0.037563697,0.100702144,0.1473815,0.10145766,-0.1783786,0.2574283,0.07317434,-0.17419545,0.03772905,-0.20413598,0.09394096,0.17331389,0.08628904,-0.14789318,-0.08712941,-0.1573174,-0.078312375,0.16407183,-0.109675094,0.00051185506,0.07283377,-0.058766786,-0.0032758103,0.0791284,0.16121835,-0.004375859,-0.019288618,0.0390959,0.07809179,-0.08324158,-0.07288178,0.033389624,0.21958601,-0.059058532,-0.0584971,0.16776213,0.019121604,-0.1401023,-0.030306278,-0.05480974,0.03969326,0.081855915,-0.08068511,0.06774811,-0.2409458,0.07521262,-0.01757926,0.14341438,0.021151008,-0.011850593,-0.12381984,0.10357764,0.18824013,-0.013561084,0.37211317
TCGA-64-1677-01,0.0772139,-0.0021379576,0.12904158,0.08927106,0.1546529,0.10754591,-0.0948552,-0.09019958,0.017234156,0.101162896,-0.13762072,0.06767331,-0.077337526,-0.003779219,-0.2082835,0.25351396,0.08941128,-0.055662736,0.18697378,-0.08723802,0.0031655359,-0.24508545,-0.1706228,-0.04893455,-0.006061926,0.35354024,-0.011491155,-0.24797083,0.02765156,-0.045704897,0.026478017,0.13877232,-0.063871905,0.05298154,-0.057988852,0.009089593,0.020697339,-0.039139666,0.108881526,0.17180987,-0.08181407,-0.15068536,0.08477266,0.020839524,0.19600402,0.0744696,-0.027126864,0.06425966,-0.09431654,-0.049488746,-0.05786708,0.060909417,-0.29642236,0.031990476,0.059479676,0.21772894,-0.1381712,-0.017079584,-0.020256158,0.092002995,0.14893426,0.15585922,0.17235284,-0.11046566
TCGA-78-7155-01,-0.14662524,-0.121838726,-0.0805165,-0.005124992,-0.09104995,0.108150035,0.17774564,0.056703273,0.06544102,-0.01909361,0.23609827,0.09679826,0.11383054,-0.103740394,-0.09066136,0.035494957,-0.056997664,-0.144878,-0.07236887,-0.017440455,-0.20401563,0.2554819,-0.06511941,-0.17560567,0.05922107,-0.0852492,0.049209204,-0.014029683,-0.036581665,-0.025353113,0.087033466,0.13478261,-0.122545324,-0.11257623,-0.14516743,-0.089969486,0.18939778,0.07588521,-0.046841405,0.03241348,-0.011791874,-0.1285805,-0.03485478,0.12759456,-0.24182975,0.21753378,-0.2877378,-0.09050794,-0.021859273,0.016391786,0.0007033189,0.15198049,0.038021654,0.15379104,-0.03224278,0.042517178,-0.20457737,-0.10192916,0.012760273,0.081774585,0.022099048,0.014964972,0.14465408,-0.3483117
TCGA-MN-A4N5-01,-0.012915074,-0.22854353,0.05252355,-0.007820264,0.11878041,0.13000023,-0.1026459,0.1631605,-0.13740742,0.057322647,0.30173945,0.13818079,-0.1301826,-0.10736113,0.21244875,0.030777875,-0.005067171,0.035568304,-0.15433173,0.103238195,0.0010765879,0.31429335,-0.119124055,-0.012688855,-0.01112664,-0.21880789,0.13163409,-0.13781467,-0.04802786,-0.06357496,0.104907475,-0.057497654,0.0032023923,0.081981145,0.03026544,-0.015958058,0.23135032,-0.016116777,-0.14347878,0.124512024,-0.15876675,-0.11024267,-0.030213382,-0.017414305,0.009458624,0.033614606,-0.27494487,0.15810263,-0.09217872,0.24024968,-0.10297783,0.12161029,-0.029903265,0.038003094,0.020576414,0.20537335,0.027459886,-0.08027838,-0.0029564018,-0.016840177,0.10928808,-0.1110236,0.09597351,-0.013684216
TCGA-86-7711-01,-0.0006482608,-0.07689079,0.022769708,-0.09706146,0.17577244,0.07245423,-0.072711796,0.1055287,-0.23489223,0.052975487,0.45758045,0.21511841,-0.09994446,-0.019105263,0.20851085,-0.054796163,0.14343986,-0.09025331,-0.09539225,0.0035501602,0.004669099,0.18170352,-0.03258787,-0.053226426,0.0136358915,-0.15256551,-0.012380281,-0.11028841,-0.040126543,-0.14051011,0.037784357,-0.031654365,0.02189837,0.0482413,0.17178594,0.009153641,0.1635518,0.045089304,-0.07347701,0.033727407,-0.20596665,-0.06076944,0.16663003,0.0057463455,-0.02372467,-0.056546748,-0.22566614,0.24962354,-0.07843587,0.12793113,-0.056767236,0.07661936,-0.19780415,0.11354899,0.050808404,0.14475398,0.032985296,0.00813737,-0.13316397,0.020570172,-0.026597654,-0.108476065,0.1285237,0.11261001
TCGA-44-8120-01,0.05269512,-0.15844743,0.017631426,0.3134303,0.09867364,0.35537708,-0.082539506,0.14778905,-0.095281586,0.14728944,0.03463944,-0.15009476,-0.07557441,-0.06349781,0.18307088,-0.198631,-0.06284896,0.06998759,-0.043728467,0.17820603,-0.2235907,0.3035825,0.07364643,-0.014478804,-0.0470837,-0.009397714,-0.0035809642,-0.010119989,0.043467328,-0.055247366,0.09674173,0.11868066,-0.018649133,0.0155540705,0.0134038,-0.006529618,-0.00876792,-0.13423774,0.057625636,0.14705479,-0.016179094,-0.11458451,0.008639789,0.09750304,-0.16072151,-0.027109101,-0.057528954,0.096509784,-0.153165,0.25400338,-0.07846329,0.054733526,0.028530408,0.0044611916,-0.090547144,0.1107946,-0.06408136,-0.24237503,0.21373093,0.0069518504,-0.04323515,-0.07619237,0.058445517,-0.080195785
TCGA-50-7109-01,0.14860225,0.01870888,0.1065639,0.047667075,0.041185126,0.117916405,-0.025032429,-0.12924515,-0.021227626,0.02153372,0.2792418,-0.033974808,-0.059447788,-0.06072572,0.2081634,0.11863139,-0.20710747,-0.24641904,0.009834749,-0.101005845,-0.06353608,-0.05064976,-0.20768245,-0.1258142,-0.0078070574,-0.05914862,-0.010535604,-0.00800323,-0.32588193,-0.119575344,0.051877137,-0.095546246,0.011958635,0.080293804,-0.16980314,0.0213179,0.16653426,0.025055666,-0.2273625,0.11146054,0.11514554,-0.023571596,-0.069672816,0.24932969,0.03229277,0.10292775,-0.17980914,0.036750488,-0.054985013,0.051445827,-0.13101688,0.02250441,-0.029669868,0.058756724,-0.23512495,0.0686881,-0.08952635,0.096662596,0.0184418,0.01487871,-0.16341299,0.025702303,0.24205288,-0.15731046
TCGA-91-6830-01,-0.018058091,-0.07079725,-0.23927808,0.07449163,0.18438357,-0.11192916,-0.09832602,-0.27856034,-0.097032964,0.0012623334,0.29899272,0.18736981,-0.09730799,-0.01651649,-0.016517099,0.10922313,-0.07588245,-0.08929713,-0.048914004,-0.021990264,-0.0018919121,0.27405888,-0.13702682,-0.107370965,0.03273554,-0.0011694652,0.10244135,-0.15725954,-0.09488662,0.21940945,0.20509237,0.021959499,-0.19990382,-0.059442475,-0.045402672,0.0964829,0.058574803,0.034585413,-0.043152805,0.084392056,-0.21173492,0.17465848,-0.100894295,0.13962035,0.083686285,-0.0017564538,-0.18172216,-0.039695706,-0.10249121,0.057356093,-0.047082298,0.05508647,-0.03599382,-0.09010151,0.14338969,0.120872855,0.021321226,0.1586934,-0.06385819,-0.1319374,0.16579312,-0.047469016,-0.14384162,0.0889659
TCGA-55-6985-01,0.015185114,-0.10928295,0.07097299,0.3275894,0.1318062,0.32523078,-0.0021662505,0.079756066,-0.024901291,0.13981022,0.058644395,-0.1140708,-0.07279484,0.09594174,0.016936444,-0.24998254,0.002250795,0.08204949,-0.043998845,0.03475661,-0.25355664,0.25783432,0.11342512,-0.09005558,-0.0016332112,0.09950298,-0.2371605,0.010885792,0.08598455,-0.06753622,0.014328493,0.21569467,0.032655984,-0.21176437,0.039491896,0.030490289,-0.046174318,-0.16407607,0.1659124,0.09087005,-0.048891895,-0.050555523,0.124040306,0.13063285,-0.07633279,-0.1503304,-0.10277208,0.09232517,-0.15040351,0.006855007,-0.1482683,-0.005354843,0.01748287,0.042340886,-0.11892087,0.040843498,-0.052936878,-0.038742803,0.17377901,0.026112098,-0.11784187,-0.10862952,0.15451773,0.0011013077
TCGA-55-A57B-01,0.086109884,0.10601357,0.19690135,0.076876685,0.069252886,0.051354304,0.113010004,0.02483909,0.038311824,0.051521484,0.023079792,-0.013495356,-0.051330313,-0.040159304,-0.09117652,0.07668498,0.17422985,0.03943108,0.09592946,-0.11964667,0.09390345,-0.12606464,-0.17932297,-0.22061409,0.037500214,0.25964016,-0.052071124,0.009688048,0.10530279,-0.09389546,-0.11467716,0.14495397,0.001470783,0.06534409,0.16763544,0.11499546,0.042813234,-0.012370206,0.030009381,0.06434107,0.1489644,0.10860205,0.021325892,0.20185353,0.3261875,-0.04769131,-0.033427853,-0.045153175,0.056172356,-0.13575509,0.023180213,-0.1605508,-0.25574264,-0.1258486,-0.041099805,0.18647864,0.17258433,0.16156037,0.06432144,0.14176324,-0.0048505124,0.22942054,0.20352826,0.16267796
TCGA-99-8033-01,0.18705091,-0.02812894,-0.015203072,0.12804133,0.1428271,0.1311549,-0.25214952,-0.14773467,0.057908464,0.13133083,-0.14855458,-0.041580833,-0.17225392,0.038929988,-0.09847851,0.11082274,-0.115929104,0.008986294,0.22392246,0.08884501,-0.11192937,-0.050871722,0.041306227,0.100642726,-0.10220999,0.3216112,-0.08190281,-0.07806726,-0.053966887,0.15644228,0.3373602,0.03606647,-0.14242369,0.105791345,-0.06541264,0.04652235,-0.09974323,0.032372493,0.05187955,0.14947867,0.06636127,-0.0057700826,-0.18951923,-0.113483995,-0.08407163,0.018631704,-0.046858687,0.12249028,-0.19345145,0.116078325,-0.14879242,-0.071272664,-0.20633616,-0.051298767,-0.00011803488,-0.112449445,-0.019521728,-0.14677127,0.01149722,-0.10664734,0.08467133,0.1260154,-0.11907554,-0.03017935
TCGA-73-A9RS-01,0.13156922,-0.22731367,-0.21946214,-0.12577736,-0.17603844,-0.05348975,0.065983675,0.019005293,-0.058340747,-0.06253331,0.07447081,0.19253632,0.17689121,0.12505984,0.076932095,0.020073805,-0.054917414,-0.10746009,0.0005429383,0.11139391,-0.23016492,0.00045218755,-0.07437428,0.13580942,-0.046351254,0.020947954,0.13212848,-0.10684874,-0.16586635,-0.115969695,0.054702207,-0.043825038,-0.24679992,0.09278396,0.26566172,-0.001981873,-0.050810184,0.15551902,-0.18729043,-0.024490224,0.070359245,0.123705626,-0.04249599,0.1649052,-0.20822833,0.1590748,0.027618766,-0.17677253,-0.13763323,0.071335405,0.16943659,0.12735255,-0.0274397,0.22630122,-0.18471815,0.0576954,-0.016638003,-0.0015226747,-0.089785635,0.035880152,0.042324495,0.05469291,0.13600963,0.016461927
TCGA-MP-A4TH-01,-0.19833435,0.06436751,-0.11432351,0.15038063,0.01833203,-0.22005785,0.22439712,0.074068226,-0.014340785,-0.04272006,0.106330365,-0.01061018,0.057731267,-0.10624548,-0.008094736,-0.11074962,-0.029552424,0.16274016,-0.13506491,-0.020850554,0.12122736,0.18974671,0.019479387,-0.073366635,0.1787491,-0.12091089,-0.14686492,0.02978216,0.17362517,0.16678523,-0.04529304,0.13234557,-0.042735226,-0.11992011,0.08471695,0.032219745,0.1675555,0.08143643,0.03702266,-0.1391427,-0.22901867,0.16575664,-0.07044475,0.0076877093,0.24120821,-0.029760495,-0.13248827,-0.09829661,0.1844307,-0.13613781,-0.0216924,-0.08340542,0.13061264,-0.078606546,0.116599046,-0.07420079,0.27300525,0.24388683,-0.17495276,-0.06722026,0.0065522343,-0.002880417,-0.044928093,0.04653629
TCGA-38-4625-01,-0.012521766,0.033666927,0.033088658,-0.19577341,-0.007703332,0.08580379,0.025479712,0.255693,-0.07901627,0.011808329,0.108765215,0.20972857,-0.010946028,0.068147846,0.08343023,-0.19679981,0.07619228,-0.32110852,-0.18729034,0.123610236,-0.113030545,-0.1465363,0.051695533,0.08595721,-0.13472843,0.059453353,0.128193,-0.1116416,-0.07326903,0.058132358,-0.057485275,-0.035615552,0.11159987,-0.02128785,-0.11102937,0.0064376714,0.25257048,0.15455781,0.004091772,-0.07415625,-0.07326988,-0.033169396,0.039132427,-0.13580072,-0.07516401,0.29690164,-0.13970844,0.30356547,-0.07099346,0.09282581,-0.028472198,-0.032847073,-0.0052687945,0.20505176,0.086664714,-0.16902238,-0.065317966,-0.03370032,-0.13064745,0.02892169,-0.16623229,0.09985543,0.026249664,0.0033645784
TCGA-80-5611-01,0.00010077747,-0.019574681,-0.036907658,-0.043610804,0.1570617,-0.06338603,-0.06928239,0.07094544,-0.15839949,0.18284336,0.20318435,-0.058656707,-0.18342125,-0.09643168,-0.17368416,0.06713952,0.20356566,-0.13003038,0.1215483,-0.2937543,-0.10082346,0.15263131,-0.15553826,-0.027636457,0.21098223,0.05507153,0.012819656,0.05466431,-0.23883244,-0.19244884,0.02980471,0.043384667,-0.11666328,0.0066498714,0.11087486,0.09489926,0.0742968,-0.004950426,-0.014645296,0.1884889,-0.07487693,-0.011565236,-0.0595318,0.20924444,0.0929768,0.071810775,-0.09877097,0.123608395,-0.16175318,-0.02254843,-0.06839053,0.12064279,-0.0035771881,0.15354185,-0.050009035,0.22612849,-0.09147134,0.10948728,0.0036254707,0.14809969,0.12812458,0.02838148,-0.11963224,-0.21560827
TCGA-38-4627-01,-0.080379024,-0.0064651426,-0.07786171,0.08477793,0.002026859,-0.04615928,0.038972657,-0.16798744,0.05749349,-0.06253383,0.24300905,0.009566872,0.085023515,-0.011162891,0.013604711,0.22142135,-0.028727796,0.15476425,-0.24492846,-0.085689224,0.19765936,0.1322406,-0.14839077,-0.1583762,0.0029519664,-0.09972771,0.2855553,0.036172867,0.11182365,0.1942994,0.071219236,-0.09911009,-0.055555165,0.10533122,-0.10849731,0.10198209,0.11458202,-0.06993223,0.057079785,-0.053387232,-0.04391274,0.06262869,-0.18004596,0.03624519,0.21105996,-0.05734029,-0.16157365,-0.12561503,0.18079424,0.065856606,0.13950811,-0.14439504,0.05411436,-0.25997648,0.086032085,0.15821005,0.1335129,0.14465861,0.04474695,0.006743902,-0.02094078,-0.0057093175,-0.12469114,0.21174833
TCGA-NJ-A4YI-01,-0.06673244,0.02415855,-0.009688381,-0.03237611,0.0140642235,-0.04377925,0.20075667,-0.13412496,0.07880787,-0.0790438,0.020709071,0.19132242,-0.049332086,0.17525208,0.16262582,-0.23566417,-0.25830716,-0.15696049,0.016692555,0.0057348805,0.09335569,-0.00571532,0.0692373,-0.056782495,0.1677611,-0.087441444,0.17909004,-0.22438014,-0.023932617,0.14676152,0.11368461,0.10544239,-0.13239948,-0.17659335,-0.045169078,-0.028375313,0.070164986,0.171667,-0.2392501,0.06403796,-0.103589185,0.026392328,-0.011933694,0.24230169,0.0511282,0.14297247,-0.07068794,-0.2319583,-0.13242175,-0.097352855,0.028712953,0.11557781,-0.25781754,-0.07299551,0.005686439,-0.059056673,-0.062311556,0.16337581,0.047854245,-0.06261669,0.16264813,-0.089627504,0.016474038,-0.09220188
TCGA-86-8056-01,-0.050602414,-0.3402764,-0.12219251,0.093878224,0.151482,-0.12569658,-0.045049082,-0.08082698,-0.08424406,0.14916475,-0.021183254,0.18624134,-0.06642455,-0.15699022,0.015442845,0.19558334,-0.1236472,-0.08926973,-0.013289022,-0.02178472,-0.05747555,0.19487189,-0.07083132,-0.069742136,-0.105296254,0.041048676,-0.14751749,-0.22066133,-0.12764008,-0.03998895,0.13248935,0.02903878,-0.08304523,0.011561959,-0.06971482,-0.045200597,0.057943016,0.014677176,0.11114707,0.08598655,-0.31313458,-0.02204729,0.0038689824,0.015306647,0.058387242,0.070162356,-0.2539053,0.20439759,-0.29493523,0.06428282,-0.15935461,0.037694525,-0.019635178,0.0055330917,0.20717777,0.0307799,-0.036031157,-0.034890637,-0.10072644,-0.08015726,0.19975883,0.10374736,0.037306115,0.00022013774
TCGA-86-8278-01,-0.17336312,0.03605797,0.038666394,0.12013408,-0.044426948,-0.066803575,0.20098455,0.040504415,-0.0056362394,-0.012667344,0.2346954,0.043684915,0.04682635,0.09091677,-0.087367065,0.0089668045,0.113712564,0.20623933,-0.23805629,-0.17862377,0.09148448,0.22821872,-0.024481002,-0.21234336,0.16841593,-0.10847361,-0.061778065,0.14677985,0.14625238,-0.002037269,-0.02340281,-0.06513323,-0.035623986,-0.05233066,0.059697736,0.120334536,0.11252736,-0.032988075,0.12079736,-0.13374202,-0.13792077,-0.043357972,-0.09397562,0.17434053,0.20726886,-0.089100055,-0.3013731,-0.064871825,0.18265529,-0.050243806,0.06447199,-0.1444599,0.0011682095,-0.13365334,0.10456992,0.104690805,0.20409389,0.19052799,0.025976598,0.109185874,-0.094488114,-0.04722746,0.044212986,0.09138708
TCGA-NJ-A4YP-01,-0.072121456,0.0073991907,0.065423794,0.07442696,0.065019146,0.09850335,-0.025246698,0.11447116,0.2597588,0.10805114,-0.385227,-0.20771755,-0.0111765815,0.12848337,-0.3092302,0.019578865,0.027224727,-0.0010188022,0.18733951,-0.14809608,-0.0752285,-0.08252386,-0.021948619,0.13736479,0.13399826,0.13958512,0.25489408,0.019608378,0.023531564,-0.05033142,-0.095344394,0.16086526,0.00061038876,-0.1858981,-0.118655734,0.00051650277,-0.01874338,-0.082395226,0.23836718,0.10258079,0.014211771,-0.035819393,-0.04909053,0.0345218,0.1051133,0.13288966,0.033312645,-0.06710529,-0.17598487,-0.0659952,-0.0421718,0.14257735,0.043794513,0.043164458,0.020705635,0.1746119,-0.12079265,0.04747395,0.13907059,0.037599176,0.11500209,0.0068520233,-0.16796695,-0.09864831
TCGA-53-7626-01,-0.051102515,-0.16890556,0.15558434,0.18762666,-0.028157648,-0.08046612,0.13246594,-0.037258063,0.08278127,-0.083146654,-0.19617924,0.08329043,-0.030130884,0.28984383,-0.13276327,0.09941982,-0.080381975,-0.025640244,-0.027395131,-0.0001874273,-0.00013588251,0.10641793,-0.12765433,0.08127471,-0.12007469,0.12152729,-0.10387705,-0.051633526,-0.22943968,-0.25557655,0.096198514,0.050242033,0.0042669475,0.045646,0.12742347,-0.012412235,-0.08876253,-0.07066121,-0.017450819,-0.00040449668,0.10740804,-0.12569329,0.02028142,0.32390586,0.08830299,0.17137758,0.045199018,-0.21756881,-0.16542889,-0.030329064,0.070024334,-0.16050716,-0.23547482,0.13690634,-0.07828204,0.22960234,-0.106650874,-0.057851292,0.059926685,0.008788319,0.06623582,-0.021703646,0.16864632,0.05092525
TCGA-69-8255-01,0.19949937,-0.02483659,-0.07840266,0.19040136,0.017335555,0.22091968,-0.14370689,-0.005256875,-0.109095156,0.022286803,0.064230956,-0.3014419,-0.084029764,-0.06599139,-0.09715851,-0.013672614,0.031518277,-0.028389761,0.15250738,0.17722894,-0.15710981,0.027398271,-0.07798493,0.02289635,-0.011096641,0.2995209,-0.049529664,0.161915,-0.16050765,0.02616562,0.21437569,0.18924713,-0.063150674,0.10796707,-0.090698294,0.07738579,-0.06308975,0.049062833,-0.05598686,0.10464139,0.12711729,-0.039405182,-0.13319984,0.022956392,-0.092705466,0.076323085,-0.11002206,0.15133627,-0.074360654,0.17653167,-0.19976886,-0.05671741,-0.15421575,0.012627987,-0.115030944,0.055797696,-0.08000427,-0.18577527,-0.07597188,-0.063310824,-0.016266774,0.05350501,-0.08496893,-0.29469904
TCGA-17-Z028-01,0.10432957,0.10012917,-0.052640725,0.02868605,-0.031140838,0.14294578,-0.10477429,-0.077443756,-0.21207587,0.16966856,0.17032635,-0.023471994,-0.013528565,-0.019496283,0.15066342,0.2655545,0.1778225,-0.09425225,0.030211257,-0.13096522,-0.22039133,0.01769271,-0.063002415,-0.06831839,-0.026830928,0.06397195,-0.08056517,0.053235523,-0.17829862,-0.059402674,0.05354169,-0.1928375,-0.023751331,0.28745678,-0.020163419,0.04660137,-0.024493711,0.12706645,0.0022308673,0.08542717,-0.038239677,-0.02540393,-0.09404855,0.015761076,-0.08079661,0.16536595,-0.11203273,0.052328415,-0.06702,0.28468296,0.16938055,-0.097490035,-0.06313593,-0.03214771,0.0892808,0.11469633,0.016096298,-0.10630174,0.034540065,0.26977265,-0.09391091,0.3075049,0.0936689,0.12909082
TCGA-86-A4D0-01,0.13550319,-0.036970682,0.05439234,0.15381373,-0.120488405,0.08120018,0.057317443,0.13833174,-0.053140298,-0.10705453,0.11042101,-0.010826498,0.0329044,-0.095091075,-0.15729511,-0.01452806,0.11820641,-0.05706076,-0.04210246,0.20792021,0.017705973,0.059670933,-0.18982789,-0.14726345,-0.096879646,0.29544076,0.07490685,0.07089155,-0.12366809,-0.20240436,-0.08258862,0.1443811,-0.11150736,0.20547067,0.17555127,0.12112061,0.04927731,0.028896857,-0.014232451,-0.028018713,0.20514564,0.02582981,-0.06569828,0.35487145,0.09112748,0.2509509,-0.064075775,-0.048817415,-0.04837256,0.052946005,0.033216454,-0.17750403,-0.1513489,-0.030333096,-0.0432296,0.27815259,0.045902874,-0.027766109,0.058626547,0.0076431213,0.0026432294,0.1590817,0.059249,0.04699193
TCGA-55-8508-01,-0.15964444,0.018339282,0.14085579,-0.07408898,-0.009400927,-0.047542624,0.12764598,-0.043471258,-0.024085239,-0.05093829,0.3310524,0.20150198,0.010278951,0.060463544,-0.12105515,0.020595118,0.1512243,0.15086438,-0.18540132,-0.1768088,0.01623318,0.1103937,0.051430326,-0.13741341,0.18073694,-0.14647461,-0.16136935,-0.14128594,0.03238214,-0.01563607,-0.08475462,0.014618819,0.13211317,-0.20373724,-0.03481434,-0.06982961,0.16320756,-0.042228907,0.008187794,-0.05600409,-0.1848532,-0.128712,0.2022335,-0.0065436796,0.029811269,-0.21883093,-0.22872992,0.011228312,0.07687707,-0.15269352,-0.05939929,0.1908882,0.09944278,0.10679586,-0.0070862547,-0.022355968,-0.11638903,0.067686476,0.08885083,-0.0014600318,0.013722142,-0.21475603,0.14145443,-0.17057918
TCGA-44-7661-01,-0.051466264,-0.122852474,-0.20865327,0.18330634,0.17397873,-0.2000568,-0.052887227,-0.20763619,-0.012751674,-0.053355288,0.11866617,0.07527032,-0.06348791,-0.1551456,0.030839553,0.105579324,-0.16939768,-8.591089e-06,-0.06654344,0.07200027,0.071984224,0.21243316,-0.16611673,0.013874167,0.06253785,-0.04028108,-0.084365405,-0.17871739,-0.108391054,0.27018893,0.10067661,0.13735229,-0.0392115,-0.10906219,-0.074216984,0.010257807,0.1028642,0.0503249,-0.048016943,0.067166984,-0.20799398,0.22123481,-0.078332484,-0.041310158,0.21077254,-0.051668476,-0.11682018,-0.03946696,-0.03715479,-0.054504834,-0.19181216,0.007732079,0.123339854,-0.08834316,0.062963806,0.014881081,0.094625205,0.19825324,-0.16844553,-0.22711328,0.18392666,-0.03004275,-0.09077883,0.10149625
TCGA-55-7281-01,-0.02146832,0.039201945,-0.20607394,0.1216366,0.13768914,0.17362256,-0.01789987,0.241211,-0.20862478,0.19063519,0.15543258,-0.22679694,-0.11662005,-0.004605146,0.19247685,-0.2919701,-0.0042205155,-0.0022767175,-0.021796867,0.06954482,-0.25030544,0.21531451,0.094020195,0.07205472,0.09729381,-0.0621751,-0.14136328,0.114037655,0.069466226,0.13089216,0.15387239,0.2299798,-0.07604074,-0.12675041,0.15274686,0.0657368,0.046340182,0.1255097,-0.054681998,0.0651841,-0.16245158,0.050151125,-0.082600676,-0.07012484,-0.12661417,0.031156555,-0.13269125,0.11656487,0.008776011,0.109044254,-0.06474015,0.038875826,0.117045134,0.05024672,-0.06286911,-0.04989562,0.10273274,-0.0067384453,-0.086685315,0.034326516,-0.19276252,-0.012887147,0.0077287806,-0.08965075
TCGA-17-Z004-01,-0.075647734,0.05647068,-0.29303434,0.27453664,-0.03665027,-0.20971501,0.17367963,-0.074368164,-0.07986505,0.068966255,-0.06612876,-0.19074893,0.14648844,-0.108732596,0.0973205,-0.17187215,0.06020008,0.15782475,-0.045488786,-0.06557356,0.1283487,0.10508393,0.06631555,-0.016251167,0.28190205,-0.10662594,-0.046012733,0.17578283,0.18311957,0.13696197,0.09135457,-0.019031802,-0.026582796,0.07011408,0.030185945,0.058836363,-0.2226277,-0.016457623,0.17656447,-0.05709805,-0.037615985,-0.028327178,-0.05304436,-0.057111744,-0.012816437,-0.20138253,0.11593497,-0.057245724,0.1492646,-0.0121972365,0.16054292,-0.004589262,0.08015622,-0.20816955,0.024233881,-0.116122365,0.06426326,-0.110463455,0.11474533,0.0076208925,0.06279044,-0.025515106,-0.25783652,-0.005573541
TCGA-S2-AA1A-01,0.089567296,-0.058417615,-0.049683806,-0.2125933,0.12972012,-0.012922285,-0.09213925,-0.005792513,0.029611718,-0.01614662,0.31764343,0.24004017,-0.018628486,0.12057508,0.2836838,0.05927191,-0.16313149,-0.056849014,-0.11032029,0.040972922,0.06789727,0.0068462943,-0.08501373,0.057467118,-0.20229599,-0.16991735,0.25236633,-0.14780809,-0.040029515,0.06236022,0.11705206,-0.13362014,-0.054020774,0.081549235,0.13846937,0.07229815,0.12077654,0.07389824,-0.097021125,-0.016230213,0.0058789533,0.14867531,-0.08414846,-0.05000865,-0.050168987,-0.06904979,-0.13405736,0.052210175,-0.0727839,0.09683038,0.06757925,-0.014137608,-0.07292164,-0.049189996,-0.025950048,0.026890367,0.18358392,0.101591505,-0.119550586,-0.13401939,-0.11387166,-0.04802862,0.04754903,0.39976662
TCGA-55-1592-01,0.1157077,0.10717893,0.119874746,0.13145722,0.09285342,0.15071146,-0.04669435,0.027609637,-0.17256491,0.096782595,0.19537526,0.041897185,-0.018475873,-0.082623325,0.14996411,0.10313422,0.28537738,-0.11054013,0.0073698577,-0.0999216,-0.10118926,-0.047443338,-0.08794506,-0.07768464,-0.022713799,0.24252592,-0.19853587,-0.051428664,-0.019092202,-0.06953978,-0.07568272,0.07432416,0.21806124,0.20854814,-0.027006717,-0.05154101,0.012772669,0.10204744,0.08520936,0.017281104,-0.07398106,-0.10945235,0.20830357,-0.14189766,0.045356393,0.075703874,-0.12532905,0.2029135,-0.13573562,0.10328735,0.06854144,-0.05296001,-0.13192001,-0.07143862,0.14419205,0.04125125,-0.1177237,-0.11346276,0.04385088,0.1848516,-0.10900974,0.21144809,0.2086598,0.19813561
TCGA-55-6978-01,0.0013727596,-0.20683907,0.04871959,0.020489175,-0.101469085,-0.19270104,0.16731915,0.009354547,0.21665956,-0.17156366,-0.1829742,0.008977611,0.16903313,-0.20857453,-0.012691725,-0.08978969,-0.14789723,0.09612831,-0.04583498,0.13993484,0.28593406,-0.049821217,-0.085991405,0.13572244,-0.03413879,-0.0537195,0.19938533,-0.09104736,-0.03852394,-0.10214871,-0.2693137,0.09883448,0.1315926,0.12695716,0.039786335,-0.07441873,0.04743808,-0.04069433,0.09597827,-0.15130892,0.18197125,0.12939739,0.085868634,-0.034302417,0.20121631,-0.00011050767,0.17534797,-0.07200163,-0.03767995,-0.15369011,-0.10646923,0.005261404,0.101029664,-0.02104784,-0.13018736,-0.05437765,0.038922686,0.05689517,-0.00412704,-0.18764634,0.16009155,-0.058390655,-0.13273099,0.1204977
TCGA-55-7815-01,-0.066555545,0.03029473,0.11522427,-0.1500732,0.03397481,0.0114848325,0.10981918,0.10310578,0.04432718,0.18683873,-0.38438556,-0.032779478,-0.0033620354,0.13630539,-0.050698668,-0.03692681,0.07824669,-0.0019263069,0.107852094,-0.2072738,0.16135839,-0.25108236,0.059105314,-0.030949667,0.07439852,-0.024398316,0.19417049,0.0544043,0.3362491,-0.10387435,-0.11565448,-0.063970655,-0.06173295,-0.072274834,0.15751137,0.07192615,-0.09590073,-0.032028593,0.13939728,0.045972187,-0.08668175,-0.030111494,0.0524454,0.036704518,0.22391331,0.034523964,0.114031404,-0.008280759,0.1300399,-0.04697945,0.12103441,0.009536616,-0.2383411,-0.04484442,0.14155069,0.11789201,0.13228272,0.08289031,-0.00055704167,0.24643585,0.015977457,0.13569076,0.040458977,0.06758381
TCGA-05-4425-01,-0.13664818,-0.010033336,-0.053985294,0.12643656,-0.07442838,0.07453386,0.11569455,-0.0077535305,-0.07739888,0.050879527,0.14855132,-0.18031175,0.024378428,0.12915456,-0.12114487,0.04906964,0.081864275,0.20769708,-0.16580468,-0.20960332,-0.009706886,0.21314207,0.02970676,-0.19464748,0.17072432,-0.03734103,-0.16115318,0.333879,0.07597411,-0.106744915,0.061732516,-0.054558005,-0.109465875,-0.05007647,0.09492425,0.14027688,-0.04378094,-0.085903056,0.119426124,-0.068867646,-0.08799492,-0.090491705,-0.16057459,0.21408395,0.07758914,-0.09423079,-0.2245181,-0.002240122,0.21528381,0.013650449,-0.0009100285,-0.18253739,-0.0012671088,-0.12488393,0.0020288979,0.082382046,0.14613347,0.07341789,0.0323106,0.1897873,-0.21252114,-0.04265233,0.037847273,-0.06292335
TCGA-55-8097-01,-0.19010042,-0.08127344,0.11705815,0.13862048,-0.07554859,-0.051298995,0.29618457,0.07751407,0.16596451,-0.1372439,0.006975706,0.1759623,0.05477817,-0.00081281504,-0.16768482,-0.1389055,0.041743543,0.10372537,-0.16576527,-0.016928364,0.1066648,0.21201429,-0.07569519,-0.1910925,0.11033142,0.027941557,-0.12536947,0.030849282,0.012677833,-0.14166641,-0.2692392,0.044194482,0.09956022,-0.14209633,-0.069212355,0.02075077,0.1512536,-0.05342277,0.1488187,-0.1291608,-0.0025602786,0.07524506,0.007394728,0.16074662,0.22371188,0.03224809,-0.27405322,-0.03246998,-0.0072987964,-0.14949441,-0.12673569,-0.11800341,-0.01632009,-0.08204982,0.13581513,-0.012057774,0.13950731,0.1341301,0.108237885,-0.049859382,0.062327553,-0.007029338,0.15853487,0.118021406
TCGA-05-4389-01,-0.094710134,0.16077085,0.08523089,-0.16602997,0.08943245,0.104553536,-0.11830322,0.1673646,-0.0094691245,-0.019574605,0.24438404,0.030464362,-0.07389614,-0.1286399,-0.12159275,0.073158115,0.1713045,-0.22542842,-0.019532152,-0.06580025,0.004747839,-0.13474087,-0.07050312,2.9039316e-05,0.06603101,0.06923816,-0.016049584,-0.012069284,-0.007544264,0.10676024,-0.081304654,-0.0392255,0.062058892,-0.10502139,-0.2253258,-0.0472268,0.36798504,0.083103225,0.085493125,0.007842947,-0.12616758,-0.06378602,-0.022548245,-0.24426523,0.12729545,0.16944909,-0.22284159,0.21881573,0.13181946,-0.060186364,-0.15256117,-0.030408287,0.058300536,0.14982864,0.030125272,-0.036663704,-0.054800227,0.15792422,-0.22762275,0.094902046,-0.044855755,0.027161542,0.019697031,-0.15354516
TCGA-55-8090-01,0.003818943,-0.21469341,0.17379074,0.042164385,-0.097337626,0.005380054,0.023095297,-0.13616307,0.06574219,-0.09972729,-0.044120982,-0.0037921835,0.027116882,-0.0127830785,0.09307906,0.19611822,-0.075032406,0.25789487,-0.1223669,0.038126085,0.22262758,0.06589529,-0.19853929,0.04987222,-0.02432073,-0.1474458,0.35740328,-0.1713614,-0.013436679,-0.070057034,-0.06550635,-0.063980706,0.08238458,0.22958814,-0.00247584,-0.13213286,0.024126459,-0.12627189,-0.16606472,0.04982467,0.07020199,-0.058406856,-0.046630565,-0.102023244,0.2684106,0.052572437,0.0043454063,-0.14383087,0.0015997558,0.17275356,0.012752865,0.06702387,-0.027109006,-0.13226211,-0.047022812,0.26792935,-0.038724776,-0.086062275,0.11666101,0.015591156,0.21009159,-0.0881905,-0.04889674,-0.08953608
TCGA-95-7562-01,0.1572384,0.06764626,-0.17950518,-0.21114406,0.03196038,-0.0030760153,-0.11094517,-0.11023021,-0.13853168,0.06597166,0.17807874,-0.07155214,-0.17341428,0.011280318,-0.17559297,-0.081196174,0.10737489,-0.2101096,0.24745679,0.03256246,-0.042223316,-0.1435382,0.060105797,-0.058757376,0.017344868,0.22543995,-0.02934219,0.09131072,-0.07713392,0.083765745,0.1796322,0.1478733,-0.12682676,0.022185089,0.074141346,0.028349608,-0.13866085,0.158665,-0.08727562,0.04290568,0.08881414,0.063187495,-0.030677706,-0.027967148,-0.08821812,0.12785785,-0.13865128,0.15154997,-0.1252248,-0.047869455,-0.06561996,-0.044071276,-0.3209886,-0.0073005636,-0.046763044,-0.049692333,-0.042731326,0.0035816994,-0.17381528,-0.03445368,0.073213466,0.11316792,-0.2659233,-0.2341226
TCGA-55-6975-01,-0.11212902,-0.020152373,0.19664486,-0.13061334,-0.117485955,-0.12156891,0.23939267,0.13974068,0.12208942,-0.0056257937,0.086067066,-0.038550787,0.17520222,-0.059104897,-0.015758064,-0.087754846,0.06573745,0.1490879,-0.04884731,-0.11188912,0.2281959,0.069679804,0.08414359,-0.13615178,0.052496437,-0.14478755,-0.10986623,0.13717157,0.13231578,-0.32971016,-0.07289624,-0.041673016,0.1163869,0.08311647,0.18635456,-0.07483984,-0.002788975,-0.057319365,0.036692735,-0.17999308,0.19844294,-0.024478871,0.15361075,0.0793915,-0.15010121,-0.20501359,0.13675825,-0.028875984,0.09414482,-0.14547034,0.06242234,0.096477434,0.07459447,0.018494198,-0.09684751,-0.18110909,-0.036994282,-0.18743603,0.21369319,-0.009524449,-0.07738826,-0.113238,0.06102904,-0.011270528
TCGA-44-3917-01,-0.00078765803,-0.10376882,0.0386022,-0.2276347,-0.0026355244,-0.17102854,0.109454736,-0.090470344,-0.031393606,-0.15233766,0.19937032,0.056585245,-0.03590934,0.1026291,-0.086005725,-0.047104806,-0.0709656,-0.018468995,0.060629632,-0.089473195,0.091139875,0.06705127,0.03493782,0.0332332,-0.059893813,-0.17808376,-0.0946169,-0.015064417,-0.058896556,-0.17921801,0.11600656,0.16842872,0.016645158,-0.10566347,0.16735043,-0.13723871,-0.033714525,0.008552591,-0.2536568,-0.14127101,0.12754868,0.016872678,0.17446701,-0.14455287,-0.09712842,-0.07088181,-0.035433084,0.029447852,-0.046849597,-0.2478476,-0.15744895,0.05943109,-0.12722108,0.15576403,-0.17734607,-0.15310942,-0.075603455,0.09454209,-0.27663216,-0.11646635,0.08293728,-0.23125732,0.0054788617,-0.2513167
TCGA-62-A46O-01,0.005287327,-0.17689976,0.160045,-0.01025234,-0.018663201,0.039466895,0.08038459,-0.063292935,-0.09078487,0.020301502,0.34106106,0.1535068,0.0022166602,-0.06360318,0.13824128,0.2477445,0.12060905,0.073346406,-0.15551679,-0.16204853,0.026098412,0.16376698,-0.14366691,-0.087248124,-0.05462389,-0.051758144,0.13262023,-0.13308871,-0.055025384,-0.09275604,-0.048546627,-0.027673118,0.12350017,0.2592273,-0.047476243,-0.1577526,0.18932389,0.012011877,-0.09614933,-0.005834061,-0.0929255,-0.085335866,0.031146992,-0.086787485,0.20303465,0.154895,-0.37364286,0.08346762,-0.1049873,0.12894544,0.01591298,-0.0029368754,-0.047764044,-0.059722163,0.05996245,0.20204073,-0.042294458,-0.017678648,0.008215733,0.15829323,0.065222345,0.09729872,0.040080816,-0.062187012
TCGA-73-4677-01,0.026539387,-0.19336969,-0.16610919,0.118788764,0.06323311,0.14011346,-0.07890124,-0.044125337,-0.20020434,0.12539962,0.08350538,-0.23492229,-0.15473975,0.07945575,-0.08250985,-0.1465975,0.1072264,0.122581385,0.053058468,-0.047085643,-0.14331959,0.21702802,0.08570447,-0.011979396,0.21922258,0.06460241,-0.2372954,0.20790696,0.003033679,-0.02045517,0.18017809,0.18175557,-0.07569943,-0.16072258,0.10679283,0.07475983,-0.19668537,-0.0829443,-0.021893745,0.133021,-0.07459025,0.016457362,0.013538344,0.039230738,-0.049199015,-0.21216299,-0.11053226,0.15848848,-0.062819995,-0.0011001889,-0.20998713,0.0500568,-0.020150483,0.026407037,-0.149835,0.019127255,-0.027579417,-0.0011120163,-0.001345366,0.02628475,0.070175834,-0.14904827,-0.0912569,-0.26736206
TCGA-44-5643-01,0.022922242,0.052663434,0.11528155,0.028024662,0.028658753,-0.106754184,0.18267226,0.063470885,0.070293196,0.1116324,0.027874058,-0.21515642,0.05158746,-0.3015966,0.023200886,-0.040121578,0.06770808,0.021677151,0.07928527,-0.24197146,0.09427181,-0.09382335,0.0169287,0.0106667,0.14447984,-0.020680452,-0.03492959,0.034192268,0.0875481,-0.06353149,-0.2501703,0.2688105,0.25039032,0.044048302,0.119770184,-0.17793053,0.0805152,0.01412873,-0.0069382945,-0.009034824,0.1349222,0.14909026,0.18499255,-0.05902577,0.26056814,-0.03420276,0.06828059,0.01781358,0.029608887,-0.22007751,-0.011659666,0.021393891,0.1900502,-0.0015051392,-0.19252492,-0.06569247,0.030067092,0.13453162,0.029327095,0.12483677,-0.013545878,0.22009304,-0.16508201,-0.07864626
TCGA-62-A46R-01,0.068926044,0.10130217,0.053282965,-0.057502467,0.17757568,-0.003145915,-0.13443708,0.24012129,-0.12156279,0.019743625,-0.13371693,-0.11008249,-0.13913986,-0.11559202,0.06108961,-0.28960276,0.066096805,-0.094567396,0.13976978,0.22238018,0.1268492,-0.20138218,0.055886377,0.23509188,0.11001134,-0.019767245,0.044418525,-0.02050822,0.116067484,0.0670069,-0.028629454,0.23469378,0.05031759,-0.10470139,0.26874992,-0.021363627,0.004681883,0.06142446,-0.08646204,0.12124606,0.037532568,-0.0049352353,0.17516115,-0.087601334,0.03115604,-0.097141944,0.26559153,0.063465774,0.11352965,-0.05221032,-0.12553741,0.09059342,-0.121346906,0.12648718,-0.20014262,0.02259334,0.058483906,-0.014706494,-0.1402142,-0.119281575,0.022649566,-0.16117306,-0.05590811,-0.07118371
TCGA-86-7701-01,-0.14067739,-0.040966086,-0.0090454575,-0.2757721,0.028806832,0.018555637,-0.082645714,-0.14215696,0.062671565,0.051749393,-0.09862081,0.24645849,-0.04146546,0.0129074,-0.17501174,0.083756275,0.028177327,0.024862343,-0.0915524,-0.0612882,-0.026831193,-0.01908833,0.09139079,-0.020305326,-0.03808369,0.022412667,0.0025614651,-0.21804227,0.07258904,0.109828144,0.106399044,-0.20459625,-0.093351424,-0.12882386,-0.2120787,0.04474605,0.08629248,-0.021887794,0.1524274,0.02089952,-0.19527479,0.064237535,-0.04429028,-0.19792794,-0.11367061,-0.086923644,0.03137701,0.1939568,-0.0016059686,-0.014688873,-0.15333898,0.21371008,0.13986218,0.10631051,0.21153991,-0.30102152,-0.2101339,-0.079874754,0.1759287,-0.07199856,0.07852434,-0.15644816,0.08734777,-0.0850631
TCGA-50-5068-01,-0.0340218,-0.074925624,0.067301854,0.009744789,0.0008489632,0.06495693,-0.04898327,-0.06460976,0.38332933,-0.10731283,-0.0014530842,-0.16500886,0.04335155,-0.21064866,-0.08796739,0.037763093,-0.3533779,0.05274558,0.03331998,0.11537561,0.20909065,-0.006261717,0.058127478,-0.095899336,-0.006389926,-0.11336721,0.13727291,0.0017525454,0.13418704,0.14076687,0.0624745,-0.0012989212,-0.08497038,-0.12628345,-0.12895727,-0.036923118,0.13360108,-0.15448353,0.11779981,0.04038259,0.20552112,0.08077605,-0.12199046,0.048588954,0.047679022,-0.16626409,0.08952577,-0.14039828,0.10499123,-0.18625598,-0.154286,-0.084611565,0.028608881,-0.047612272,-0.24681523,-0.03381167,0.056081552,0.12111525,0.021271724,-0.17164895,0.08970058,-0.0906773,-0.19193374,-0.011534176
TCGA-62-8395-01,-0.088837534,0.029915672,0.1549804,0.1646192,-0.015801545,-0.28788343,0.20176794,0.060436804,0.030069446,-0.11889777,-0.20802678,-0.02527273,-0.026607826,-0.01809063,-0.08572368,-0.03772482,0.071624726,0.07845096,-0.0120801125,-0.010759106,0.1262083,0.076442674,-0.06584696,0.058446188,0.062816404,0.024318188,-0.1485502,0.021027522,0.053934768,-0.029488508,-0.17465433,0.12693596,0.10930689,-0.03636078,0.17048693,-0.0033482474,0.048938926,0.031838644,-0.04864311,-0.097189285,-0.040612396,0.2024737,0.04189505,0.1306729,0.45039383,0.073409304,0.1457926,-0.19321746,0.07494482,-0.19871554,-0.026586955,-0.17258412,-0.00022943786,0.045379944,0.026675934,0.11101572,0.16226935,0.27195054,-0.12063998,0.006563567,0.15227272,0.025004966,0.053428352,0.084920175
TCGA-55-7816-01,0.2222343,-0.19334614,-0.094910644,0.1845948,-0.13074185,0.12902294,0.102361225,0.17091617,-0.058950573,0.011116262,-0.012261668,-0.13034032,0.11737164,-0.2930644,0.015350189,-0.13603222,0.05195504,0.039709706,-0.0045363745,0.28841764,-0.034107946,0.046733,-0.10625434,-0.0765408,-0.065863214,0.23952475,0.1099018,0.08287653,-0.006227607,-0.121479645,-0.055778928,0.20327005,-0.05095101,0.24291784,0.09549259,0.016491724,-0.03135704,0.049359962,0.0019451946,0.031920478,0.26832786,0.06542628,-0.034642696,0.068407856,-0.047531057,0.15071553,-0.04463307,0.07745508,-0.09479135,0.122159794,-0.00032670415,-0.07329245,0.009560467,-0.12113382,-0.13485248,0.040501717,0.04734725,-0.23999737,0.15734,-0.010092493,0.06494603,0.25668842,-0.013181133,0.017325275
TCGA-MP-A4T9-01,-0.060601655,0.105108425,0.11066131,-0.1424458,-0.08878643,-0.2030845,0.100895554,0.10860794,0.13187014,-0.11668712,-0.08294554,-0.23799546,0.0783208,-0.09796517,-0.08882569,0.10128623,-0.099762455,0.02980652,-0.010996845,-0.05025348,0.26039484,-0.1752164,-0.083295405,0.08617541,-0.039354682,-0.092402734,0.24676053,0.10370265,0.034457646,-0.11282678,-0.18124382,0.09272026,0.047285847,0.09722937,0.13389862,-0.045263354,0.12789296,0.03835024,-0.105424635,-0.15871759,0.13324347,0.099776596,-0.06997106,0.026860489,0.27688625,0.18594654,0.20293655,-0.14453907,0.20500621,-0.11729109,0.034343883,-0.037352532,0.118025646,0.0047734366,-0.077492416,0.10157978,0.0928164,0.17682846,-0.1905221,-0.03095211,-0.07207677,0.025217915,-0.15496103,-0.041430574
TCGA-55-8089-01,0.164665,-0.09411133,0.1470035,0.024126902,-0.020225452,0.024339845,-0.23909009,0.06289728,0.13722597,-0.086989574,-0.22874697,-0.055059783,-0.020654872,0.11824621,0.022352355,0.15279472,-0.20995232,-0.019804139,0.007724458,0.1814811,-0.022324031,-0.082870565,-0.025176149,0.21804132,-0.34963062,0.058331884,0.16257705,0.024036447,-0.16970515,-0.044457503,0.09741127,-0.28671026,0.0027917065,0.14360607,0.0029119616,0.093618646,-0.02440335,-0.1332142,0.047627565,0.025789475,0.25023872,0.02363594,-0.1560671,0.14524952,0.009530098,0.014720795,0.19820486,0.02283266,-0.0585873,0.1376155,-0.031143608,-0.18423663,-0.0027521665,0.09051985,-0.12892652,0.0803599,0.036956117,-0.02032357,-0.018277608,-0.11590318,-0.05130511,-0.042238735,0.002320612,0.20884708
TCGA-78-8662-01,-0.038897045,-0.26163915,0.15519081,0.12243277,0.028616568,-0.15549865,0.17257836,0.054772828,0.0034264887,-0.14088415,-0.1113095,0.1166757,-0.04851141,-0.042070772,0.045463353,0.04691627,-0.065802634,-0.09438398,-0.09798293,0.031176299,-0.022607878,0.13459171,-0.19190349,0.20807813,-0.10355934,0.023279022,-0.0066514593,-0.1698696,-0.21229723,-0.12774035,0.04273921,0.14366314,0.124011554,0.03272767,-0.036178898,-0.16027246,0.17606339,-0.006453023,-0.21346878,-0.00691164,0.0753523,-0.089590706,0.06039946,-0.05640504,0.21627946,0.26795307,0.0023195376,-0.048215114,-0.1000269,-0.09114816,-0.1428166,-0.047996737,0.007208222,0.24327521,-0.15894023,0.06720869,-0.1730095,-0.007012235,-0.12624794,-0.03388563,0.20047104,-0.02111309,0.14028849,-0.18272299
TCGA-75-7025-01,-0.13856786,-0.16035067,-0.18338616,-0.06804453,-0.107330635,-0.22081293,0.16289243,0.14662918,-0.038560238,-0.094533,0.10489467,-0.043659057,0.11176287,-0.17826054,-0.11751715,-0.03018526,-0.13948093,0.05024905,-0.026621712,0.13094611,0.14395367,0.24421921,-0.054137185,0.024064729,0.035307996,-0.12578017,-0.0020863772,0.0598072,-0.10415065,-0.10307707,0.07532037,0.17823276,-0.18932214,0.095363565,0.28456873,-0.014977502,0.1339584,0.091941066,-0.15068226,-0.16539347,0.03639797,0.16317943,-0.109391645,-0.007572178,-0.04510014,0.14264728,0.028723814,-0.12539694,0.11617157,-0.103434816,-0.086936265,-0.13464457,0.0020755443,0.1256743,-0.08602365,-0.05621497,0.17975944,0.09873011,-0.30117404,-0.081809625,-0.0118680205,-0.023657117,-0.146993,-0.05836078
TCGA-44-A47F-01,0.076235995,-0.061205506,-0.14017858,0.18227273,-0.11386446,-0.01825808,0.080241576,-0.12671082,0.0889647,-0.056934856,-0.06366572,-0.26904255,-0.028415728,-0.033060517,-0.21515828,-0.15085119,-0.011940636,0.011326069,0.05662304,0.1054904,-0.022531668,0.08814174,0.0165227,-0.0021238672,0.070192896,0.23404731,-0.09658979,0.22138421,-0.11742008,0.15388072,0.052021425,0.2201428,0.06643465,-0.022775387,-0.15949084,0.05313115,-0.13431998,0.07207286,0.050970912,-0.052751075,0.20792618,0.16888109,-0.15537703,-0.011710626,0.09550153,0.09685406,-0.17533639,0.020182518,-0.10834227,-0.054972127,-0.19294563,-0.1901898,-0.025361504,-0.1421005,-0.08492763,-0.11007038,0.017408274,0.03605777,0.0015114347,-0.14787814,0.11334174,0.13234554,-0.32955283,-0.123016834
TCGA-86-8668-01,-0.16150308,0.04959979,0.04715657,0.09601853,-0.05104841,-0.06620461,0.18784803,0.027005168,-0.011004671,-0.03410207,0.2357251,0.06666992,0.051055986,0.0689895,-0.11299585,0.038410537,0.11456723,0.19208924,-0.21902202,-0.15845762,0.096143454,0.24163224,-0.0276948,-0.22524318,0.121233314,-0.066992946,-0.061515994,0.1346123,0.12881176,0.022077397,-0.01864009,-0.049098484,-0.050426196,-0.036034238,0.06528762,0.12983301,0.13080281,-0.016800972,0.11375679,-0.13587688,-0.1294208,0.004258057,-0.0870362,0.1995139,0.21197768,-0.081053,-0.27818805,-0.08650775,0.18023553,-0.054336485,0.06315171,-0.18712933,-0.02011357,-0.14077897,0.12610291,0.09337624,0.22079669,0.20553546,0.020997202,0.10136309,-0.10397772,-0.0121059725,0.05235445,0.14819746
TCGA-MN-A4N1-01,-0.029672103,0.14879675,0.055836923,-0.2874237,0.09259572,0.15559429,-0.1730225,0.060094588,-0.12253425,0.14380895,0.11511053,-0.045968235,-0.08545754,0.085258625,0.09857525,0.026406765,0.0122255925,-0.21925029,0.018552355,-0.13002242,-0.07145348,-0.2638442,0.12956664,-0.07161676,0.026101753,-0.14838424,-0.077595435,0.13586628,0.15055653,0.07108573,0.011923552,-0.24905798,-0.019245183,-0.23024598,-0.021250468,0.05939044,0.049918786,-0.016625741,0.058994744,0.100477204,-0.17685065,-0.102308325,0.0684438,0.028261684,-0.08972849,-0.07571505,0.012141111,0.15566063,0.22496572,0.026358472,-0.014551859,-0.009319565,-0.07377115,0.15778491,-0.03696295,-0.013824658,0.05418163,0.11122006,-0.2071781,0.18619081,-0.29222968,-0.0451032,0.1504525,-0.06431246
TCGA-67-3770-01,0.012922726,-0.14046599,-0.058991704,-0.16923155,0.16932172,0.115029864,-0.056924336,0.12905997,-0.21999909,0.114192545,0.40033334,0.13744085,-0.11127283,0.036538225,0.16801348,-0.06593767,0.058675177,-0.08518553,-0.07084029,-0.025181029,-0.05515886,0.19927709,-0.08082843,-0.020746186,-0.012929803,-0.1951464,-0.008658876,-0.0117931105,-0.03214115,-0.18534753,0.10836188,0.0135543775,-0.045276467,-0.022686008,0.17414977,0.060134932,0.11475028,0.033944257,-0.11963278,0.04634495,-0.16835378,-0.017347723,0.09366577,-0.009209948,-0.1251829,-0.06348435,-0.24394667,0.2597812,-0.07074089,0.10554719,-0.13006626,0.14569655,-0.116477095,0.14653005,-0.027771175,0.08658278,0.032324065,-0.020189367,-0.12742534,0.010704185,-0.10945138,-0.15300742,0.2123858,-0.007987554
TCGA-69-A59K-01,-0.07943158,0.2529285,-0.050901607,-0.18483599,0.027800633,-0.21908852,0.08393665,0.033683904,-0.04244898,-0.011316299,0.07828457,-0.029588435,0.0306159,0.07601898,0.13932288,-0.09695221,-0.09861308,-0.19570884,-0.0072454493,-0.12753792,-0.029097823,-0.20751867,0.06217449,0.071936734,-0.039853748,-0.06749692,-0.18562102,-0.01632143,0.038497187,0.18477686,-0.019241503,0.047171123,0.09093799,-0.17772155,-0.038691886,-0.12160141,0.058013357,0.25640276,-0.14933562,-0.123344496,-0.15744355,0.02325764,0.0375878,-0.23661381,-0.018309046,0.20082553,-0.011399454,-0.03357915,0.052155796,-0.11179178,0.068925776,0.08190792,0.1222875,0.06876461,0.10633505,-0.2790696,-0.0047282847,0.14121881,-0.2936147,-0.0056865606,-0.22975446,0.08658122,0.035148248,-0.066939324
TCGA-17-Z020-01,-0.092498,0.018598499,-0.31133613,0.28757548,-0.014918662,-0.20623541,0.21054424,-0.073830746,-0.094749026,0.09921325,-0.067205675,-0.16959797,0.12126472,-0.11104076,0.070965104,-0.15789294,0.04791902,0.13820875,-0.05592413,-0.05830286,0.10054507,0.14120841,0.05799087,-0.0375297,0.29100487,-0.0718501,-0.06995894,0.17244574,0.18218178,0.16173531,0.16714945,0.04915773,-0.08218828,0.044952005,0.057680517,0.06635039,-0.2167304,0.020835456,0.16183345,-0.022436902,-0.061174974,-0.03634881,-0.09295169,-0.0569362,-0.020596579,-0.16087593,0.06084228,-0.064627305,0.1527563,-0.02590748,0.12872066,-0.07152385,0.016166624,-0.19513522,0.0147388065,-0.10164541,0.07467555,-0.1110827,0.07082913,0.041155823,0.06457733,0.012869894,-0.2575023,-0.03635403
TCGA-93-7347-01,0.012144462,0.00755425,-0.1528665,0.056291584,0.123491794,-0.19678806,0.07436478,-0.28549847,0.0016185767,0.0001778407,-0.066665135,0.09628371,-0.0038125624,-0.021573763,-0.08639528,0.10451319,-0.00076592824,0.0051603275,0.10095744,-0.11684961,0.1625965,0.08670105,-0.11654091,-0.10670727,0.037142966,0.098364405,0.11668263,-0.09494627,0.05753761,0.082582116,0.0139576625,0.10688968,-0.12980646,0.001854558,0.119943224,0.110598646,-0.08782486,0.017527986,0.04102841,0.02337144,-0.10465249,0.3125219,0.0145987235,0.1757603,0.28843203,-0.03330279,0.09925123,-0.17501502,-0.05819635,-0.10798488,0.05020573,-0.05641709,-0.18038043,-0.18547192,0.177602,0.094020784,0.1540531,0.22636548,-0.016523879,-0.03389508,0.18785766,0.11100637,-0.118621886,0.2775703
TCGA-05-4249-01,-0.13875298,0.011306157,0.038184512,-0.081208535,0.09619497,-0.0038070064,0.035913523,0.26342222,0.074742086,-0.12081312,0.22276111,0.2305706,-0.06909086,-0.12061175,-0.07499111,-0.16782793,0.016542466,-0.110188745,-0.13913701,0.1303998,0.162378,-0.046599627,-0.042315394,-0.10098812,0.13362956,-0.11649632,0.099529125,-0.13927878,0.07836565,0.07896462,-0.10968258,-0.016831271,0.040601153,-0.22112629,-0.18946785,-0.023130847,0.3529393,-0.015262466,-0.0005356298,0.053189576,-0.15245055,-0.15289126,0.011591351,-0.03160003,0.12642926,0.04365833,-0.32751706,0.19131778,0.09534377,-0.0959786,-0.10820828,0.07214036,-0.05315621,0.038489398,0.09679663,0.03984311,0.06229991,0.106238745,-0.116927095,-0.11042497,0.086749196,-0.07017935,0.0551656,-0.10337731
TCGA-44-5645-01,0.061153628,-0.06746178,-0.10124918,-0.19586982,0.12203341,-0.049126673,0.018409263,-0.17500137,-0.028168483,0.08920423,0.32481045,0.15910468,-0.1137267,0.059228644,-0.047359932,0.11809706,0.03954217,-0.0151770655,0.01581485,-0.19136545,0.050236147,0.17157124,-0.11293259,-0.23789434,-0.034903478,0.023930201,0.17392834,0.020578505,0.04724309,-0.13080162,0.15164386,-0.014644689,-0.2533655,0.05715969,0.2271196,0.14361908,0.007809829,0.028227875,-0.055293806,-0.016035682,0.020722631,0.2451532,-0.12599203,0.20191194,0.10006829,-0.04776413,-0.19214173,0.026909115,-0.09848876,-0.04338279,-0.004390315,-0.05879669,-0.20459324,-0.13093369,0.03979153,0.11609347,0.17989372,0.16400245,-0.0036071355,0.025886888,0.020064583,0.04840106,-0.026772885,0.21013476
TCGA-55-7576-01,0.0542328,-0.09186689,0.06381794,0.014997587,0.19698885,0.11217774,-0.017593848,0.18125728,-0.14148062,0.09589863,0.03474278,-0.102625154,-0.12364209,-0.01942025,0.10327952,-0.2731944,0.12583867,-0.006506863,0.09518151,0.019462617,-0.009370203,0.05775845,0.009049451,0.1568932,0.10158079,-0.085185684,0.058588203,-0.042523306,0.07317878,-0.146762,-0.06756469,0.34116334,0.1237307,-0.10748068,0.2683405,-0.065509655,-0.0017691043,-0.060978614,-0.07173601,0.10570763,-0.0058813076,-0.004199002,0.29793122,-0.06674303,0.032207478,-0.13965231,0.091907844,0.11436739,-0.1217019,-0.05107644,-0.1407972,0.21795094,-0.079916805,0.1675288,-0.23778382,0.13214579,-0.06045781,-0.0141088255,0.0036014696,-0.056052905,0.0598635,-0.22622941,0.023701426,-0.14025205
TCGA-78-7154-01,0.06731149,-0.021692963,-0.06488924,0.024893414,-0.0024709513,0.09786763,0.06547838,-0.08915298,0.10745023,-0.05412931,0.16582283,-0.12391502,-0.013447622,0.13161318,0.03363247,0.03738477,-0.22223204,-0.083979644,0.10314876,-0.097397245,0.0026014913,-0.10979513,-0.14288032,-0.017052775,0.08474085,0.14349234,-0.12351556,0.037904426,-0.2666114,-0.06014053,0.19451393,0.24387157,-0.060772926,-0.018670123,-0.07861181,-0.032126803,0.017641304,0.11970985,-0.2514696,0.04898275,0.18324429,0.048859965,-0.15595536,-0.0078010666,-0.06786596,0.05617466,-0.29296708,0.024692371,-0.16155489,-0.11318213,-0.18117052,0.030179778,-0.1402369,-0.05684011,-0.27398464,-0.10180638,-0.086939916,0.042222805,-0.049045593,-0.12451041,-0.08333241,-0.0009419283,0.13664195,-0.29200095
TCGA-55-6971-01,0.1102419,0.08884852,0.09739043,-0.0045996434,0.19888037,0.22305016,-0.22557648,-0.0452408,0.27076808,-0.0066094245,0.17935401,-0.06836531,-0.045530576,-0.2184209,-0.0699625,0.16035387,-0.1445414,-0.11180805,0.08664215,-0.047189582,-0.005094811,-0.12501661,-0.13468152,-0.07277067,-0.019222979,0.10113638,0.24178165,-0.11822032,-0.020139202,0.17432742,-0.016172253,-0.047190387,-0.03846402,-0.1232398,-0.30903798,0.0434626,0.2682319,-0.14656302,0.16867328,0.19489796,0.14432444,0.020288942,-0.12486819,-0.025099544,0.044204287,-0.075954825,-0.025164591,0.050112117,-0.027911356,-0.06902217,-0.14242437,0.09447334,0.08148632,-0.045997795,-0.15980475,0.025954206,-0.060897984,0.10077579,0.1110326,-0.10342057,0.042345334,0.014532751,-0.07267562,0.05418606
TCGA-55-7227-01,0.040751517,-0.08152768,0.18564495,0.097822405,0.06510476,0.060337532,-0.1234225,-0.108638786,-0.08750081,-0.07017656,-0.1310426,0.043553654,-0.15124571,0.036038086,0.036901776,0.1645142,0.023746217,0.09970518,0.010253082,0.020083698,0.1400329,0.05544034,-0.1716909,0.08879939,0.05374641,-0.019156678,0.17766753,-0.19906156,-0.03767437,-0.042440202,0.0641408,-0.013423196,0.019848637,0.09310343,0.024452856,-0.025550755,-0.011909149,-0.115655065,-0.18115996,0.20833638,-0.047160953,-0.22542135,0.05644171,0.096386515,0.30239165,0.016330965,0.074821,-0.11060517,0.0055795456,0.1260273,-0.05485576,0.12220355,-0.24044722,-0.00964602,-0.035526183,0.38711834,-0.10951864,-0.020619893,0.016802099,0.013787704,0.2761255,-0.15683854,0.058805633,-0.20070739
TCGA-MP-A4T6-01,0.06488068,-0.20473337,0.106047206,-0.10881689,-0.24106124,-0.122985065,0.18261038,0.03976103,-0.056726962,-0.0870388,-0.108893484,0.038141806,0.20399973,0.0037772271,0.047768366,0.05266698,0.115880534,0.10410329,-0.035280492,0.0020991454,0.13252969,-0.14215155,-0.1007738,0.11377555,-0.109793216,0.051480416,0.18810463,-0.04377622,0.031759024,-0.28008485,-0.19390424,0.015200853,0.035673965,0.33488896,0.25716928,-0.07166286,-0.07552606,0.029439472,-0.110912494,-0.13686001,0.13486892,0.0155745875,0.155635,0.055142403,0.1703683,0.100325346,0.18681645,-0.11624397,0.032318633,-0.00014793275,0.17428665,0.04625935,-0.079459004,0.12420325,-0.08893025,0.19208139,-0.045789313,-0.021392101,-0.08163145,0.11244955,0.08206578,0.027868498,0.086325504,-0.06105608
TCGA-05-4433-01,0.025383372,-0.13253681,-0.03145556,-0.06261813,-0.033915788,-0.16137601,0.20560467,0.16765703,0.1355037,0.108821936,-0.3435358,0.088178985,0.13399498,-0.048878312,0.06377232,-0.1605583,-0.06205641,-0.118704416,0.112392895,0.022834886,0.015656123,-0.14628264,-0.0045497986,0.07016893,-0.017107518,0.06152117,0.19837487,-0.11074345,0.086296424,-0.102142654,-0.18796976,0.12068637,-0.06474183,0.0034453261,0.20051375,0.011322977,-0.018306619,0.11643735,0.13259396,-0.032305002,0.016378347,0.22727954,0.099144176,0.16334443,0.09669052,0.12928139,0.16682929,-0.11247126,-0.19881664,-0.16093591,0.0995369,0.024026863,-0.056951232,0.009002958,0.056009833,-0.004310754,0.13030502,0.068901755,0.030379621,0.010606956,0.0970863,0.2054472,0.009447422,0.32101306
TCGA-55-A48Y-01,-0.10124462,0.009762586,-0.016020924,0.28460872,0.057521928,-0.19167021,0.14669366,0.031045554,-0.049399145,-0.16724628,0.015442126,0.17448097,-0.026877725,-0.14818606,-0.09698024,-0.17857054,0.07330126,0.07205196,-0.10012769,0.13688797,0.12159076,0.14311253,-0.067238085,-0.025407324,0.2256394,0.02792038,-0.28779352,-0.14398889,-0.07073118,0.06520242,-0.20312575,0.14473188,0.12652054,-0.17956929,-0.028966514,0.005010503,0.097306915,0.020159485,0.016648142,0.027571985,-0.23913386,0.02314126,0.13252433,0.11201053,0.28977638,-0.07012488,-0.07681123,0.0016196516,0.020494243,-0.13329938,-0.13673328,0.019031115,0.028756967,-0.0108728735,0.13611303,-0.0019149132,0.07035965,0.15420796,-0.074463524,-0.13464227,0.22567046,-0.06555655,0.08551609,0.0035125501
TCGA-97-8547-01,0.0031385827,-0.003852129,0.100128844,0.047958698,-0.077925615,-0.121644415,0.09020236,-0.052652236,-0.06949696,-0.015778081,0.046217885,-0.09280869,-0.059173625,0.037186056,-0.2020644,0.061167315,0.18386583,0.10624388,0.062194947,-0.11874747,0.16559838,0.10959777,-0.06164762,-0.20086388,0.055988163,0.14098233,-0.105435304,0.17648047,-0.017162437,-0.26573,-0.055091657,0.09369151,-0.054978583,0.15584873,0.2628462,0.11654679,-0.14938284,-0.035812873,-0.007105115,-0.047923967,0.07580059,0.10113291,0.0234197,0.36748046,0.25471124,-0.02282657,0.021526076,-0.09592105,-0.040022437,-0.0847276,0.07267837,-0.1552992,-0.22326522,-0.08027995,0.046780307,0.28715128,0.08852876,0.13592088,0.027205896,0.08510305,0.12119315,0.040217273,-0.056796297,0.02125704
TCGA-17-Z005-01,-0.09537592,0.03278718,-0.3075238,0.27978274,-0.024313545,-0.21173085,0.20659131,-0.07221982,-0.09534572,0.09566111,-0.05929801,-0.16557515,0.13152747,-0.1054159,0.07650503,-0.16158064,0.056983713,0.13908677,-0.054155186,-0.065455586,0.10498002,0.1315346,0.06677557,-0.04208667,0.28777608,-0.08685242,-0.0641459,0.17144603,0.18772942,0.15076634,0.14787363,0.02521869,-0.073006354,0.055073906,0.052542895,0.061229512,-0.21761347,0.0137412045,0.17085502,-0.035367873,-0.060972802,-0.044518013,-0.0787086,-0.05444224,-0.031884104,-0.16768111,0.07158009,-0.065586366,0.14960016,-0.019196333,0.15410972,-0.053546455,0.023659758,-0.19704606,0.029296013,-0.106194295,0.072010025,-0.12063494,0.08462854,0.03927794,0.06268975,0.008812041,-0.2551459,-0.02639131
TCGA-55-8616-01,0.20551768,0.014514691,0.13923919,0.27762586,0.08125262,0.38910183,-0.1925004,0.1476427,-0.020264333,0.12020416,-0.010129282,-0.24091518,-0.07391356,-0.15004407,0.10859227,-0.058260962,-0.036887776,-0.038153514,0.09780431,0.24468593,-0.22636275,0.054901984,-0.0040511196,-0.054149363,-0.124294944,0.19902065,0.0020335896,0.02781415,-0.0025914041,0.028758287,0.045719527,0.07553074,0.008276234,0.086726606,-0.05229146,0.07562317,0.04682717,-0.08320368,0.1217366,0.16195652,0.14654987,-0.060061265,-0.036002822,0.13157248,-0.08426008,0.028539184,0.043953408,0.078470826,-0.10368922,0.22645703,-0.0846072,-0.082647435,-0.05206612,0.00508839,-0.14992796,0.16461867,-0.013311664,-0.16904332,0.15812863,-0.0025782543,-0.095581494,0.08456182,0.0873948,0.047053445
TCGA-50-6673-01,0.038525153,-0.13882272,0.06184784,0.012220853,-0.05972967,-0.19646518,0.26757947,0.2805585,0.04532986,-0.03545571,-0.14739998,-0.028420748,0.122558564,-0.16686884,0.17277186,-0.3583816,-0.041737527,0.030092617,-0.055821765,0.09829291,0.20655476,0.022147752,0.00053147244,0.15708809,0.05688861,-0.056746617,0.09141828,0.05498357,-0.006025737,-0.22297078,-0.12711632,0.12035985,0.08401074,0.14671865,0.2501144,-0.0014218579,0.04606031,0.08187272,-0.055498965,-0.07921886,0.2635894,0.087754115,0.066873714,0.058750663,0.044216633,0.045117654,0.18928725,0.01759262,-0.020208115,-0.11050907,-0.024967087,0.027929967,0.05771473,0.023990292,-0.1983243,-0.17538577,0.11350179,-0.068234704,0.077012315,-0.07331154,0.06890324,0.03211911,-0.08372904,0.10042513
TCGA-97-7552-01,0.006340481,-0.35643885,-0.003972381,-0.055428114,0.022112101,-0.050200578,0.047608484,0.036600508,0.1661803,-0.0054483563,0.23553781,0.11740211,0.05598103,-0.16167003,0.13604707,0.117418386,-0.26260877,0.06668546,-0.19634892,0.043414388,0.22323295,0.16687794,-0.2377391,-0.056296077,-0.2199233,-0.117040396,0.18805571,-0.12621231,-0.089770235,-0.114207536,0.069558285,-0.06285865,-0.06208646,0.16250063,0.009953506,-0.0331949,0.17654818,-0.053468853,-0.037568104,-0.049093988,0.08936102,0.07927296,-0.15602034,-0.14199068,0.063813664,-0.024430703,-0.22429888,0.11269666,-0.12096103,0.00813606,-0.13652483,-0.025745954,0.119046345,-0.09345748,-0.107797585,-0.01321909,0.012907434,-0.014868123,0.0110856285,-0.13590376,0.04452979,-0.03758674,0.04918612,0.1449263
TCGA-49-4490-01,0.23828314,-0.09627504,-0.12966298,-0.032842867,-0.0543365,-0.058220193,0.1200442,-0.012836015,-0.10508937,-0.009016795,0.09798095,0.16554272,0.0011433115,-0.088967234,-0.080400355,-0.11240692,0.15492216,-0.12909304,0.067679346,0.14767033,-0.030266477,-0.023952652,-0.070465796,-0.141638,-0.1724596,0.27198228,0.017547214,-0.019018747,-0.07021144,-0.06762767,-0.027750835,0.15698692,-0.019631075,0.13582478,0.15187865,0.08609951,-0.10793295,0.10859851,-0.016050437,-0.020933598,0.24396794,0.22566374,0.087511465,0.102885775,-0.00059510313,0.069871224,-0.12655903,0.14400338,-0.19620688,-0.059021235,0.052671395,-0.1751267,-0.21169478,-0.13800266,0.01543268,-0.012116901,0.10541691,-0.037258975,0.044945892,-0.06412384,0.13653004,0.3155325,0.0005040153,0.2585406
TCGA-49-6743-01,-0.09547589,-0.07634194,0.13073286,-0.09335042,0.034775674,-0.07142151,-0.053360507,0.2847457,0.18521577,-0.0846006,-0.3986146,0.10927634,-0.014035227,-0.07484653,-0.009833887,-0.14075056,-0.15944704,-0.1301505,0.009438715,0.10253486,0.10557013,-0.14703147,0.06493347,0.24309735,-0.04822602,-0.089446545,0.23154789,-0.16424133,0.0014184904,-0.008916079,-0.11360718,-0.1590105,0.028666224,-0.054981887,-0.19162066,-0.06274635,0.19626653,-0.057960954,0.16761824,0.008965475,0.011664971,-0.16204491,-0.031009803,-0.11077339,0.05941367,0.19320843,0.117810756,0.13251477,-0.065380804,-0.042789724,-0.08287473,0.12095866,0.096255206,0.14091308,0.04969541,-0.12182245,-0.062717974,-0.0077681714,0.011632629,-0.0972557,0.16617307,-0.064211376,-0.07090207,-0.04369467
TCGA-95-7947-01,0.06609887,0.16019936,-0.0066711954,-0.1476773,0.14845026,0.12908635,-0.1546421,0.09611158,-0.0025481542,0.049402002,0.21699749,0.11962798,-0.08137971,0.23200816,0.04652477,0.0754552,-0.012178058,-0.1879955,0.07243193,-0.019123215,-0.17008607,0.0063294396,-0.15657869,0.014363077,-0.16723484,0.04833413,0.1163465,0.017269494,-0.07868186,0.027426345,0.17059526,-0.047252566,-0.1559854,-0.029041506,0.088712685,0.19375551,0.15364072,0.106725335,0.014330383,0.036797393,0.018006286,0.15499832,-0.16279079,0.1876367,-0.08359499,0.014986024,-0.17179146,0.006479428,-0.03062207,0.06429094,-0.019854324,-0.11057974,-0.09706254,0.07521914,0.005672295,0.117710926,0.18554631,0.12573738,-0.15321141,-0.022886636,-0.31705728,-0.027524445,0.25294736,0.22532108
TCGA-17-Z061-01,0.03271204,0.1268762,0.09238281,-0.11772401,0.1644331,-0.045285754,-0.19527408,-0.25465065,-0.0747587,-0.021707464,0.0308551,0.029691137,-0.2805499,-0.22784969,-0.026645018,0.07780195,0.06244197,-0.09272298,0.25387573,0.055546276,0.15795594,-0.09260726,-0.10675409,-0.017356567,0.064205624,-0.0073070955,-0.07853726,-0.089868404,0.015330405,0.02160378,-0.13177356,-0.04977502,0.06836805,0.0056921644,-0.17080306,0.0059126504,0.05157164,0.008502782,-0.10615717,0.14410149,-0.1561249,0.012467042,0.33011323,0.10733583,0.18074945,-0.10728038,0.1793894,0.08430377,0.08050866,-0.050821893,-0.17689976,0.1570064,-0.07044203,0.018350644,0.116622895,0.18972026,-0.08179034,0.027071377,-0.15876396,-0.035714284,0.16762035,-0.13049538,0.020289468,-0.14949554
TCGA-78-7166-01,0.03678816,-0.1771764,0.09168621,-0.015160727,0.11429051,-0.021505408,-0.08359925,0.15495372,0.11556329,0.024293283,-0.33652073,0.23411496,-0.010067185,-0.17053431,0.04032787,-0.039524946,-0.11618134,-0.14189425,0.011775221,0.130739,0.006967498,-0.10815853,0.00681269,0.14451982,-0.1483601,0.07437865,0.16800798,-0.30625927,-0.0415614,-0.04573808,-0.07819362,-0.0177134,0.006527514,0.012211014,-0.16594535,-0.020937962,0.16526088,-0.042608798,0.21564476,0.057215277,-0.057018124,-0.12037278,0.073852114,-0.07280889,0.022603763,0.1314061,0.06407884,0.18448862,-0.2695085,0.008922527,-0.112249665,0.17683195,0.024529573,0.08688336,0.11793158,-0.10745479,-0.07928266,-0.08847661,0.052787002,-0.17407157,0.23830962,0.02616322,-0.0014581562,0.10005925
TCGA-55-8206-01,0.10691268,-0.055067677,0.08790969,0.053540494,0.053710874,0.08651987,0.05435535,0.0901308,0.19192971,0.16987157,-0.16047484,-0.1252651,0.06442401,-0.13873577,-0.17754102,-0.008936466,-0.10516075,0.05112189,0.18342975,0.045124754,0.058640346,-0.21676682,0.09686638,-0.2536238,-0.22258452,0.21317564,-0.16200766,0.038401034,0.2614813,-0.09019696,-0.027461784,0.18315469,-0.050263338,-0.056495424,0.025080947,0.022473998,-0.063083395,-0.101737626,0.30046687,-0.068575144,0.09731125,0.012405684,0.07789845,-0.06287823,-0.05325809,-0.1592419,-0.046508126,0.139474,-0.09049208,-0.17879888,-0.07035423,-0.13365412,-0.12892286,-0.081229866,0.008525416,-0.1135174,0.13107637,-0.03904485,-0.017120913,-0.09996658,-0.10287944,0.19460718,0.084450305,0.12248259
TCGA-50-5942-01,0.0006814339,-0.3670145,-0.008624801,-0.05505505,0.03195784,-0.04664726,0.05204231,0.04027587,0.17034066,0.011730092,0.21948464,0.113862075,0.05917911,-0.16079788,0.1420932,0.115734756,-0.26269343,0.058502883,-0.19099446,0.027428685,0.21403347,0.16864948,-0.24002771,-0.05247963,-0.22181408,-0.12211225,0.1844549,-0.1169467,-0.08555142,-0.13019712,0.06206152,-0.06155151,-0.06359788,0.15025103,0.012378773,-0.03222362,0.17107746,-0.06099424,-0.02452479,-0.043179803,0.079789914,0.08475491,-0.15303117,-0.15324432,0.060488462,-0.021832071,-0.23138827,0.123091035,-0.13475344,0.004133331,-0.14655352,-0.024150867,0.114625886,-0.09028246,-0.09752778,-0.015228883,0.015278669,-0.02334966,0.009800823,-0.12917396,0.04037515,-0.028827453,0.058686916,0.14881161
TCGA-05-5423-01,-0.017184014,-0.05100657,0.11310499,-0.10837498,0.11962099,0.0084730685,-0.045703236,0.23345664,-0.17028292,0.007628064,0.3514118,0.1468971,-0.17288323,0.07437999,0.15096958,0.0020949715,0.09296537,0.025523644,-0.06607679,0.022728413,-0.007642205,0.19048268,-0.07693377,0.09183394,-0.046588235,-0.18839788,0.17421795,-0.09627602,-0.06411266,-0.05219161,0.077998444,0.063949205,-0.00895811,0.08144767,0.18700978,-0.011826613,0.2809181,0.048146997,-0.30165416,0.062372155,-0.046425343,0.04798836,-0.053066596,-0.01440175,0.07803101,0.0968844,-0.2555528,0.06507095,-0.0213573,0.13977377,0.00092999305,0.047019362,-0.045643985,0.15279603,-0.044073574,0.24668334,0.16872995,0.09242629,-0.1857365,-0.02844233,0.080044165,-0.06913436,0.035359245,-0.06677631
TCGA-MP-A5C7-01,-0.0379942,-0.19358526,-0.10961062,0.061673973,0.068203375,-0.2640457,-0.066158704,-0.028465513,-0.079758495,0.034973744,-0.11267294,0.032954365,-0.17073788,-0.08967272,-0.12962802,0.06145671,-0.01529898,0.10420149,0.08028194,0.07301226,0.07968637,0.17480513,-0.056224033,0.09789594,0.08690476,0.057490118,-0.15848619,-0.11245255,-0.043161996,0.008113495,0.043455653,0.04797863,-0.1685323,0.06918647,0.33936423,0.041620374,-0.026453793,0.03772367,-0.06053759,0.04512868,-0.14504868,0.27062142,-0.101728834,0.09201184,0.30282938,0.035589993,0.14100415,-0.024768533,-0.029730016,-0.11281899,-0.103674576,-0.11086141,-0.0020113073,0.05242395,0.033873163,0.119726494,0.18390259,0.22788131,-0.17345122,-0.003032147,0.2770583,0.044296622,-0.10940059,0.11580889
TCGA-MP-A4T2-01,0.078601606,-0.13252535,0.04179297,-0.107881576,-0.015288904,0.07661253,-0.027609743,-0.0037757566,-0.026401332,0.06406684,0.09198336,-0.15100922,-0.09656054,0.2753644,-0.08998888,0.11516664,0.06545123,0.070043474,0.08644393,-0.14872085,-0.14012128,0.100709036,-0.003850777,-0.0025895322,-0.085272335,0.051786248,-0.05343739,0.2890136,-0.0021056363,-0.08208253,0.15336305,-0.006119042,-0.041327167,-0.050811958,0.16737609,0.10047657,-0.02125438,-0.028710889,-0.05100698,-0.02494627,0.12769444,0.3130866,-0.12662578,0.15330791,0.10950515,-0.11280075,-0.17866766,0.043324493,0.0058297394,-0.031535402,-0.14557578,-0.30318144,-0.03549061,0.053858954,-0.1886407,0.06063508,0.28326988,0.21726537,-0.18075234,0.09699059,-0.15087844,0.03818874,0.058776096,0.06446749
TCGA-17-Z059-01,0.029129596,0.118175,0.0878518,-0.10590303,0.16837098,-0.04802742,-0.19143689,-0.2452353,-0.08418248,-0.025360081,0.01866907,0.032307554,-0.2754075,-0.2141353,-0.026600037,0.071572304,0.07042053,-0.08518514,0.24190025,0.057173442,0.16926417,-0.09655994,-0.11456877,-0.0077627553,0.0796183,-0.011446389,-0.08014163,-0.09609917,0.018783009,0.014968283,-0.12473612,-0.0385713,0.06919968,-0.0031983957,-0.15086642,0.009893537,0.036460843,2.3724306e-05,-0.10460397,0.14907858,-0.16098177,-0.0017277459,0.3319473,0.1019725,0.18951342,-0.124329686,0.18829732,0.07625727,0.08562412,-0.053341314,-0.17028114,0.16544716,-0.08268222,0.023233905,0.11040101,0.20225784,-0.08349635,0.027785605,-0.15776402,-0.04330338,0.17645255,-0.14706728,0.031165712,-0.14379303
TCGA-67-6215-01,-0.12054442,-0.13242519,0.13748828,0.3209078,-0.040117543,-0.13031435,0.26093876,0.08779665,0.11138488,-0.06472498,-0.2749013,-0.05547793,-0.04290364,-0.08545958,-0.092294075,-0.10717567,-0.03732327,0.063075915,-0.04084926,0.08626154,0.026315399,0.22393729,-0.046904776,0.05080996,0.09834849,0.044430878,-0.12696058,-0.052317023,-0.06488535,-0.066551074,-0.10335084,0.22926007,0.11619823,-0.02646688,0.07876982,-0.08347865,0.084623896,0.0036694682,-0.0067306305,0.013477512,0.0741781,0.058205653,0.030180942,0.23632896,0.3267575,0.1826474,0.07222967,-0.24655056,-0.06421853,-0.11621522,-0.028049963,-0.13343559,0.04697419,0.044761244,-0.09968384,0.11754171,0.027946988,0.08787276,0.09204613,-0.015457997,0.2422594,0.08736371,-0.018943882,0.011590194
TCGA-44-3396-01,0.008094058,-0.21739429,-0.17804521,0.11735903,0.08291581,0.03905017,-0.094256446,-0.40377155,0.049152486,-0.012252483,-0.030755088,-0.19815399,0.0054371473,0.026142746,-0.14400315,0.19955407,-0.1600938,0.119905025,0.068140425,-0.090595536,0.12265441,0.053807538,-0.09193117,-0.043282118,0.022502484,0.14977364,-0.12138911,0.072995506,0.020035468,0.12566556,0.196176,0.15294652,-0.06062768,-0.1185331,-0.12591353,0.030388078,-0.17307262,-0.14240772,0.12547594,0.059083547,-0.12175979,0.13229539,-0.0036451172,-0.08379942,0.1371473,-0.22487397,-0.026152665,0.03992181,-0.041951098,-0.10605112,-0.29293302,-0.07873496,-0.09482344,-0.13795574,-0.019887745,-0.04261691,-0.03616614,0.06714372,-0.12478562,-0.12253866,0.03891464,-0.110711634,-0.098870836,-0.10222174
TCGA-97-A4LX-01,0.050409727,-0.0657543,0.031689856,-0.14888215,0.05557928,-0.06252379,0.11573131,-0.024538325,0.17639832,-0.12306076,0.04334025,0.10642288,0.10040001,0.0121992845,0.2553434,-0.09361653,-0.32404432,-0.16797532,-0.04347561,-0.047836944,0.19684839,-0.13896348,-0.15885875,0.12273574,-0.035142973,-0.17333306,0.3824951,-0.18276578,-0.16869338,-0.08365155,-0.025137005,0.07204593,0.013906601,-0.01090166,-0.090563804,-0.038150277,0.16859604,0.057649672,-0.2007214,0.0137948645,0.14335732,0.04229334,0.014209226,0.02119278,0.008603931,0.113287084,-0.0070554293,-0.065743744,-0.1655275,-0.06956812,-0.058641467,0.24945195,-0.028448975,-0.031483978,-0.15273893,-0.097898826,-0.058969717,0.059143387,0.02495104,-0.21226981,0.03335119,-0.09075449,0.012201465,0.007137246
TCGA-49-AARE-01,-0.09366061,0.14487676,0.053990882,0.041525852,0.12359528,-0.261621,0.16939068,0.026864525,-0.016065652,-0.049472228,0.08498623,0.027817031,0.007551181,0.013350715,-0.08756374,-0.013974733,0.02250841,-0.08148024,0.034663558,-0.1490405,-0.03623594,0.06657454,-0.012799117,0.06776168,0.08156047,0.011992432,-0.2647137,-0.13984571,-0.16196348,0.07734889,-0.052167423,0.33984908,0.12673603,-0.22673988,0.14001751,-0.13589074,0.1592766,0.1666455,-0.18184207,-0.02528545,-0.096382424,0.11846258,0.13424739,0.0086557,0.13808848,0.0718861,0.029000338,-0.19963606,-0.016088108,-0.26975328,-0.036133625,0.02776305,0.08653329,0.16617227,-0.10114534,-0.088556156,0.008570621,0.27495763,-0.19439815,-0.0397027,-0.030050036,0.028810855,0.0065699476,-0.043657564
TCGA-55-7574-01,-0.005991429,-0.0202001,-0.13830812,0.050871573,0.20687506,0.07053447,-0.14656156,-0.2237928,-0.03199706,0.019919327,0.2318246,0.17308624,-0.108168535,0.08733549,0.034353234,0.13572408,-0.07466249,-0.05836104,-0.057665873,-0.057665545,-0.017593531,0.21859428,-0.12617466,-0.09153462,0.05828918,-0.03450532,0.2652676,-0.13697901,0.024027549,0.17339489,0.2354169,-0.07310012,-0.2170129,-0.080138154,-0.08655634,0.14407566,0.09340033,-0.039222915,0.015384941,0.14657608,-0.21483254,0.0659642,-0.12533866,0.22602145,0.10698976,-0.0154871745,-0.1893455,-0.055791013,-0.06800998,0.13022898,-0.026952129,0.055285912,-0.14821248,-0.10923279,0.13325277,0.22361453,0.052221283,0.121900514,-0.009246924,-0.06299334,0.096296936,-0.1039225,-0.057472326,0.086944595
TCGA-62-A46P-01,-0.124438,-0.16963398,-0.0871222,0.28409788,0.06749649,-0.14528604,0.14008127,-0.010976344,-0.07091777,-0.114888355,0.089415014,0.20940132,-0.049478583,-0.099542946,-0.043007832,-0.11448267,0.09621478,0.05490311,-0.17633218,0.09733526,0.06108727,0.26894864,-0.16730389,0.006883106,0.23046705,0.034569502,-0.15546727,-0.14395203,-0.09106354,0.0786321,-0.13756867,0.11442287,0.069038294,-0.12293609,-0.015013513,0.028765064,0.11256702,0.007695125,-0.015075743,0.04326726,-0.25459042,0.12567253,0.04857384,0.078464545,0.31985542,-0.022790257,-0.14779384,0.020751031,-0.005299229,-0.07327788,-0.1680984,-0.016291937,0.048558436,0.01773003,0.09927014,0.09175792,0.036209837,0.17343682,-0.06797597,-0.0648824,0.2532025,-0.07397434,0.07255902,0.045626026
TCGA-55-6642-01,-0.06942791,-0.3686094,-0.003621188,-0.25699323,0.05265536,0.007583276,-0.06635808,0.13178845,-0.083478235,0.30454752,0.1195221,0.074284025,-0.07514825,-0.014953313,0.015369938,0.0879175,0.053286485,0.047322787,-0.010172398,-0.08943546,0.033762164,0.09101467,0.018627713,-0.01421749,-0.0434646,-0.1394735,0.14772661,-0.09235706,0.15924393,-0.16825499,0.0038525092,-0.089643784,-0.14436191,0.16891599,0.309102,-0.011683709,0.09207673,-0.025196899,0.08993333,0.007331609,-0.22254518,0.11910899,-0.009236384,-0.07144135,0.09921703,0.094377466,-0.085471466,0.19784434,-0.11432217,0.06043803,0.037579525,-0.018810276,0.013190404,0.12998345,0.037494324,0.18359004,0.121755436,0.12415067,-0.11171693,0.24407305,0.07492241,0.06747349,-0.07564593,0.116030894
TCGA-55-7727-01,-0.002521506,-0.17162296,-0.15816844,0.17234968,0.06763326,0.14376244,-0.09333605,0.046978503,-0.32448268,0.119674206,0.12719622,-0.09780822,-0.16659272,0.014844036,0.059656996,-0.10357419,0.13312866,0.085701734,-0.054123677,0.013966538,-0.23745613,0.36870584,0.013103609,0.0059310505,0.17478628,-0.08534972,-0.16599661,0.109621644,-0.10597628,-0.027848246,0.16193543,0.037197664,-0.10173036,-0.07035683,0.08176302,0.099236615,-0.063168496,-0.04292507,-0.08063972,0.16021253,-0.1809882,-0.09707395,-0.05338336,0.104788214,-0.08265232,-0.088453405,-0.16725111,0.11196939,-0.04076912,0.1916233,-0.121770084,0.111761466,0.04422429,0.06383232,-0.041223273,0.13102868,-0.0023627966,-0.049680896,0.027046163,0.046366043,0.077129714,-0.15545614,0.029858049,-0.21522003
TCGA-75-7031-01,0.020581584,-0.12870362,-0.18543258,-0.048341803,0.25465974,-0.026516668,-0.13769072,-0.017887222,-0.21503483,0.18459876,0.20814306,0.15682766,-0.27939677,-0.021299204,0.012259382,-0.05950808,-0.015231429,-0.09599961,0.09560425,0.011972055,-0.08484979,0.24071994,-0.009670058,-0.00016285687,0.07804585,0.0013685839,-0.06635417,-0.15738146,-0.0687796,-0.02673739,0.30637112,-0.006859899,-0.29391205,-0.00047931884,0.23446627,0.093461975,0.03014102,0.04662252,-0.09683904,0.17037007,-0.19252971,0.062285166,-0.058296468,0.18178083,-0.026141595,0.0014661945,-0.057477828,0.12991634,-0.14871031,0.06623539,-0.06290097,0.09476597,-0.12400579,0.11350065,-0.0005472618,0.085028835,0.035542704,0.032356262,-0.08454226,-0.007111305,0.1779817,-0.033927962,-0.07001337,-0.02042059
TCGA-MP-A4TI-01,0.06570145,-0.175888,-0.049680907,0.14281406,0.022873778,0.11578946,-0.14652337,-0.38220185,0.063789144,-0.035407446,0.07418733,-0.24117221,-0.036930446,0.18565159,-0.12253855,0.21503912,-0.13716668,0.16525203,-0.043793194,-0.112376325,0.11023459,0.06344237,-0.083193794,-0.033352237,-0.0040522544,0.08645599,0.034204535,0.15287526,-0.07145203,-0.01307365,0.22447959,0.040315922,-0.047749747,0.010260804,-0.09467174,0.044126153,-0.24364258,-0.211785,0.03822741,0.033158764,0.061011884,-0.100610495,-0.109767795,0.022066941,0.04485226,-0.18130966,-0.08120462,-0.0050836904,-0.033180498,0.033282403,-0.16382958,-0.058489602,-0.108729154,-0.165145,-0.13328637,0.13023093,-0.13636795,-0.04503489,0.05043939,-0.079355426,-0.03776053,-0.20546399,-0.16471191,-0.16012153
TCGA-44-2657-01,-0.006795078,-0.014928178,-0.0075493827,-0.14722048,-0.048915267,-0.037883077,-0.21027657,-0.15115766,0.20766665,-0.12224788,-0.0034293393,-0.31003407,-0.09304735,0.12515385,-0.27222046,0.14976314,-0.1929247,0.013175231,0.10293818,-0.058792952,0.14066242,-0.11793869,0.011532944,0.105393544,0.007070352,0.043379426,0.091818035,0.21480134,-0.062008385,0.06541428,0.15344374,-0.083349645,-0.046320926,-0.06078638,-0.1141051,0.014074105,-0.071886316,-0.10657724,0.0008717994,-0.04535574,0.15257235,0.07619111,-0.20706563,0.0027537332,0.064209774,-0.02664137,0.09845973,0.0061842497,0.07000357,-0.12711537,-0.17877336,-0.11808806,0.029135566,0.027426546,-0.14549431,-0.0021707101,-0.050998803,0.13915281,-0.16214113,-0.101736076,-0.035402395,-0.16133498,-0.31865987,-0.19800341
TCGA-44-2668-01,0.027593918,0.113826305,0.25211427,-0.018992089,0.114700004,0.020987125,-0.050203573,0.053782042,0.20518677,-0.07396531,-0.17060453,-0.090953305,-0.07216349,0.101713635,-0.28002542,0.006769704,0.0609694,-0.027435943,0.082663946,-0.18582258,0.06988441,-0.06434545,-0.09332648,0.12398445,0.11017517,0.018597314,0.21715096,0.09075561,-0.13607872,-0.2243835,-0.10587658,-0.049526777,0.08288792,-0.16871354,-0.0770819,0.05581463,0.082309775,-0.1571243,0.09417522,0.08545094,0.24429497,-0.110433556,-9.999426e-05,0.17890684,0.13494141,-0.048280347,0.08821725,-0.00659123,-0.013534858,-0.09889038,-0.18776728,0.18088473,-0.03069668,0.10559967,-0.19486631,0.07801406,-0.12179764,0.073084965,0.19639921,-0.082395814,0.06815306,-0.22384909,-0.045691714,-0.119577244
TCGA-44-3919-01,-0.091613725,-0.26038972,-0.11309984,0.13657093,-0.05029067,0.031081425,-0.03858613,0.08045653,0.054837897,0.16868639,-0.4553386,-0.25955164,-0.029205777,-0.06639661,-0.19087268,-0.020775208,-0.07492812,0.098405495,0.18429503,0.10233106,-0.06196423,0.11501705,0.12583922,0.049515635,0.0560308,0.13802786,-0.078711696,0.12847596,0.13621931,0.07671362,0.102880076,0.0875595,-0.1441296,-0.03965147,-0.0066092866,0.04164137,-0.102515854,-0.026997326,0.24749689,0.049319375,-0.14573045,0.13558365,-0.1309372,0.019462174,0.066037595,0.07915203,0.05273247,0.022876464,-0.11631064,0.036073312,-0.1400314,-0.13562772,-0.0079913605,0.010176283,0.11959979,0.006132152,0.12199105,-0.01163086,-0.06294522,0.011244287,0.18007183,0.11723797,-0.20391892,-0.07494878
TCGA-MP-A4T4-01,-0.030719183,-0.2553918,-0.026334524,0.028320048,0.1216727,0.017771497,-0.07910242,-0.25302872,0.17063552,-0.05125393,0.222423,0.19207881,0.00595188,-0.031076116,0.06377145,0.24355009,-0.23438452,0.01651712,-0.17782933,0.011870383,0.17571354,0.086694494,-0.26276854,-0.06751922,-0.1573798,-0.09854608,0.21469,-0.23968902,-0.07398033,0.086803935,0.050705068,-0.065135986,-0.0037664028,0.003664247,-0.19442256,-0.05490613,0.11347671,-0.12587295,0.034707695,0.037088756,-0.051658157,0.015826132,-0.08309724,-0.17853005,0.07991705,-0.06804219,-0.21223427,0.032033645,-0.09662734,0.044933457,-0.118032426,0.056290723,0.07347793,-0.13035026,0.019311395,0.086505905,-0.08392454,0.010672982,0.035662875,-0.17432255,0.08266232,-0.11331685,0.028257232,0.13677461
TCGA-55-8207-01,-0.035993624,0.007781344,-0.08738943,-0.24363258,0.03783094,0.08945893,-0.07027367,-0.004578837,-0.16576548,0.16407314,0.113305405,-0.22430085,-0.11809746,0.12197127,0.032796722,-0.09097388,0.027492508,-0.08670428,0.10401472,-0.18345417,-0.07355448,-0.1364432,0.18134885,-0.00505776,0.1088356,-0.05241355,-0.1724699,0.23676914,0.15756603,0.09158478,0.16924354,0.022407161,-0.019926114,-0.20074053,0.037562553,-0.035326738,-0.10471623,0.04323366,-0.061154902,0.034436677,-0.15366064,-0.043653432,0.05056959,-0.16298108,-0.10083544,-0.06897625,-0.089976445,0.1937334,0.066633865,-0.030370636,-0.100231655,0.035078965,-0.085618876,0.09335487,-0.068202734,-0.16445139,-0.024617309,0.040323567,-0.24063504,0.13082838,-0.1602741,-0.054846957,-0.08564612,-0.36758363
TCGA-49-AAR2-01,-0.07688217,-0.16587152,0.11163279,-0.15755187,-0.02750363,-0.13424762,0.033110827,0.030763421,0.11733009,-0.19945519,0.30314633,0.17233583,0.015018211,-0.035651896,-0.18023326,0.15202236,-0.016338686,-0.02880741,-0.04325372,-0.04081531,0.20979273,0.25745797,-0.22275487,-0.10124048,-0.106391676,-0.06906048,-0.04694405,-0.055269334,-0.1547918,-0.20732275,0.08854028,0.060987584,-0.05406365,0.0034209366,0.07905413,-0.042031847,0.1961958,-0.021756256,-0.13734451,-0.11441887,0.0952603,0.04752265,0.021886768,0.046142023,0.037536744,-0.049948588,-0.17455168,-0.070345744,-0.08087081,-0.22204259,-0.19801986,-0.008911312,-0.1068849,0.07816176,-0.083271995,0.01640164,-0.059854176,0.116008535,-0.14098513,-0.14309722,0.09743033,-0.22591121,0.16643515,-0.03089101
TCGA-38-4628-01,-0.1363317,0.08694617,0.018208664,-0.27690408,-0.022286514,0.05196671,0.038773507,0.18247603,-0.070274755,0.116877906,0.09488379,0.015948847,0.010588399,0.0072979103,0.17525887,-0.0185533,0.04812877,-0.09946333,-0.13480492,-0.1364375,0.0703411,-0.12797485,0.09360863,-0.09661828,0.04932959,-0.24680491,0.059723664,0.17801672,0.24314481,0.05003592,-0.07718005,-0.28124,0.035584416,-0.06781662,0.0051862043,0.010671268,0.1303624,0.064893074,0.036235295,-0.025456566,-0.1533771,-0.0178867,-0.049593113,-0.088241674,0.03656051,0.04719716,-0.1390788,0.14005716,0.28908533,0.083001606,0.10583878,-0.11528214,0.031091435,-0.023197932,0.11746541,-0.07858731,0.19467068,0.08533395,-0.13587686,0.2589365,-0.25751773,0.10720738,0.09161569,0.08342834
TCGA-93-7348-01,0.05508158,-0.30014893,-0.11741291,0.005741088,-0.032182135,0.15854366,0.07030351,-0.1444272,0.10703595,0.067666866,0.15174942,-0.27979726,0.054647416,0.046606604,0.14639345,-0.02217437,-0.2759051,0.24926868,-0.0699127,-0.06602116,0.081754826,0.14108825,0.035263717,-0.04505179,-0.0714861,-0.04588027,0.1535106,0.17806867,0.12745863,-0.0029775447,0.24131884,0.090115175,-0.039244786,0.08190662,-0.015158714,-0.026122136,-0.11457677,-0.09014631,-0.035870865,-0.036071867,0.104958385,0.05423295,-0.1479031,-0.16439007,-0.057717565,-0.118780956,-0.18546562,0.12709907,-0.09716039,0.09626953,-0.11518335,-0.034321804,-0.05369034,-0.22080533,-0.11950843,-0.14120658,0.042215645,-0.14132209,0.032900244,-0.059491374,-0.09476724,-0.015060347,-0.20983179,-0.10820783
TCGA-55-7724-01,0.060461883,0.04267383,0.061084528,-0.102081545,0.032641105,0.1067112,-0.09027699,-0.27260736,0.01910785,-0.034675617,0.08747485,-0.055654842,-0.016499925,0.12732418,-0.057715297,0.3426558,-0.043902803,-0.02211802,-0.0024747667,-0.2145667,0.14280094,-0.18470848,-0.2577382,-0.11136049,0.003485325,-0.0016416293,0.19627067,0.05992791,-0.058885057,-0.11109593,0.026693303,-0.13799986,-0.079363145,0.021569163,-0.02495867,0.1261565,-0.047880273,-0.14946078,-0.11462482,0.12741072,0.07204802,-0.061797276,-0.063673005,0.21986935,0.19884048,-0.054737084,0.032642357,-0.07233716,0.22949795,0.02212876,-0.016847253,0.0370626,-0.18150662,-0.02517541,-0.10682234,0.30326486,-0.06282709,0.11791751,-0.046872914,0.12181367,-0.10324634,-0.065107845,0.16706897,-0.13926865
TCGA-55-8511-01,-0.015366411,0.0682412,-0.13718696,0.008285579,0.044207096,0.11768069,-0.03508269,0.028747944,0.19326286,0.21803111,-0.26181108,-0.13477817,0.05494409,0.13163008,-0.23022248,0.10865136,-0.13387153,-0.08929662,0.2266496,-0.1811424,-0.21094893,-0.15204598,-0.0028397767,0.03648361,-0.036060452,0.19720986,-0.02120745,0.04569794,0.019228498,-0.0113048125,0.07024056,0.019933145,-0.15778638,-0.118738614,-0.15183415,0.020403545,-0.09910445,0.024795067,0.26016095,0.04160538,-0.07937383,-0.04126149,-0.1624884,-0.14049606,-0.18436739,0.16791636,-0.08823641,0.08152284,-0.17957057,0.002656076,0.014279028,0.07834295,0.044075634,-0.0033658464,0.16209844,-0.13396822,-0.090668224,-0.11798367,0.040192973,0.08961444,-0.16453086,0.22828493,0.036859166,-0.061902717
TCGA-55-8510-01,-0.006589162,-0.045364764,0.0786211,-0.024086555,0.17207687,0.22334687,-0.16540416,0.047614098,0.015868843,0.24861649,-0.23004445,-0.087319106,-0.083734676,0.0696679,-0.014967094,-0.1091691,-0.07759738,-0.06215492,0.1309391,-0.03608389,-0.059416626,-0.19841135,0.22438486,-0.07545163,0.003398533,-0.010479543,-0.102499425,0.018518826,0.3079508,0.055306997,0.03250731,-0.026394965,-0.072853535,-0.30422845,0.018570736,0.057479918,-0.12257865,-0.18754658,0.2806969,0.15534213,-0.15538868,-0.1257765,0.1595,0.045239765,-0.10889998,-0.2510045,0.119266056,0.12792547,0.044829335,-0.053473204,-0.08216988,0.04902158,-0.122775465,0.08773712,-0.02907214,-0.0023279795,0.008481936,0.00018260298,0.003989673,0.061232593,-0.107973196,-0.0909945,0.09110599,-0.01604353
TCGA-17-Z037-01,-0.10585349,0.0138682695,-0.31004477,0.28704163,-0.019259868,-0.21103464,0.20198049,-0.08059108,-0.0834498,0.10034442,-0.07356776,-0.1526262,0.13547316,-0.098763764,0.06031506,-0.14583647,0.040903814,0.13898598,-0.0521103,-0.06390202,0.10460774,0.13748884,0.069719024,-0.053454805,0.2750719,-0.07861208,-0.08188984,0.16415942,0.1892324,0.14149994,0.15889455,0.027396083,-0.089031,0.04478393,0.053064644,0.05980882,-0.2272453,-0.00084359956,0.19383363,-0.038444385,-0.066411756,-0.056186832,-0.080415316,-0.060140118,-0.05202987,-0.17505835,0.06771875,-0.062451873,0.13908595,-0.025704755,0.145076,-0.0590085,0.017414127,-0.195385,0.03826497,-0.10915578,0.06611224,-0.13212645,0.08778758,0.030102663,0.060473297,0.004954991,-0.24315044,-0.017540384
TCGA-17-Z051-01,0.030991303,0.10033698,0.074974,-0.09215662,0.18151937,-0.03371615,-0.19190232,-0.259939,-0.06889893,-0.026613511,0.020759828,0.032187562,-0.27235323,-0.20017654,-0.03713767,0.06267186,0.060117528,-0.074906416,0.24531241,0.05224633,0.14951602,-0.08931408,-0.12623209,-0.004258359,0.08883697,-0.0077541666,-0.07608541,-0.103443064,0.016702086,0.027937474,-0.121673845,-0.02841675,0.06687872,-0.035877522,-0.17621703,0.0010457154,0.03546068,-0.020095237,-0.09758076,0.15959032,-0.1621622,-0.00054030214,0.33104515,0.07551947,0.16985932,-0.14500879,0.1776595,0.0849722,0.077707976,-0.06630722,-0.19724865,0.18252617,-0.067980185,0.022892708,0.097671404,0.1737541,-0.09992655,0.014530345,-0.14594899,-0.05226816,0.17127816,-0.16825324,0.043694288,-0.15916292
TCGA-49-AARQ-01,0.06950172,-0.06654621,0.059811976,-0.14006035,0.021125643,-0.028562164,-0.064352505,0.43687463,0.11396383,0.03074703,0.09197865,0.08768238,0.05414436,0.0026409256,-0.13098495,-0.13777223,-0.070736736,-0.15502988,0.06769417,0.06202512,-0.109036855,-0.0915135,-0.059878998,0.13815656,-0.059362773,0.019041222,0.07075468,-0.027193623,-0.19997409,-0.16301858,-0.07655876,-0.1651798,-0.18197751,-0.088159405,0.23337491,0.10846059,0.18903098,-0.0038694602,0.113342755,0.06441393,0.1420898,0.049409974,-0.093102,0.2302407,-0.18920496,-0.015777972,0.052962128,0.074652016,-0.10844764,-0.062115524,-0.0017371419,0.060829315,0.11687904,0.30122063,-0.23875651,-0.008331128,0.07723558,0.077287555,-0.01191293,-0.01606753,-0.085816406,0.0153306,0.06833181,0.13559765
TCGA-55-6983-01,0.075005025,-0.10733269,-0.108587466,-0.04633274,-0.010223025,-0.09966191,0.05388809,0.27691647,0.20887935,0.11160772,-0.29669443,0.0058655287,0.11452586,-0.2355405,-0.14129789,-0.09533021,-0.044752043,-0.11031628,0.17729639,0.11844261,-0.049048204,-0.17975633,-0.03949901,0.07402357,0.002676378,0.14383788,0.19485685,-0.09749073,0.030882118,-0.028742984,-0.20334797,0.078343615,-0.100068726,-0.011562427,0.07870529,0.054172505,0.07572725,0.042031225,0.26494107,0.019387206,0.059670135,0.19392067,-0.015695434,0.07399218,0.027568275,0.07602756,0.14872435,0.03068052,-0.19904698,-0.1532454,0.02354193,0.04668135,0.08607827,0.054302827,0.008287925,-0.023744134,0.1195319,0.032836508,0.04203206,-0.05437849,0.12477295,0.24804525,-0.07908507,0.25409093
TCGA-78-7539-01,0.04094213,-0.044621374,-0.025317492,0.025732892,0.09944516,0.17986594,0.019991372,-0.104143,-0.008397644,0.17207058,-0.010446968,-0.045347992,-0.18620336,0.33082357,-0.12586857,-0.18912245,0.073764935,0.0125969695,0.11551678,-0.121900186,-0.32209882,0.31646243,0.088158816,-0.0819771,0.038378865,0.21973756,-0.10305251,0.104773045,0.09906171,-0.014439199,0.22690757,0.07601468,-0.14963992,-0.1897264,0.07491182,0.10273982,-0.111139305,0.04131646,0.045514792,0.027997665,-0.0136245275,0.22346632,-0.08684138,0.1937594,0.0010965979,0.020226238,-0.120425165,-0.0036097541,-0.23922941,-0.020495893,-0.12857522,-0.03647899,-0.08015964,0.015181624,0.018105518,-0.07425438,0.0153256,0.09040834,0.121690825,0.056846682,-0.042178724,-0.06441026,0.029943913,-0.015888743
TCGA-NJ-A55O-01,0.10834319,-0.23288342,0.14800319,0.22056542,0.014235376,0.30686226,-0.08557447,-0.04950454,0.15033275,0.07087685,-0.03910583,-0.22058578,0.031923626,-0.13688222,0.16799049,0.0024651606,-0.26800635,0.18950614,-0.08001706,0.16147219,0.035072092,0.09425862,0.041188393,-0.10075734,-0.119900495,-0.06805387,0.18004028,0.020086871,0.13579625,0.046521544,0.029971924,-0.07408504,0.0057286206,0.036910523,-0.04462622,0.011563805,0.009151803,-0.24111098,0.12821907,0.13095526,0.16356204,-0.016453266,-0.07812031,0.11995286,0.049616996,-0.18718429,0.0446608,-0.006530543,0.045641787,0.16499332,-0.11817039,-0.10573262,0.021633513,-0.13626224,-0.23373447,0.13052267,0.07599641,-0.08573544,0.19793925,-0.022180775,-0.032828104,-0.037497662,-0.050587814,0.08466708
TCGA-86-A456-01,0.055977285,0.046854623,0.10624095,-0.013539287,0.09786932,0.0019476169,-0.1181199,-0.31430724,0.050717447,-0.09148205,0.01607663,-0.05915582,-0.07509007,0.21246293,-0.20666367,0.26262158,0.0077405903,0.017417222,0.06818111,-0.15627149,0.23660342,-0.09728382,-0.20408396,-0.040133603,-0.021815108,0.13088717,0.12661026,0.003095274,-0.060825117,-0.09790515,0.055595364,0.09138729,-0.04071665,-0.0062557617,0.06930892,0.094180234,-0.11340808,-0.15401718,-0.0580157,0.06178692,0.067671545,0.023514394,0.038571943,0.19716606,0.2619189,-0.09505668,0.12655878,-0.16306493,0.04801881,-0.10480901,-0.06426353,-0.04390899,-0.28309125,-0.04051665,-0.08482212,0.31297725,-0.059598096,0.16216837,-0.028416794,-0.025021978,0.014778987,-0.15556693,0.009150198,-0.016178736
TCGA-17-Z027-01,-0.105607614,0.0054874686,-0.3238119,0.29040247,-0.009305777,-0.21350662,0.20325212,-0.096305855,-0.09176403,0.106093824,-0.07548395,-0.14497438,0.12523855,-0.0902421,0.066939324,-0.14008899,0.037277274,0.12994531,-0.0577405,-0.06969475,0.09915291,0.13923626,0.057438698,-0.044519573,0.2784671,-0.067562595,-0.0880668,0.15556642,0.18015903,0.16072863,0.17927408,0.04073649,-0.090959996,0.03568756,0.045360647,0.0653188,-0.23389801,0.009422714,0.18057638,-0.029522019,-0.07778466,-0.05318712,-0.086018,-0.07279973,-0.041476566,-0.16994223,0.05274391,-0.060770605,0.13621736,-0.028262287,0.13140948,-0.061903726,0.010863918,-0.19590594,0.036808264,-0.10742127,0.058302682,-0.121147946,0.07313626,0.026650954,0.06328723,0.0066385213,-0.24188246,-0.024191277
TCGA-86-7953-01,-0.13214272,0.023122659,0.06779428,-0.13721128,-0.012312149,0.007574547,0.18067315,0.20166692,0.0020673817,0.050867356,0.16029863,0.136236,0.044676375,0.04743825,0.1162873,-0.12966949,0.058502898,0.011758386,-0.20232739,-0.10462208,0.111926906,0.05404695,0.045703858,-0.17757446,0.055009108,-0.17780656,-0.01075612,0.12923333,0.20873857,-0.05533432,-0.13726434,-0.18343776,0.042090904,-0.09742466,0.10498171,0.08106934,0.15301225,0.050193284,0.092005685,-0.09803772,-0.10197822,0.056704987,-0.010529824,0.052431375,0.09971278,-0.05789943,-0.21916471,0.10944914,0.18761094,0.0014731105,0.054396126,-0.14566988,-0.03870249,-0.082021676,0.13481186,-0.071398675,0.27157927,0.12684572,-0.010219668,0.151719,-0.21014066,0.079539776,0.18689749,0.31084454
TCGA-17-Z016-01,-0.0045183823,0.16223599,0.1734068,-0.23260124,0.08916641,0.009829276,-0.20288022,-0.21252541,-0.012266911,-0.040491935,0.121457584,0.042569518,-0.24421525,-0.25761667,-0.04749853,0.1193727,0.08659626,-0.07885637,0.23069577,0.02149505,0.079034954,-0.06840747,-0.03523259,-0.09048783,0.0039576497,-0.018783763,-0.111722626,-0.052525423,0.0016105442,0.00713474,-0.22564763,-0.16802406,0.09218938,-0.0016979623,-0.22559929,-0.009874602,0.1575695,0.025124678,-0.047088537,0.08412835,-0.15584508,0.053511154,0.3180425,0.11735708,0.09037687,-0.08389517,0.111167125,0.14330707,0.08527563,-0.055512544,-0.20750207,0.110696316,0.0126196,0.034349706,0.13600338,0.11316365,-0.092221685,0.03726209,-0.10821469,0.033969026,0.065101296,-0.12722206,0.06628876,-0.1461834
TCGA-86-6562-01,0.012494597,-0.09258578,0.12522493,0.07904759,0.010458503,0.075934574,0.08169779,0.32453787,-0.06060016,0.06496392,-0.10504041,-0.20630603,-0.019181293,-0.18514377,0.076848835,-0.2058586,0.1459741,0.062907964,0.007416728,0.111005254,0.04133788,0.0932234,0.021752995,0.17964834,0.10407914,-0.1211999,0.28062767,0.017122814,0.0735074,-0.082494736,-0.20150231,0.19917865,0.1854393,0.07860024,0.20966099,-0.08913683,0.18082654,-0.0018044326,-0.03846225,0.06488185,0.10506091,0.05644653,0.13538449,0.0015166972,0.22355682,0.094420984,0.12562911,-0.0060019777,0.022306694,0.07356791,-0.019209614,0.018719174,0.052474532,0.14059621,-0.2523407,0.21024407,0.08575997,0.033403225,0.045777522,0.07203464,0.12853387,0.0051474357,-0.13949768,-0.04787505
TCGA-17-Z047-01,-0.0957199,-0.007989338,-0.2791611,0.24465656,-0.044661555,-0.22134864,0.23745672,-0.042762432,-0.10640372,0.10157555,-0.06981253,-0.1659245,0.14443497,-0.12989293,0.08787275,-0.17253469,0.06820504,0.14613967,-0.048436936,-0.061141774,0.10438021,0.15139325,0.079805106,-0.039646402,0.27333453,-0.07330223,-0.079246484,0.18202305,0.19827752,0.09172808,0.14681245,0.06312135,-0.08729731,0.07838285,0.1312769,0.042984243,-0.20992029,0.034192316,0.15075912,-0.043205045,-0.018311888,-0.015570277,-0.06857046,-0.04028194,-0.03865831,-0.15593879,0.10471054,-0.07134784,0.14569364,-0.03424466,0.14043748,-0.07776647,0.014801836,-0.17919326,-0.0078480905,-0.11649321,0.096133,-0.14052248,0.087384984,0.060837258,0.06472621,0.03623196,-0.23743923,-0.010973385
TCGA-17-Z032-01,-0.09502581,0.026991993,-0.30808777,0.2807601,-0.020107806,-0.21161841,0.20151664,-0.076278076,-0.0931415,0.09573125,-0.05864734,-0.17151628,0.13074255,-0.10335606,0.0775397,-0.15723054,0.054879867,0.14464563,-0.05136189,-0.06694494,0.10563015,0.1368094,0.06724706,-0.04272594,0.28464547,-0.08298759,-0.07090683,0.17141245,0.1847679,0.14336808,0.15077733,0.032552246,-0.07358561,0.054706525,0.058268502,0.06055011,-0.22435752,0.008673093,0.16872883,-0.03534673,-0.05537533,-0.039899852,-0.07719974,-0.05421495,-0.03296972,-0.1767593,0.07752598,-0.06622107,0.14415324,-0.022305425,0.14932352,-0.05031925,0.028925939,-0.20204374,0.022335207,-0.10438473,0.06862879,-0.12062804,0.089518845,0.03351687,0.06329926,0.0041332957,-0.25263023,-0.017468303
TCGA-55-8619-01,0.11134672,-0.22744289,-0.1315229,-0.08795749,-0.09058634,0.035658445,0.024514284,-0.23095642,0.1980172,0.07587204,-0.0052668652,-0.24454607,0.11859616,0.00963648,0.020774592,0.16313721,-0.2906855,0.12118305,0.046428088,-0.08541239,0.15139097,-0.042854797,-0.009829915,-0.13745461,-0.21907412,0.033444777,0.032244,0.2188022,0.0849658,-0.06440416,0.1651775,-0.014557484,-0.08375103,0.095355056,0.004895355,0.031204872,-0.22373648,-0.07577897,0.09125934,-0.105558634,0.16115105,0.19200566,-0.13574953,-0.09750977,-0.070059925,-0.16479549,-0.059888706,0.04536824,-0.114194654,-0.025324777,-0.08227648,-0.14420931,-0.07195233,-0.2165848,-0.059476275,-0.15156682,0.09397055,-0.0755757,-0.0040830187,-0.0924679,-0.12870966,0.101904646,-0.11134229,0.09480599
TCGA-44-2662-01,-0.104723334,0.22040804,0.062253013,-0.26348877,0.19305658,-0.00080109044,0.017553514,0.04022295,0.114214875,0.032650203,0.16832037,0.19119474,-0.0021722075,0.21298748,-0.12168328,0.014442572,0.050291985,-0.19759974,0.04180169,-0.32459527,-0.025123958,-0.090443425,-0.059714522,-0.03615983,0.079392485,-0.09734484,0.14021608,-0.024425747,0.013367322,-0.03875214,-0.07846683,-0.09559199,-0.0361431,-0.3484514,-0.097982585,0.064608656,0.21011133,0.045582708,0.14884996,0.007871653,-0.15570527,0.013772814,0.013843814,0.064562336,0.00078000745,-0.07089241,-0.19584921,0.036402576,-0.01061445,-0.11357924,-0.070090495,0.15183978,-0.041722186,0.07481199,0.10876837,-0.05853148,0.054781232,0.18567796,-0.039072152,0.019170867,-0.19449432,-0.08089457,0.17688522,0.12704308
TCGA-67-3774-01,-0.06927828,-0.15951975,-0.15801896,0.2865971,-0.08345453,-0.018943058,0.027276618,0.03580081,-0.001484393,0.002330872,-0.21355131,-0.30340648,-0.014248332,-0.080604196,-0.19192816,-0.14291553,-0.010154586,0.17108315,0.09846276,0.1570306,-0.03515131,0.2641974,0.06438244,0.035828136,0.18306161,0.13203348,-0.1771281,0.20500915,0.06079739,0.13510102,0.1035409,0.16268212,-0.07797007,-0.054853383,0.007920295,0.061960112,-0.087603964,-0.011967715,0.13070053,0.003068195,-0.07092652,0.20810191,-0.11290826,0.09689572,0.13398731,-0.026946103,0.017920543,-0.046991277,-0.045325022,-0.0040802816,-0.1754283,-0.16213706,0.043125328,-0.0177947,-0.008259476,-0.012908684,0.11912011,0.055659376,-0.061205074,-0.066229,0.18664421,-0.016614169,-0.22768517,-0.15650934
TCGA-38-4631-01,0.038970526,-0.035328876,0.049369574,0.032125913,0.031890806,0.17769778,-0.24883103,0.17581967,-0.0068483567,0.09938254,0.04674269,-0.2894453,-0.12689337,-0.0027371906,-0.22203867,0.13154541,-0.012246105,-0.021226527,0.13392517,0.019978173,-0.13654365,-0.003587654,0.06894655,0.06664958,-0.104189284,0.17488572,-0.11066726,0.20597558,-0.15871455,-0.051655084,0.21040393,-0.069076486,-0.09346696,0.11092112,-0.065260746,0.023528622,0.051087394,-0.05133665,0.15594748,0.06577761,0.06890149,-0.106128074,-0.24546577,-0.008524879,-0.15349148,0.10157453,-0.11444337,0.26560092,-0.088597864,0.14120087,-0.12816015,-0.19442117,-0.0012219285,0.10778692,-0.09115418,0.008104993,-0.02219644,-0.12939015,-0.04549654,0.07977496,-0.10106412,0.08249498,-0.15666541,-0.21702556
TCGA-97-A4M1-01,0.060608853,0.111275166,0.14217147,0.016788926,0.027894368,-0.045268435,0.2882383,0.056937575,0.18170169,0.11494683,-0.07235804,-0.061960332,0.08109405,0.015998058,-0.011757318,-0.13209859,0.037934102,-0.07622415,0.15553066,-0.19302353,0.029440273,-0.19267045,-0.07241677,-0.14560044,0.06265344,0.12411156,0.10689428,-0.032058537,0.083604164,-0.12170464,-0.24364871,0.2833048,0.09001753,-0.066433154,0.09647874,-0.047482252,0.005075028,0.09347417,0.01795299,-0.016426293,0.14812,0.18080206,0.1461583,0.12530911,0.17704807,0.08983426,-0.009118761,-0.15185377,-0.17229177,-0.24159124,0.10704458,0.037930805,-0.10559779,-0.12222157,-0.027372621,0.027727185,0.05278506,0.1350303,0.15656786,0.1004056,-0.005217581,0.24761987,0.0598162,0.17736422
TCGA-55-8085-01,-0.1742284,-0.035183452,0.019467084,0.09318692,0.08693489,-0.10319686,0.109886624,-0.046030156,0.0022489256,-0.05273715,0.13176808,0.24489573,-0.053219665,-0.04375261,-0.13927978,0.013773835,0.11471637,0.05726005,-0.120077,-0.085416086,0.048459522,0.18822055,-0.09724818,-0.13403696,0.17187339,-0.020387169,-0.2165508,-0.12187409,0.034493398,0.040558953,-0.1294694,0.059853,0.056887794,-0.24356788,-0.06217225,0.04427631,0.1724368,-0.015777737,0.14979754,-0.0048908517,-0.29692292,0.092177756,0.1002639,0.084125824,0.25541908,-0.15978551,-0.23619838,0.03392144,0.008256839,-0.17323065,-0.19182636,-0.0009515618,0.048746713,0.0110037485,0.1645083,0.025827035,0.08135104,0.20415294,-0.01816968,-0.053360473,0.094884396,-0.09654135,0.22130437,0.07771735
TCGA-71-8520-01,0.017308416,-0.24889213,0.12293089,0.22424872,0.04106239,0.20832522,-0.04113752,0.1426783,-0.025438245,0.13807842,0.0129308505,-0.12578179,-0.057156585,-0.1609361,0.23862454,-0.039480682,-0.117611915,0.2513113,-0.15090181,0.14270215,-0.012201547,0.33915648,0.050220564,-0.077682,-0.028168712,-0.18232074,0.10846694,0.021885874,0.12602015,-0.008587594,0.06852364,-0.05850826,-0.01156894,0.107437134,0.076466784,0.012703838,0.09612498,-0.13440135,0.063359365,0.10719343,0.0002995281,-0.05749179,-0.11999469,0.09500032,0.055379327,-0.0991284,-0.10665287,0.020049889,-0.021394541,0.2561296,-0.05952932,-0.0828684,0.05703265,-0.14904355,-0.07729409,0.16726024,0.1902608,-0.1134588,0.22009972,0.02046614,0.03808976,-0.028111314,-0.022250148,0.1385215
TCGA-53-7624-01,0.10558532,-0.20447561,0.031704802,-0.16116802,-0.23844862,-0.012616566,0.056979496,0.055953257,-0.055881497,-0.1692617,0.093239754,0.23415038,0.1736425,0.15536803,0.09325024,0.07380895,0.09818743,0.00097115594,-0.06390229,0.09631275,-0.044058323,-0.13531849,-0.13065715,0.21074256,-0.07349705,0.0039980924,0.21131627,-0.15348896,-0.16399008,-0.1717311,-0.12798333,-0.09306789,-0.009468124,0.2139234,0.18944718,-0.07005781,-0.012663202,0.05923175,-0.1907615,-0.071950585,0.074318856,-0.02742633,0.09404617,0.0048286146,-0.06846619,0.11483285,-0.011691731,-0.115573734,-0.079873316,0.0989015,0.13395657,0.13829203,-0.15927294,0.24543196,-0.13239597,0.1899574,-0.075626366,-0.08339955,-0.10662919,0.029952765,0.053933207,-0.04857952,0.15956013,-0.08142538
TCGA-55-7913-01,-0.046385903,-0.1973732,-0.042385593,0.19212353,0.092449605,0.09148684,-0.023844752,0.043949243,-0.24635585,0.046152044,0.2519092,0.1159219,-0.1242196,-0.036404975,0.104660206,-0.032856338,0.10620508,0.15694468,-0.18634376,0.01826389,-0.12095228,0.42442253,-0.06510466,-0.05359702,0.14517348,-0.16237406,-0.076649696,-0.101264834,-0.07704614,-0.022163305,0.0586157,0.03427591,-0.029985592,-0.05148788,0.053780068,0.0138838235,0.09655719,-0.06784248,-0.08825888,0.13088416,-0.22176595,-0.1359293,-0.0040337723,0.047194023,0.026740182,-0.09765837,-0.28243095,0.06740691,-0.050346635,0.15771444,-0.09993431,0.14328547,0.07859366,-0.01011392,0.009326359,0.18291858,0.016672699,-0.031498633,0.10615494,0.0040020216,0.13296962,-0.16576451,0.120690316,-0.06951188
TCGA-17-Z002-01,-0.12014217,-0.029777752,-0.3045438,0.30485716,-0.005763515,-0.20787768,0.23290566,-0.05987733,-0.05996828,0.104788505,-0.10952005,-0.1379692,0.11973966,-0.12607773,0.06536973,-0.16769615,-0.005092867,0.141875,-0.045761492,-0.002988726,0.12127073,0.16742337,0.053001516,-0.04601914,0.2569451,-0.07641782,-0.089018814,0.13502659,0.19578105,0.13881439,0.16873989,0.08124345,-0.10574824,0.04453623,0.09095488,0.062161125,-0.20407757,0.017166622,0.19435878,-0.03313117,-0.06457727,-0.017900897,-0.0820673,-0.028345918,-0.023829969,-0.15803306,0.072442085,-0.092529796,0.13385767,-0.034733575,0.12153132,-0.09313715,-0.0005936345,-0.18170312,0.023815216,-0.08905158,0.10512257,-0.124808,0.058618683,-0.0027253963,0.076847926,0.01669445,-0.22529183,0.021828761
TCGA-75-6206-01,-0.02565085,-0.09221905,-0.122405395,-0.14774205,0.058321916,-0.10744344,-0.124086864,0.1546535,-0.13104278,0.13856617,0.15790077,-0.14159152,-0.05252937,-0.17085789,-0.07973207,-0.038490117,0.0022847792,0.0060543935,0.1371549,0.11506035,0.08001682,0.09532754,0.044474542,0.055639543,0.020191684,-0.03985758,0.028534647,0.017817628,0.026146106,0.008019414,0.0933444,0.095704675,-0.24496068,0.13956885,0.41721177,0.043196946,0.1065962,0.094934374,-0.022621239,0.010388801,-0.09012474,0.29677746,-0.08393583,0.07435858,0.029117616,0.049148288,0.15134524,0.01893303,0.05597084,-0.01882606,-0.027812881,-0.1251061,0.003930725,0.14755252,-0.07363,0.08906153,0.23668647,0.16398567,-0.26474962,0.061437882,0.014113685,0.049841378,-0.27165574,0.06475408
TCGA-L9-A443-01,0.09722147,-0.043842826,-0.013358021,0.10223893,0.037796747,0.053128645,0.04913608,-0.013524023,-0.013511405,-0.11480339,0.25209072,0.061813585,-0.05274317,0.046586428,0.18530725,0.06639913,-0.1820202,-0.12830833,-0.059485525,0.04169286,-0.021977447,0.010175911,-0.23769946,0.013799787,-0.0604036,0.12858585,-0.10242787,-0.08955781,-0.33004537,-0.033625867,0.14684057,0.1237729,-0.0067530125,0.0645581,-0.08003109,-0.017817833,0.16886391,0.14806171,-0.32954794,0.026627155,0.11054181,0.060734205,-0.15708692,-0.02133802,0.04277458,0.15095212,-0.29426253,0.06946511,-0.09103027,-0.014027827,-0.17867215,-0.07133592,-0.06053288,-0.030697037,-0.18473284,-0.066448316,-0.060125824,0.049478427,-0.10845513,-0.10003743,-0.057768125,0.015380657,0.3042098,-0.09260768
TCGA-97-7941-01,0.07673675,-0.19431204,-0.11308766,-0.04200037,-0.046223488,-0.00015027092,0.0043603103,-0.21709825,0.25039825,0.016060632,-0.0017167244,-0.25573835,0.098175175,-0.0067500644,-0.020594835,0.15322287,-0.33394188,0.14368421,0.012488375,-0.05260716,0.16533756,0.0040828586,-0.0063556177,-0.06832833,-0.17815425,0.018823052,-0.04928528,0.18666822,0.016694093,-0.063947976,0.13024056,0.05311685,-0.05452481,0.025808029,0.018778183,0.004446075,-0.15673725,-0.0703759,0.090737425,-0.12312407,0.16841835,0.23191838,-0.16255727,-0.0946906,-0.0077501764,-0.1720373,-0.049502347,0.01529931,-0.0891042,-0.100543894,-0.19295575,-0.16557218,0.029418766,-0.19347508,-0.14589678,-0.17185105,0.12047572,0.0069120806,-0.025811687,-0.15824841,-0.14506091,0.032647986,-0.11639739,0.12390599
TCGA-64-5775-01,-0.005747551,-0.18603589,-0.1305641,-0.035699114,-0.10293927,0.08612588,0.16251683,-0.035617363,0.081072874,-0.033304468,0.09547551,-0.111250944,0.006583983,0.2504224,0.12422099,-0.14841554,-0.25976765,-0.059166256,0.004398875,-0.073635034,-0.044620525,0.09110844,-0.08555574,0.079895996,0.05754917,-0.034216646,-0.021252193,0.07315831,-0.18907368,-0.15449056,0.16726518,0.1841525,-0.0432281,-0.010193052,-0.020950299,-0.054423764,-0.057113152,0.1102973,-0.2933259,-0.06475035,0.12347346,0.097046934,-0.107186094,-0.03863118,-0.09104325,0.18016748,-0.25163352,0.007188866,-0.22951779,-0.06541453,-0.15070783,0.09549769,-0.026708677,0.009135375,-0.21677934,-0.13031861,-0.12728508,0.037950087,-0.03802138,-0.061635498,-0.08245546,-0.09562402,0.09383889,-0.2928294
TCGA-62-A471-01,-0.102416724,0.0272315,0.036366314,-0.2217927,-0.011303932,0.09922342,0.09150802,0.2777548,-0.06000451,0.06146197,0.22173809,0.074001126,0.061643858,-0.0012880851,0.19284214,-0.10059085,-0.02549968,-0.07126466,-0.16753764,0.0035034937,0.062433757,-0.0049277092,0.025153764,-0.08795787,-0.028146602,-0.22306682,0.16034207,0.13746884,0.15347843,-0.053370107,-0.014743599,-0.2270043,-0.042424,0.02870371,0.07412779,0.06307224,0.22242817,0.09841735,0.033010915,-0.06884201,-0.08734132,-0.066271365,-0.07413252,0.030618997,-0.06380464,0.07342094,-0.22445533,0.18015404,0.23351832,0.17235029,0.05211277,-0.08724755,-0.10392975,0.013742693,0.082838394,-0.029567296,0.20065637,-0.036767483,-0.11586168,0.14833286,-0.30842447,0.04035058,0.15524751,0.10580144
TCGA-62-8399-01,-0.018979274,0.09772407,0.11156688,-0.08596792,0.15252273,0.021691855,-0.0028081837,0.3376825,-0.16102363,0.12118376,0.10109883,0.18207368,-0.14063185,0.20872025,0.10104525,-0.03807032,0.20113611,-0.24135457,-0.054777805,-0.11485712,-0.24199831,-0.037580308,0.00013321506,0.11978595,-0.03437994,0.008612345,0.07142085,-0.13609833,-0.116930805,0.009867664,0.05135999,0.059329733,0.06434693,-0.11506261,0.06930812,0.015060093,0.26010713,0.108924754,-0.0952123,0.05737115,-0.12317012,-0.101318166,-0.013419108,-0.048299756,-0.006905871,0.21007034,-0.21001455,0.10841945,-0.13737306,0.044519898,0.048223365,-0.031019147,-0.10293182,0.2648081,-0.009130175,0.13943814,0.0776046,0.084011,-0.15322903,0.09316501,-0.098053984,0.08541795,0.10319939,-0.000963477
TCGA-44-6144-01,0.12010645,0.13059197,0.3172151,-0.039414365,0.13780794,0.075139,-0.069525905,0.07851447,-0.017332952,0.012204909,-0.012477812,-0.122578494,-0.09995329,0.13520646,0.010915583,-0.067055695,0.048905548,-0.0007774516,0.13194513,-0.001076804,0.1804322,-0.14669546,0.022694746,0.01705193,-0.08525703,0.017579414,0.048120257,0.115414746,0.08283261,-0.1646236,0.10946488,0.08315706,0.056664057,-0.012095388,0.25289655,0.07809665,-0.04149289,-0.14420003,-0.04765373,0.053252436,0.25018084,-0.07995859,0.15588586,0.20511957,-0.016705735,-0.24378139,0.20718597,0.0019979668,0.107666045,-0.05437862,-0.074907765,-0.010273635,-0.29630747,0.0865399,-0.24155404,0.13106133,0.03525899,-0.07033992,0.03155387,-0.123031095,-0.10686492,-0.23559704,0.06094203,-0.09141706
TCGA-L4-A4E6-01,-0.02145462,-0.17142998,0.020491544,-0.0221192,0.0073517505,0.057946283,0.10321061,-0.21439144,0.21376257,-0.04601045,0.23700659,0.072168775,0.12726207,-0.019227443,0.069639646,0.26173833,-0.21983439,0.1543088,-0.24237125,-0.12849912,0.18765256,0.099198595,-0.18613227,-0.18545526,-0.152189,-0.120746136,0.21650505,-0.030370228,0.028504647,-0.061298236,-0.011033377,-0.081192955,0.020458663,0.045696262,-0.13456976,-0.041584626,0.11399201,-0.12478874,0.038256798,-0.075047195,0.07704366,0.047275253,-0.13222966,-0.09955014,0.10032311,-0.09057797,-0.24835485,0.009318716,0.0371417,0.019184345,-0.07390847,-0.05946901,0.090076745,-0.25316486,-0.047176432,-0.019985074,0.047977474,-0.014310541,0.14584018,-0.03773657,-0.12971966,0.0001587283,0.11022625,0.19603065
TCGA-L9-A743-01,0.06696089,-0.24928808,0.09408461,0.11626443,0.06690553,0.21453173,0.074925214,-0.12108594,0.1877357,0.09342758,0.16812004,-0.16797508,0.10205469,-0.013592062,0.110010944,-0.026754944,-0.26259878,0.26082212,-0.11988358,-0.055823382,0.10728899,0.058661293,0.048962995,-0.16694766,-0.1281872,-0.0931968,0.10024324,0.018799506,0.22565894,-0.06814889,0.036926597,0.090862826,0.0119791,-0.053931743,0.051129438,-0.05087645,-0.023817234,-0.2606852,0.11878443,-0.014039498,0.1548042,-0.017732969,0.039009552,-0.05627208,0.0039358926,-0.31515434,-0.08737495,0.061620366,0.024140855,-0.051631298,-0.12338084,-0.02579495,0.016032752,-0.15144978,-0.2817484,-0.03409876,0.047771048,-0.038774498,0.14352755,-0.043972045,-0.15255329,-0.09946287,-0.008909888,0.051885214
TCGA-99-8028-01,0.0693488,-0.12938605,0.12480408,0.041324813,0.07700705,0.01141688,0.029593179,-0.3058708,0.22823593,-0.09190548,-0.018895634,0.07212144,0.102916546,-0.015402445,0.00024029528,0.2500507,-0.13110246,0.026781896,-0.07178875,-0.10998172,0.21786748,-0.11620736,-0.19531977,-0.021484494,-0.16481134,0.0013369187,0.22445126,-0.2179273,-0.0077479817,-0.016014382,-0.14698836,0.12157598,0.20163648,-0.055439796,-0.13062656,-0.1307781,0.033034977,-0.1700032,0.069558226,-0.0013049776,0.08770291,0.052461684,0.18128726,-0.12902227,0.24844392,-0.1479605,0.00023485794,-0.09061513,-0.09002127,-0.12819608,-0.12299991,0.050860353,-0.010903662,-0.10423766,-0.1410517,0.08738116,-0.11913001,0.06128043,0.09835788,-0.14751773,0.053816333,-0.07667878,0.08261401,0.12033648
TCGA-50-5072-01,0.07075273,-0.10517146,-0.23332442,0.08678494,-0.002020519,0.02411556,-0.099635065,-0.16667174,-0.0643755,0.10359626,-0.19220106,-0.23520337,-0.10586856,-0.034854196,-0.17522599,-0.03338194,-0.028084638,-0.0718242,0.17985196,0.07327319,-0.12100993,-0.0142252,0.07020887,0.06139492,0.052023355,0.23611592,-0.09702096,0.06726414,-0.054877765,0.28583816,0.2001256,0.20724708,-0.071192846,-0.07172531,-0.16049764,0.040499743,-0.15683192,0.08099563,0.059195172,0.09961309,-0.03426215,0.077762656,-0.10580542,-0.12397672,0.013104922,0.1048569,-0.07991267,0.070953354,-0.13118185,0.004469884,-0.17225732,-0.05272901,-0.07498941,-0.04953719,0.011034345,-0.07274121,-0.038673785,0.004172329,-0.10764735,-0.094907925,0.1758676,0.151226,-0.31443807,-0.22011514
TCGA-75-5147-01,-0.059382323,-0.1380275,-0.09446352,-0.13438794,0.08753425,0.01540164,-0.08697699,0.33805186,0.003558572,0.10889659,0.0876148,-0.06667973,-0.15289463,-0.22044022,0.047072515,-0.28748223,-0.06909915,0.053291682,0.006429949,0.16863848,0.06047945,0.23679946,0.0394346,0.06217368,0.065894306,-0.17516215,0.18966047,0.074948266,0.12296978,0.009224283,0.14559518,-0.15248966,-0.23062116,0.07518024,0.073925756,0.08285024,0.18224117,0.02300381,-0.0045361873,0.09951172,0.02746104,0.086331934,-0.26694015,-0.06842678,-0.06692456,0.028206842,-0.017760087,0.23559524,0.03819159,0.08701143,-0.10903023,0.097011186,0.1499708,0.039159488,-0.029372608,-0.11098703,0.095076285,-0.07489308,0.058134355,-0.0069080596,0.13694358,-0.08670261,-0.15829064,-0.073088735
TCGA-55-6980-01,0.038676005,-0.23334342,0.11987077,-0.030384053,0.08266305,-0.06494399,-0.00060611917,0.29652905,0.06070737,0.0019753738,0.11850391,-0.009460052,-0.12731886,-0.052388478,0.040593635,-0.27516446,-0.20871833,0.07154951,-0.0116279945,0.1625444,0.10094356,0.24110793,0.0015165753,0.14809506,-0.14551616,-0.11538379,-0.013646423,-0.025516763,-0.11033284,-0.15880963,0.16302258,-0.030731117,-0.07845778,0.08473309,0.2464846,0.020022105,0.16090605,-0.021040672,-0.09371829,0.01036052,0.227104,0.115727626,-0.10791036,0.04638469,-0.042872176,-0.042193227,0.014599618,0.16777757,-0.120197706,-0.045203272,-0.1873379,-0.058925394,0.085231006,0.12394351,-0.2698712,-0.15085094,0.09939741,0.0061286693,-0.0027929684,-0.13184911,0.08207458,-0.1304544,-0.048172455,0.05281686
TCGA-62-8394-01,-0.085306324,-0.19593169,-0.07710294,-0.04602269,0.07115932,0.059076127,0.03524888,0.35328677,-0.1393625,0.14484714,0.30287862,0.04067836,-0.06950984,-0.16513097,0.16280858,-0.21743537,0.040777437,0.047010846,-0.11864581,0.1254392,-0.0369962,0.35098448,-0.008694294,-0.02403858,0.034562323,-0.20206454,0.085382216,0.05395985,0.05380094,-0.124814644,0.042197324,0.022353131,-0.106152035,0.10248064,0.19004817,0.035806935,0.2059024,0.05201834,-0.045513798,0.025343226,-0.07442702,0.10677528,-0.101104595,0.0021723507,-0.1170692,0.032486364,-0.21418904,0.214238,-0.052895796,0.17853478,-0.032487694,0.050760124,0.12183635,0.057446092,0.016164117,0.03836892,0.1603104,-0.100041136,0.043611765,0.028164325,0.0028234327,-0.01592255,0.0052917493,0.05044801
TCGA-44-7672-01,0.13649797,0.12938611,0.07274772,0.04520678,0.17440945,-8.4208776e-05,-0.020613234,-0.14319889,0.15588507,-0.040651083,0.070459,-0.14667228,0.049394414,-0.116409615,-0.052578647,0.1705468,-0.06730062,-0.049020194,0.06779167,-0.09275595,0.15116908,-0.29050007,-0.1953281,0.06304717,-0.017543748,0.12361509,0.08038746,-0.13900708,-0.04293646,0.12771885,-0.12134888,0.29750288,0.16299967,-0.10905488,-0.016775858,-0.08774762,0.13982292,-0.0030496751,-0.039387457,0.06529977,0.12620418,0.13445362,0.10122451,-0.18121928,0.26912072,-0.0799112,0.0974662,-0.066499405,0.07672472,-0.22234224,-0.14571805,0.011266729,0.037673965,-0.02987947,-0.28827667,0.013516256,-0.008532818,0.19878359,-0.08974832,-0.085570544,-0.06433765,0.07738251,0.0031421809,0.06616748
TCGA-55-7994-01,-0.0040209168,-0.095273405,0.09131847,0.031180518,-0.0065952535,-0.10277796,0.26358277,0.093575746,0.10282502,-0.027679177,0.028383974,0.042236365,0.10742716,-0.24511254,-0.0031069627,-0.16045044,0.0069175907,-0.17525089,-0.021721587,-0.11926969,0.04346771,0.04797223,-0.1240762,-0.04229314,0.036814667,0.03776502,0.10391247,-0.09301668,-0.09236122,-0.15632841,-0.18406947,0.29095656,0.19883326,-0.0008550961,-0.11141716,-0.16432095,0.11642748,0.032917067,0.014982462,-0.041552216,0.14918363,-0.11414994,0.24778928,0.0060844338,0.022050891,0.18916498,-0.060224652,0.009171151,-0.22998899,-0.19969547,-0.056493286,0.19882104,0.06986329,0.058153547,-0.0881126,-0.07553208,-0.2844046,-0.06210656,0.13017285,-0.03190664,0.10126155,0.03267084,-0.023835069,-0.1918786
TCGA-97-8176-01,-0.102746405,-0.087126724,-0.00337637,0.24931383,0.10536136,0.13993248,-0.059431225,0.0045499797,-0.16317266,-0.012423068,0.21633175,0.10038424,-0.13657644,0.032133687,0.052596275,0.06594359,0.046548393,0.14902832,-0.22714014,-0.020452878,-0.075396396,0.3829505,-0.06630362,-0.09090049,0.15425377,-0.0735528,-0.033709,-0.052439608,-0.047443546,0.013676929,0.12480586,-0.0099835135,-0.08316907,-0.05460455,-0.05323002,0.06524439,0.12491519,-0.10353057,-0.035537936,0.15397152,-0.2201387,-0.21604759,-0.11113188,0.18156722,0.09276819,-0.03157123,-0.30982688,0.026012069,0.02696535,0.1731854,-0.068593,0.039274976,-0.006650512,-0.1048919,0.096174866,0.2433118,0.031849265,-0.025960745,0.10546084,0.014985735,0.06349835,-0.13868925,0.09880616,-0.06977262
TCGA-67-6217-01,0.22830875,0.16999096,-0.030165644,-0.006406756,0.07850274,0.10479347,-0.06508934,-0.01585944,-0.104932986,0.052943125,0.19412671,-0.19783573,-0.09960828,-0.06201041,-0.08958641,-0.02146847,0.08891021,-0.12933032,0.20620267,0.0341868,-0.05606144,-0.18725097,-0.032130457,-0.07785511,-0.064449854,0.3209323,-0.1550658,0.16204141,-0.04328525,0.056746945,0.18337692,0.21088104,-0.0364483,0.066224016,-0.023954518,0.044172775,-0.04821358,0.15750924,-0.06257407,0.0025774557,0.1196396,-0.004317573,-0.046485506,-0.13317692,-0.08178027,0.071379185,-0.18179075,0.19954194,-0.062327724,-0.00519712,-0.14593539,-0.10788239,-0.27428737,-0.04666135,-0.04282099,-0.1276396,0.006780166,-0.0885792,-0.18568344,-0.034581285,-0.12316271,0.18408194,-0.071807094,-0.20224705
TCGA-55-8513-01,0.09858856,-0.09298525,0.117300585,-0.04057127,-0.07040332,-0.07416992,0.10053454,-0.25905806,0.16529383,-0.04822954,-0.064465694,0.087703004,0.05312001,0.0047262083,0.050433572,0.24932982,-0.07409224,0.107654974,-0.05117031,-0.0744575,0.27884674,-0.094321094,-0.1569766,-0.14638422,-0.18451376,-0.0015675998,0.22661017,-0.10510957,0.09346338,-0.06889009,-0.118394874,-0.029898908,0.07265378,0.16034794,0.08075584,0.03605142,-0.11773596,-0.09741154,-0.0020002911,-0.04760996,0.13624291,0.15382904,0.0561458,0.09017158,0.29029733,-0.1319726,0.08328849,-0.17408344,-0.019137967,-0.059395526,0.104293756,-0.06357598,-0.1430979,-0.1902803,-0.0047588893,0.20447609,0.048146274,0.062946476,0.13368116,-0.04263047,0.08253527,0.07092102,0.10093511,0.2539664
TCGA-95-A4VP-01,-0.058957636,0.010896782,-0.07988634,0.07127068,0.14280409,0.039872054,0.02942714,0.12838443,0.1928735,0.17368175,-0.008815628,0.0016427131,0.07760794,-0.16742194,-0.049068432,0.12541038,-0.19393727,0.04967928,0.039482333,-0.007205218,-0.013030955,-0.08464356,0.0018125899,-0.1060824,-0.077443406,0.1510371,-0.10859591,-0.13818423,0.17455246,0.17794226,0.074574046,0.1711626,-0.13929363,-0.056364402,-0.055439845,-0.005234964,0.22406603,0.06632144,0.22449875,0.0020474605,-0.122745775,0.10121331,-0.16865633,-0.19553946,0.005612142,0.040945638,-0.20515214,0.089032896,-0.01199147,-0.09858634,-0.042380996,-0.11473295,0.07968234,-0.12856652,0.11771774,-0.18491882,0.2308539,0.03771946,-0.06883418,-0.027203849,-0.13844174,0.32580695,0.06401236,0.22191103
TCGA-55-8301-01,0.21788402,-0.0127759045,0.12747175,-0.03242851,0.15884683,0.06160349,-0.25770625,-0.17253278,0.15100203,-0.048730563,0.1347654,-0.03547555,-0.048132267,0.2065471,0.042606108,0.119538106,-0.27755648,0.014294019,0.051221654,0.06884028,0.11817123,-0.14755666,-0.052711204,0.0668651,-0.2694851,0.004768591,0.07480867,-0.06707285,-0.1046681,-0.0035326644,0.1608185,-0.046469122,-0.03695791,-0.015133511,0.13169746,0.05553275,-0.08514854,-0.1353593,-0.025146035,0.041336164,0.17806445,0.06265684,-0.017390614,0.08743925,-0.06521198,-0.2608814,0.12002879,-0.042439632,-0.06974159,-0.025653884,-0.09591928,-0.06359775,-0.1315344,-0.016495219,-0.2438717,0.05004221,0.04304561,0.060234975,-0.05078512,-0.21116285,-0.16690217,-0.20298918,0.0033305543,0.22973268
TCGA-44-3918-01,-0.08303566,-0.10477301,-0.06308399,-0.16374551,0.0150866145,-0.14340056,0.15062493,0.0791881,0.014333746,-0.028454522,0.349238,0.07742576,0.028504424,0.15854341,-0.0061391243,-0.011879006,-0.052370355,0.054596994,-0.046376996,-0.04700863,-0.010040167,0.11428758,0.0072088963,-0.0028205598,-0.034527764,-0.13927941,-0.112783276,-0.06094487,0.048782207,-0.040504895,0.10080848,0.27871817,-0.07137544,-0.10850036,0.29188177,-0.099389926,0.08580012,0.15819252,-0.22651607,-0.16301191,-0.10237351,0.12799582,0.01682621,-0.119060285,-0.05023836,0.02118671,-0.23588938,-0.091766104,-0.035023734,-0.18665963,-0.009445875,0.031640336,-0.04047179,0.13456883,-0.0690068,-0.019351909,0.1142656,0.20326163,-0.35656804,-0.04436499,-0.08942838,-0.07724228,0.05309642,-0.03753065
TCGA-50-6594-01,-0.050314907,0.059644014,0.12364804,-0.0636021,0.019526824,0.074578695,-0.005990688,0.1649573,-0.2194709,0.09815192,-0.020553902,0.002398358,-0.17810299,0.18145895,0.092058524,-0.055240195,0.22359334,-0.086110234,0.0076311706,-0.056127757,-0.05374883,-0.07168926,0.010863488,0.10042878,0.09712798,0.0038286364,0.07788707,-0.09270866,0.13155578,0.04412535,-0.05440637,0.05363921,0.120412454,0.031048723,0.12655151,-0.06930305,0.05086626,0.08971351,-0.18549836,0.09259928,-0.1866605,-0.120602235,0.14378798,-0.06784152,0.26729548,0.29864538,-0.027951727,0.011694381,0.01956288,0.095821984,0.16249481,0.042801216,-0.18223235,0.1523593,0.04885684,0.3011294,-0.058384497,0.12861936,-0.15449038,0.27000907,0.08438998,0.056658823,0.041063316,-0.19178441
TCGA-35-4123-01,0.03723182,-0.1571545,-0.11879333,-0.15886019,-0.12379771,-0.13405462,0.13929321,0.11367103,-0.10165852,-0.11175883,0.12037577,-0.004395499,0.06250687,-0.058017112,0.1095429,-0.13996054,-0.09293693,-0.062496614,-0.054819934,0.11790556,0.05459274,0.05597404,-0.0912302,0.18986525,-0.03567348,-0.13647884,0.027679222,-0.011917899,-0.23880428,-0.18341656,-0.076547116,0.12738991,0.03946137,0.07974196,0.21752094,-0.031056218,0.059566915,0.11641032,-0.33582485,-0.15656924,0.09580169,0.080156535,0.05588241,-0.040586606,-0.0022499932,0.15546112,0.06738492,-0.021053368,0.032964624,-0.080828026,-0.12963474,0.069090694,0.05343328,0.24876216,-0.2649789,-0.042581126,-0.026652355,0.11729302,-0.28782576,-0.081931636,-0.064884774,-0.12669854,0.059096258,-0.15934817
TCGA-86-8074-01,-0.1151225,-0.031838883,-0.089264944,-0.055986937,-0.07106403,0.07270827,0.026837165,0.14499004,-0.2576163,0.086266264,0.23895575,-0.019965561,0.018922765,-0.05199606,0.17728063,0.02673518,0.042998537,0.031952243,-0.20511054,-0.03476238,-0.13073617,0.21549107,0.06923295,-0.00168679,0.043875877,-0.24830385,0.06626458,0.053787794,0.01664036,0.09125644,0.060459994,-0.19599208,-0.052311435,0.07431235,-0.021265086,-0.02620494,0.23868789,0.09176927,-0.10294752,0.010783999,-0.2312526,-0.10160384,-0.14039329,-0.06766036,-0.002533014,0.20038901,-0.23096286,0.07609581,0.19035348,0.27545527,0.083871245,-0.028796194,0.14735378,0.065958485,0.061137717,0.023016425,0.12307185,0.0076632765,-0.13326073,0.21718171,-0.11442628,0.085004084,-0.010108299,-0.12759548
TCGA-91-A4BC-01,0.11805547,-0.16385971,0.117375575,0.17245162,0.10314802,0.2602986,-0.20494567,-0.17633596,0.15094067,0.021952493,-0.029885277,-0.24404424,-0.035458658,0.022018827,0.011199131,0.00022649352,-0.21885307,0.12846866,0.019617757,0.073523015,0.0993458,-0.0090558985,0.03475017,-0.05893945,-0.051601022,0.011635995,0.054282706,0.056124486,0.07890658,-0.02308899,0.073601335,0.0422869,0.017379433,-0.11366428,-0.050541244,0.007570469,-0.16698243,-0.31419027,0.12334501,0.13372093,0.14025638,-0.08181155,0.03206722,0.07960555,-0.038370278,-0.32838637,0.11581868,0.009781791,-0.017984215,0.021484785,-0.19644949,-0.01150222,-0.07484397,-0.07862282,-0.24281353,0.11293645,-0.067119315,-0.09083704,0.13882014,-0.12814249,-0.05016836,-0.24192871,-0.07382843,-0.030155916
TCGA-62-8398-01,0.00049007806,-0.008823546,0.13985457,0.16705446,0.02957845,0.0775692,0.037458755,0.08304465,0.12988,0.071566224,-0.12774983,-0.19062705,0.025151763,-0.006699299,0.031187048,-0.20486972,-0.14671905,0.091829956,-0.061167605,0.0617007,0.051553592,0.00077903515,0.1672293,-0.07380813,0.021571748,-0.06974827,-0.18150063,0.14918806,0.1574632,0.026888022,-0.106097296,-0.030214857,0.036593847,-0.20368852,0.16746737,0.08851313,-0.006190601,-0.12420922,0.18943655,-0.018669972,0.09586839,0.11093641,-0.023176115,0.19636913,0.09343074,-0.2265736,0.11549875,-0.06370188,0.20555042,-0.09588555,-0.11693674,-0.23434916,0.04844486,-0.009674664,-0.20826352,-0.065036185,0.2745123,0.1708297,0.044470377,0.00851195,-0.20277292,-0.009583774,0.008197362,0.24653767
TCGA-55-6984-01,-0.13441655,-0.19255906,-0.14130208,0.04575759,-0.13918531,-0.056154974,-0.011632381,-0.054355312,0.12870848,0.094007984,-0.33797708,-0.16188969,0.020908868,-0.03806022,-0.19106515,0.059231337,-0.13025784,0.015324731,0.09537669,-0.008268007,0.017102845,-0.0129767675,0.114808984,0.045536935,0.080509484,0.056786276,-0.13536292,0.15588295,0.10660474,0.18374601,0.06975111,-0.12241775,-0.043292724,-0.040115222,-0.21314287,-0.068512365,-0.10354748,0.012623617,0.24377964,-0.046015102,-0.15957537,0.07850815,-0.17550467,-0.17367478,0.061755754,0.1265773,-0.11577072,0.08114964,-0.035911076,0.0015304078,-0.13777031,-0.16551912,0.10220362,-0.03436701,0.17348376,-0.19277264,0.0358983,0.0031795877,-0.12038539,0.05491847,0.087191366,0.15564784,-0.2423509,-0.18887103
TCGA-L4-A4E5-01,0.13700749,0.08870405,0.007236865,-0.17622943,0.027330989,0.07544219,0.051064074,0.12302369,-0.05236147,-0.034807563,0.1403987,0.13036445,0.08252982,-0.009531052,-0.15170866,-0.045802258,0.1743752,-0.29572394,0.04383041,0.019980045,-0.052469157,-0.36671823,-0.11760681,-0.030057024,-0.092569426,0.20150869,0.083915725,-0.059131052,0.043591566,-0.10266528,-0.12135691,0.13789994,0.04500737,-0.11673322,-0.036718022,-0.04942466,0.11186167,0.0837231,0.039687794,-0.022178307,0.019210136,-0.14377846,0.23100048,-0.10468458,0.0006562153,0.17967157,-0.17956239,0.2125849,-0.02449329,-0.115681425,-0.042748455,0.022330265,-0.16972698,0.12892914,-0.039589234,-0.0281979,-0.0725579,-0.0016132161,-0.2427119,0.041656617,-0.17894433,0.14826666,0.1756439,-0.12794302
TCGA-17-Z050-01,0.023294413,0.12964319,0.09280341,-0.110515706,0.16575444,-0.04220904,-0.19581544,-0.25122014,-0.06621134,-0.025025913,0.019915912,0.02115662,-0.28568915,-0.22366989,-0.037162725,0.07696799,0.05695565,-0.09198341,0.2532845,0.059433255,0.15212393,-0.09078385,-0.099800244,-0.010885711,0.067547396,-0.0029195887,-0.09233443,-0.08855486,0.014978278,0.020626912,-0.12648344,-0.05141225,0.071243025,-0.0042535523,-0.1828487,0.0017824653,0.057471987,0.0061227866,-0.09961232,0.14328726,-0.16046782,0.002655875,0.32894912,0.114434615,0.18447848,-0.10206924,0.18244377,0.0826333,0.08114463,-0.051726583,-0.17784712,0.15398757,-0.05862265,0.024317518,0.11301149,0.18383302,-0.087165505,0.026189877,-0.1616469,-0.038251005,0.16546015,-0.13409154,0.018762898,-0.15650171
TCGA-86-8054-01,0.098308265,-0.040084176,-0.12243462,-0.15881304,0.13971399,-0.15002143,0.037473172,-0.21320908,-0.26580995,0.10716475,0.4469695,0.19612026,-0.109577864,-0.022757735,0.105494305,-0.055111445,0.14716244,-0.16249378,0.040018667,-0.22216398,-0.035883665,0.115694724,-0.02990171,-0.118603155,0.07630036,-0.039548356,-0.017456895,-0.10229122,-0.10212385,-0.08222099,0.046933305,0.054898363,-0.014005443,0.044952363,0.14225528,-0.03448708,-0.052963812,0.12082776,-0.1849684,0.0364264,-0.12043766,0.10199498,0.19880816,0.05014596,-0.0123006385,0.0011486491,-0.15751664,0.14435038,-0.21296075,-0.009605539,0.016240524,0.20581043,-0.13946831,0.033467438,0.056720007,-0.01152193,-0.087955624,0.058946125,-0.056974422,0.053530566,0.111026004,0.039911743,-0.09171074,-0.04860545
TCGA-49-AAR9-01,-0.15118124,0.1610721,0.186978,-0.30156693,0.02003852,-0.077582195,-0.11714242,0.18944883,0.018841457,-0.019937182,0.17269675,0.027666014,-0.115637414,0.15314396,-0.1521679,0.1826217,-0.06012141,-0.16954505,-0.00946918,-0.14930196,0.050856724,-0.08204804,0.019140018,-0.032324135,-0.15449797,-0.1305686,-0.005014907,0.11488398,-0.038823277,-0.0355615,0.077273294,-0.25600395,-0.07637012,-0.06679692,-0.012761737,0.0032375029,0.22689366,0.025444778,-0.03397473,-0.09484943,-0.09277913,-0.1261126,-0.16610163,0.043441005,-0.019247573,0.2125502,-0.14135239,0.0836841,0.14298496,-0.0062475135,0.0067811324,-0.11017495,-0.03442415,0.17772248,0.11081568,0.03570315,0.055455014,0.14350095,-0.26893252,0.09023416,-0.22518925,-0.0286203,0.032981742,-0.12523971
TCGA-50-6593-01,0.19752781,-0.02745681,-0.09594562,0.07871905,-0.03835141,0.018395146,0.11665753,-0.082003824,-0.010734245,-0.106614515,0.1313374,0.1376928,0.02539541,-0.14443885,-0.15325579,-0.09230127,0.17560954,-0.2114905,0.020700825,0.15051778,0.0052924235,-0.116671614,-0.20728587,-0.13624996,-0.066050805,0.36736742,-0.005861093,-0.03911755,-0.13632439,0.00011154756,-0.1308589,0.26536214,0.11320051,0.067097194,-0.116542704,0.035619438,-0.03680497,0.09598604,0.030194389,-0.0171668,0.24365328,0.07329738,0.13021222,-0.021702027,0.04324828,0.13896471,-0.20942645,0.13091731,-0.16080076,-0.11125895,-0.05993767,-0.07209867,-0.17666139,-0.11699626,-0.015974665,-0.02398233,-0.10432249,-0.051638108,0.055130113,-0.1276549,0.10700568,0.22503205,0.037404746,0.056826573
TCGA-44-6778-01,0.10387853,0.09441126,0.2923358,-0.043169152,0.11544241,0.04259275,-0.15497704,0.23957151,0.04540159,-0.07054214,-0.057852764,-0.087594315,-0.09334167,0.014408445,0.036028665,-0.21992218,-0.11108694,-0.10811379,0.06082012,0.16732366,0.056271322,-0.1443771,0.10908839,0.19485578,-0.14362608,-0.09217334,-0.06280432,0.044393986,-0.05313877,-0.049601067,-0.013621529,-0.029059028,0.13625033,-0.12209352,0.09705804,-0.057097994,0.08313352,-0.05845791,-0.03539991,0.02120305,0.20871373,-0.16502367,0.11945659,-0.022092322,-0.10341523,-0.09175391,0.1721969,0.07308381,0.067528754,-0.036938753,-0.17956711,0.016302504,-0.060969107,0.23996735,-0.33009335,-0.11329008,-0.027901463,-0.026801994,-0.08042464,-0.1593049,-0.15874925,-0.24807476,0.04877799,-0.083543815
TCGA-55-8621-01,0.08379427,-0.29207486,-0.06478932,-0.019173684,-0.08489622,0.08871532,0.02840119,-0.26444134,0.22835302,0.02689253,0.0080977045,-0.20969154,0.12718716,0.06959239,-0.02198285,0.17675743,-0.2896723,0.15617274,-0.008352593,-0.069312945,0.12933134,0.030039826,-0.017169544,-0.10014607,-0.23701222,0.07566035,0.024503559,0.16461794,0.03006966,-0.109299816,0.16045156,0.027678862,-0.03832715,0.09318499,-0.047859892,-0.019286985,-0.18184102,-0.111585595,0.12551664,-0.121587805,0.1560262,0.14507963,-0.11445267,-0.09040656,-0.031645644,-0.13462123,-0.13536146,0.05475279,-0.16620891,-0.0123970285,-0.16845444,-0.16873448,-0.081424,-0.19391298,-0.09621235,-0.12234025,0.03276232,-0.089713685,0.018240687,-0.10611555,-0.12513256,0.027347684,-0.092670515,0.052737612
TCGA-73-4659-01,-0.041819867,0.16301914,-0.057897665,-0.18035133,0.20862164,-0.09856758,0.040216047,-0.08198277,-0.15269966,0.047997896,0.24375875,0.28938797,-0.107063666,0.12782449,0.0019275567,-0.070052005,0.1463884,-0.19829111,-0.0042986204,-0.20033707,-0.044005945,0.05078292,0.016448688,-0.115339704,0.1151793,-0.024391614,-0.019670585,-0.10255163,0.01053595,0.0316889,-0.025272626,-0.018206857,-0.05320772,-0.24171093,0.117745355,0.09242325,0.100349605,0.15150665,0.025169067,0.032086805,-0.28365088,0.1493803,0.11058463,0.19454198,0.08472767,-0.030221356,-0.13973889,0.033559844,-0.058557052,-0.07409732,-0.015818315,0.03453024,-0.17494974,-0.0037665293,0.18793185,-0.038416844,0.12933281,0.21706027,-0.05587461,0.065037385,-0.050859515,0.01559943,0.1032169,0.25393584
TCGA-55-A494-01,0.044728488,0.06996039,-0.19515724,-0.021961357,0.12906912,-0.11227026,0.10825524,-0.25443998,-0.13522865,-0.0072461753,0.31238958,0.27135813,-0.08816089,-0.027618213,-0.08701192,-0.024213623,0.15835294,-0.16562302,-0.017960545,-0.12395385,-0.045721743,0.14589508,-0.0912594,-0.22270942,0.060217783,0.15111664,-0.054819416,-0.1198177,-0.08520349,0.14341651,0.019246683,0.1609366,-0.029093007,-0.12552516,-0.04418141,0.08063758,0.037754763,0.13183784,-0.03542871,0.03127659,-0.091592945,0.21174681,0.06593672,0.08662899,0.110416435,0.0110298395,-0.27536777,0.044866268,-0.1270414,-0.12019432,-0.040132638,0.00087733386,-0.13352965,-0.14937086,0.14808391,-0.065367214,0.03203297,0.16519505,0.037557926,-0.05915692,0.116502434,0.1506473,-0.0066648163,0.16040997
TCGA-86-8674-01,-0.1769137,-0.08885962,0.12180405,0.039165057,0.115373455,-0.04383457,0.077438526,0.042518817,0.23358366,0.037427925,-0.34136498,0.05762836,0.005490314,-0.005460292,-0.24329285,0.037930265,-0.010410833,-0.020106334,0.08147503,-0.14151494,0.09071184,-0.094305344,-0.012019667,0.069696,0.10300733,0.009934914,0.059985086,-0.13512297,0.14782901,-0.04485999,-0.20205565,0.15309443,0.092692345,-0.2786173,-0.14534824,-0.114561915,0.107293814,-0.1084343,0.26663435,0.014678796,-0.16482112,-0.05057585,0.1535358,-0.102030836,0.2442728,0.02631275,-0.05317013,0.004386244,-0.0748684,-0.22244494,-0.17996277,0.11073571,0.011823548,0.07998407,0.08675749,0.04497157,-0.04525235,0.12258933,-0.039515242,-0.05013419,0.16644368,-0.045224756,0.016990816,-0.076955765
TCGA-86-8279-01,0.14077437,-0.069990575,-0.067555726,-0.098955505,-0.12762146,-0.00565708,0.1306193,-0.17308415,-0.14393848,0.15990175,0.08047076,-0.062778614,0.009219214,0.07061431,0.011114745,-0.031230764,0.17583391,-0.14387594,0.12297215,-0.13917229,-0.1426062,-0.08198456,-0.010493263,-0.02077344,-0.06105317,0.19949664,-0.0758908,0.07242484,-0.09371362,-0.018826602,-0.011758035,0.15956952,0.1468365,0.2169588,-0.022020867,-0.08407616,-0.19414213,0.18613192,-0.043894555,-0.049284235,0.08163543,0.09948291,0.13228723,-0.14037299,-0.013040153,0.28212833,-0.1809748,0.11312337,-0.24617775,0.013106406,0.070944056,-0.07773842,-0.13883802,-0.02619678,0.040393356,-0.08290658,-0.13161296,-0.066756085,-0.023315135,0.19822225,-0.018497653,0.32780987,-0.12979002,-0.11488985
TCGA-44-7660-01,-0.03540626,0.034736913,0.050339628,-0.28530425,0.0163179,-0.043134965,0.03138009,-0.043985836,-0.044777103,0.011162753,0.11516056,-0.033740755,-0.015527469,0.2096111,-0.04878184,0.13021728,-0.19485742,-0.14900942,0.076348096,-0.15021677,0.0012933792,-0.11672278,0.01913804,-0.11024172,-0.10697825,-0.0768315,-0.062231172,0.15320733,-0.09233063,-0.10673959,0.315053,-0.037847955,-0.21941791,-0.09906576,0.11315243,-0.0070400084,-0.041739967,0.06878956,-0.13856973,-0.0085497415,0.08184301,-0.13387181,-0.13502248,-0.025029218,-0.30384132,0.04209718,-0.051249173,0.016383728,0.051054064,-0.0149774505,-0.035576936,-0.12538014,-0.3218454,0.10321599,-0.087071985,-0.11412502,-0.011661173,-0.0908129,-0.19808656,0.07776519,-0.20979463,-0.041752666,0.11377284,-0.21082494
TCGA-55-A4DG-01,0.1185142,0.08602864,0.06236351,-0.13552076,0.0964273,0.11132497,-0.18551475,0.27744982,0.04631249,0.15925248,-2.2749717e-05,-0.18135738,-0.116039865,0.06141817,-0.20112546,0.032644473,0.08124577,-0.022673927,0.30035162,-0.039005492,-0.11127468,-0.18284747,0.09536083,0.100851096,-0.11095203,0.21596447,0.01095648,0.11738384,-0.006599205,0.047408726,0.21205226,-0.0015800134,-0.13228507,0.04137012,0.12489143,0.0657488,0.061365474,0.06420284,0.12896542,0.111175194,0.1750311,0.08894431,-0.20454651,-0.08783003,-0.10661764,-0.04244819,-0.081758104,0.24798506,-0.08267221,-0.00028435103,-0.030790936,-0.17809036,-0.1076198,0.07091983,-0.105666794,-0.057722796,0.15598668,-0.002864671,-0.09883358,0.079673946,-0.03852154,0.20407663,-0.14237753,-0.009793011
TCGA-05-4244-01,-0.1230519,-0.0034123564,-0.046936527,-0.0884657,0.03891774,0.07848845,-0.061252907,0.05318319,-0.27710164,0.05567756,0.275942,0.092890866,-0.07924498,0.046995968,0.117983356,0.023451978,0.10840564,-0.04594591,-0.16357872,-0.07741713,-0.11717906,0.09486965,0.06910682,0.026249796,0.12662928,-0.19249448,-0.008580064,-0.05899887,0.026424449,0.1522529,0.0805857,-0.12942164,0.010148369,-0.09595925,-0.08959524,-0.05568041,0.20125906,0.06409972,-0.10341287,0.07755995,-0.33130497,-0.21947612,0.025587631,-0.11988808,0.03272884,0.09069254,-0.27525386,0.14168593,0.15445302,0.16682056,-0.008946191,0.093055524,0.030309534,0.13745672,0.058687065,0.07245513,-0.02668316,0.06463067,-0.20933528,0.15144634,-0.03199662,-0.07401756,0.03240649,-0.2576422
TCGA-O1-A52J-01,-0.016937705,0.011496444,-0.07216488,-0.12117029,-0.04115743,0.15066998,-0.013926233,-0.13171037,-0.07593492,0.10998824,0.004701102,-0.11889944,-0.07399956,0.065194234,-0.10809995,-0.030473566,0.11525451,-0.17231789,0.0645774,-0.15435596,-0.0737819,-0.22986957,0.1509596,-0.083515316,0.09688083,0.13626379,-0.15786809,0.18532908,0.10916033,0.19151,0.06458378,-0.0042224345,0.0935587,-0.17394927,-0.23913923,-0.034610145,-0.124468885,0.023977578,0.120440505,0.0525765,-0.067486845,-0.12853867,0.069901064,-0.17487818,-0.0056188283,0.03748556,-0.25335708,0.23761185,0.049637333,-0.050582558,-0.10867704,-0.08301636,-0.15966299,-0.028061505,0.020619377,-0.15550053,-0.121639095,0.016848043,-0.12934709,0.13871875,-0.06198656,0.12347048,-0.1286925,-0.33717653
TCGA-69-7973-01,0.06367968,-0.006048431,-0.10201668,-0.27972165,-0.13320866,-0.045647886,-0.08289136,0.15451789,-0.095806174,-0.04914345,-0.027026404,-0.09151379,0.08594525,0.15065975,0.041163478,-0.08635896,-0.07116159,-0.18252943,0.03189835,0.12183888,-0.031648956,-0.31724808,0.032871425,0.26485878,-0.014824154,-0.06687908,-0.007062696,0.09013892,-0.091999575,-0.00097208435,-0.019036118,-0.117877185,-0.04788675,-0.054486983,0.21764491,-0.008313307,-0.060569495,0.1450817,-0.15629363,-0.04200712,0.024751516,-0.0046510715,0.016638674,-0.039994337,-0.14552225,0.12035732,0.17693134,-0.0067284773,0.14709169,0.025380306,0.02678871,0.04047246,-0.020938873,0.29550657,-0.24610236,-0.053528786,0.0076782354,0.061717693,-0.33446133,0.05355838,-0.20891643,-0.048109733,0.042631343,-0.13671616
TCGA-49-4507-01,0.114741355,-0.208308,0.055471353,-0.041183647,0.0505971,0.04316953,-0.08910136,-0.07027696,-0.1481083,0.03683219,0.089292705,-0.12476774,-0.20738688,0.31949848,-0.102267645,0.026822373,0.11755764,0.08586985,0.117197186,-0.12451984,-0.10952941,0.17443661,0.017910913,0.11461408,-0.06341028,0.083510354,-0.15622915,0.18722764,-0.09498593,-0.121465944,0.24268991,0.12941462,0.038347002,-0.046999983,0.18906862,0.033840246,-0.1540636,-0.05994804,-0.17329775,0.009370432,0.07401393,0.17254423,0.023550007,0.030749036,0.061607733,-0.13812838,-0.14403382,0.13112871,-0.16094142,-0.028464634,-0.22608013,-0.15517733,-0.15323003,0.10483041,-0.1595818,0.056674197,0.08608757,0.106123365,-0.17886065,0.010260943,0.03517917,-0.106470406,-0.03545505,-0.12974839
TCGA-97-8552-01,0.14100993,-0.015666092,0.16845252,0.19697316,0.073220365,0.19165336,0.105998755,0.086812474,0.15452838,0.10085787,0.04267464,-0.17527047,0.013950745,-0.10899151,-0.09327007,-0.10807553,-0.01263526,0.09666497,0.089464344,0.035964083,-0.010653537,-0.031002624,0.0059906105,-0.24059424,-0.110242285,0.26698837,-0.18275873,0.10856385,0.14071868,-0.09410399,-0.036529213,0.2554283,0.030705094,-0.047155466,0.084681824,0.055675343,0.020108838,-0.080416106,0.1803905,-0.022068108,0.23375385,0.114858575,0.031482738,0.07800537,0.0344551,-0.18583734,-0.09843829,0.088992275,-0.07304808,-0.13766365,-0.15168822,-0.20506616,-0.13423067,-0.106087886,-0.15892157,-0.08438783,0.15770432,-0.003924211,0.11693624,-0.050026804,-0.13651194,0.15488197,0.1151647,0.14698486
TCGA-75-7027-01,0.0050372477,-0.08535811,-0.09533966,-0.1291425,0.08579793,0.02397159,-0.038681604,0.1943326,-0.252588,0.021403583,0.0040676743,0.3056449,-0.062076285,0.049329925,0.18006727,-0.11945926,0.12818241,-0.30185482,-0.09988285,0.11628029,-0.10631556,-0.122129045,-0.05360993,0.15627976,0.05358863,-0.028422296,0.105694614,-0.1725934,-0.11497848,-0.04915807,-0.007901586,-0.16251008,-0.049222562,-0.027500512,0.024891961,0.08448439,0.10445774,0.090537034,-0.005982591,0.068386085,-0.2714294,-0.15961166,0.11710043,0.06296574,-0.03932503,0.10247063,-0.015253676,0.18754354,-0.034868006,0.17808521,0.04707856,0.12682769,-0.16190046,0.26244575,0.11404143,0.101504095,-0.030118065,-0.06427472,-0.19101669,0.017860925,-0.0029354054,-0.024413617,0.13808545,0.0869287
TCGA-55-A493-01,-0.0864561,-0.17853203,-0.02889297,0.012971399,0.16782372,0.08929201,-0.13791734,0.015976893,-0.023290867,0.14344366,-0.15525351,0.020963252,-0.18714006,-0.013151944,-0.11586563,0.087122284,0.095955394,0.084157005,0.049162112,-0.073617086,-0.054818045,0.054120794,-0.08318608,0.15940687,0.17399853,0.059246875,0.11717243,-0.17434356,0.16110806,0.08802327,0.07886652,0.088719316,-0.057579182,-0.102265105,-0.13629222,-0.09901021,0.09245657,-0.05806813,-0.021573853,0.21680814,-0.2096157,-0.06113836,-0.045484025,-0.3262743,0.18939705,0.062322147,-0.06666623,0.14226837,-0.013062815,0.020011798,-0.16230081,0.22726555,0.100458615,0.077952385,0.038237125,0.08537996,-0.1376521,-0.02754819,-0.01649598,0.083892845,0.28984436,-0.07468444,0.016977776,-0.26778236
TCGA-L9-A5IP-01,0.12817785,-0.06305648,0.0019995708,-0.16037661,-0.11971794,0.014761825,0.038489822,0.14431843,-0.044590633,-0.09837775,-0.000364445,0.16887651,0.14081042,0.16817327,-0.0260526,-0.20916142,0.08688542,-0.13796489,-0.012839132,0.11986169,0.022990037,-0.28232852,-0.044036727,0.108455986,-0.0008529907,0.078819446,-0.017619615,-0.011538147,-0.028751232,-0.14966518,-0.21509945,-0.10932102,0.014427155,-0.09792038,0.2904848,0.07897418,-0.10994094,0.023311732,0.06383738,-0.02724293,0.088783786,0.0034887951,0.237341,0.17931345,-0.107688576,-0.13009815,0.19090658,-0.0056288335,0.0154011585,-0.09340013,0.056911424,0.033228964,-0.14990863,0.22609876,-0.21539631,-0.010717926,-0.0036464767,0.032291304,-0.0206349,0.043044746,-0.1537788,-0.085456096,0.29578838,0.16341901
TCGA-05-4250-01,-0.0054750484,-0.09357624,0.18161488,0.124542415,0.106920876,-0.029214852,-0.01761833,-0.1612056,-0.10288841,-0.055409886,0.02188453,0.14306074,-0.19964035,0.13829353,-0.10941028,-0.0423462,0.13223949,0.09092227,-0.03472919,-0.07450876,0.12485531,0.13679631,-0.15189335,0.018461326,0.21785426,0.0065417695,-0.09050059,-0.13358366,-0.09223452,-0.14127922,-0.023582423,0.009709004,0.03407043,-0.094671994,0.0903942,-0.004804131,-0.05594209,-0.13412948,-0.19444902,0.18233079,-0.0674169,-0.05315021,0.15217717,0.13625951,0.25789133,-0.13487978,0.034975532,-0.018733852,-0.006313672,-0.043204803,-0.15196732,0.18269135,-0.15744181,0.07709971,-0.045227375,0.18229425,-0.15154386,0.045051225,0.13443252,0.0066279927,0.27582043,-0.2490092,0.12244001,-0.19358101
TCGA-17-Z000-01,-0.09070615,0.043578018,-0.29074752,0.2661886,-0.036856595,-0.20938733,0.18048914,-0.07964364,-0.0786926,0.07663523,-0.05577545,-0.18015616,0.13834846,-0.114917405,0.050457668,-0.1447447,0.06137079,0.16325156,-0.028832333,-0.051756587,0.11111161,0.1286979,0.08538809,-0.04690773,0.28432953,-0.09768951,-0.06863088,0.17558213,0.1999595,0.14138152,0.12968528,0.013816402,-0.076129645,0.057345636,0.061690196,0.05018838,-0.21841933,0.0022830355,0.18225394,-0.040290773,-0.04433459,-0.02669422,-0.064769305,-0.04501951,-0.036824048,-0.19928445,0.10034797,-0.07791175,0.15374887,-0.02354978,0.15780655,-0.03745726,0.04110656,-0.19893558,0.023854407,-0.104340926,0.07783812,-0.118429355,0.0934391,0.027917188,0.083484195,-0.0058795824,-0.2598056,-0.016169088
TCGA-49-6767-01,0.1532349,0.10734053,0.028099407,0.07790959,-0.06457163,0.15750039,0.15522885,0.21029945,-0.06860717,-0.052759543,0.05980188,0.09034594,0.13835326,0.024462173,0.027924072,-0.26017153,0.14255477,-0.20958659,-0.060438164,0.16721912,-0.08396915,-0.23198909,-0.08269903,-0.05709959,-0.090642996,0.29734293,-0.030745115,-0.022280596,0.020566277,-0.050528955,-0.2115957,0.13081792,0.095094584,0.00043561312,0.06285499,0.024661183,0.021100104,0.14301358,0.09157495,-0.054204322,0.07609928,-0.089394294,0.18692048,0.028068878,-0.046556424,0.22993426,-0.08270025,0.10217488,-0.022712165,0.0031481914,0.1028463,-0.08422557,-0.17861892,0.018915797,0.00935668,-0.039649345,-0.045706544,-0.0861408,0.0037362254,0.08919945,-0.23620571,0.20704655,0.2621199,0.13790838
TCGA-95-7944-01,0.11320801,-0.30660784,-0.10696719,0.11069631,0.029162508,0.18299453,-0.13672754,-0.24839477,-0.019635772,0.037294,0.13079888,-0.27374125,-0.048463747,0.0401839,0.04716216,0.079354495,-0.16241089,0.19811,-0.016608803,-0.006061887,0.026563108,0.14417812,-0.06551494,0.03443781,0.028452279,-0.0068238503,0.10918237,0.07441974,-0.046545513,0.016761603,0.23710115,0.09254485,-0.045909412,0.035851203,-0.048894636,-0.03562178,-0.160665,-0.15905966,-0.09165806,0.11962888,0.05204089,-0.044559803,-0.093388334,-0.11341263,-0.0070241103,-0.1625598,-0.09982484,0.08468065,-0.093878776,0.13069557,-0.2093854,0.07613527,-0.01716735,-0.10791975,-0.21507283,0.07755445,-0.115726866,-0.12084839,0.028102174,-0.06886712,0.07050708,-0.17180105,-0.19344075,-0.27210948
TCGA-99-8032-01,0.025139036,-0.20204422,0.07714175,-0.0740036,-0.01582689,-0.12846392,0.09799342,0.105576664,-0.058693975,-0.17789142,0.146262,0.23109986,-0.05110265,0.09053234,0.24610259,-0.10929772,-0.15766919,-0.07875321,-0.12070144,0.12368973,0.047326136,0.16911697,-0.07200505,0.17180224,-0.15381518,-0.13485576,0.0004675925,-0.13484046,-0.2385712,-0.08589775,0.14281397,0.016891504,0.026987094,0.039527573,0.12421988,-0.05075924,0.16066055,0.13425793,-0.3453761,-0.006730028,0.08744864,0.048438713,-6.069221e-05,0.047657587,-0.0069381758,0.097008795,-0.1411066,0.020913031,-0.15739204,-0.006867395,-0.12232429,-0.007374256,-0.095732145,0.106006466,-0.15164271,-0.084746115,0.0032148897,0.019589907,-0.14312024,-0.16074231,0.13880238,-0.14032483,0.20527767,-0.03416464
TCGA-55-A48Z-01,-0.14432281,-0.17571588,0.025367511,-0.001015457,0.03217641,0.05467949,0.24166308,0.153998,0.033348974,0.024417065,0.32918036,0.19306952,0.035268992,-0.014647858,0.15325937,-0.10377912,-0.026620375,0.17938365,-0.2747128,-0.07240984,0.05203321,0.2858503,-0.011431895,-0.14964367,0.04667696,-0.16725539,0.05143515,-0.048383888,0.1386636,-0.111863606,-0.052625433,0.02768952,0.043284565,-0.030303901,0.03401136,-0.0329689,0.2567805,-0.0012336198,-0.017676454,-0.07022474,-0.1114768,0.026747331,-0.023953341,-0.039734934,0.0912132,-0.018801462,-0.4050341,0.14920688,-0.014282498,0.03163013,-0.03460082,-0.003928081,0.034379553,-0.098415986,0.08873082,-0.052529708,0.18552642,0.026957082,0.047586057,0.028466847,-0.046898518,0.021826707,0.1352973,0.1336806
TCGA-50-5055-01,0.097357586,-0.0886935,0.062334735,-0.030993091,-3.7541818e-06,-0.063636385,0.08664325,-0.2490896,0.11030065,-0.0138383005,-0.09550381,0.08341013,0.07195994,0.008233677,0.06916062,0.24504535,-0.0723006,0.0779368,-0.011004159,-0.09557249,0.25818327,-0.06507519,-0.18462309,-0.12260801,-0.1988148,0.030927671,0.28444827,-0.09582224,0.088699274,-0.05377878,-0.05898424,-0.0046350555,-0.007458712,0.16669801,0.08267575,0.06812621,-0.07996036,-0.07003749,0.0100798,-0.02068746,0.10024954,0.17302972,0.011743804,0.0772676,0.2917592,-0.070292845,0.07118514,-0.1721321,-0.0337173,-0.012784708,0.096832246,-0.083694614,-0.19247249,-0.22775309,0.05500829,0.19069594,0.11906185,0.08732905,0.08388985,-0.017894872,0.08841036,0.119268306,0.05944512,0.31234083
TCGA-55-1596-01,0.18170057,-0.1648622,0.016524024,0.06941481,0.08531287,-0.0016347079,-0.08447117,-0.1465996,0.050862048,-0.076578215,0.20839106,-0.02803471,-0.09025404,-0.24610856,-0.18144633,0.03311954,0.023985801,-0.07089421,0.04742446,0.09212005,0.12807105,0.01759505,-0.23501408,-0.060345687,-0.08611167,0.23606203,-0.062153384,-0.017547408,-0.19532162,-0.06719925,0.049986355,0.18931721,0.052086856,0.071617834,-0.13342765,-0.008842556,0.00975037,-0.05985524,-0.0051854653,0.05106793,0.2349942,0.0017014064,0.02498253,-0.16026887,0.07756395,-0.068759724,-0.14141724,0.21758893,-0.13243522,-0.13866411,-0.3215976,-0.031675845,-0.07809241,-0.028280962,-0.16619971,-0.03714251,-0.18802316,-0.057363458,-0.030473178,-0.20248006,0.17448366,-0.04225134,-0.06506213,-0.13183716
TCGA-55-7907-01,0.01992086,0.05204977,0.23970166,0.032579437,-0.0057189413,-0.10311955,-0.05814249,0.26894587,-0.1683748,-0.08386801,-0.2833215,0.07879773,-0.14009643,0.18741088,0.053610798,0.0007058602,0.15329932,-0.059270673,-0.009490032,0.08545383,-0.083598815,-0.021971617,0.046375245,0.26245517,-0.14552048,0.0029039686,0.03788243,-0.005368567,-0.030994276,0.011761932,-0.04775153,-0.20544831,0.09540028,0.048109423,0.13428372,0.042615548,0.090285994,0.0047355806,-0.10399683,0.027573297,-0.02311398,0.047440886,-0.003904012,0.13369074,0.27484602,0.19967155,0.15107898,-0.0038214396,0.06570705,0.11428951,0.08120094,-0.22357897,-0.07292189,0.19032255,0.054284003,0.1840562,0.16887724,0.13186947,-0.16692466,0.12625596,0.115452334,0.06626256,0.10064126,0.107417904
TCGA-50-5939-01,0.061305966,-0.17956056,0.021455295,0.03909593,-0.017209547,-0.22903363,0.11453701,0.05929811,0.20368497,-0.11746695,-0.195175,-0.06951039,0.119508035,-0.19290364,0.01680887,-0.07762881,-0.18220975,0.068976596,-0.015340294,0.12880163,0.23315902,-0.05264374,-0.08236045,0.17463297,-0.047045413,-0.0040778355,0.13586208,-0.07475103,-0.07989881,-0.10637065,-0.17360914,0.20763263,0.098757744,0.10113346,0.12112018,-0.052299008,0.042733084,0.013331446,0.02895147,-0.11007206,0.19942144,0.18846917,0.04272238,-0.019141732,0.17457268,0.025433261,0.20474905,-0.06577915,-0.11596504,-0.175656,-0.11152143,-0.0017226763,0.12277226,-0.033406053,-0.18086529,-0.08763575,0.09452646,0.073680796,-0.022617908,-0.22158754,0.13290112,0.007328768,-0.16268376,0.20372863
TCGA-78-7535-01,0.17940229,-0.08761943,-0.036441766,0.09002578,-0.024782265,-0.03273161,0.09663564,-0.06476106,0.018625204,-0.18001883,0.10104914,0.06955227,0.036492564,-0.25036967,-0.036698245,-0.043238755,0.035288144,-0.18272726,-0.01017459,0.16825429,0.072865486,-0.13174391,-0.2428935,-0.0072739418,-0.06454195,0.2743715,0.028353577,-0.08998417,-0.17907004,-0.0342661,-0.071645305,0.2881109,0.13166341,0.11322396,-0.1707871,-0.06849416,0.04717291,0.07335091,-0.115480594,-0.030735688,0.24679378,-0.05281121,0.1071835,-0.15829395,0.07424469,0.18071026,-0.12560983,0.10316941,-0.097664885,-0.13461882,-0.1550488,-0.0036451425,-0.10545251,-0.01885172,-0.13127615,-0.051665384,-0.20302293,-0.08002186,-0.06770014,-0.18487504,0.11913466,0.091937646,0.036272146,-0.14761655
TCGA-49-4487-01,0.02164946,-0.18674839,-0.16537397,0.064661115,0.007748897,0.11449789,-0.042176228,-0.18766896,-0.0354398,0.14137281,-0.16444135,-0.08188204,-0.06608973,0.026446141,-0.22806282,-0.00024698954,0.044824284,-0.0519944,0.1501922,-0.026054656,-0.09093723,-0.054544624,0.08033361,-0.054340627,0.03353334,0.2920053,-0.13214672,0.024315674,0.05584985,0.15323168,0.15118295,0.19908631,-0.038582813,-0.08482959,-0.2003084,-0.009685769,-0.20126188,-0.024412278,0.20291682,0.08736403,-0.08326742,-0.06518562,0.048208848,-0.16329135,-0.03171485,0.025404887,-0.20203094,0.19801459,-0.1873545,-0.044745862,-0.1537113,-0.027913893,-0.1810879,-0.082057305,0.0879319,-0.07623394,-0.15202026,-0.09935042,-0.004773824,-0.016817348,0.14772898,0.12474856,-0.16261916,-0.23747906
TCGA-17-Z001-01,0.027488189,0.12275704,0.094913684,-0.123557426,0.1533486,-0.044982065,-0.19315374,-0.24425864,-0.08188252,-0.014126245,0.018106598,0.018158691,-0.2744139,-0.22846653,-0.035511006,0.082884856,0.079636164,-0.0858325,0.25584725,0.04435029,0.15773976,-0.0990565,-0.107332796,-0.018907147,0.07531744,-0.003551952,-0.07795906,-0.07971221,0.028568897,0.018418891,-0.13875583,-0.04916208,0.06855204,0.0059404895,-0.1653241,0.0021806585,0.046000168,0.0077166557,-0.10114955,0.14457425,-0.16056272,0.011961619,0.32938015,0.0960606,0.18893838,-0.10632217,0.18000117,0.08690071,0.08847884,-0.053983446,-0.17677365,0.15527794,-0.0674367,0.02054703,0.120745614,0.19559704,-0.082355686,0.029429434,-0.15994225,-0.017495476,0.16888534,-0.12727,0.023970474,-0.16380313
TCGA-97-7553-01,0.08106747,-0.28019863,0.04864569,-0.10839939,0.06290425,-0.094572164,-0.083704524,0.11655445,0.11485941,-0.0006629911,0.18233316,-0.053935498,-0.03996271,-0.08772358,0.085726365,-0.06907142,-0.28291383,0.12292485,-0.047926717,0.1532693,0.19296692,0.123339124,-0.08947092,0.15785241,-0.19274709,-0.18136266,0.14467221,-0.08701194,-0.09917538,-0.086179376,0.11690343,-0.051995523,-0.06855364,0.16916744,0.20535184,-0.048732627,0.13255958,-0.032362733,-0.12878679,-0.030988127,0.18546215,0.15091333,-0.14831986,-0.15180561,-0.0038007426,-0.03696803,0.034230206,0.11404823,-0.074805945,-0.011843751,-0.16778038,-0.006839538,0.16337647,0.038731955,-0.2721036,-0.11611493,0.07612926,0.029905312,-0.07063222,-0.13780421,0.044015255,-0.13879052,-0.13237143,0.08496255
TCGA-44-3398-01,0.09042618,0.041904822,0.025083855,-0.13039035,0.077844836,0.06752795,-0.11710393,-0.19754572,0.1455067,0.042679567,-0.026085328,0.04560477,0.006761285,0.06495616,-0.041268762,0.36473638,-0.08933637,-0.07562917,0.09249646,-0.2775819,0.035596743,-0.14339888,-0.266003,-0.03372884,0.011893853,-0.077610925,0.33018425,-0.08948212,-0.09762244,-0.09409473,-0.039665326,-0.18718427,-0.13021104,-0.06034347,-0.03618235,0.10991257,0.00754687,-0.1377558,-0.003891763,0.20179926,0.052090187,0.01889553,-0.1025401,0.18856433,0.15431944,-0.07639834,0.01986805,-0.14013915,0.003921265,0.025781568,0.035090484,0.19090283,-0.055644374,-0.022622788,-0.07405118,0.29629335,-0.017448865,0.111961566,0.0872882,0.060390037,0.035660572,0.030939268,0.1359885,0.021277132
TCGA-49-6761-01,-0.15152551,-0.2716704,-0.077152714,0.055436306,0.1381164,0.07796289,-0.03544776,0.014694281,-0.0701479,0.16239525,0.027456872,0.20874955,-0.058848113,0.058453795,-0.027590135,0.034420315,-0.026774235,0.073196284,-0.0870444,-0.059714854,-0.1345906,0.18870988,0.02781027,0.03255699,0.083905526,-0.05005481,0.03412993,-0.2572014,0.094064906,0.07335623,0.14249015,0.040153466,-0.122946694,-0.12915204,-0.114030115,-0.04829779,0.13867837,-0.045662515,0.12380384,0.10221864,-0.35272187,-0.1869011,0.017726619,-0.14057028,0.01864911,0.017550256,-0.32574794,0.1811789,-0.12377465,0.08071974,-0.11966491,0.20465113,0.025411686,0.07830056,0.1443419,0.07302708,-0.075987905,-0.024311012,-0.037034422,0.018661413,0.16275401,-0.08065019,0.037186008,-0.17512557
TCGA-55-6543-01,-0.06922608,-0.009366263,0.080731764,-0.07374514,-0.0020519588,-0.036125023,0.072179556,0.15073287,0.096021116,0.014781472,0.20096779,0.0370439,-0.007060893,0.016505057,-0.25059563,0.040108666,0.11953225,0.012307502,0.02912146,-0.16928262,0.011051941,0.25315893,-0.15372398,-0.2279991,0.05511551,-0.0048325867,-0.0037648077,0.19231923,-0.10168577,-0.31304613,-0.072311774,-0.089142546,-0.1816065,-0.05169793,0.16519584,0.17882752,0.11736326,-0.034564473,0.10357534,-0.040080074,0.113381915,0.1501,-0.15707035,0.35790887,0.036922794,-0.06790769,-0.15955159,-0.027120855,-0.048784975,-0.07324328,-0.06572075,-0.050201572,-0.01638826,0.0048843645,0.012615381,0.1350725,0.17618021,0.13766147,0.0991364,0.050644796,-0.028960746,0.010036988,0.122475155,0.19621488
TCGA-55-8507-01,0.026968082,0.029413357,0.06316202,-0.0068385624,-0.031220837,-0.04818055,0.14389217,-0.027767977,0.1621754,-0.052567013,0.017639836,-0.10983663,0.08750986,0.104744256,-0.12329095,0.036691792,0.008314334,-0.07136816,0.18800019,-0.13606855,0.016339999,-0.20584852,-0.07296775,0.08165156,0.11857828,0.1097312,0.050133675,-0.09651876,-0.1174188,-0.03475841,-0.06462895,0.42174208,0.12619828,-0.04497086,0.029042808,-0.20408723,0.011778625,0.09889158,-0.15789439,0.014376766,0.17862569,0.037995074,0.15315491,-0.08375868,0.04928599,0.1173809,-0.06020655,-0.20335376,-0.17985329,-0.25151443,0.04768686,0.11084833,-0.10037495,0.09008861,-0.26589838,0.0729913,-0.1675052,0.12525612,-0.058535825,-0.011771292,0.09203926,0.032715615,-0.051526666,-0.24486025
TCGA-44-A4SS-01,0.1606353,-0.12621556,0.041837674,-0.2054506,-0.017210478,-0.036009874,-0.06970293,-0.067990445,-0.080981374,-0.016351353,0.12579192,-0.0555635,-0.052947942,0.30980045,0.11919343,0.1471036,-0.038967807,-0.046314187,0.08490755,-0.09823959,-0.08446466,-0.022674447,-0.057184692,0.20633441,-0.31865212,0.05476427,0.09097863,-0.019628642,-0.15739098,-0.039517783,0.19570072,0.023124665,0.011843542,0.09390252,0.19421563,-0.060246576,-0.020700026,0.05591794,-0.29975018,-0.045324877,0.13446309,0.3241381,-0.02280538,-0.16386275,0.028248163,0.0748695,0.019901786,0.026589615,-0.20901553,-0.016658114,-0.025030416,-0.17454587,-0.11614145,0.102063395,-0.14412214,-0.0072767287,0.04926567,0.08239582,-0.20904718,0.028696604,-0.0020566657,0.047391117,0.044813883,0.09438127
TCGA-75-6203-01,0.036858708,-0.12848371,-0.00040743136,0.053457938,0.054835092,0.023813823,-0.1764239,-0.4433216,0.031893548,0.11308552,-0.090461195,-0.066542,-0.116526954,0.027646702,0.0189299,0.29968014,-0.0895489,0.03293066,0.0071579544,-0.050743926,0.21420205,-0.09313162,-0.08421725,-0.13645546,-0.09014469,-0.009112776,0.11297385,0.0014737085,0.066773556,0.10721944,0.073245965,-0.1842119,-0.008158322,0.14106378,-0.17726213,0.05373273,-0.22840555,-0.14160745,0.14416555,0.10321023,-0.072122805,-0.0012048837,-0.012427815,0.04143741,0.14348067,-0.0914686,0.0428359,-0.034022585,-0.0069148876,0.11565066,0.04855315,-0.11355528,-0.11781626,-0.25162154,0.15836652,0.2143657,-0.021473184,-0.015275243,0.054615017,0.004610565,0.105295435,0.0085563045,-0.17558321,0.17130934
TCGA-49-6744-01,-0.20545903,-0.1317055,-0.028651591,0.007984542,0.10256867,-0.14412601,-0.05381002,0.1022578,0.1549683,-0.013213168,-0.17425448,0.17252137,-0.0586366,-0.16087872,-0.12941845,0.06509058,-0.07536063,-0.04102305,0.014555647,0.044030454,0.017393244,0.099198885,-0.05538984,0.09405048,0.07239603,-0.0746722,-0.081047095,-0.17637423,0.012937588,0.09834972,-0.06447231,-0.051789276,-0.06577535,-0.18431786,-0.20592226,-0.009789068,0.24186367,-0.01650036,0.2147836,-3.184002e-06,-0.30339727,0.056811396,-0.08240774,-0.11473163,0.17604178,0.04787231,-0.1030828,0.060894582,-0.07045886,-0.13738751,-0.23067933,0.07732278,0.1764654,0.15874098,0.1970811,-0.019955618,0.06162174,0.17078324,-0.16601197,-0.14470103,0.22205675,-0.068456784,0.028647691,-0.010332179
TCGA-67-3773-01,-0.06393151,-0.08037091,0.04964895,-0.028933978,0.011133,-0.20215127,0.17553851,0.20499644,0.19919325,0.09554794,-0.43213105,-0.012599313,0.12210337,-0.18132891,-0.07962993,-0.13323884,-0.11856666,-0.026976686,0.12222884,-0.008200174,0.13269304,-0.17030485,0.09520645,0.042011812,-0.033098325,0.009561871,0.03384176,-0.056858394,0.14450045,-0.121781394,-0.22931717,0.14720555,0.01483181,-0.057052236,0.06461377,-0.0296897,0.021248149,0.03423766,0.27079892,-0.09819863,-0.028850472,0.084018484,0.10193424,-0.012087999,0.08078889,0.07054255,0.15534303,0.011866238,-0.14327402,-0.19657014,-0.009598053,0.047374442,0.055721533,0.0009559859,0.13323623,-0.1508948,0.13973868,0.0393125,-0.02006277,-0.08024915,0.10208522,0.17500538,-0.08823333,0.18099897
TCGA-05-5715-01,-0.1466523,-0.09199809,0.011105825,0.20922737,-0.06571807,0.034874532,0.0819187,0.14440091,-0.11423954,0.0186255,0.14650102,-0.012409608,-0.039238177,-0.00080730586,-0.014371195,-0.0036438568,0.10812526,0.23165959,-0.22868142,-0.0047752364,-0.028291881,0.40446934,-0.019676592,-0.1343194,0.16243632,-0.12466426,-0.010346529,0.14361243,0.04191905,-0.024428433,0.027697653,-0.07952623,-0.09290431,0.058839995,0.09737906,0.12777446,0.11425375,-0.045288716,0.042041324,-0.019462323,-0.11902268,-0.06725269,-0.18899907,0.25175703,0.15253894,0.0024056104,-0.2650593,-0.061445847,0.12669738,0.15330382,0.04672192,-0.135875,0.058939636,-0.10767072,0.08753225,0.23568588,0.20875461,0.07557492,0.09131068,0.1133176,0.012918874,-0.03935056,0.003535417,0.05226051
TCGA-55-A490-01,-0.17018323,0.12723744,0.23496476,-0.049019087,-0.16691536,-0.019251358,0.06845814,0.010094376,-0.014751833,-0.10468967,-0.120524004,0.046006892,0.012994384,0.23161985,-0.118136264,0.047615208,0.100396395,0.031395625,-0.020517584,-0.0801026,-0.025546836,-0.07067338,0.10095629,0.12646273,0.09071184,-0.047769394,0.014659766,-0.10173586,0.02225272,0.050329294,-0.03780161,-0.0858165,0.07912664,-0.029773064,-0.06015018,-0.16557452,0.034071133,0.03454821,-0.13670981,-0.008564322,-0.07027163,-0.28013086,0.079819515,-0.009739442,0.14681908,0.21141522,0.019414512,-0.20813845,0.14247312,0.032331657,0.15324621,0.080933,-0.05097271,0.21087344,0.016893454,0.17061867,-0.19458576,0.068546444,-0.13658333,0.16834679,0.07875662,-0.089349136,-0.03576316,-0.43787628
TCGA-49-4514-01,-0.014481352,0.0018064299,0.034579672,-0.017221747,0.09467533,-0.028519321,-0.15014498,-0.09653756,0.08524926,-0.06649904,0.034269873,-0.018787315,-0.18575801,0.12666033,-0.32929194,0.11795969,0.04155302,0.021226801,0.09186271,-0.1465882,0.09792152,0.1161515,-0.2250251,-0.022536924,0.18577804,0.08514077,0.07158521,0.07731459,-0.1759875,-0.18845911,0.03579816,-0.07662748,-0.19715418,-0.092885435,0.07624934,0.1864999,-0.01984364,-0.14555115,0.0009922356,0.1283193,0.05362598,0.0394754,-0.16971223,0.30937257,0.18994668,-0.076929994,0.03965343,-0.060989846,-0.028349482,-0.095585026,-0.14882384,0.07562239,-0.1141637,0.04005389,-0.04877529,0.26730207,-0.03225716,0.16507001,0.09788793,-0.032945912,0.15287235,-0.20650722,-0.0073418515,-0.063484
TCGA-44-6145-01,0.047681,-0.053424872,0.14339231,-0.11467979,0.19920895,0.058963593,-0.11720725,-0.123457335,-0.026260553,-0.03660843,0.3438929,0.20660096,-0.08785085,0.17655766,0.06733696,0.27793586,-0.010939641,-0.0060630743,-0.12772343,-0.1483111,0.047576644,0.08956202,-0.1686496,-0.01267544,-0.2113856,-0.12352265,0.1086293,-0.14617644,-0.06004798,-0.01659741,0.06613555,-0.050445177,0.06052614,-0.08406762,0.031075185,-0.0066480446,0.21857335,-0.1137496,-0.09328298,0.038341135,-0.052684046,0.10094554,0.044410393,-0.03702682,0.16085021,-0.14469413,-0.19918118,0.04643599,0.007996173,-0.016286062,-0.12688342,-0.06885795,-0.0020777944,0.032453526,-0.117456466,0.14748576,0.08823927,0.18351497,-0.07591327,-0.032765545,-0.09853372,-0.13031963,0.2480267,0.20554386
TCGA-NJ-A4YF-01,0.009522359,-0.13903624,0.09478542,0.07705737,0.061487567,0.029589571,0.10826488,0.25481385,-0.0077891736,-0.01101691,-0.100344844,0.09936353,0.0057995347,0.040577408,0.12521455,-0.0820938,0.10075175,-0.064166866,-0.09161911,-0.08710861,-0.13660207,0.024199428,-0.19376329,0.29761454,0.016385052,0.038499918,0.15818101,-0.21380897,-0.190322,-0.13738656,-0.10158758,0.124281004,0.15886635,-0.01936349,-0.0201916,-0.09751258,0.18217714,0.02738682,-0.106347695,0.09386602,0.010369678,-0.15861243,0.08099118,-0.15342225,0.13495435,0.17637065,-0.051090963,0.045184396,-0.20089449,-0.020703077,-0.05881834,0.18909049,0.10954209,0.23834111,-0.187958,0.07016428,-0.21718487,0.000720426,0.024026707,0.049977858,0.07771061,-0.06511527,0.20318034,-0.14619476
TCGA-05-4430-01,0.1838241,-0.0618256,0.21092746,0.10837824,0.19928478,0.17208724,-0.19062784,0.00070438086,0.0744127,0.12224225,-0.13749303,-0.04005899,-0.12187625,0.12034811,-0.13265908,0.12697169,0.017675204,-0.035284404,0.19399859,0.062032018,-0.09495766,-0.18167874,0.030961676,-0.011735134,-0.280796,0.2891346,-0.12482489,-0.09680235,0.06444928,0.012715431,0.078164406,0.20470566,0.03635249,-0.10586366,0.034684096,0.015884671,-0.029609088,-0.13554855,0.1594953,0.1068609,0.060354147,0.01769908,0.11450519,-0.003717505,0.064143896,-0.12807687,-0.036019653,0.09887529,-0.16732231,-0.105224766,-0.1552296,-0.18777223,-0.23368503,0.06492227,-0.118836194,0.13930866,0.04893555,0.03502854,-0.08623655,-0.08017985,-0.0122113535,0.056282848,0.15634525,0.12553047
TCGA-91-6831-01,-0.11142399,-0.014111403,-0.030445836,-0.124956325,0.022152308,0.0559949,-0.0757677,0.09357783,-0.3171861,0.09538489,0.22306143,0.071958095,-0.120658636,0.02868323,0.13280667,0.009318055,0.15755422,-0.05843929,-0.1256256,-0.07372292,-0.13483417,0.095766895,0.0938033,0.01615758,0.13179933,-0.21203059,-0.03548629,-0.014029696,0.039535705,0.15132649,0.08310571,-0.16004099,0.016211983,-0.07495559,-0.05462296,-0.03444696,0.16419253,0.08346432,-0.10684622,0.07944714,-0.33547798,-0.20819029,0.022439633,-0.1074861,0.019263392,0.090834126,-0.2545984,0.14224447,0.1288832,0.18096866,0.00975482,0.083931446,0.014808588,0.14386857,0.08529305,0.08366125,0.0055710357,0.06781276,-0.19978027,0.16835387,0.00066786405,-0.054102045,0.014942391,-0.23934996
TCGA-17-Z045-01,-0.025157377,0.06318339,0.119508155,-0.023093289,0.08808427,0.010763291,-0.1477572,0.29377654,-0.053698376,0.19883455,-0.09967412,-0.12682052,-0.039719306,-0.034144547,-0.07856659,0.13363037,0.072846174,-0.080639176,-0.00059590663,-0.17772958,-0.034638237,-0.07205597,-0.024044622,0.03923656,0.0004330563,-0.11125437,0.114521116,0.10273152,-0.16301766,-0.14884427,0.017113557,-0.3777575,-0.12526228,0.03401407,0.011293695,0.13340585,0.16424942,-0.10858931,0.19681256,0.15316574,0.018086882,-0.22483502,-0.288109,0.06467341,-0.06918619,0.067787565,0.06291611,0.17252563,0.08978906,0.1552887,0.0474976,-0.018550757,0.116460584,0.15370594,-0.034717366,0.12589021,0.08858338,-0.030562304,0.10982971,0.21452229,-0.04839646,0.097727895,-0.06946023,0.012307262
TCGA-17-Z011-01,-0.1054217,0.00722542,-0.3220718,0.2886474,-0.010995998,-0.21597627,0.20693837,-0.08348125,-0.09073256,0.10723907,-0.07638089,-0.14757915,0.12917557,-0.09480985,0.07792444,-0.15278594,0.037109833,0.13150366,-0.05979125,-0.06964117,0.10769105,0.13589236,0.057069954,-0.04231943,0.27754092,-0.07412215,-0.082729705,0.15919812,0.18277606,0.14962693,0.1651523,0.035635147,-0.08126815,0.042423904,0.048680004,0.06633456,-0.232434,0.005497974,0.18127634,-0.036509875,-0.07293738,-0.050551765,-0.0800702,-0.07070024,-0.04020174,-0.17268504,0.059267376,-0.055384148,0.13693784,-0.0279554,0.13556765,-0.058195457,0.017459853,-0.19765325,0.037655436,-0.11026161,0.063804805,-0.1240506,0.078043856,0.02321959,0.055224583,0.0054239114,-0.23912595,-0.014468482
TCGA-78-7160-01,-0.06297854,-0.16988772,0.04759296,-0.032633305,-0.036947034,-0.010672182,0.14037906,-0.14776275,0.21374029,-0.033011295,0.3306878,0.03379172,0.120404586,-0.08046415,0.05057044,0.15799221,-0.1507804,0.20424068,-0.2547134,-0.13392025,0.23560262,0.14938436,-0.145973,-0.19309488,-0.044314455,-0.21829304,0.16537614,-0.04140595,0.046638627,-0.08893065,-0.06139559,-0.076984614,0.052061345,0.030243888,-0.08094285,-0.079650715,0.12781277,-0.13167027,0.0038678017,-0.07536542,0.06720091,0.091816075,-0.08836903,-0.16128872,0.08276262,-0.16069241,-0.21170454,0.025529867,0.04176828,-0.04432317,-0.0603838,0.053966388,0.21565354,-0.18378277,-0.06961683,-0.024287624,-0.0022779051,-0.026597254,0.1989237,-0.051146973,-0.030542029,-0.06429095,0.01937279,0.08827986
TCGA-05-5425-01,-0.1592118,-0.05710272,0.029191934,-0.056729514,0.014587291,0.041615702,0.13520856,0.15093462,0.027580649,0.06373611,0.30955017,0.2046474,0.010289707,-0.017561963,0.05772691,0.052693278,0.019950401,-0.063216366,-0.20355113,-0.06747807,-0.018835817,0.17002799,-0.12363934,-0.17871141,-0.11032477,-0.05366979,0.03167044,-0.084317416,0.08511851,-0.009390563,-0.056636136,-0.0064004906,-0.01606313,-0.027994387,-0.07963306,-0.023154687,0.31204182,0.09433214,0.019409219,-0.08591566,-0.19579624,0.082514994,-0.07996146,-0.07703748,0.12491624,0.19874978,-0.4474072,0.09738956,-0.024862701,0.03522695,-0.01001164,-0.048199072,0.08809331,0.009712317,0.22621883,0.06515371,0.097779304,0.11356844,-0.11960597,0.06372666,-0.07965822,0.122490175,0.18869351,0.0716177
TCGA-75-7030-01,0.024308937,-0.1217645,-0.10744917,0.07928584,-0.041169833,0.020606644,0.091508485,-0.21349087,-0.049453057,0.05814801,-0.06084028,-0.10503862,0.05050018,-0.063779764,0.19635107,0.11620419,-0.0040926463,0.17476705,-0.17824554,-0.16423236,0.13981384,0.06613395,-0.07854697,-0.077887975,0.039165307,-0.122234285,0.19951113,0.14524214,0.083296075,0.042287625,0.07121549,-0.21880588,0.03309365,0.18333986,-0.18936472,-0.0077781924,-0.15523875,-0.06843056,-0.011180124,0.062038682,0.04906219,-0.056984093,-0.1936997,-0.18675016,0.07913675,-0.02237437,-0.13235424,0.06635082,0.086362705,0.2081046,0.05838111,-0.0077992063,0.08145165,-0.37950015,0.107081294,-0.104726575,0.0068684714,-0.17399728,0.2339018,0.12966388,0.054610506,0.100347675,-0.12075309,-0.0035452163
TCGA-97-7937-01,-0.07826259,0.042467687,0.08620186,-0.03553758,0.114524044,0.26382804,0.031461805,0.26784548,-0.08494634,0.089304805,0.20214787,0.10502563,-0.012557288,0.08802436,0.28346696,-0.17374285,0.036970597,-0.09943531,-0.17215772,0.03373219,-0.033477616,0.07757969,-0.0046329536,-0.06828799,-0.061132636,-0.09538938,0.122133374,-0.028176323,0.19174694,-0.008698097,-0.013161797,-0.05834616,0.066255964,-0.031227106,-0.008299394,-0.004703373,0.18593621,0.06198064,0.0754389,0.009883007,-0.18088424,-0.13246305,0.05669512,-0.091987394,-0.038251787,0.103521176,-0.2555309,0.20696183,0.011549136,0.2126858,0.036470365,-0.0113163935,-0.13004895,-0.04864211,0.16068426,0.044067744,0.037367325,-0.11363462,0.018083584,0.122855335,-0.26040015,-0.011563148,0.26063544,0.16791196
TCGA-64-5781-01,-0.024291541,-0.10400976,0.22485885,0.08756418,0.012775601,-0.019871563,-0.12172359,0.16624664,0.21618405,-0.112972975,-0.24093491,-0.047854524,-0.0879021,0.118687,-0.17993489,0.0800959,-0.18240444,-0.036352757,0.0118236095,0.07563057,-0.06418732,0.08522176,-0.01959808,0.1484131,-0.20441699,0.04258439,-0.1340602,0.062232893,-0.16517855,-0.13311838,-0.016967896,-0.13918936,0.013986637,-0.12886535,-0.009668579,0.07117627,0.10288139,-0.16240887,0.12738414,-0.052942894,0.115392864,0.05400242,-0.12936828,0.23460157,0.13327798,0.055733025,0.08171526,-0.021125061,-0.051678687,-0.13136402,-0.24150501,-0.2299104,0.07008086,0.2192983,-0.12106583,0.080003075,0.08857881,0.19012164,-0.08044365,-0.08946895,-0.06684307,-0.100439884,0.12635271,0.12015932
TCGA-17-Z026-01,0.0030770728,-0.1593678,-0.058584735,0.038747273,-0.18579094,-0.116452605,0.24348758,-0.032652862,0.00068475574,-0.120526105,0.069231555,0.26253307,0.19349232,0.047804303,0.13864082,-0.010450308,0.062399708,-0.14358658,-0.06441994,0.04682417,-0.14840256,0.04335102,-0.11902727,-0.045468826,-0.02670912,0.10806732,-0.123183325,-0.1789972,-0.13161515,-0.040677328,-0.12219885,0.10430337,0.03905136,-0.010180285,0.07282824,-0.113409154,-0.023557354,0.18172562,-0.18466192,-0.05217874,-0.011254031,0.10495973,0.18982664,0.100650385,-0.06816395,0.10992023,-0.019920187,-0.26615903,-0.18267713,-0.11334806,0.16847831,0.07616672,-0.017626485,0.110452004,-0.02967154,0.005231724,-0.20202509,0.0007828786,0.03206609,0.041442096,0.10784747,0.064687744,0.37278846,0.104413204
TCGA-55-8302-01,-0.10757691,-0.062498916,0.12902431,-0.07693006,0.2164162,-0.035706468,0.029787403,0.23064135,0.19008482,0.21817537,-0.17890392,0.050699294,-0.051684007,0.10465815,-0.2348453,0.037454415,0.0030128667,-0.07103792,0.19439007,-0.30934045,-0.119245544,-0.00948384,-0.03497014,0.13938428,0.042637188,-0.0006794054,0.15139104,-0.14492695,-0.047219217,-0.15146668,-0.05516142,0.123130485,-0.071461566,-0.22697745,0.055854645,-0.036387626,0.19307202,-0.043110717,0.2187451,0.10253324,-0.08597946,0.0066382485,-0.0249175,-0.031220721,0.049192384,0.060264006,-0.112804115,0.066706285,-0.2874828,-0.14115869,-0.09226933,0.17035024,0.05868559,0.19803025,-0.02118815,0.07333829,0.009501907,0.122189365,0.05129952,0.033173505,0.083579205,0.05244134,-0.02291976,-0.015134886
TCGA-55-7283-01,0.101204045,-0.037485685,-0.04409173,0.01586727,0.14268862,-0.101809286,0.025602758,-0.048536263,-0.17361891,0.07701045,0.14454085,0.14747617,-0.14090309,0.026531255,-0.08604667,-0.05346713,0.1938154,-0.0054854616,0.12608942,-0.11507444,-0.0248336,0.1329704,-0.06247486,-0.08346426,0.15516785,0.11324642,-0.056063935,-0.13286321,-0.09463133,-0.18509975,0.0042736246,0.1834444,-0.14924797,-0.012721636,0.3747307,0.07133452,-0.073516645,0.037793033,-0.127108,0.13101292,-0.028880643,0.11874526,0.10393239,0.28011182,0.1397793,-0.054883275,-0.011534251,-0.041518997,-0.21071962,-0.08812119,0.027840624,0.12240288,-0.23210423,0.02422436,-0.05460481,0.22175999,0.06795212,0.14695126,0.055397503,0.03796718,0.25618598,0.042179454,-0.011116462,0.0537406
TCGA-69-7763-01,-0.07734562,-0.0066864234,-0.12401141,-0.2851108,0.10538713,0.047537137,0.01843986,0.024477005,0.022822982,0.2636745,0.019021628,0.1337085,0.0036504725,0.10879618,0.0059015895,0.08099819,-0.057387725,-0.13075009,0.03863045,-0.24998428,-0.09710624,-0.03993672,0.048794147,-0.17707698,-0.0029684387,-0.08858112,0.11328997,0.05944694,0.18992427,-0.07884407,0.05660036,-0.20177832,-0.2717124,-0.12699102,0.0943846,0.13063626,0.04955634,0.03598397,0.17839494,0.015953172,-0.17933676,0.11391169,-0.13424443,0.14543596,-0.07835943,0.03377428,-0.13687192,0.08318638,0.031014584,0.015116353,0.07334294,-0.011199276,-0.05932906,-0.018449523,0.14968616,-0.041894313,0.21097094,0.09506102,-0.017800102,0.20746559,-0.21020478,0.15625726,0.14368173,0.21641135
TCGA-NJ-A4YQ-01,-0.10583202,-0.31601515,0.18159233,-0.07266632,0.021745613,-0.06025389,-0.008736472,0.21972746,0.17425537,0.0135833,-0.19600868,0.19734174,-0.037161402,0.09541905,-0.021359619,0.118856594,-0.108187385,-0.016181879,-0.07146472,-0.02955153,-0.034701023,0.07564184,-0.11706713,0.18085133,-0.22378497,-0.074526146,0.13740617,-0.20776685,-0.04927075,-0.14070682,-0.04013944,-0.17736013,0.016891535,-0.012491812,-0.067401215,-0.067790605,0.23993418,-0.097849295,0.111570716,-0.038155936,-0.10336861,0.039738793,-0.081878975,-0.13299063,0.17316191,0.17930101,-0.12393604,0.13426192,-0.23932977,-0.032008015,-0.13490354,-0.03847432,0.10634067,0.19254616,0.0991337,0.047641337,0.02475634,0.06946855,-0.038462553,0.01330731,0.12120908,-0.0006766302,0.16778229,0.098866835
TCGA-97-7546-01,-0.0825607,0.05521872,0.01858289,0.051194422,0.12681481,-0.22571227,-0.0416954,0.031704124,-0.06001096,-0.013668099,-0.24552704,-0.07501549,-0.1471314,-0.04206864,-0.101867706,0.06273041,0.044509422,0.06452709,0.15334676,0.0011245471,0.17280446,-0.102659754,-0.06833383,0.13693601,0.17318498,0.009379456,-0.08836649,-0.10785629,0.114724256,0.099013746,-0.019544592,0.19884622,-0.020859975,-0.0837233,0.13947442,-0.009951953,-0.0024049345,0.033457637,-0.08389484,0.07821988,-0.23358509,0.05197149,0.056349233,-0.043293845,0.37114817,0.0031594397,0.18201272,-0.10786929,0.07739709,-0.15168253,-0.0550566,0.073230356,-0.08922648,0.07128802,0.05707316,0.19263394,0.086211234,0.22010848,-0.27350056,-0.06088572,0.25492117,-0.07273433,-0.027657233,-0.14740711
TCGA-69-7765-01,-0.0015136782,-0.13700466,0.14799853,0.2709756,0.04788483,0.2822128,-0.12775466,0.048300702,0.17023617,0.14832525,-0.37461466,-0.17195955,-0.08279704,0.12668607,-0.18704385,-0.049029548,-0.118725054,-0.011160606,0.11582505,0.13104883,-0.16152114,0.06346709,0.09341152,-0.016051743,-0.12936139,0.2149018,-0.003806964,-0.008250018,0.13165517,0.03087976,0.055149216,0.10177786,-0.053307895,-0.13924272,-0.10545604,0.051856425,-0.06315531,-0.17661048,0.29385746,0.085776135,-0.008417929,-0.04433933,-0.025706835,0.16765708,0.031148478,0.07543627,0.03334007,-0.0352761,-0.15699217,0.04414223,-0.13745244,-0.118920825,-0.07475598,0.08188037,-0.0006890276,0.18621537,-0.052634463,-0.016181624,0.10099491,-0.014415267,0.004233703,-0.010495621,0.004946374,-0.024116272
TCGA-91-6836-01,0.00083816244,0.22175288,0.2238534,-0.03916051,0.043875426,0.15436448,0.07699313,0.13836242,0.046095286,0.06978922,-0.08850385,-0.09459407,0.03663794,0.09312133,-0.06754741,0.0074838903,0.20868401,-0.14598711,0.075203374,-0.17238395,-0.076637626,-0.33326155,-0.005030394,0.10330407,0.03650823,0.1701887,0.09725307,-0.013496689,0.09936299,0.034751713,-0.20168796,0.13241939,0.21546848,-0.08339839,-0.093282744,-0.1150922,0.14063384,0.1188118,0.10936983,-0.0074725687,-0.051138617,-0.108639196,0.14390521,-0.21982343,0.19511224,0.23791847,-0.080444336,0.0658539,0.034719277,-0.040360563,0.01774807,-0.02854427,-0.09035783,0.06631875,0.013430269,0.023319686,-0.07701715,0.078025505,-0.11229663,0.24343832,-0.14167762,0.18689933,0.028891312,-0.07546342
TCGA-44-2665-01,-0.04344618,-0.06400418,0.0033830404,0.17879954,0.08741844,-0.19542171,0.026670726,-0.031062115,0.14616789,-0.0077989604,-0.14122796,-0.0534455,0.02089544,-0.20133232,-0.08539352,-0.035122722,-0.23660266,0.07902808,0.051792532,0.10387833,0.15428893,0.080681555,0.08478968,-0.055184644,-0.12533592,-0.06267234,-0.33149192,0.0251384,0.09065712,0.022253146,-0.032998823,0.056985144,0.031990495,-0.128825,0.02672635,0.012681714,-0.014644765,-0.09032013,0.2249046,-0.11789302,-0.063393146,0.19520658,0.06135431,-0.013050169,0.09306461,-0.22539587,0.074847735,0.056548037,0.0064544184,-0.19954722,-0.21658385,-0.16482718,0.120216526,-0.0025623771,0.036875375,-0.18879743,0.19495025,0.13550414,-0.17246658,-0.26308808,0.011246503,-0.035237256,-0.011175793,0.18291369
TCGA-97-A4M7-01,-0.0671287,0.0123951845,-0.030583326,0.080556825,-0.026154911,0.035834037,0.02503967,-0.10758718,-0.17274657,-0.01815174,0.14300288,-0.2696336,-0.09674443,0.21545623,-0.13541324,-0.08073334,0.09320994,0.15099454,0.0015749985,-0.13106741,0.048920974,0.09315545,0.07928171,-0.064829655,0.18379243,0.04454094,-0.14304905,0.28477475,0.08226211,-0.0026379065,0.18387094,0.1510126,-0.063683815,-0.07926602,0.09086773,0.0656264,-0.17226325,-0.03823207,-0.054515578,-0.05233877,-0.12902355,-0.12059397,-0.013784475,0.11184175,0.072694585,-0.08933974,-0.14328495,0.0034382176,0.09063421,-0.008642259,-0.09477258,-0.051048446,-0.2311455,-0.030041361,0.005071953,0.09593592,-0.00828552,0.054216485,-0.17788127,0.019873781,-0.06677523,-0.22565676,-0.15699534,-0.40359795
TCGA-69-7980-01,0.13437714,0.10245788,0.16365564,-0.026342023,0.046561506,0.13645558,-0.14037856,0.05182734,-0.08567538,0.013034621,0.3277227,0.12262217,-0.11110889,-0.042509813,0.104132704,0.2680041,0.14216912,-0.08539375,0.04190925,0.012037827,-0.13893768,0.017767752,-0.08893582,-0.050918866,-0.111846484,0.12527895,0.1177869,-0.09564422,-0.0947701,0.10096933,0.11549687,-0.07952707,-0.050038353,0.2133811,-0.0059254654,0.00073100673,0.24850371,0.119262815,-0.12306095,0.08314087,0.061820135,0.06344741,-0.14965305,0.045868523,0.07620432,0.1588102,-0.27626115,0.0104228025,-0.04661139,0.19186834,0.03286935,-0.15516357,-0.16331315,0.0122680785,-0.012458125,0.22168002,0.1395167,0.029462198,-0.095589176,0.09035513,0.02637053,0.23200314,0.036211327,0.06918962
TCGA-55-A4DF-01,-0.14444245,0.06326772,0.024219181,-0.08083751,0.015636522,-0.021944918,0.11099894,0.10493164,0.13679904,-0.089115836,-0.02641871,0.07081807,-0.0455674,0.1566654,-0.05711156,-0.18215361,-0.23852608,-0.19061923,0.104699165,0.0038971223,-0.026763212,0.10971562,0.06374226,0.08338842,0.10753217,-0.1232764,0.26067922,-0.11194502,-0.15586722,0.060561318,0.1480705,0.061751883,-0.2173093,-0.1844416,-0.08444034,-0.010299466,0.23914583,0.15331444,-0.121848986,0.062255427,-0.02512078,0.02397404,-0.18296322,0.22699313,-0.06564984,0.25536075,-0.096495934,-0.1764719,-0.15508324,-0.020490764,-0.039029106,0.12139064,-0.102998376,0.10522403,-0.031248841,-0.025933517,-0.05308571,0.11446919,0.029079983,-0.08499489,0.15390922,-0.10501396,-0.073531084,-0.2175991
TCGA-49-AAQV-01,-0.16820228,-0.071471706,0.06769878,0.13800743,-0.06764115,-0.033314135,0.1682213,0.11518624,-0.024677465,-0.013188695,0.19855088,0.08793725,0.009343109,0.03791047,-0.06090272,-0.0022354159,0.13217787,0.22152953,-0.24587387,-0.06869609,0.086091585,0.30357486,-0.040105164,-0.17874922,0.14851157,-0.100323394,-0.015708357,0.111020245,0.10073833,-0.046581198,-0.05882775,-0.06170234,-0.022465285,0.0395502,0.10815637,0.10594991,0.1338498,-0.033806793,0.080768876,-0.09922184,-0.112947166,-0.009905081,-0.1091724,0.2197921,0.22093949,-0.03726427,-0.2958329,-0.054185644,0.13868,0.027178535,0.06441205,-0.18031892,0.008246924,-0.12050645,0.12351317,0.18046956,0.22952428,0.15529296,0.061369702,0.121811934,-0.023534045,-0.017027175,0.038331326,0.14997739
TCGA-73-7499-01,0.083789885,0.09157967,0.22281843,-0.13345625,-0.0065034614,-0.12241276,0.22184856,0.18344995,0.072345324,0.067828774,-0.06746008,-0.078098886,0.091428064,-0.1917231,0.07948519,-0.20599735,0.05898866,-0.1863708,0.07767343,-0.18588528,0.16398504,-0.23285201,0.009570729,0.019641673,0.028970266,-0.01878071,0.23620185,0.039531305,0.025625575,-0.17894962,-0.27819481,0.09252036,0.19787167,0.10017973,0.023083866,-0.07872889,0.10930927,0.11702252,0.06414213,-0.045607578,0.17337483,0.022561153,0.20695013,0.06260426,0.15484825,0.15429758,0.07401316,0.0769921,-0.12107893,-0.12146343,0.056736313,0.09787174,-0.002884396,-0.01630289,-0.04722862,-0.1063234,-0.02772003,0.03180488,0.092801936,0.100382,0.019485459,0.20308466,-0.15629697,0.022562522
TCGA-55-1594-01,0.02896997,-0.08342355,0.012826616,-0.29701805,0.09301505,0.07395946,-0.084400155,0.05580158,-0.13583925,0.009807842,0.24065058,0.24976686,0.057980392,0.12069153,0.22323048,0.11237495,0.03631298,-0.16757737,-0.1640827,-0.10963231,0.031684335,-0.16599023,-0.12956603,0.042100422,-0.0765512,-0.1270996,0.093790576,-0.09428304,-0.002052077,-0.11815445,-0.040235963,-0.19354579,0.013079687,-0.062014334,0.06702905,-0.0025185074,0.13619795,0.027648106,-0.025326513,0.014170678,-0.18053786,-0.09653425,0.12456094,-0.11448921,-0.063076995,-0.071014106,-0.103165016,0.18864872,0.044394724,0.08568165,-0.020343717,0.13235715,-0.08876695,0.14842775,-0.027689215,0.0076221763,-0.017416343,-0.011574377,-0.1239476,0.06632514,-0.21551602,-0.11425113,0.37457627,0.1399036
TCGA-44-A47B-01,0.06666588,-0.14402197,-0.012034499,0.10406627,0.03702921,-0.045559622,0.03683484,0.0045172274,-0.13553478,0.051124264,0.007732593,0.09301267,-0.1680095,0.03093488,-0.07737999,-0.04519927,0.13939382,0.07845426,0.030403819,0.0146207055,-0.043948486,0.25914478,-0.104682006,-0.04812732,0.11228654,0.14916205,0.027562462,-0.080324024,-0.08956634,-0.12450636,0.016821373,0.055859834,-0.18716075,0.10757535,0.34040838,0.10426003,-0.01717906,0.02033974,-0.13279915,0.12324197,0.010071363,0.15728936,-0.10825201,0.31274182,0.25696877,0.12928377,-0.010442876,-0.08519303,-0.14689116,0.04108398,0.015673837,-0.038719438,-0.18439646,-0.029828548,-0.03539318,0.25698388,0.11773641,0.11588853,0.13282351,0.11521735,0.28874457,0.09355505,-0.017405242,0.069468714
TCGA-17-Z053-01,0.027668519,0.12292002,0.085687324,-0.10621277,0.17174967,-0.04697331,-0.18907677,-0.25686184,-0.07199101,-0.022558438,0.02550052,0.032802,-0.2832018,-0.224556,-0.0216771,0.073679015,0.055602636,-0.093713656,0.24855654,0.05671753,0.15713806,-0.08607818,-0.11233026,-0.009730895,0.070480995,-0.009532177,-0.082270436,-0.0987945,0.014995846,0.022083966,-0.12665978,-0.044852674,0.070785925,-0.000146241,-0.17145878,0.003969903,0.052535523,0.008045569,-0.104974456,0.14587295,-0.16269301,0.010581586,0.33338466,0.11035078,0.18706037,-0.10662037,0.18477729,0.07757278,0.07616111,-0.05183883,-0.17342208,0.16355723,-0.0644217,0.020648824,0.1154314,0.18835668,-0.085452065,0.025845647,-0.15561591,-0.042109344,0.17063451,-0.13334417,0.024492016,-0.14129287
TCGA-55-8094-01,0.04560847,-0.05192411,0.116374746,-0.1726126,0.2283858,0.014963597,-0.011974972,0.07203262,-0.058733433,0.0949421,0.05922584,0.040959124,-0.099377215,0.089570634,-0.048491914,0.01770872,0.21271607,-0.10549417,0.09660517,-0.24521041,-0.022591656,-0.10754095,-0.14784664,0.1470069,0.04667235,-0.02370871,0.13503018,-0.07234059,-0.03719406,-0.1803961,-0.11783323,0.20062985,0.13074514,-0.19860008,0.10405596,-0.050689217,0.10457471,-0.05121995,-0.06350961,0.11304345,0.008290926,0.061009217,0.26829773,-0.1133997,0.16407771,-0.09985324,-0.042058785,0.14507805,-0.075053446,-0.17292224,-0.18993144,0.19194095,-0.006310752,0.21334752,-0.21330859,0.13200326,-0.08060613,0.16563195,-0.11492834,0.040753394,0.050046448,-0.1381101,0.12591171,-0.09213984
TCGA-44-6775-01,-0.009423726,0.13333859,-0.12688926,-0.184511,-0.065560184,0.014612598,-0.037492182,0.016105296,0.044788502,0.09717921,-0.014442451,-0.37485024,0.07292582,0.06001861,-0.049837388,0.0015440688,-0.1368385,-0.002345958,0.09650864,-0.12258172,0.023890238,-0.23570597,0.1388767,0.010527881,0.08708778,-0.079133615,-0.057317223,0.33236086,0.092818126,0.08059446,0.074237,-0.08269338,-0.108144306,-0.12476089,0.08466261,0.07506588,-0.08517277,0.04377301,0.022555336,-0.027881786,0.034337137,0.098241754,-0.15973979,-0.0012488029,-0.097807005,-0.07518488,0.119443364,-0.015680963,0.27515128,-0.055859778,-0.0012493229,-0.11050987,0.049454447,0.025912147,-0.14708841,-0.16053994,0.17132476,0.10146372,-0.20812406,0.12220027,-0.31141233,0.07445966,-0.14999633,-0.08658371
TCGA-73-4662-01,-0.056675486,0.02116476,-0.08163695,-0.24825346,0.07749002,-0.09133935,-0.1030775,-0.03269415,-0.2976388,0.13068849,0.27283517,0.20781346,-0.15888542,0.012858669,-0.0053035095,-0.024516337,0.19463715,-0.21294846,0.0019867197,-0.13743176,-0.11338163,0.01690564,0.10255854,-0.043159883,0.1590495,-0.08382479,0.041413087,-0.12162648,-0.046628393,0.038907934,0.019753594,-0.11694376,-0.10664293,-0.037082676,0.12888676,-0.019776488,0.07813049,0.10341877,-0.079644196,0.064508654,-0.3089741,-0.016597612,0.08216789,0.06505544,0.020907799,0.13396549,-0.08085454,0.16557859,-0.045001026,0.05880878,0.053436168,0.10843099,-0.08888547,0.18391491,0.15609677,0.080498464,-0.02759838,0.12604916,-0.17869538,0.2010836,0.07606569,0.025074957,-0.18398973,-0.14273408
TCGA-62-8402-01,-0.06147441,0.061494455,-0.06274047,-0.1997199,-0.11469907,-0.04200292,0.03904311,0.14520566,0.25265172,-0.117072925,-0.033942923,-0.24277477,0.042307284,-0.19114564,-0.21499991,-0.07719806,-0.19037412,-0.07575828,0.15098432,0.07241578,0.119017206,-0.055898014,0.08123801,0.028466258,0.10598506,-0.08068503,0.19287077,0.21870467,0.0058987867,0.012579577,0.08977074,0.004312906,-0.15392457,-0.057948347,-0.11226463,0.021022392,0.1427456,0.059812803,0.028800622,-0.060083523,0.20399398,0.027355833,-0.21765922,0.05626315,-0.07440897,0.09978555,-0.0014039277,-0.030146074,0.07404931,-0.11057574,-0.13306965,0.0008403478,-0.039601717,0.06120604,-0.12574945,-0.1256424,0.05221465,0.024579488,-0.122947365,-0.13857616,0.065026864,-0.00011845656,-0.31496432,-0.29320362
TCGA-05-4422-01,-0.20066936,-0.18030965,-0.0940089,0.19941406,-0.08087791,-0.17564343,0.32344812,-0.058764033,0.049555622,-0.11456397,0.016452305,0.19799048,0.033308722,-0.06419376,0.0015062839,-0.07336752,-0.11545894,0.071874745,-0.15317169,0.14793949,0.04498609,0.26323697,0.0062141703,-0.0761712,0.18503875,-0.052142963,-0.09633078,-0.14872763,-0.0024709073,0.14216879,0.05963758,0.19882762,-0.085743524,-0.074212104,0.04896859,-0.06574158,0.11444835,0.17516461,-0.12659998,-0.02170389,-0.1402304,0.10112387,-0.09472959,0.11963943,0.1598065,0.12952329,-0.16231872,-0.25018892,0.038472448,-0.06690538,0.008407033,-0.12846144,-0.028954912,-0.022222262,0.053099565,0.0065949317,0.10430266,0.13535997,-0.09670202,-0.021695597,0.24320082,0.07391023,-0.011626536,0.0057287514
TCGA-4B-A93V-01,-0.041013867,0.025292387,0.24696943,0.023778012,-0.009770975,0.16010147,0.062090084,0.33034617,0.038445476,0.011989543,-0.24847992,-0.18132932,0.011600852,-0.046857696,0.055462085,-0.24024132,0.093824945,-0.051337626,0.0066153356,0.10108907,0.05867037,-0.08179085,0.0590838,0.16016495,0.08454539,-0.1219618,0.30908012,0.10102791,0.16620363,-0.044260707,-0.25121522,0.03132956,0.20518485,-0.05477663,0.0833283,-0.06462783,0.16301976,-0.024654614,0.099696286,0.039316982,0.10412441,-0.053333953,0.1300203,0.05444104,0.2187192,0.0961185,0.10419118,-0.0020558927,0.17282106,0.08217644,-0.05303018,-0.062951684,-0.0558237,0.13037503,-0.18204719,0.18592133,0.08513428,0.02787547,-0.0008738423,0.1081939,-0.062036984,-0.048159987,-0.02837199,-0.036420025
TCGA-55-8506-01,-0.15708365,-0.2530082,0.08049922,0.12907797,-0.110435724,0.042823415,0.18107334,-0.004044157,0.045044005,-0.054961942,0.14274582,0.17204383,0.06286467,-0.05478127,-0.10365463,0.09502051,0.007641769,0.028463645,-0.10958216,0.041577965,-0.12365696,0.4177974,-0.047145274,-0.22174418,0.03232937,-0.090798266,-0.053595826,-0.09495691,-0.014495246,-0.00025699413,0.11692211,0.10623455,-0.082932346,-0.06159988,-0.052657533,-0.1326585,0.120284535,0.05332221,-0.05466158,0.02610476,-0.08185518,-0.16649716,-0.033387285,0.11473653,-0.09336222,0.14982016,-0.31945214,-0.19967185,-0.0890968,0.06662726,5.42544e-06,0.03826298,-0.08411239,0.03129304,0.08101253,0.13159692,-0.13238074,-0.07560184,0.05028278,0.09577368,0.22554983,-0.009679778,0.10668872,-0.20130157
TCGA-86-8073-01,-0.050225254,-0.063332535,0.20988937,0.18065204,-0.087404534,0.16701967,0.13796328,-0.10470405,0.17247413,-0.07835085,0.025934635,-0.03483749,0.10476137,0.07041795,-0.26200616,0.06090355,-0.088132516,-0.045101847,0.007028606,-0.023123581,-0.09153609,0.20561291,-0.012017134,-0.27729654,-0.10309608,0.1398758,-0.14447019,0.04998701,-0.0055662286,-0.093911685,0.04832934,0.17718352,-0.06406811,-0.16180822,-0.026304254,0.0023694334,0.03969001,-0.097600006,0.1157753,-0.027240215,0.09519875,-0.065027565,0.07341602,0.3953136,-0.051508065,0.056983434,-0.067291945,-0.26091263,-0.043960296,-0.12163535,-0.08521621,-0.138424,-0.21513149,0.083211385,-0.0710436,0.11646866,-0.10491501,0.048315547,0.07669126,0.040497903,-0.08064906,-0.031362243,0.16136917,-0.109138206
TCGA-MP-A4TE-01,0.05586417,-0.2350176,0.11350893,0.15244135,0.08464205,0.30143094,-0.027014991,0.21007171,0.02480908,0.1341889,0.1108052,-0.111541554,-0.025687976,-0.16365875,0.20515679,-0.19967952,-0.16705444,0.15503325,-0.045571063,0.19978611,-0.056189,0.22292039,0.15249228,-0.092835955,-0.08119922,-0.081657775,0.047227554,0.014958668,0.16735841,-0.13722584,0.06184872,0.07017873,-0.042302147,0.05054661,0.13044538,0.007854578,0.07194757,-0.1773907,0.09427565,0.099159464,0.08137345,-0.035109557,0.03203593,0.16886732,-0.14227541,-0.16670041,-0.025749847,0.15734385,-0.08653132,0.15273634,-0.10455129,-0.0193286,-0.05676814,-0.003445248,-0.1776452,0.056448955,0.114729784,-0.19541731,0.1672914,-0.04342787,-0.06655321,-0.0518539,0.026751688,0.056018062
TCGA-64-1679-01,0.034604978,-0.11467795,0.16380903,0.11578312,0.07880468,0.30170846,-0.21251528,0.09489184,-0.09920104,0.22230043,0.077473484,-0.14015213,-0.15639624,0.04571274,-0.09208481,-0.057942614,0.07970359,-0.04052754,-0.0016663574,0.013852465,-0.14188853,0.14421327,0.109446265,-0.14502797,-0.026528286,0.10179779,-0.122857615,0.07542175,0.09694434,-0.097771406,-0.005626081,-0.11038311,-0.0942784,-0.04115378,0.17069252,0.09802958,-0.035470344,-0.1694564,0.22877486,0.15029731,-0.11358138,-0.044897966,0.032199554,0.30389664,0.059601966,-0.018453972,0.035851236,0.14275323,-0.013305539,0.09309823,-0.06142701,-0.16243923,-0.05571582,0.1127808,-0.07203273,0.27112344,-0.02677887,0.07920268,0.06856613,0.26954797,-0.112200856,-0.029541703,0.031765662,0.071616784
TCGA-05-4382-01,-0.15821657,0.012718542,-0.064671874,-0.0715809,0.015275128,0.013637186,0.113626905,-0.016748445,0.18396145,0.050752003,0.10595846,0.17699444,0.048085116,-0.024338279,-0.2845582,0.102890685,-0.023423122,-0.21911074,0.05409525,-0.12462151,-0.17129657,0.06724564,-0.035842787,-0.21708205,0.061710175,0.13250346,-0.04646832,-0.10485548,0.015233116,0.063460425,0.1402411,0.12016255,-0.26089805,-0.17304282,-0.19180106,-0.048798583,0.19052361,0.14246908,0.12748422,0.016398462,-0.056613162,-0.0057895207,-0.15524204,-0.032115534,-0.16635323,0.20719613,-0.27516407,-0.031445798,-0.12132266,-0.13325262,-0.020709861,0.06257881,-0.010267682,0.064567,0.118868865,-0.13079488,-0.1648059,0.009299559,0.034287494,0.08267183,0.09306354,0.15247385,0.09898874,-0.14493027
TCGA-17-Z042-01,0.024070572,0.10732947,0.101637825,-0.08246853,0.15862887,-0.051242765,-0.18977281,-0.25534204,-0.07175455,-0.037785165,0.0083423965,0.0364224,-0.27174306,-0.21073401,-0.048022266,0.07127005,0.06673635,-0.07325869,0.23983184,0.065945,0.16540384,-0.07796525,-0.10545424,-0.009374562,0.08057585,-0.0022039036,-0.09562384,-0.08930758,0.01902354,0.021257106,-0.13071111,-0.050337404,0.06750174,-0.008004771,-0.16538304,0.0036665734,0.036963515,-0.014220464,-0.09158749,0.14119405,-0.16671704,0.005529953,0.32891157,0.110176355,0.19335434,-0.11777166,0.18807316,0.07130026,0.08119476,-0.057127938,-0.18554455,0.15350373,-0.0748702,0.031971335,0.113273546,0.18985228,-0.09004761,0.028861634,-0.15200305,-0.047767833,0.18866207,-0.1583763,0.02281209,-0.16480812
TCGA-44-A47G-01,0.08438726,-0.32431218,-0.1214313,-0.040675335,-0.15645216,0.013109698,-0.10783546,-0.1069416,0.09879322,0.021995606,0.022226008,-0.1598492,0.041659605,-0.032475863,-0.030982897,0.1920925,-0.22219871,0.13041112,0.00022141544,0.0932807,0.08178576,0.17077465,-0.047603663,0.0057474626,-0.21532695,0.02930056,0.13384983,0.13614507,-0.0628457,-0.01682864,0.23665701,-0.18543917,-0.1836865,0.2591707,0.015353846,0.02774438,-0.08775162,-0.026773637,0.02264717,-0.059281543,0.11464479,0.18238834,-0.30791444,-0.03483883,-0.016217036,0.029427923,-0.10696202,0.04754324,-0.12059929,0.16664864,-0.094041124,-0.18606274,0.01854509,-0.10798836,-0.003572818,-0.0029960754,0.09498747,-0.08073573,-0.050318215,-0.054658182,0.05824727,0.07923339,-0.23191091,0.034171414
TCGA-78-8655-01,-0.025128081,0.011385333,-0.02871261,-0.09874567,-0.01622662,-0.15589038,-0.076550595,-0.0735747,-0.12516291,0.0070191324,0.091372155,-0.016684445,-0.12389415,0.00022027326,-0.16876392,0.0752373,0.07937753,0.045648545,0.075071745,-0.023734521,0.19653675,0.07524143,-0.0042738016,-0.07586208,0.08330928,0.037079602,0.12720016,0.04300082,0.08589857,-0.094672926,0.113089725,-0.06625914,-0.28114647,0.20873511,0.31846464,0.11908158,-0.07259653,0.01731852,-0.051451333,-0.024973536,-0.10096298,0.12032991,-0.10344436,0.32036668,0.210151,0.06511102,0.12824006,-0.07689062,0.0626031,0.01891487,0.08357431,-0.06992863,-0.22824663,0.0029920354,0.10549256,0.28659126,0.08717771,0.1432972,-0.1347901,0.064872704,0.15728964,-0.06916418,-0.22614627,-0.07720307
TCGA-73-4676-01,0.1278888,-0.04551075,0.06300408,0.22855915,-0.14329012,0.08573027,0.07481398,0.07778186,0.041275132,-0.15276904,0.08796547,0.0011536976,0.08306463,-0.0640302,-0.22823462,0.07275995,0.12398176,0.023675628,-0.034336172,0.14290705,-0.0392222,0.040715277,-0.21996196,-0.098510526,-0.020842083,0.35414138,-0.056294963,0.08531941,-0.24643688,-0.22098921,-0.1298293,0.101522505,-0.039876454,0.18339826,0.058685835,0.08401654,0.051081344,0.0064948406,0.02675028,-0.03048,0.26030323,-7.599319e-05,-0.11761639,0.25023922,0.072182626,0.1955989,-0.13923414,-0.03858067,-0.04829636,0.03280324,-0.016826354,-0.19232881,-0.103192426,-0.012308337,-0.1000208,0.17077893,0.035822142,-0.0467611,0.098152205,0.02153784,-0.0019702155,0.18986358,0.11036228,0.042349946
TCGA-62-A46S-01,0.020707056,-0.35338044,-0.11356071,0.12109937,-0.1200127,0.10578171,0.13336125,0.020152977,-0.11131725,0.09577202,0.11295865,-0.2567697,-0.0023901833,0.08314107,-0.025583467,-0.1535492,0.029218204,0.29158732,-0.066786654,-0.023154087,-0.085903876,0.34281865,0.07310262,-0.008724044,0.09323901,0.0042357733,-0.12334946,0.25863603,-0.0055291965,-0.17865859,0.11767207,0.12126495,-0.04226198,0.09046103,0.19383045,0.019823015,-0.14542839,-0.031659123,-0.029526297,-0.0565543,0.04192735,0.08207496,-0.092492454,-0.007887407,-0.006387735,-0.061923984,-0.21855502,0.14246735,-0.10143253,0.08505738,-0.15209526,-0.1023995,-0.0021007513,-0.04348346,-0.14658368,-0.03790823,0.100546114,-0.057441752,0.01690037,0.09002839,-0.004142825,-0.015543512,-0.13670552,-0.1396915
TCGA-64-5774-01,-0.0024315298,-0.19060199,0.095217206,-0.114643194,0.026365897,0.05897956,-0.051066928,0.03221314,-0.10684675,0.2410712,0.3619268,-0.09398266,-0.08077587,-0.24020293,-0.0073296265,0.1773293,0.115308344,0.0005133687,-0.010809029,-0.18691759,0.0024311692,0.11199931,-0.040614128,-0.18835406,0.041106597,-0.022439262,0.08987592,0.029271645,0.051949497,-0.07409342,-0.011746897,-0.07246193,-0.03766911,0.21576822,0.09626043,-0.0496566,0.20107321,-0.017892107,0.04206368,0.104519755,-0.07422156,0.08514215,-0.040882654,0.11172522,0.19793165,0.0904745,-0.18605717,0.19500396,-0.013270813,0.06711769,-0.009310182,-0.0889418,0.071619965,0.037735373,-0.05879626,0.20727272,0.040825445,0.115212314,-0.035597973,0.30437204,0.043030836,0.18533018,-0.15570718,-0.10398465
TCGA-71-6725-01,0.19378985,-0.1072583,-0.070695825,0.0446233,-0.21994035,0.01248673,0.12363043,0.046284605,-0.03381915,0.039342906,-0.0070444075,-0.037312392,0.21984325,-0.15285149,-0.00806585,0.038089253,0.1286277,-0.045281254,0.073583305,0.07281619,-0.11153146,-0.13590333,-0.112959564,-0.0378283,-0.09066193,0.27747148,0.020611987,0.036532823,-0.1304481,-0.17254736,-0.120049626,0.121247694,-0.003822695,0.31845608,0.098886184,-0.038206406,-0.098889925,0.1173726,0.017542131,-0.038218174,0.2890244,0.069352254,0.03709461,0.051476497,-0.13376401,0.17627828,0.022268225,-0.02678051,-0.15034087,0.067892,0.18462923,-0.04584066,-0.007982811,0.0023362658,-0.11029273,0.0045675165,-0.037474573,-0.20736416,0.13410597,0.09115736,-0.013118417,0.3590403,0.052470922,0.0680968
TCGA-49-AARO-01,0.16671634,-0.095193565,-0.11666381,-0.08195104,-0.16229577,0.049985968,0.09594311,0.20045961,0.16988806,-0.014883095,-0.10043514,-0.0768458,0.18753181,-0.066135325,-0.021511886,-0.14097497,-0.13569404,-0.1282319,0.13951217,0.22071601,-0.025698423,-0.31353286,-0.091937385,0.12653816,-0.13329813,0.15551636,0.12891197,-0.06808624,-0.06344301,-0.097520426,-0.11116529,0.17376693,0.010333998,0.11669371,0.046325646,-0.04896186,-0.053093262,0.08312572,-0.023327941,-0.080090836,0.27391592,0.011364331,0.07406941,-0.12948017,-0.18105459,0.17609958,0.09820454,0.0151120545,-0.15877585,-0.13000445,0.049804613,0.10142282,-0.012529828,0.14407869,-0.23255157,-0.07611733,-0.14564471,-0.094230555,-0.05041509,-0.06890436,-0.07273057,0.10918499,0.101320505,-0.085559554
TCGA-97-7938-01,-0.011345828,-0.12093278,-0.00040329518,0.28661537,0.08046282,-0.14034538,0.059532657,-0.10828754,-0.10593183,-0.090470664,-0.11026285,0.10581706,-0.12751825,-0.02850225,-0.0945023,-0.08192755,0.15137234,0.08529387,-0.005690859,0.07613938,0.10372395,0.14856532,-0.18621449,0.053782493,0.24516085,0.09764098,-0.14632773,-0.12966752,-0.07257092,0.0029414778,-0.1433359,0.15428536,0.077684574,-0.067402035,0.088595815,0.043137018,-0.077968076,-0.055755887,-0.078924716,0.11833933,-0.14564875,0.09784599,0.1568836,0.12938353,0.37490878,-0.073356315,0.07860883,-0.06911095,-0.024379719,-0.09606905,-0.13427536,0.047464002,-0.10165492,0.013789891,0.030401623,0.21554926,-0.015621006,0.1423713,-0.0001878481,-0.03607163,0.34448683,-0.10365423,0.06440101,-0.011768805
TCGA-99-AA5R-01,-0.004258978,-0.22906724,-0.032052968,-0.03503255,0.0020623677,0.03427375,0.11138335,-0.16248536,0.1892436,0.005210663,0.20862214,0.14067937,0.13931084,-0.07906729,0.16024545,0.21587789,-0.22555439,0.102079205,-0.23111899,-0.07460267,0.18550368,0.08451842,-0.14955854,-0.19588228,-0.21837713,-0.11239447,0.18768038,-0.07692963,0.07472125,-0.05104454,-0.02058238,-0.09069811,-0.0008477076,0.08699271,-0.10106422,-0.030700099,0.09083897,-0.07842207,0.068809934,-0.075353004,0.021052394,0.1056367,-0.10362427,-0.118533015,0.08370375,-0.08457398,-0.2701638,0.06010909,-0.036025204,0.035677303,-0.029273186,-0.06329561,0.0711041,-0.2493046,0.048243713,-0.027713783,0.089559145,-0.024107527,0.086398914,-0.057391472,-0.0689497,0.084859446,0.11487581,0.2726936
TCGA-64-1680-01,-0.16382551,-0.05224034,-0.0025904295,0.048154883,-0.036561716,-0.067118905,0.2747127,0.092933774,-0.13694975,-0.008110178,0.36707246,0.075928666,0.06561309,0.014215524,0.10123735,-0.11496778,0.08376496,0.26171276,-0.2689384,-0.11488522,0.083531,0.26380068,0.041668057,-0.14036173,0.11750771,-0.22175084,0.025481138,-0.0019268598,0.17201479,-0.01636713,-0.04325605,0.08394968,0.008824199,0.019660376,0.1361983,-0.045673538,0.17216663,0.017294498,-0.07716601,-0.14846101,-0.17593607,-0.06539761,0.011557044,-0.067637525,0.11298976,-0.020398397,-0.32620436,0.0021027427,0.13561706,0.012960815,0.08475446,0.018902486,0.03625882,-0.09147557,0.08157701,0.015689883,0.16587678,0.07373282,-0.04558697,0.061554868,-0.051801253,-0.06449691,-0.0028336083,-0.0498083
