Sample ID,dim_0,dim_1,dim_2,dim_3,dim_4,dim_5,dim_6,dim_7,dim_8,dim_9,dim_10,dim_11,dim_12,dim_13,dim_14,dim_15,dim_16,dim_17,dim_18,dim_19,dim_20,dim_21,dim_22,dim_23,dim_24,dim_25,dim_26,dim_27,dim_28,dim_29,dim_30,dim_31,dim_32,dim_33,dim_34,dim_35,dim_36,dim_37,dim_38,dim_39,dim_40,dim_41,dim_42,dim_43,dim_44,dim_45,dim_46,dim_47,dim_48,dim_49,dim_50,dim_51,dim_52,dim_53,dim_54,dim_55,dim_56,dim_57,dim_58,dim_59,dim_60,dim_61,dim_62,dim_63,dim_64,dim_65,dim_66,dim_67,dim_68,dim_69,dim_70,dim_71,dim_72,dim_73,dim_74,dim_75,dim_76,dim_77,dim_78,dim_79,dim_80,dim_81,dim_82,dim_83,dim_84,dim_85,dim_86,dim_87,dim_88,dim_89,dim_90,dim_91,dim_92,dim_93,dim_94,dim_95,dim_96,dim_97,dim_98,dim_99,dim_100,dim_101,dim_102,dim_103,dim_104,dim_105,dim_106,dim_107,dim_108,dim_109,dim_110,dim_111,dim_112,dim_113,dim_114,dim_115,dim_116,dim_117,dim_118,dim_119,dim_120,dim_121,dim_122,dim_123,dim_124,dim_125,dim_126,dim_127
TCGA-71-6725-01,1.6026937,2.117591,9.895511,5.862966,6.990467,2.6847334,0.9654916,5.2470503,5.2821455,4.1242313,5.7160482,6.84518,7.8316793,8.260963,3.585433,8.910081,3.526896,5.3844724,7.375021,5.7193823,8.681892,7.218541,7.0770254,2.0921094,9.578999,9.295597,-0.5987132,6.846289,0.19526185,5.387565,5.622634,8.584437,5.6439466,6.606008,5.8474364,5.5311546,8.331188,2.4211292,2.622062,5.4137163,5.811984,7.0949435,6.399081,4.802934,6.673128,4.7819448,4.827396,5.4895754,1.905324,6.768859,6.30486,6.1131144,7.449963,4.304951,4.564354,-0.20679304,6.130809,8.529428,5.50968,4.8595324,4.83317,6.2014585,5.7603016,4.870113,3.9167895,6.5077567,4.9533973,7.368805,7.8997087,6.816431,5.0429177,7.6609387,2.3187866,7.4162736,10.047005,3.4948227,6.58367,8.559369,3.4173243,4.643425,6.0108976,5.3538113,7.392224,5.4006367,6.3902745,4.0454364,3.7706943,4.2539434,4.8077474,4.849663,6.9598937,4.6450896,7.67363,7.7143936,3.2523181,5.0936327,6.109232,3.476062,3.6404426,5.9150076,3.8336005,5.2940397,4.8407383,6.1794252,8.305433,7.747093,2.4865499,6.808526,6.763877,5.6162243,8.63756,3.6983736,5.466616,6.5040894,5.08037,5.7797155,3.4061425,6.4587693,5.872632,3.2490706,4.5612535,6.0707126,5.6078415,5.005277,3.7618248,7.0252914,0.60138553,2.4667614
TCGA-69-7973-01,1.7126256,2.1996582,9.900617,5.7154503,6.7912803,2.5713172,1.0219407,4.9669847,5.377516,4.0898337,5.73564,6.574018,7.4401255,8.167227,3.417684,8.42741,3.9740336,5.516106,7.2271266,5.6197715,8.536705,7.175964,7.123868,2.0925539,9.386728,9.132217,-0.4322995,6.849748,0.23375958,5.525211,5.766274,8.71775,5.455535,6.5009575,5.552594,5.3851123,8.3462925,2.4993563,2.5520449,5.416469,5.790994,7.2213254,6.250809,4.510351,6.6298013,4.8327265,4.612569,5.2831197,2.2279303,6.7274947,6.3293004,5.9761667,7.2621746,4.247663,4.434678,-0.579249,6.2456274,8.192133,5.4613857,4.9894686,4.925104,6.202966,5.210017,4.871031,3.8222737,6.662716,4.953866,7.1389923,7.680112,6.8712764,4.764725,7.443415,2.222047,7.3556666,10.037755,3.6282873,6.6636024,8.27549,3.464977,4.4873743,6.215522,5.254287,7.3880944,5.71737,6.295461,3.944814,3.7050815,4.289483,4.8206277,4.930296,6.8698363,4.5981674,7.5334716,7.762937,3.2295926,4.92669,5.9082313,3.5216668,3.616806,5.9086123,3.8441784,5.181191,4.720327,6.2788253,8.299014,7.6804714,2.3203034,6.708624,6.4884477,5.5805435,8.671731,3.5960665,5.466242,6.6701035,4.913626,5.987694,3.5459585,6.5141153,5.9213862,3.4015496,4.619443,6.216402,5.700298,5.0479326,3.7802417,7.0576625,0.57475644,2.6058567
TCGA-50-8457-01,1.5997496,2.6678145,9.797149,5.910942,6.737674,2.8317764,0.9531791,5.071534,5.6328344,3.762547,5.9941177,6.7883844,7.7642274,7.7980485,3.6012707,8.636042,3.6612418,5.003921,7.0398326,5.561596,8.496382,7.1770043,7.216466,2.1356049,9.272656,9.152248,-0.3980252,7.1630754,0.70915765,5.3395567,5.590844,8.470926,5.276044,6.259844,5.915945,5.5233407,7.8260427,2.369351,2.5174367,5.606481,6.102344,7.0392013,6.105365,4.8558326,6.822895,4.940087,4.5962434,5.3941145,2.3132784,6.4031906,6.173461,5.9052644,7.295715,4.300286,4.496355,-0.41416794,5.9939814,8.223767,5.470907,4.9644856,5.046528,6.395309,5.345493,4.627697,3.7944882,6.8790803,4.704419,7.0883503,7.6089754,6.5994573,5.0013523,7.6500525,2.4700778,7.219998,10.016955,3.8759584,6.741752,8.275206,3.7200954,4.125892,5.967719,5.108426,7.2154202,5.6163187,6.192128,3.818776,3.9634523,4.1506853,4.863013,5.1862106,7.248655,4.7551174,7.5602336,7.725767,2.989843,4.8556137,6.1999083,3.467661,3.4921696,5.836547,3.7773275,5.440969,4.6264377,6.4105325,7.8634577,7.6118526,2.2263892,6.69268,6.558022,5.5487466,8.583577,3.61113,5.4789147,6.683346,4.974932,5.7195463,3.53085,6.242715,5.9512196,3.4502363,4.507102,6.075783,5.558152,4.8316164,3.813172,7.088036,0.5920663,2.482296
TCGA-64-1676-01,1.6518381,2.0542746,9.8966,5.637817,6.8888507,2.4660368,0.9512414,4.9165926,5.4291043,4.2367926,5.802807,6.765009,7.6558104,7.885991,3.4256928,8.49025,3.691893,5.48539,7.0007696,5.552188,8.849168,7.254336,7.2355413,2.1076603,9.353568,9.010958,-0.47990707,6.8528852,0.34758008,5.633934,5.7725706,8.872209,5.4858403,6.5173573,5.6504855,5.3061223,8.324799,2.3307865,2.5816495,5.4041433,5.7873135,7.2946224,6.1974254,4.6684422,6.7881994,4.824434,4.664729,5.330059,2.3900025,6.7640276,6.2102456,6.1780457,7.364851,4.2195063,4.45507,-0.39745787,6.064515,8.352029,5.460756,5.0265384,4.9019465,6.2621737,5.395556,4.81448,3.7794473,6.661727,4.917116,7.1725235,7.7524133,6.9202986,5.0180473,7.467317,2.2590642,7.343675,10.023291,3.6536477,6.6892314,8.374022,3.4353204,4.5542846,6.3223376,5.1294594,7.428015,5.758698,6.347204,3.7665987,3.8734295,4.088125,4.730944,4.678761,7.097057,4.4837713,7.3949013,7.7281637,3.1461165,4.880724,6.1359997,3.536733,3.594463,5.8717594,3.8434577,5.324269,4.662719,6.2453713,8.4679,7.6429124,2.2637484,6.800187,6.55176,5.563988,8.514245,3.7838106,5.4851933,6.638131,5.0394864,6.0402184,3.6367378,6.487841,6.023305,3.4150286,4.8124957,6.252089,5.6684103,4.996904,3.7302217,7.040991,0.5134262,2.7398763
TCGA-62-8399-01,1.7245597,2.357117,9.79165,5.6070204,6.802392,2.4993722,0.98995095,4.8331633,5.5256567,4.1910477,5.715115,6.726094,7.4511824,7.695682,3.380853,8.280715,3.8707697,5.344895,6.921234,5.449997,8.747891,7.320361,7.3287287,2.2678466,9.094999,8.90954,-0.34924993,7.0333595,0.7567032,5.682559,5.786909,8.8495455,5.3037453,6.30747,5.679363,5.2461476,8.142799,2.412814,2.5988219,5.476498,5.9904213,7.2674046,6.0017495,4.639078,6.7494335,4.9209757,4.467973,5.1330447,2.7366018,6.648491,6.0983233,6.0958886,7.239383,4.1814337,4.3940935,-0.106064186,5.8686705,8.1427145,5.361114,5.1510096,4.9054575,6.327433,5.0478725,4.683544,3.76899,6.8576484,4.749271,6.969174,7.55036,6.7875414,4.892229,7.4537253,2.3250227,7.214831,9.866272,3.880321,6.834119,8.165336,3.565716,4.3116555,6.360501,5.006518,7.438412,5.931131,6.2444334,3.5613353,3.962935,4.037961,4.772976,4.7590017,7.2006316,4.5637517,7.232256,7.747843,2.9976726,4.7167225,6.088146,3.5049994,3.5106893,5.8126087,3.82809,5.3930607,4.548487,6.3192234,8.321496,7.5984163,2.1288848,6.598781,6.3922215,5.472173,8.398888,3.7187598,5.505277,6.8059587,4.9780593,6.099342,3.7354996,6.348714,6.1116257,3.6112769,4.8954997,6.3155284,5.6714516,4.804848,3.7895272,7.111548,0.56861645,2.783936
TCGA-55-8514-01,1.6305043,2.2344306,9.928421,5.836152,7.0358477,2.7264235,0.87510717,5.301981,5.2821937,4.004072,5.9474335,6.871236,7.992829,8.255405,3.5928736,8.931257,3.446462,5.3943505,7.459072,5.676855,8.63253,7.2209535,7.1763115,2.0271885,9.584221,9.337794,-0.5403955,6.9577465,0.25555396,5.233311,5.683627,8.555584,5.6635814,6.60476,5.8490405,5.5478764,8.238125,2.3245945,2.4707947,5.358026,5.879324,7.062352,6.510188,4.895447,6.8682203,4.844385,4.8880334,5.645726,1.8835833,6.7453194,6.23616,6.0687823,7.4853163,4.2565937,4.679863,-0.5347932,6.1581945,8.565735,5.649657,4.793378,4.928387,6.3330827,5.87251,4.800019,3.826167,6.531141,4.9077873,7.4481516,7.966052,6.8347797,5.0291915,7.729103,2.3712654,7.5615325,10.214451,3.478956,6.500079,8.6766205,3.4587243,4.6359305,5.9807687,5.420944,7.3059316,5.421051,6.4060388,4.122829,3.8711896,4.1648593,4.8081975,4.9583797,7.064183,4.5759563,7.7197785,7.6484594,3.1796582,5.0211496,6.2668276,3.5536668,3.585421,5.9208903,3.78312,5.4142594,4.914591,6.2546663,8.222052,7.6827517,2.5123808,6.929775,6.8573146,5.663253,8.702228,3.8056552,5.4435215,6.4417562,5.1445827,5.6618495,3.4050212,6.396499,5.843112,3.1892457,4.4314904,6.008032,5.5178123,5.0355744,3.7165165,7.032556,0.5853661,2.3638005
TCGA-44-6146-01,1.5577209,2.7556279,9.777098,5.8891115,6.739627,2.8368137,0.9522596,5.055273,5.7451787,3.717207,6.0636897,6.853646,7.8256917,7.538137,3.6187098,8.646598,3.598002,4.886158,6.836646,5.519094,8.606537,7.204696,7.297737,2.2222981,9.170259,9.0782175,-0.37978145,7.2918224,0.93642044,5.3644743,5.588188,8.492536,5.2143245,6.1565976,6.0363164,5.502757,7.6977177,2.3128636,2.5301988,5.6731033,6.1819096,7.021016,6.0038548,4.94369,6.911247,4.982234,4.570208,5.381156,2.5402105,6.3447886,6.0831017,5.943583,7.315847,4.290681,4.479566,-0.21571033,5.850166,8.203733,5.4568977,5.018668,5.0757465,6.4663143,5.2910333,4.5391693,3.7685928,6.97041,4.625278,7.0393476,7.5488205,6.5498176,5.0727773,7.676708,2.5385408,7.152368,9.997305,3.9820898,6.789651,8.2508335,3.7792165,4.036002,5.999074,5.014216,7.2026267,5.6758943,6.167121,3.6805751,4.08221,4.0450516,4.855907,5.1374283,7.4152975,4.773428,7.4816823,7.721271,2.8914416,4.7895136,6.2094088,3.4612691,3.4497452,5.797088,3.7644775,5.5494685,4.5553,6.445805,7.8222117,7.5840535,2.1540937,6.6705475,6.53657,5.5141745,8.486327,3.6459224,5.4881105,6.7147727,5.018521,5.6962223,3.5884564,6.158157,6.0130444,3.5196815,4.58434,6.082069,5.5290647,4.7339516,3.8210483,7.0894823,0.5785093,2.539891
TCGA-97-7941-01,1.578749,2.7017622,9.815648,5.873426,6.746563,2.8195617,0.9883865,5.057225,5.687703,3.7575111,6.0988913,6.7832212,7.7939115,7.6501083,3.6135926,8.621084,3.6976268,4.9807816,6.915182,5.559695,8.57742,7.1788306,7.273305,2.197428,9.229118,9.107289,-0.4070823,7.2457213,0.82212543,5.342554,5.6186147,8.500332,5.2745705,6.203528,5.980144,5.524669,7.766762,2.3414216,2.519256,5.6375422,6.1321764,7.0339584,6.0726504,4.8828077,6.8954535,4.9577565,4.5798454,5.401618,2.4743905,6.3890343,6.116278,5.908082,7.3326893,4.2902203,4.4948134,-0.34851363,5.9434223,8.207978,5.479043,4.9886065,5.0970645,6.4219103,5.2620783,4.5949078,3.775653,6.931375,4.687489,7.076668,7.5754986,6.618426,5.013178,7.6578045,2.4693425,7.193674,10.028035,3.9109755,6.7379866,8.278146,3.7474604,4.1147146,6.0182385,5.0739355,7.213366,5.6627116,6.1969037,3.7657285,4.0235634,4.1064568,4.846533,5.143844,7.345424,4.749229,7.512531,7.705696,2.9660637,4.8288317,6.1792264,3.473557,3.4764512,5.8221526,3.7834105,5.484984,4.6276455,6.41751,7.8747973,7.6059785,2.2041986,6.688739,6.5389476,5.5485477,8.522236,3.6355531,5.4798627,6.665589,5.0136824,5.7017055,3.5661404,6.209286,5.973469,3.4827778,4.528116,6.091898,5.5563717,4.8053627,3.8141098,7.0778804,0.5699831,2.5188456
TCGA-97-A4M0-01,1.5639998,2.3566577,9.997388,5.938743,6.757975,2.7645154,1.0935384,5.1179376,5.4373393,3.926975,6.0286565,6.6209035,7.716156,8.119242,3.641764,8.653045,3.6836548,5.288716,7.2199183,5.764945,8.480491,7.0362353,7.0596037,2.0536416,9.646109,9.218553,-0.54499954,6.951594,0.22777109,5.3203554,5.6261554,8.518301,5.5491996,6.470243,5.8099337,5.665148,8.123984,2.3997114,2.6120627,5.4447074,5.855946,7.069759,6.3190103,4.6790843,6.7219453,4.816577,4.7249193,5.5068417,2.0550654,6.560277,6.328617,5.84424,7.383648,4.349514,4.5114503,-0.58895975,6.3064456,8.271616,5.499939,4.863287,5.072611,6.1729293,5.3868847,4.8586206,3.8519006,6.6240835,5.0288167,7.2498965,7.744067,6.797392,4.9352202,7.571537,2.2318642,7.290457,10.068335,3.6006703,6.541833,8.380752,3.5758834,4.4638615,6.040402,5.3072963,7.2672434,5.41403,6.305249,4.1565824,3.7185493,4.361522,4.835446,5.107035,6.97229,4.746247,7.669962,7.674506,3.2999089,5.0960097,5.8681602,3.4936817,3.654483,5.938847,3.8541942,5.2062716,4.8505673,6.2861443,8.163292,7.7223315,2.4448178,6.776187,6.575991,5.670791,8.675104,3.5575929,5.440653,6.4851046,4.976191,5.7256794,3.4073062,6.4501066,5.81002,3.3047497,4.349035,6.057997,5.657579,5.0850153,3.8009753,6.982472,0.6523204,2.4508884
TCGA-62-8395-01,1.6524154,2.468221,9.762671,5.704113,6.7430706,2.6033354,1.0781832,4.8619385,5.6353936,4.0837493,5.7843604,6.6739464,7.422076,7.7072434,3.453024,8.473712,3.9708786,5.234777,6.773647,5.5304985,8.700814,7.2611613,7.2393713,2.3115468,9.081394,8.970813,-0.39628804,7.0687323,0.71302396,5.6149096,5.70977,8.707195,5.2305846,6.241554,5.8173294,5.3397965,8.06882,2.4728918,2.6178746,5.6615734,5.99347,7.177153,5.9524536,4.638331,6.664866,4.914352,4.4311934,5.129707,2.6393442,6.556694,6.1747217,6.0201173,7.241585,4.255612,4.347375,0.053435426,5.9295187,8.096,5.34603,5.1200485,4.945756,6.2826905,4.9723325,4.694754,3.8312407,6.9231997,4.7218843,6.9486895,7.4569674,6.733198,4.8856225,7.4703665,2.3533494,7.1349497,9.865154,3.9183643,6.85638,8.124173,3.6143305,4.216082,6.230333,4.993777,7.3838124,5.851025,6.220346,3.574021,3.891641,4.1615405,4.813584,4.869862,7.1736155,4.689728,7.3631673,7.811187,3.0333147,4.80184,5.909787,3.4239845,3.5183558,5.8041954,3.8402689,5.3295784,4.546078,6.315692,8.141895,7.651152,2.1085234,6.537801,6.386686,5.477189,8.4324465,3.577762,5.5149465,6.8097005,4.924273,5.992386,3.6627169,6.323498,6.050381,3.589507,4.826347,6.2802267,5.6928315,4.784432,3.8316195,7.113521,0.5430582,2.7587304
TCGA-86-7711-01,1.5236394,2.0425823,10.031439,5.912451,6.8538594,2.667748,1.0294188,5.100827,5.4001245,4.0735583,5.9339,6.703632,7.9683275,8.244533,3.6295285,8.903629,3.5430858,5.3874855,7.2013597,5.7868066,8.63834,7.062665,6.9914055,1.9707403,9.699084,9.231889,-0.6172499,6.792535,-0.018494634,5.352685,5.6901493,8.598257,5.630863,6.6176825,5.7498775,5.592376,8.291817,2.3843253,2.6054466,5.4277267,5.689564,7.1192837,6.397962,4.7208195,6.7806864,4.7271543,4.86078,5.595935,1.8828319,6.7130413,6.3493867,6.0274405,7.458213,4.3096523,4.577123,-0.75248635,6.32802,8.430398,5.568432,4.840964,4.995183,6.1509004,5.706231,4.9446154,3.8609972,6.497355,5.0952315,7.378939,7.8931866,6.888746,5.032727,7.5684276,2.2191763,7.4512525,10.1743355,3.4475598,6.489084,8.549638,3.4317899,4.6022944,6.0285664,5.4169064,7.3225307,5.383504,6.372397,4.1782827,3.691589,4.339852,4.80191,4.956726,6.9149947,4.61712,7.7326713,7.6758018,3.365385,5.1673427,6.009578,3.5478745,3.6770597,5.9697065,3.8580158,5.178358,4.8677096,6.1911016,8.299016,7.724123,2.4807565,6.9253,6.7186484,5.6943064,8.691599,3.670922,5.4288754,6.379033,5.0611176,5.774952,3.403791,6.563717,5.803336,3.1865568,4.4731073,6.037791,5.645221,5.208709,3.7237008,6.940756,0.53189,2.515239
TCGA-J2-A4AD-01,1.5415883,2.4077528,9.854435,5.901595,6.8811364,2.7844064,0.976121,5.169812,5.530254,3.9522362,5.986887,6.8248577,7.8911552,7.995562,3.6421368,8.9803095,3.5760796,5.168241,7.0793056,5.6810584,8.665371,7.1837573,7.126435,2.140404,9.410602,9.251228,-0.53037137,7.030885,0.42033014,5.305088,5.5988803,8.471596,5.43908,6.42912,5.991964,5.5591116,8.050461,2.3677287,2.5492222,5.6147127,5.935777,7.0217705,6.2550807,4.8806663,6.788468,4.860967,4.732228,5.5122604,2.047923,6.5667214,6.254745,6.029731,7.4151306,4.325215,4.5477285,-0.24878712,6.0975065,8.419664,5.5318847,4.866395,4.9686866,6.2914166,5.623985,4.749865,3.8680336,6.7133913,4.804805,7.2697253,7.7453012,6.720665,5.064718,7.674632,2.4212813,7.352168,10.089228,3.6835713,6.647389,8.475926,3.5699513,4.375249,5.9268465,5.227666,7.2626395,5.4675317,6.3183417,3.9233718,3.8601508,4.2252145,4.833785,5.002203,7.1347246,4.719496,7.6982203,7.7427444,3.132438,5.024601,6.139358,3.4436886,3.5614312,5.868242,3.8043442,5.3726096,4.7634077,6.273347,8.018748,7.695475,2.339927,6.7841063,6.7217026,5.6064677,8.612103,3.6446953,5.475152,6.5513616,5.047977,5.6656256,3.4342055,6.332163,5.874923,3.2952068,4.540143,6.0446486,5.5721483,4.929132,3.7763815,7.0514107,0.55383426,2.4816027
TCGA-17-Z042-01,1.9056326,1.9847099,9.888703,5.3675857,7.4140067,2.2131264,0.66033876,4.9020786,5.024529,4.928589,6.2743464,7.14358,8.170379,7.995556,3.3459184,8.928003,3.6307216,6.0358734,7.326353,5.400843,9.22652,7.5478067,7.603216,1.9271035,9.282789,8.881533,-0.5647658,6.719093,0.40914226,5.52023,5.7293787,9.090043,5.8806834,6.8583536,5.7459188,5.263543,8.481553,2.0796187,2.324299,5.1196,5.913466,7.4882045,6.6080365,4.8766255,7.2357516,4.88493,4.781252,5.6174326,2.3324292,7.100137,5.94042,6.4442177,7.6725864,4.0358295,4.8263626,-0.48098296,5.822104,8.809029,5.697926,4.864783,4.939914,6.4443855,6.0128717,4.747587,3.6585588,6.5356026,4.8314333,7.513173,8.107662,7.346733,5.3084035,7.702858,2.1648128,7.8691854,10.197137,3.4362683,6.501682,8.946542,3.2615833,5.1254396,6.5119815,5.2292733,7.5685563,5.8512278,6.6766725,3.8244114,4.163489,3.8300042,4.481911,4.325589,7.5502,3.9513881,7.234778,7.497086,3.0708241,4.7295413,7.48678,3.621599,3.4984863,5.8700933,3.8093667,5.544096,5.0690928,6.1366596,9.002589,7.5884748,2.4425874,7.0743117,6.9333982,5.701404,8.320853,4.408516,5.5330334,6.4138527,5.3490486,6.114935,3.701624,6.4064016,6.0146837,3.2182982,4.863604,6.3316975,5.549765,4.9618645,3.550113,7.182124,0.36371502,2.7097578
TCGA-78-7220-01,1.6697239,1.9118898,9.887168,5.659246,6.9693933,2.4722338,1.0539155,5.032144,5.256718,4.411436,5.6190085,6.6418095,7.4896517,8.4469795,3.4245315,8.804665,3.8717413,5.7336307,7.2178006,5.7098403,8.769677,7.2556067,7.0422654,2.1592915,9.442481,9.200472,-0.55632156,6.683957,-0.04876019,5.551024,5.808008,8.756484,5.585419,6.674284,5.64649,5.354571,8.657936,2.5169897,2.6086948,5.452069,5.6234093,7.2212067,6.3645167,4.5348935,6.5269256,4.7568946,4.697004,5.332387,1.9331536,6.9309645,6.392228,6.1651683,7.3572516,4.255446,4.4668274,-0.14400186,6.296565,8.40582,5.486926,4.912483,4.765002,6.0720577,5.4829183,4.9916344,3.9229455,6.500372,5.001263,7.295952,7.793284,7.0052986,4.8299828,7.4359503,2.1801498,7.4852047,10.032995,3.4568043,6.6271377,8.4672165,3.280036,4.764178,6.2057977,5.330667,7.4844956,5.5837283,6.446573,3.951581,3.6006246,4.3363214,4.7744074,4.6450124,6.7554517,4.5443497,7.617433,7.815946,3.351548,5.0791144,5.816645,3.463037,3.6771228,5.9146953,3.8778076,5.125703,4.8438835,6.0941486,8.515408,7.770926,2.3896124,6.748065,6.654337,5.607178,8.638149,3.6478007,5.481774,6.590334,4.9851255,5.992894,3.4779425,6.592567,5.881899,3.274082,4.7657714,6.236768,5.730749,5.0890274,3.7417698,7.0533533,0.5558248,2.6736193
TCGA-17-Z017-01,1.9069965,1.9790275,9.882199,5.3499956,7.414739,2.2152743,0.6430022,4.906156,5.033766,4.8949866,6.2652717,7.1476555,8.201595,7.9509954,3.3382256,8.932166,3.6454244,6.023345,7.302874,5.381477,9.259756,7.5540524,7.613343,1.9282436,9.216729,8.889581,-0.55711985,6.7246203,0.43162906,5.5186615,5.822907,9.092785,5.867625,6.8514137,5.7376137,5.237866,8.466414,2.0826066,2.3047347,5.1563053,5.918773,7.489194,6.609063,4.8895082,7.248496,4.885034,4.7847934,5.623383,2.347102,7.0989723,5.9237585,6.4648876,7.668423,4.0214105,4.835736,-0.48653725,5.833764,8.786318,5.710141,4.8717422,4.9351263,6.469824,6.0461392,4.737333,3.650052,6.5488176,4.8081236,7.5131392,8.115237,7.3451905,5.3238626,7.7095833,2.175572,7.8860035,10.222745,3.4347293,6.507194,8.953412,3.2634692,5.111866,6.5138097,5.228873,7.569621,5.867802,6.6687946,3.7837665,4.193077,3.8068438,4.4801693,4.327112,7.5578704,3.92217,7.2291718,7.5023,3.0518951,4.7102566,7.451889,3.6384354,3.482945,5.8682613,3.805573,5.5627413,5.053365,6.14294,8.966381,7.5733953,2.4326591,7.0901814,6.9372997,5.6951118,8.326239,4.4345284,5.532436,6.409438,5.3613453,6.1218753,3.718446,6.408617,6.0291276,3.2203922,4.8925366,6.3328066,5.539401,4.9690824,3.5408092,7.182285,0.34352535,2.7109537
TCGA-86-8279-01,1.5704906,2.0350897,9.983118,5.894873,6.911738,2.6753623,1.0298897,5.180165,5.298282,4.116593,5.8322825,6.712586,7.868744,8.379079,3.6048377,8.891414,3.6024554,5.4422,7.3593397,5.7925982,8.624207,7.1107545,6.9915943,2.0103438,9.69023,9.302951,-0.6310513,6.766497,-0.031046974,5.3571744,5.665976,8.57812,5.669404,6.652207,5.7469025,5.582853,8.370654,2.440855,2.6126544,5.402685,5.701983,7.110797,6.4438634,4.70176,6.6846204,4.732102,4.8496013,5.550941,1.7788805,6.76515,6.3790298,6.0359635,7.4511795,4.321784,4.56524,-0.58858585,6.3214273,8.481459,5.5444584,4.821522,4.919912,6.125994,5.725489,4.9600163,3.9053993,6.4699697,5.0711865,7.3935137,7.9079385,6.8925967,4.9882083,7.590644,2.2165966,7.459334,10.13017,3.4187326,6.506303,8.557957,3.3995366,4.670383,6.0110364,5.430287,7.358666,5.356445,6.3970838,4.1891265,3.6635058,4.36557,4.806342,4.926677,6.852555,4.6307917,7.7501493,7.7009315,3.375803,5.176325,6.025455,3.5077581,3.6875713,5.9620967,3.8622222,5.169576,4.8983884,6.163662,8.325751,7.7610164,2.5185645,6.8704357,6.7353206,5.678866,8.714861,3.6486616,5.4428587,6.417221,5.0440383,5.7835245,3.3742256,6.558382,5.800646,3.1868782,4.4657154,6.0603356,5.655524,5.1671085,3.7455244,6.9751773,0.5687763,2.465455
TCGA-05-4430-01,1.7726743,2.0188046,9.991689,5.62668,6.8411584,2.39258,1.0411116,4.8603024,5.24235,4.3611064,5.62215,6.5717487,7.3161807,8.100053,3.356672,8.284105,3.9229345,5.7346745,7.2366624,5.6090465,8.619764,7.2208805,7.1663995,2.0865436,9.499187,8.982617,-0.44127208,6.7276797,0.20842475,5.6809115,5.807473,8.932616,5.587731,6.5815716,5.452525,5.349758,8.528793,2.4370728,2.6555157,5.2448373,5.73306,7.347137,6.257532,4.4230123,6.589965,4.8047934,4.595875,5.209727,2.4656174,6.853883,6.2893186,6.051699,7.2886243,4.2081604,4.4223275,-0.3103059,6.2075815,8.164477,5.39351,5.0460615,4.87753,6.1223907,5.132592,4.923444,3.8069363,6.556007,5.0876894,7.1349344,7.7278275,6.989986,4.796877,7.3639483,2.0921376,7.332508,9.901243,3.5818102,6.642489,8.262024,3.383401,4.6733303,6.44717,5.2451835,7.5076714,5.7898235,6.360254,3.9203303,3.676053,4.2504416,4.75157,4.701642,6.859986,4.5194864,7.341491,7.708498,3.2916875,4.9181476,5.7883835,3.5434008,3.6719828,5.924543,3.8796465,5.1338034,4.7682223,6.2133512,8.638912,7.6935415,2.357251,6.691487,6.4259,5.5874367,8.546649,3.677986,5.470286,6.664915,4.9432487,6.1620545,3.606941,6.5749044,5.9652667,3.4465775,4.7389026,6.3024516,5.7594624,5.0558887,3.7640836,7.0432687,0.64184195,2.7309864
TCGA-99-8028-01,1.6459051,2.5236225,9.779271,5.7418394,6.772424,2.7036006,1.0221732,4.9980607,5.607876,3.95113,5.9221168,6.6771126,7.594458,7.8704133,3.4975436,8.51539,3.912258,5.1914372,6.9902525,5.5513988,8.625104,7.2210035,7.240603,2.2483456,9.138239,9.111549,-0.3930341,7.1296463,0.65051734,5.43902,5.738282,8.5871935,5.272782,6.279273,5.820648,5.3911395,8.009753,2.4625025,2.5072703,5.619216,6.0060387,7.1026587,6.0965295,4.715591,6.784556,4.9263005,4.534831,5.2981668,2.3817499,6.540993,6.180551,5.960281,7.270547,4.247675,4.450329,-0.37025586,6.027406,8.194375,5.468806,5.022572,4.9980264,6.3471236,5.179172,4.6869035,3.8050838,6.891474,4.710657,7.059111,7.5528913,6.7218676,4.8493633,7.5503073,2.3944747,7.275541,10.036595,3.8377612,6.7624454,8.252804,3.6294448,4.224143,6.1013603,5.1075044,7.301445,5.752713,6.2285013,3.7308826,3.9166472,4.164258,4.8408313,5.009328,7.154724,4.673157,7.5060186,7.76997,3.0344365,4.823659,6.09022,3.4806933,3.4984405,5.8310976,3.8088405,5.3785205,4.629519,6.3495593,8.011506,7.628065,2.1855235,6.652187,6.5037956,5.5284896,8.558929,3.6129537,5.485813,6.7121215,4.966007,5.842771,3.5983274,6.31505,5.985153,3.4875388,4.663944,6.1855717,5.621781,4.869215,3.8018,7.096802,0.53404176,2.5985866
TCGA-05-5425-01,1.6709898,2.4184105,9.758974,5.6534405,6.799659,2.5465157,1.0087674,4.852802,5.5843697,4.1707115,5.738846,6.767518,7.491123,7.6282167,3.4298768,8.4480715,3.8068173,5.2568264,6.806814,5.4735703,8.790438,7.3247943,7.3048854,2.3194277,9.057281,8.928745,-0.37501723,7.067383,0.808177,5.6719637,5.7105665,8.787527,5.260947,6.2715454,5.802325,5.276836,8.081235,2.4002604,2.6292572,5.572346,6.019906,7.225924,5.949902,4.6949697,6.7129564,4.9256945,4.455918,5.1256747,2.7300577,6.594823,6.1058865,6.1126614,7.2508574,4.2249813,4.366964,0.14574417,5.832153,8.158153,5.335238,5.132315,4.8937845,6.314082,5.071242,4.6634574,3.8029618,6.8902674,4.700863,6.957502,7.514632,6.7368813,4.9497647,7.4793763,2.37165,7.1606274,9.82542,3.931305,6.8691816,8.153392,3.5943377,4.2583814,6.300397,4.949852,7.412919,5.883529,6.2431593,3.5155582,3.967797,4.0449557,4.7799373,4.7607718,7.2459297,4.62738,7.2590957,7.7797766,2.9804368,4.7491865,6.059215,3.443714,3.5102777,5.7881866,3.8290362,5.419884,4.527257,6.3087106,8.245338,7.621442,2.1022394,6.560817,6.4017715,5.4601493,8.367252,3.6757987,5.518627,6.8280063,4.9711204,6.0468636,3.7084153,6.3011456,6.1080527,3.6153984,4.90876,6.3021355,5.670144,4.739107,3.8128967,7.1201196,0.57525367,2.7892601
TCGA-44-6776-01,1.7057159,2.575091,9.713379,5.64626,6.8566265,2.6518834,1.0337665,4.9576025,5.5950866,4.126162,5.952856,6.717501,7.600515,7.834828,3.4781156,8.524021,3.994541,5.23494,6.95432,5.5013633,8.72911,7.337446,7.3374634,2.3412786,9.002874,9.068981,-0.39072528,7.175126,0.822103,5.4519043,5.800146,8.629644,5.2607975,6.236319,5.8779087,5.3310723,7.9969316,2.4674873,2.4885373,5.6579432,6.08987,7.1152525,6.074653,4.7739096,6.8277345,4.9556055,4.4518213,5.2498875,2.4978304,6.576582,6.0723886,6.020011,7.3051367,4.1975093,4.494243,-0.13926634,5.892996,8.242584,5.46192,5.043135,4.9774456,6.3723693,5.139565,4.6345043,3.809323,6.969924,4.600794,7.048305,7.533786,6.7700014,4.858749,7.5798845,2.3978271,7.303681,9.971588,3.8818872,6.8082433,8.292149,3.6326756,4.236772,6.1524067,5.0665116,7.3524504,5.8540773,6.2726216,3.5916612,4.0053353,4.0988274,4.7950664,4.899914,7.2841163,4.6092296,7.4089084,7.7541037,2.9757502,4.755547,6.264014,3.4566736,3.442468,5.7924266,3.8154564,5.4414806,4.669504,6.297335,8.04501,7.6204405,2.1383133,6.6047406,6.5344424,5.509919,8.4360075,3.6963875,5.5111613,6.719047,5.024481,5.873723,3.6611135,6.2474556,6.032699,3.526729,4.7714334,6.2536917,5.620176,4.784084,3.785699,7.1535754,0.49292502,2.6473753
TCGA-62-A46S-01,1.7743578,2.383388,9.788922,5.611816,6.7589116,2.5166228,1.0605807,4.8168993,5.4982657,4.141377,5.7213483,6.579954,7.27027,7.858949,3.354164,8.236342,4.15579,5.426279,6.98565,5.498198,8.616779,7.2859488,7.26797,2.2489228,9.11283,8.967794,-0.35678107,6.9793987,0.6239716,5.6535625,5.8015046,8.80147,5.291194,6.3115115,5.6017933,5.2760105,8.203269,2.5188177,2.5707006,5.5249715,5.952853,7.260361,6.0324063,4.5076714,6.635853,4.9105206,4.401501,5.078071,2.6304357,6.657383,6.1946783,5.9943166,7.2061243,4.204902,4.3603377,-0.22778147,6.007526,8.061947,5.3561497,5.131583,4.93105,6.266703,4.8784404,4.743222,3.8015108,6.883373,4.775927,6.9472547,7.4909143,6.830922,4.7535005,7.4149294,2.2600257,7.2119985,9.877032,3.8495786,6.828251,8.108341,3.5576217,4.31347,6.330146,5.060497,7.435837,5.955162,6.2411127,3.6334963,3.8408096,4.1863136,4.7959886,4.8551717,7.0688725,4.5973125,7.320758,7.7907524,3.075505,4.752719,5.9569488,3.4718351,3.5293405,5.8301654,3.848226,5.2596607,4.595402,6.3103404,8.2468405,7.642075,2.1427429,6.5420766,6.348403,5.489621,8.489372,3.6031735,5.5098543,6.823529,4.8939543,6.1044326,3.6938477,6.3942733,6.0492535,3.5927966,4.809748,6.3432593,5.725904,4.8553057,3.8138936,7.135449,0.54073197,2.746453
TCGA-95-7947-01,1.5509381,2.6215127,9.859803,5.949257,6.6801457,2.8509924,0.99385446,5.082058,5.6633124,3.677782,6.0268273,6.739504,7.77362,7.6852117,3.625751,8.582399,3.6266754,4.9383163,7.0107417,5.608422,8.495756,7.0932317,7.182804,2.1142607,9.363749,9.153944,-0.43710536,7.1642094,0.67009574,5.364278,5.5414143,8.473588,5.304902,6.25434,5.905488,5.5667486,7.7840385,2.355431,2.5563781,5.5857673,6.0538526,7.049135,6.092108,4.816651,6.823601,4.908489,4.6307235,5.4013557,2.3708165,6.376593,6.2165413,5.8660965,7.312118,4.341747,4.445069,-0.54742646,6.0562296,8.191175,5.4533687,4.973024,5.096531,6.3680754,5.281794,4.662196,3.793743,6.861749,4.7876425,7.0797353,7.6022763,6.5960503,5.014191,7.6319337,2.434065,7.145314,10.03696,3.861374,6.7117624,8.230876,3.7328305,4.119152,5.9824395,5.095647,7.1977715,5.5898623,6.1681976,3.8732314,3.932356,4.1831903,4.8683214,5.2120366,7.2240605,4.793603,7.57431,7.71792,3.041429,4.898261,6.0966115,3.4755864,3.5348399,5.854672,3.7965672,5.4017487,4.6003957,6.4308524,7.870884,7.629704,2.253817,6.7055597,6.4974003,5.560311,8.612141,3.5534856,5.4673414,6.659428,4.9566836,5.7132406,3.516944,6.2878537,5.941454,3.4572737,4.4583464,6.0653133,5.5851803,4.879718,3.834694,7.037399,0.5869695,2.4806924
TCGA-17-Z048-01,1.8772563,1.9685975,9.88857,5.348267,7.4043045,2.213896,0.64687043,4.897274,5.082443,4.8921456,6.281281,7.1593204,8.211422,7.943407,3.3406057,8.963367,3.6104038,5.993266,7.2557545,5.3789907,9.26367,7.5534873,7.623061,1.8972032,9.248538,8.876927,-0.5517297,6.7426577,0.426733,5.537456,5.8347735,9.120127,5.8363953,6.840363,5.759187,5.2218785,8.4557705,2.0473409,2.3196168,5.1674337,5.906455,7.4833903,6.568266,4.920137,7.2704854,4.886026,4.7907166,5.619791,2.358707,7.0955853,5.924001,6.4749236,7.6671667,4.026886,4.81167,-0.49126524,5.8497005,8.778027,5.7038307,4.890054,4.9125104,6.476191,6.0630198,4.727722,3.6493526,6.5561256,4.8055744,7.4984717,8.094118,7.318448,5.3576865,7.6977334,2.2069182,7.854434,10.21744,3.4608905,6.525207,8.942672,3.2610776,5.0844784,6.5165796,5.1988645,7.5625987,5.879286,6.655657,3.7543406,4.1994,3.7872293,4.4891877,4.3091536,7.5308466,3.950142,7.2263107,7.5148077,3.0333297,4.70737,7.4582715,3.6345012,3.4831126,5.8588114,3.8001876,5.5767584,5.0109453,6.15069,8.946297,7.568713,2.40478,7.0860186,6.936766,5.6793556,8.310567,4.4311876,5.5316324,6.4302945,5.361728,6.1034455,3.726736,6.4009852,6.0445504,3.2341766,4.8958035,6.326629,5.5341854,4.948851,3.5449104,7.171492,0.3423651,2.7457457
TCGA-17-Z030-01,1.8608383,1.9531078,9.875396,5.356502,7.3995895,2.2405524,0.6648007,4.935964,5.0800548,4.882367,6.252735,7.13889,8.18677,7.968249,3.359688,8.925743,3.6126807,5.981189,7.289499,5.3962927,9.25329,7.53955,7.595491,1.9176652,9.250969,8.932521,-0.56562996,6.751953,0.3960646,5.509463,5.831728,9.109579,5.84336,6.834712,5.734287,5.2268405,8.464225,2.0765364,2.3191028,5.1674714,5.9000144,7.454754,6.5919967,4.8953633,7.236722,4.8740005,4.8004985,5.6335354,2.3232613,7.0879965,5.9224544,6.4782743,7.662163,4.023541,4.829531,-0.50650054,5.858246,8.781867,5.7169595,4.877455,4.908976,6.47036,6.0624557,4.739424,3.6604977,6.551569,4.810008,7.5147815,8.111029,7.3136663,5.320746,7.7056093,2.1988509,7.868353,10.23819,3.4312434,6.5090747,8.956554,3.2643666,5.084733,6.4840703,5.2331443,7.5582867,5.8336177,6.65089,3.7882447,4.20113,3.7986517,4.4979553,4.3397236,7.5088477,3.9429512,7.256955,7.503541,3.0519493,4.7296004,7.3791842,3.6495008,3.482275,5.86828,3.8068008,5.57566,5.027247,6.138772,8.94288,7.570429,2.4237447,7.0979533,6.9422936,5.68601,8.334287,4.430445,5.522573,6.394409,5.374776,6.1230516,3.7175655,6.4151692,6.0363674,3.2214365,4.86988,6.3112245,5.5317016,4.9837637,3.5410464,7.155931,0.3451282,2.7110095
TCGA-78-7147-01,1.7471755,1.9403808,9.795048,5.617542,7.005169,2.4576585,1.0761606,5.0341573,5.1819973,4.488278,5.4997554,6.666817,7.477464,8.49175,3.391713,8.571888,3.9748366,5.6757855,7.3854766,5.6628,8.792397,7.339891,7.1078367,2.2485394,9.358885,9.206075,-0.5755835,6.696055,0.12985481,5.624138,5.8007417,8.78881,5.589766,6.635289,5.593313,5.3008795,8.609404,2.6048548,2.6389415,5.419528,5.7146277,7.2562237,6.3251743,4.5320992,6.4884105,4.761262,4.614795,5.2106323,1.967077,6.949297,6.3248105,6.1866174,7.3506064,4.240146,4.4513335,-0.09054094,6.138825,8.460998,5.404834,4.9612284,4.713335,6.0670943,5.4226565,4.9630165,3.9518688,6.571222,4.921489,7.233993,7.7762403,7.0014944,4.8085756,7.4637246,2.154374,7.4424195,9.918599,3.4993486,6.697747,8.416852,3.2982953,4.7491817,6.2440424,5.2875786,7.5516734,5.657013,6.4384217,3.8654022,3.6704242,4.306061,4.7471952,4.605428,6.802436,4.51104,7.5054564,7.801033,3.318557,5.0163703,6.047631,3.43164,3.651436,5.886946,3.901774,5.150905,4.8238826,6.0619774,8.553324,7.781046,2.3760736,6.6510453,6.605452,5.5625663,8.56806,3.6678019,5.50632,6.636027,4.9849935,6.089836,3.534173,6.5642834,5.950863,3.3628109,4.811905,6.322693,5.7625475,5.016776,3.7678757,7.101106,0.536179,2.6555333
TCGA-55-8616-01,1.5788164,2.1945004,9.9488945,5.90394,6.9565315,2.7381866,0.9463504,5.2643766,5.3262405,3.9968865,5.8814034,6.8206306,7.9170804,8.220205,3.6230114,8.942487,3.4737477,5.3433237,7.364852,5.73427,8.612105,7.161971,7.0820084,2.0275993,9.640661,9.321419,-0.579263,6.897491,0.17799251,5.2917943,5.6189566,8.531656,5.6397223,6.5916567,5.857521,5.5913367,8.245303,2.362285,2.5639842,5.407415,5.827251,7.0608997,6.4378915,4.835916,6.760402,4.8018837,4.863588,5.5876884,1.8891267,6.7065654,6.3075786,6.0441475,7.4649973,4.313169,4.6025023,-0.44050166,6.2085233,8.505628,5.5739594,4.8134303,4.923176,6.243182,5.7864566,4.8499722,3.8728118,6.5193276,4.9687147,7.399738,7.914849,6.8059998,5.04396,7.6810083,2.334298,7.4494505,10.136831,3.4940684,6.5276184,8.587679,3.4630938,4.5978675,5.967592,5.388175,7.3132086,5.3740144,6.3797293,4.1307807,3.7822974,4.2549853,4.8213263,4.966372,6.9938664,4.659118,7.7354865,7.68577,3.2464714,5.098221,6.1029177,3.5061738,3.6325812,5.9290333,3.8138237,5.3172283,4.87311,6.231611,8.212533,7.7242565,2.5014455,6.8743224,6.7875257,5.6558824,8.695888,3.6968756,5.4480834,6.458424,5.0859537,5.687548,3.3784,6.439589,5.828848,3.2064617,4.442598,6.0139213,5.5741496,5.0500007,3.749982,7.0066457,0.60251844,2.405747
TCGA-44-2656-01,1.6178557,2.0617433,9.874023,5.8534703,6.975332,2.6744652,0.952155,5.243948,5.2618937,4.091284,5.63334,6.8467245,7.832704,8.261877,3.5560553,8.790604,3.538504,5.3526387,7.43309,5.6971216,8.679886,7.2200727,7.075791,2.0751264,9.567578,9.302615,-0.60472286,6.8197503,0.19717951,5.442974,5.6154175,8.61496,5.642079,6.6113462,5.767456,5.487422,8.327513,2.4533927,2.6288953,5.376206,5.79938,7.1319866,6.3840647,4.777462,6.655903,4.762481,4.829209,5.4416738,1.9044825,6.781366,6.3115697,6.1289167,7.431765,4.3034725,4.534163,-0.34746882,6.10839,8.539781,5.4826183,4.888826,4.810507,6.207304,5.747668,4.8803253,3.915858,6.5100913,4.956211,7.3426156,7.9097,6.8078876,5.034705,7.650743,2.3100917,7.3908525,10.039924,3.4908953,6.60489,8.5222435,3.4088912,4.631023,6.027865,5.339933,7.412742,5.430243,6.3658857,4.034923,3.781784,4.2378626,4.805546,4.853544,6.940144,4.621045,7.646172,7.717537,3.248582,5.0709405,6.1906085,3.4889612,3.6452403,5.9159703,3.839973,5.2900167,4.7868886,6.1875095,8.321561,7.740951,2.483488,6.8027897,6.7269983,5.593956,8.656182,3.6956177,5.4678907,6.5287795,5.0653305,5.8391705,3.4316278,6.4911027,5.9061403,3.277722,4.5751324,6.0962934,5.6215925,5.0162096,3.7688992,7.0210104,0.57749695,2.4656217
TCGA-50-5932-01,1.6405293,2.2463946,9.736152,5.703179,6.854953,2.574673,1.0145916,4.95772,5.528293,4.1682863,5.617222,6.7761183,7.536204,7.901673,3.4443839,8.641565,3.8590586,5.2999625,6.920201,5.553833,8.798169,7.3067966,7.1787276,2.275409,9.136431,9.0639515,-0.46819234,6.940217,0.5293604,5.634212,5.695428,8.717529,5.321461,6.380303,5.801774,5.2980514,8.228385,2.4984603,2.6300035,5.6304264,5.891554,7.1891646,6.0482383,4.682998,6.620603,4.8525076,4.5459523,5.173503,2.3817904,6.6852255,6.228626,6.1613154,7.289165,4.2578416,4.379033,0.067874365,5.9298453,8.282975,5.368281,5.0780244,4.8164387,6.2531166,5.271092,4.76192,3.8832054,6.79567,4.7477684,7.0604405,7.5911455,6.76429,4.9565797,7.5088778,2.3695326,7.231396,9.903009,3.7867103,6.836742,8.254954,3.4945695,4.3615017,6.1706977,5.067272,7.4390264,5.7576275,6.276518,3.6126287,3.8577917,4.162643,4.802516,4.753215,7.079559,4.634729,7.444225,7.836776,3.0788531,4.87533,6.0460386,3.4222322,3.548079,5.8196106,3.8405192,5.316826,4.5627885,6.2374744,8.231035,7.684228,2.1768782,6.6071863,6.5157027,5.47644,8.480048,3.632036,5.5179896,6.768014,4.9690175,6.0064087,3.615814,6.3940115,6.043336,3.4976413,4.8892593,6.258677,5.6784606,4.8291464,3.8019826,7.1052775,0.5048423,2.7367647
TCGA-86-8668-01,1.5667645,2.6418467,9.861857,5.8720574,6.797335,2.8084576,0.9387438,5.1030173,5.6457553,3.7731915,6.1372,6.8296385,7.897531,7.6739573,3.6249034,8.679676,3.5470438,5.0252647,6.9771566,5.5680065,8.613344,7.174894,7.2853613,2.1509292,9.319597,9.129806,-0.4137338,7.2278657,0.7525898,5.3038464,5.6295166,8.512797,5.3425813,6.2669187,5.983409,5.5421886,7.804447,2.2759166,2.4977927,5.5674505,6.102323,7.032126,6.1489778,4.9271,6.957132,4.956404,4.661901,5.496538,2.3796778,6.426937,6.1141796,5.9416585,7.3730373,4.280215,4.5459113,-0.43152285,5.971115,8.278227,5.531865,4.9491673,5.0969725,6.440451,5.4286447,4.6022363,3.753513,6.8617043,4.7265077,7.1532745,7.6574707,6.6457486,5.065103,7.6822305,2.4744973,7.2700095,10.092255,3.85149,6.680205,8.368772,3.7155998,4.1900506,6.0142145,5.125224,7.201543,5.611471,6.2312117,3.8334668,4.0361032,4.073624,4.837055,5.1102424,7.342756,4.715717,7.5466957,7.6769567,2.975145,4.848992,6.216022,3.506723,3.4872148,5.8385863,3.7690008,5.514805,4.6727977,6.4165144,7.92449,7.5981083,2.2524648,6.770655,6.611434,5.5783296,8.551284,3.6974585,5.467008,6.61134,5.058394,5.6645045,3.5425208,6.2200036,5.9532237,3.4241703,4.503339,6.051975,5.5226717,4.8465114,3.7853837,7.058509,0.58458763,2.4876914
TCGA-99-AA5R-01,1.5793773,2.674773,9.789001,5.8126044,6.74988,2.7884865,0.9686641,5.0326786,5.728285,3.782005,6.081492,6.785292,7.782061,7.5908556,3.5735583,8.572414,3.6947932,4.979178,6.851907,5.520366,8.64964,7.1990395,7.3063498,2.2301438,9.147801,9.082719,-0.37926978,7.2672324,0.8577702,5.380233,5.6611323,8.534148,5.228566,6.1876817,5.9644117,5.4514227,7.777927,2.3385983,2.4923654,5.650689,6.1168337,7.05392,6.0398564,4.875309,6.928091,4.969623,4.5696497,5.3793244,2.51437,6.4076595,6.102885,5.948798,7.3125243,4.267173,4.4747214,-0.35884678,5.923614,8.2064085,5.4886074,5.0220385,5.081407,6.4543657,5.2545686,4.5785356,3.757074,6.9623685,4.649084,7.051667,7.5499187,6.623662,5.0004215,7.6338067,2.4947436,7.2087154,10.061386,3.935411,6.767598,8.264384,3.735364,4.0913224,6.0477934,5.035857,7.2198577,5.7294807,6.186013,3.690447,4.053719,4.0586796,4.8449545,5.0861793,7.3576922,4.7175217,7.4908824,7.729959,2.9264812,4.7817316,6.2015433,3.4889126,3.4564002,5.807473,3.7755206,5.51361,4.573926,6.430408,7.8772945,7.583583,2.1540837,6.6953177,6.526771,5.5248013,8.518675,3.65305,5.482889,6.699559,5.0156903,5.7323017,3.6081347,6.2118683,6.009952,3.5064816,4.614348,6.1174183,5.5509157,4.7973976,3.8047037,7.082616,0.5358516,2.5647516
TCGA-73-A9RS-01,1.6821921,1.9533508,9.899912,5.6902685,6.961539,2.5106494,1.0278033,5.0651493,5.247364,4.3353004,5.6574817,6.641971,7.5333986,8.453955,3.435529,8.780565,3.8746111,5.6949825,7.3034887,5.708181,8.708085,7.2413354,7.046968,2.1141617,9.476194,9.237411,-0.5478516,6.6958756,-0.039036684,5.505586,5.790287,8.719417,5.5914907,6.671056,5.625793,5.3833523,8.604374,2.5131128,2.580138,5.431485,5.649513,7.2036777,6.3908896,4.553598,6.5572343,4.767185,4.714116,5.3664365,1.8988917,6.9049253,6.397058,6.129992,7.361009,4.2600565,4.4887733,-0.3010372,6.31514,8.412453,5.5053496,4.8939548,4.792226,6.100121,5.528111,4.976559,3.909337,6.5076237,4.9958405,7.3078036,7.8128324,6.9853816,4.829464,7.4667335,2.1917934,7.502987,10.0644,3.4529912,6.610922,8.476954,3.3038104,4.7343826,6.1632915,5.3613195,7.4559135,5.5718083,6.4325123,3.9996257,3.6126313,4.343107,4.7858872,4.7234993,6.7601175,4.552358,7.6535006,7.802097,3.3408644,5.073629,5.901797,3.4739642,3.667999,5.922364,3.8659053,5.132676,4.853009,6.1228848,8.454853,7.7632866,2.4077134,6.7684803,6.6704803,5.6177278,8.683296,3.6448905,5.476591,6.5785007,4.981903,5.958403,3.4602466,6.581375,5.865217,3.2575145,4.6951704,6.2092237,5.711368,5.103104,3.7412777,7.056513,0.55352396,2.6108956
TCGA-44-6774-01,1.6014179,2.7537956,9.749689,5.838307,6.796912,2.8027446,0.9432108,5.027379,5.7005515,3.8626752,6.119343,6.8628163,7.8509345,7.636985,3.6096945,8.69033,3.6563685,4.9800873,6.8708105,5.506078,8.646762,7.259975,7.3272123,2.219028,9.136135,9.08535,-0.3882605,7.2540045,0.9132625,5.339268,5.624263,8.503431,5.2308,6.1909866,6.0328994,5.4829855,7.740585,2.3068173,2.4892702,5.6771307,6.1931143,7.0377226,6.050839,4.961154,6.929707,4.9859657,4.5410724,5.3987565,2.459248,6.381725,6.057972,5.970009,7.3412256,4.2672677,4.530277,-0.19776492,5.8555717,8.267549,5.4820433,4.981754,5.069451,6.4571424,5.348997,4.542706,3.7698152,6.9785385,4.586808,7.0735526,7.5765643,6.619109,5.0800934,7.6849236,2.5134373,7.227012,9.995268,3.9587595,6.784491,8.31562,3.7564366,4.0907645,6.007246,5.023681,7.2176275,5.6983843,6.220141,3.6662922,4.0918584,4.0443115,4.819612,5.0912275,7.441788,4.708111,7.475637,7.7111173,2.896447,4.7829847,6.372377,3.448393,3.4304895,5.790091,3.769779,5.5495853,4.6275535,6.3993793,7.85826,7.5850487,2.1508381,6.6839795,6.5909014,5.5348105,8.460918,3.7035925,5.5005503,6.6882505,5.0415325,5.7069592,3.594709,6.1498785,6.002277,3.4860117,4.6051364,6.1135626,5.532398,4.739312,3.794392,7.125873,0.55019206,2.5421457
TCGA-97-7546-01,1.7151785,2.5915864,9.734108,5.670547,6.8061686,2.6517644,1.043228,4.9276757,5.5952325,4.066163,5.9265866,6.6817284,7.5216556,7.804051,3.4658804,8.444417,4.0284214,5.232591,6.95045,5.501599,8.658566,7.3063183,7.321228,2.3100097,9.039006,9.042472,-0.37389433,7.1569552,0.8126527,5.480355,5.777577,8.643675,5.2511616,6.225824,5.8299417,5.347944,7.9898305,2.4731145,2.5087805,5.635447,6.0883083,7.133118,6.0487285,4.7192063,6.7863007,4.956195,4.4311104,5.21212,2.5530195,6.5519075,6.0987387,5.9772134,7.2743077,4.2104573,4.458947,-0.18016724,5.915928,8.170155,5.4313498,5.064549,4.993313,6.359453,5.046969,4.6419396,3.8019547,6.970324,4.636778,7.007721,7.505098,6.7541347,4.838782,7.5519624,2.376684,7.252755,9.943121,3.90108,6.815004,8.225088,3.6492546,4.2116723,6.175952,5.0566006,7.3499207,5.8677006,6.2448006,3.6126225,3.9744263,4.1255646,4.80625,4.9455204,7.253534,4.6353707,7.392238,7.7566023,2.986821,4.7504363,6.175572,3.4568515,3.45816,5.8006067,3.818465,5.404639,4.6432786,6.3257427,8.044819,7.620836,2.1365964,6.57961,6.474254,5.505623,8.453149,3.65502,5.5091815,6.7496433,4.9822664,5.905139,3.6621218,6.2615714,6.0307584,3.5530868,4.7399707,6.2589917,5.6386843,4.787673,3.803253,7.1486416,0.51733005,2.651048
TCGA-55-7724-01,1.5424412,2.4819994,9.89911,5.9212737,6.911968,2.823792,0.91351706,5.2295156,5.512633,3.8572419,6.1355243,6.885881,8.023507,7.9186535,3.6762943,8.973426,3.4416485,5.140157,7.144719,5.661982,8.640879,7.174247,7.1964164,2.0769541,9.482056,9.262238,-0.5151374,7.100311,0.4924103,5.218787,5.591231,8.456841,5.4918885,6.4297857,6.0251703,5.6131425,7.95979,2.268599,2.4966815,5.5394573,6.001473,7.0014715,6.3222713,4.9753885,6.917225,4.895749,4.7941756,5.6250806,2.0744286,6.529644,6.1982865,6.0017285,7.4634833,4.313934,4.6194825,-0.4174344,6.0819497,8.461185,5.594683,4.825552,5.035273,6.3734446,5.730936,4.694574,3.8123004,6.703262,4.8033834,7.3266726,7.8134823,6.711884,5.1303115,7.743395,2.45201,7.3921185,10.154792,3.6774971,6.586238,8.551766,3.6129153,4.3854365,5.917521,5.254094,7.2114263,5.4358296,6.326733,3.9910395,3.9474385,4.1501026,4.8248796,5.065607,7.2406216,4.697339,7.6990924,7.674175,3.0850458,4.9936543,6.253611,3.4875064,3.5411935,5.874587,3.7755814,5.46585,4.808642,6.3275175,7.9953747,7.6607122,2.3844094,6.862799,6.7774277,5.6385374,8.626853,3.724855,5.461241,6.4985538,5.1051426,5.582055,3.4248176,6.280616,5.8640547,3.265729,4.4294147,5.988715,5.5097237,4.9286284,3.7570667,7.041953,0.58040434,2.402735
TCGA-86-8076-01,1.5867918,2.7262077,9.763103,5.882416,6.7295017,2.839793,0.96280795,5.0299478,5.715633,3.786052,6.1009707,6.7747855,7.7465982,7.6850595,3.6087806,8.701298,3.6432,4.969458,6.9016294,5.5524454,8.553277,7.1989675,7.238588,2.1629658,9.215992,9.155344,-0.39171988,7.190399,0.7450632,5.3294253,5.576457,8.442187,5.1954103,6.2145977,5.9807425,5.506736,7.7767143,2.3279388,2.4793284,5.7033496,6.1189,7.0312066,6.057251,4.8838563,6.8312793,4.9639254,4.536297,5.3806863,2.3374746,6.3558674,6.1826496,5.9116216,7.301224,4.3226113,4.4718604,-0.33321285,6.015551,8.227727,5.4746227,4.944567,5.071142,6.4021835,5.3164043,4.599195,3.7917218,6.964253,4.626693,7.0609746,7.550318,6.6073313,5.028765,7.6404843,2.4991286,7.1971936,10.015484,3.9419549,6.784906,8.255182,3.7497356,4.055951,5.9476047,5.0267773,7.173922,5.671109,6.201667,3.734172,3.9727335,4.1466656,4.849126,5.168298,7.3126364,4.7706456,7.5828786,7.770429,2.955536,4.8420663,6.1978135,3.4141443,3.4682646,5.8034477,3.7755508,5.4590254,4.6121526,6.410242,7.77331,7.6147485,2.1497977,6.674494,6.5605035,5.546055,8.573684,3.5787783,5.4989047,6.719007,4.954316,5.6817026,3.5374012,6.200996,5.951615,3.4497364,4.5465894,6.1040998,5.5655417,4.793264,3.816342,7.121051,0.5468771,2.5115905
TCGA-50-5942-01,1.697317,2.5455184,9.716357,5.638566,6.831582,2.623183,1.0438546,4.918706,5.611332,4.1393495,5.899333,6.70588,7.5402317,7.7945156,3.4569044,8.4950075,3.996723,5.2467394,6.8894873,5.4950686,8.742342,7.330618,7.3260326,2.352017,8.990486,9.028006,-0.38067254,7.1543813,0.81326157,5.5086646,5.795121,8.667105,5.2400713,6.2317214,5.8570113,5.310166,8.026337,2.4706457,2.5181336,5.6611056,6.0662327,7.1385374,6.030827,4.732223,6.7905765,4.951731,4.43482,5.205966,2.55608,6.5806503,6.0876546,6.032153,7.2799206,4.201433,4.4520206,-0.06775999,5.8886075,8.198832,5.43078,5.0756254,4.961072,6.3547826,5.083093,4.6437855,3.8101654,6.967586,4.6184487,7.0113735,7.5020356,6.765714,4.854993,7.5406585,2.3890338,7.2671432,9.942457,3.9017076,6.831709,8.242957,3.6235855,4.2300596,6.1907377,5.036339,7.3684177,5.876131,6.2593565,3.55938,3.9852471,4.099612,4.79731,4.8685784,7.2608924,4.618361,7.3788104,7.774055,2.9785297,4.750226,6.1741242,3.4511347,3.4551878,5.7897983,3.8207726,5.421671,4.627789,6.3017406,8.084623,7.6220584,2.1142244,6.5812244,6.4893165,5.493741,8.422617,3.675471,5.5140367,6.755414,4.99972,5.9213924,3.6777115,6.2639217,6.049836,3.5555062,4.81646,6.273669,5.63981,4.775545,3.79495,7.1481915,0.5036644,2.6956062
TCGA-49-AAQV-01,1.6051704,2.4873567,9.783931,5.7663236,6.7311373,2.6532495,1.0805221,4.899838,5.6600046,4.016512,5.843047,6.696497,7.5082483,7.6959643,3.5067306,8.558101,3.8881848,5.1710715,6.7605276,5.564939,8.690162,7.2238646,7.2094293,2.288213,9.140138,9.001449,-0.4240676,7.0809727,0.68652886,5.569085,5.6630955,8.653849,5.2424035,6.242611,5.8745546,5.4001703,8.017538,2.4467862,2.6285048,5.6811976,5.99477,7.1416564,5.9647927,4.6848927,6.682733,4.905427,4.471493,5.1886134,2.5760684,6.514657,6.1892753,6.002542,7.2675323,4.2863007,4.359469,0.0210326,5.9503818,8.122594,5.358167,5.0858994,4.9726806,6.2787304,5.0489244,4.695076,3.8385563,6.908478,4.738518,6.9782534,7.478043,6.7058105,4.9374304,7.4999833,2.3694565,7.1223254,9.884826,3.9098134,6.8315988,8.150574,3.6351004,4.201276,6.173074,5.004467,7.3470016,5.774052,6.218387,3.6247783,3.8896434,4.1778398,4.8214817,4.9177656,7.1887026,4.726636,7.413717,7.801983,3.0473614,4.8480854,5.91049,3.4154873,3.5295234,5.811256,3.8381987,5.3360744,4.5590878,6.3211465,8.09408,7.6600747,2.1322665,6.565598,6.4156337,5.4961357,8.449214,3.5633457,5.508741,6.7719126,4.9336185,5.926495,3.6236637,6.314643,6.02273,3.5565262,4.7643166,6.2344484,5.678655,4.797829,3.8347607,7.093251,0.5521531,2.7219882
TCGA-78-7158-01,1.6990167,2.4065752,9.7792,5.6434298,6.749315,2.5288596,1.0504745,4.8118634,5.589703,4.149785,5.7123766,6.672038,7.356595,7.651607,3.3939567,8.327054,3.9643683,5.302237,6.7997155,5.484416,8.716139,7.2872415,7.2826447,2.2965024,9.082578,8.907853,-0.36404225,7.0377893,0.74334395,5.694177,5.7417765,8.809248,5.251824,6.260412,5.7237034,5.278524,8.120491,2.4517727,2.6263478,5.572544,5.982227,7.2461433,5.9424214,4.5928884,6.6695867,4.916541,4.418423,5.0782933,2.770822,6.6038795,6.149721,6.051927,7.221917,4.2220445,4.3325915,0.041136343,5.8994856,8.067704,5.3244233,5.165643,4.923158,6.2923784,4.906382,4.695487,3.80055,6.903563,4.748871,6.9208336,7.4682612,6.7634945,4.8719177,7.4323153,2.323149,7.1314335,9.834415,3.9202316,6.866254,8.091704,3.58981,4.251829,6.3336325,4.9741154,7.426631,5.9325743,6.219673,3.5393095,3.9080968,4.109943,4.793596,4.800699,7.173268,4.6358557,7.26834,7.794003,3.0187736,4.7461567,5.91358,3.456239,3.5222929,5.8053837,3.8411908,5.335954,4.5187793,6.324261,8.25341,7.6292424,2.0997603,6.5360475,6.340369,5.461161,8.406256,3.6202834,5.514977,6.8427544,4.924754,6.087718,3.715838,6.34718,6.094204,3.6314905,4.887879,6.324342,5.704556,4.7826915,3.8232303,7.1152425,0.555504,2.80539
TCGA-49-4507-01,1.6725743,2.092784,9.751077,5.5957804,6.947798,2.4896958,1.1113724,4.951081,5.4093966,4.449092,5.667385,6.6433077,7.4764895,8.323687,3.4193149,8.755809,4.0350585,5.5963144,7.019308,5.643295,8.860511,7.3316026,7.122202,2.3369048,9.155995,9.143938,-0.52305144,6.831215,0.23256432,5.573584,5.8527684,8.727496,5.412753,6.5091367,5.751095,5.276962,8.504491,2.5812874,2.5876312,5.6366186,5.748268,7.189773,6.2063737,4.5794826,6.5625944,4.8102474,4.544149,5.2267103,2.0801926,6.850945,6.287564,6.1748405,7.321636,4.2292085,4.4395294,0.050031114,6.1237636,8.36749,5.447153,4.981823,4.7793717,6.1191635,5.3036013,4.894305,3.9321241,6.708493,4.8056445,7.176314,7.638321,6.9586754,4.7975607,7.4392147,2.2441468,7.428485,9.973331,3.6197891,6.750465,8.389051,3.3630843,4.5872793,6.198535,5.200977,7.4828534,5.715154,6.4071717,3.7174573,3.7114785,4.284084,4.770402,4.62891,6.9053435,4.553066,7.5358925,7.8550224,3.2389648,4.9801655,5.9323826,3.4130297,3.5884707,5.8481355,3.8815677,5.19989,4.767042,6.093326,8.378305,7.745276,2.2392669,6.637043,6.603581,5.5474358,8.51614,3.6398368,5.511473,6.664797,4.983875,6.005782,3.5662858,6.487211,5.9539304,3.3821113,4.8977327,6.3078485,5.7369885,4.964033,3.759921,7.1117997,0.48233974,2.7505217
TCGA-44-7659-01,1.5882002,2.6049695,9.815571,5.8663206,6.7388015,2.811478,0.94064194,5.1058035,5.6478796,3.7016773,5.9331255,6.793308,7.7701516,7.651447,3.565784,8.514839,3.624499,4.951129,7.0496054,5.535896,8.563065,7.164331,7.259745,2.1755452,9.243885,9.130328,-0.38806918,7.2243114,0.79299754,5.396961,5.617567,8.530217,5.291953,6.238615,5.888445,5.4668217,7.808704,2.3706658,2.526667,5.551451,6.084581,7.060308,6.0830226,4.8435326,6.8786783,4.9389696,4.6379895,5.374087,2.4570355,6.4372425,6.1457615,5.936331,7.293808,4.278365,4.46392,-0.504329,5.9438524,8.212426,5.4711804,5.027195,5.03915,6.4431543,5.3045692,4.615253,3.771255,6.875414,4.722206,7.071027,7.6092405,6.583368,4.980767,7.647412,2.486518,7.1980944,10.06013,3.8762257,6.7412,8.252796,3.7096245,4.1264305,6.0239654,5.093039,7.2398024,5.6668754,6.160286,3.7787871,4.0162473,4.0801034,4.872161,5.1316915,7.2581935,4.7379484,7.5109687,7.715683,2.9604163,4.8078585,6.169937,3.5191643,3.492478,5.83679,3.7734323,5.486632,4.5547366,6.4456973,7.904276,7.591862,2.228337,6.7059593,6.5142674,5.5176024,8.581414,3.6309867,5.4670377,6.697375,5.0017657,5.7540116,3.5779302,6.2617593,6.0056405,3.500718,4.564917,6.0832744,5.5470366,4.831174,3.818354,7.052936,0.57742524,2.50628
TCGA-86-7701-01,1.5681273,2.364855,9.976234,5.907981,6.9008474,2.7809772,0.9817171,5.2364073,5.400454,3.937136,6.11067,6.72437,7.813799,8.200722,3.6463847,8.955457,3.5747983,5.3600745,7.2773156,5.7538805,8.54677,7.1201944,7.098541,2.0584865,9.621816,9.33013,-0.52623713,6.9796042,0.1946058,5.2042384,5.6375265,8.460649,5.568559,6.538909,5.9131103,5.647772,8.1859255,2.3227632,2.5073776,5.485431,5.8613634,7.011649,6.427929,4.808267,6.780566,4.8650336,4.80317,5.6308036,1.8899591,6.619172,6.3346186,5.937843,7.4342737,4.338295,4.59757,-0.45181274,6.316815,8.42163,5.608903,4.762242,5.0133524,6.239154,5.654794,4.821768,3.8446198,6.5889254,4.941203,7.3726416,7.82768,6.8087687,4.9688773,7.65061,2.3373208,7.4582796,10.17306,3.5581748,6.5148344,8.548611,3.527959,4.534292,5.943055,5.354168,7.2221193,5.3743925,6.3805375,4.1530004,3.748815,4.304876,4.838308,5.050128,6.997145,4.7208138,7.793748,7.706998,3.2398748,5.098094,5.9513936,3.4746242,3.6213539,5.9187565,3.802567,5.3071456,4.9223604,6.275529,8.0981,7.7215037,2.4580145,6.8581843,6.762464,5.6910124,8.734033,3.628633,5.4465384,6.4764886,5.0334115,5.5946574,3.3472598,6.383803,5.7712603,3.1943133,4.358949,6.001137,5.574513,5.048047,3.7615469,7.026651,0.6442072,2.3804586
TCGA-49-4505-01,1.7381558,1.9825968,9.841821,5.5185866,7.0074587,2.3592522,1.0736341,4.880695,5.3232384,4.642841,5.646893,6.684094,7.485748,8.267673,3.3797593,8.586999,3.9748442,5.7584114,7.0774784,5.5922866,8.904864,7.3766174,7.2096186,2.2690086,9.248907,9.00126,-0.49554053,6.7774982,0.26231363,5.6223273,5.9655547,8.891144,5.5245824,6.5544333,5.670137,5.256869,8.598328,2.5016048,2.6145208,5.467256,5.746834,7.261552,6.250212,4.590295,6.683836,4.810234,4.565229,5.264994,2.2727716,6.941548,6.1805496,6.221784,7.3681574,4.1381073,4.52648,-0.013650918,6.058094,8.370286,5.4605155,5.0390415,4.790886,6.1429677,5.357262,4.882954,3.8721137,6.633582,4.888285,7.2119017,7.7233834,7.0481906,4.857554,7.425396,2.173681,7.4828534,9.93841,3.567478,6.7012215,8.461446,3.320061,4.7120795,6.3587947,5.2580385,7.5670805,5.782408,6.446706,3.711216,3.7755814,4.1956954,4.716801,4.4924207,6.9708776,4.4419565,7.3851943,7.757073,3.2335088,4.927674,6.0151067,3.5039058,3.5788083,5.8741198,3.8822963,5.21074,4.8256893,6.071722,8.617157,7.7018666,2.2735548,6.7016506,6.629503,5.5672746,8.411923,3.8052032,5.5001607,6.593522,5.0776114,6.096905,3.6403003,6.5109525,5.992962,3.3906968,4.973073,6.324901,5.72044,5.0026417,3.7008643,7.094686,0.5117074,2.820703
TCGA-55-8512-01,1.57424,2.6554382,9.785052,5.7939706,6.7710075,2.773561,0.93319434,5.046426,5.744381,3.7612848,6.0415354,6.842315,7.806726,7.4492164,3.5614552,8.554489,3.5837612,4.9282465,6.8173485,5.4853926,8.704194,7.2246904,7.351596,2.2406073,9.134986,9.054204,-0.37119067,7.301347,0.9518689,5.418996,5.6515894,8.576873,5.2282014,6.1671243,5.986109,5.4182115,7.7481904,2.2939882,2.5003037,5.6290016,6.1370173,7.0689855,6.010397,4.9209256,6.966576,4.979227,4.5861397,5.3653665,2.635787,6.4123125,6.065387,5.9973392,7.3271337,4.256539,4.4648294,-0.29218414,5.8473735,8.223044,5.4802785,5.056118,5.065087,6.500905,5.2742934,4.542571,3.7397206,6.9716525,4.6285276,7.0422673,7.559815,6.5999837,5.052895,7.6530423,2.532184,7.178146,10.051421,3.962272,6.7881017,8.262738,3.7397292,4.077194,6.0766945,4.9968834,7.232176,5.7667866,6.175083,3.62412,4.115696,3.9815006,4.8376994,5.034786,7.4254622,4.7072525,7.441675,7.7240853,2.8735185,4.7398367,6.2196627,3.5011787,3.4431918,5.7928495,3.7642477,5.576098,4.5230246,6.450454,7.8933687,7.565983,2.1370714,6.702929,6.525175,5.499301,8.485884,3.6895754,5.4862566,6.7227187,5.0459375,5.744739,3.6413624,6.1902194,6.0561366,3.537227,4.6719413,6.120993,5.529465,4.7538433,3.8035088,7.079035,0.52815413,2.5884614
TCGA-97-8552-01,1.5957625,2.10439,10.019057,5.852668,6.9096327,2.636147,0.9933178,5.118485,5.3181605,4.1232696,5.9230666,6.7872987,7.9564447,8.128691,3.6045868,8.675398,3.473536,5.4026847,7.3065047,5.7056108,8.664988,7.1230717,7.1335573,1.9814608,9.684452,9.148346,-0.5929154,6.8635325,0.20120429,5.38606,5.708488,8.691598,5.702851,6.587653,5.7491174,5.5774574,8.238995,2.3298874,2.6139472,5.2828813,5.8101015,7.161138,6.412848,4.775173,6.8650575,4.764841,4.844816,5.5757914,2.0707116,6.7230897,6.214698,6.026961,7.4845877,4.2557163,4.619774,-0.6747238,6.1655197,8.448874,5.5485225,4.893964,5.0072775,6.2299223,5.6717143,4.8690686,3.8175192,6.5065293,5.0734267,7.365309,7.9302754,6.894977,5.0865874,7.620729,2.2114866,7.412743,10.107921,3.4765532,6.4877844,8.564413,3.467436,4.6540613,6.1447678,5.3776875,7.37681,5.437676,6.3729973,4.1317368,3.8356993,4.2082005,4.762628,4.906203,7.0625243,4.5519514,7.5588417,7.5824485,3.285054,5.058938,6.1802306,3.595972,3.6431592,5.9583235,3.8515832,5.285671,4.8788633,6.223331,8.423935,7.68171,2.5113325,6.912167,6.6956096,5.675062,8.58699,3.801774,5.4330354,6.3799825,5.1328015,5.8263535,3.4791846,6.505888,5.8787436,3.2660582,4.4772177,6.0677314,5.6136146,5.130259,3.7204335,6.9545336,0.58591413,2.5094025
TCGA-L9-A743-01,1.5559723,2.0541935,9.9943695,5.8763695,6.8665037,2.6600995,1.0118326,5.105204,5.3864584,4.070739,5.8967266,6.6914,7.9083385,8.284216,3.5905654,8.886962,3.6188748,5.414204,7.235336,5.7621374,8.629831,7.0936475,7.0051374,1.9891486,9.63269,9.254979,-0.592106,6.7928405,-0.008862745,5.361049,5.7061553,8.597383,5.6007814,6.617455,5.7188625,5.54637,8.317593,2.4152617,2.5721445,5.4423103,5.693897,7.1253943,6.3976974,4.697414,6.7528267,4.7435436,4.835587,5.560111,1.8678155,6.7335467,6.361956,6.0372944,7.4301376,4.3001056,4.5635104,-0.73886395,6.330274,8.426384,5.57112,4.844998,4.9650555,6.165371,5.683457,4.938243,3.8622968,6.5195193,5.0520725,7.3624372,7.873674,6.89008,4.981643,7.560286,2.2356975,7.475146,10.183397,3.458217,6.5159473,8.5336485,3.4201787,4.5933437,6.0252347,5.409369,7.327581,5.4280944,6.3703947,4.1455193,3.6871545,4.3369503,4.8094106,4.9547005,6.8886566,4.605364,7.741692,7.706218,3.3424857,5.135428,6.0296626,3.5382915,3.6628635,5.9581914,3.8497312,5.182923,4.8512826,6.1977367,8.273674,7.722138,2.4580889,6.903487,6.714795,5.677024,8.718274,3.6597867,5.436537,6.42548,5.0388036,5.793143,3.4121935,6.558118,5.812754,3.1963987,4.4965672,6.0605965,5.6454864,5.188927,3.7271862,6.968539,0.5199796,2.5102599
TCGA-44-2665-01,1.619797,2.619367,9.761469,5.82085,6.7841845,2.7950423,0.91042036,5.113146,5.6366754,3.75489,5.875693,6.836699,7.785619,7.6973176,3.5378268,8.505534,3.649107,4.9638195,7.0783296,5.4895873,8.5979,7.2275696,7.299657,2.219627,9.146631,9.123599,-0.3588553,7.2515616,0.8693933,5.3976474,5.671828,8.539764,5.269675,6.227221,5.8928485,5.4078217,7.8232594,2.3990898,2.50348,5.555572,6.1205564,7.053986,6.0791,4.8767767,6.9042606,4.958636,4.624878,5.3580847,2.4506145,6.469853,6.0934787,5.9818406,7.2806125,4.233983,4.4961634,-0.43770084,5.861123,8.242895,5.482334,5.0502024,4.9939985,6.4824815,5.3484077,4.582451,3.7703223,6.895255,4.65387,7.0692477,7.61248,6.573916,4.964027,7.666954,2.5239925,7.2491345,10.059671,3.888576,6.770036,8.281618,3.69749,4.1207767,6.0220947,5.100428,7.268285,5.7039323,6.162439,3.7135794,4.0676255,4.0303063,4.8732424,5.090464,7.2836037,4.700932,7.4815383,7.717099,2.9080591,4.7576575,6.275775,3.533502,3.453615,5.8220205,3.75952,5.5339417,4.5438814,6.4358897,7.9029665,7.5700393,2.205318,6.69644,6.5487537,5.4925756,8.550514,3.6847718,5.471748,6.7144275,5.0318384,5.772273,3.6101618,6.2335653,6.037953,3.517512,4.6356916,6.0940595,5.5215354,4.7938175,3.803016,7.0786214,0.5657382,2.5164664
TCGA-78-8648-01,1.7603741,2.097751,9.807265,5.5924306,6.9343414,2.457625,1.0727506,4.938982,5.304578,4.428393,5.627842,6.6069245,7.377283,8.317275,3.3664007,8.5850115,4.096457,5.67606,7.1944547,5.614346,8.736927,7.328055,7.1557136,2.2412088,9.241609,9.116675,-0.47964224,6.780219,0.23314388,5.5955305,5.8536463,8.784441,5.472483,6.538024,5.61223,5.289876,8.529458,2.5709567,2.5799017,5.491817,5.7699943,7.2401643,6.2475047,4.5078025,6.547157,4.8262606,4.53381,5.1983633,2.1764016,6.873708,6.294352,6.119395,7.298679,4.2101693,4.4424977,-0.087088555,6.1599045,8.294974,5.4307947,5.0011477,4.7958775,6.134555,5.248625,4.895558,3.894625,6.673216,4.864103,7.158429,7.664031,6.979807,4.7587714,7.4278827,2.190044,7.4316273,9.94794,3.603105,6.727385,8.3462515,3.363903,4.6206555,6.266274,5.24669,7.5053368,5.7652793,6.396003,3.7864976,3.6952298,4.2886047,4.7684407,4.6843047,6.870246,4.530606,7.4852734,7.817406,3.2435672,4.9343705,5.950992,3.4470892,3.6006021,5.8707266,3.874767,5.167231,4.786608,6.137732,8.442429,7.734102,2.2828298,6.6298537,6.551821,5.5545125,8.555642,3.6500292,5.5067177,6.691415,4.954879,6.0741973,3.5771031,6.505753,5.953269,3.4048374,4.8270173,6.3223047,5.7435026,4.9790215,3.7643526,7.1239285,0.53247344,2.7079556
TCGA-17-Z060-01,1.8678786,2.0229843,9.88087,5.402458,7.354534,2.264407,0.6603659,4.919888,5.090991,4.8482676,6.2210407,7.1281834,8.1669035,7.9388957,3.3583884,8.913265,3.6505094,5.918427,7.274236,5.398629,9.223089,7.5266256,7.5702333,1.9611875,9.209455,8.898866,-0.5504001,6.7423043,0.45181784,5.5253334,5.817213,9.082318,5.8060083,6.8138003,5.738239,5.2498016,8.4142275,2.1203437,2.333885,5.190606,5.913335,7.4580197,6.550604,4.8952904,7.1977353,4.880628,4.7788124,5.592666,2.3423777,7.0471497,5.967251,6.4408545,7.635346,4.060927,4.7855916,-0.435577,5.877229,8.741744,5.677008,4.8774524,4.922358,6.4505405,5.994225,4.736245,3.6755679,6.565697,4.7875767,7.47626,8.073175,7.2710843,5.3180933,7.6996384,2.2181242,7.814236,10.196333,3.4766407,6.545651,8.887064,3.2874992,5.0264406,6.464411,5.1943913,7.5407805,5.8526106,6.63099,3.7401166,4.1569505,3.8390608,4.512572,4.368691,7.496284,4.011277,7.2627106,7.5352426,3.0461328,4.7353215,7.355489,3.6034594,3.4924133,5.858628,3.8026352,5.548251,4.991607,6.1559634,8.892671,7.5855,2.4034264,7.052991,6.912468,5.672805,8.349256,4.3537927,5.5340514,6.4527416,5.3175626,6.109342,3.694264,6.400524,6.0275383,3.234225,4.9003444,6.3140864,5.5449,4.946025,3.5679522,7.177025,0.35653,2.7032
TCGA-17-Z018-01,1.9093196,2.0114775,9.883754,5.366476,7.3992743,2.2290509,0.64986205,4.9045057,5.037121,4.8980117,6.255912,7.1320586,8.185556,7.9451475,3.3419304,8.922557,3.6575873,6.00347,7.3089375,5.3855906,9.246091,7.5427885,7.6094823,1.9487509,9.211357,8.887886,-0.5531527,6.7299895,0.44831562,5.521116,5.765591,9.084893,5.859827,6.840465,5.729933,5.2534957,8.445821,2.0942354,2.3148117,5.1510224,5.932153,7.486402,6.5953245,4.8716426,7.2318273,4.889074,4.773541,5.609112,2.346183,7.080496,5.9327455,6.447144,7.6577225,4.032837,4.821394,-0.47061652,5.8485475,8.759876,5.693614,4.8762894,4.938736,6.4634824,6.0239234,4.7351937,3.654863,6.558824,4.8111434,7.4948,8.096054,7.328524,5.3161683,7.7097206,2.1738372,7.865343,10.205749,3.4513576,6.5144677,8.926701,3.2781463,5.0922027,6.5111656,5.2190776,7.564971,5.867293,6.6562505,3.7852352,4.184138,3.823867,4.487961,4.346411,7.5279837,3.942437,7.2294707,7.5014467,3.0536149,4.710962,7.4625616,3.628034,3.4867868,5.868063,3.8069866,5.552259,5.045553,6.153484,8.961582,7.5782514,2.4329464,7.0684314,6.917348,5.691856,8.32776,4.4141355,5.5337806,6.4242754,5.3420186,6.1386404,3.712147,6.4024305,6.025185,3.2335129,4.886768,6.3323746,5.5460176,4.957104,3.554197,7.185233,0.35430473,2.7003572
TCGA-53-7626-01,1.6582257,2.205564,9.833333,5.6275315,6.9380746,2.4868906,1.0696664,4.9250007,5.4554987,4.412324,5.7813044,6.7223644,7.536216,8.034897,3.4625523,8.754942,3.8274558,5.5415573,6.904851,5.603115,8.851401,7.3249993,7.212748,2.2997084,9.225097,9.01611,-0.47337556,6.931322,0.42594707,5.552206,5.8412175,8.775993,5.4378576,6.4455986,5.8390837,5.3424516,8.379507,2.4255764,2.6152358,5.5610995,5.850351,7.1820054,6.170574,4.681893,6.6987224,4.8596473,4.561345,5.2901115,2.3717844,6.776517,6.1721754,6.152643,7.357733,4.2015886,4.4917192,0.1913998,6.020128,8.300918,5.4543853,5.0142756,4.859808,6.198632,5.291665,4.8012,3.8610306,6.712678,4.827427,7.1696115,7.6514316,6.913861,4.9144216,7.4787955,2.2760828,7.372995,9.931103,3.6909523,6.7225223,8.398789,3.438958,4.5474353,6.2665696,5.168181,7.4601703,5.7257295,6.391428,3.6913407,3.823237,4.170276,4.7566767,4.6338754,7.0879292,4.569253,7.4201484,7.766385,3.1581929,4.921721,5.8901606,3.460388,3.563344,5.8453345,3.854377,5.302788,4.770214,6.1580377,8.408315,7.6913276,2.239088,6.6707234,6.598829,5.5576763,8.409822,3.7299435,5.499393,6.6385064,5.0540495,5.9639416,3.6041906,6.4010906,5.9817767,3.4215176,4.882767,6.2571654,5.67891,4.900554,3.746119,7.0897136,0.56050754,2.7744937
TCGA-49-AAR4-01,1.6711628,2.3163936,9.7005625,5.598708,6.891799,2.5335777,1.0817834,4.8992453,5.5565434,4.3324265,5.741808,6.7046475,7.48785,7.9848757,3.4278865,8.662456,4.0163703,5.4010715,6.841275,5.547498,8.867873,7.3654084,7.2339616,2.3920135,8.995389,9.045593,-0.4454697,6.9988103,0.58089876,5.5911202,5.8198376,8.717508,5.275498,6.337573,5.8440733,5.2572618,8.263616,2.5268102,2.577966,5.70756,5.917975,7.168463,6.0481234,4.6714406,6.658722,4.88935,4.453551,5.1696167,2.3920481,6.7100525,6.170915,6.15107,7.2911544,4.21396,4.415853,0.17428343,5.9417386,8.273457,5.4059153,5.064047,4.839672,6.2386575,5.176294,4.7465057,3.8816783,6.8746095,4.666285,7.0545692,7.5271387,6.844467,4.8579803,7.476669,2.3436341,7.3121114,9.911574,3.8110557,6.8459983,8.286828,3.4942937,4.3732414,6.208475,5.0628,7.444059,5.831452,6.3269506,3.5377796,3.869416,4.165497,4.779019,4.6886206,7.118582,4.594981,7.4219103,7.846323,3.0731442,4.846294,6.043665,3.4042387,3.507428,5.795316,3.851735,5.327332,4.64671,6.1871862,8.2335005,7.6836705,2.1202333,6.5726566,6.533278,5.4906297,8.417109,3.655863,5.527606,6.754278,4.9897556,5.992292,3.6496828,6.353123,6.0358186,3.5026891,4.948523,6.315717,5.694541,4.816419,3.7823517,7.145173,0.4813592,2.7843742
TCGA-MP-A4SY-01,1.7272243,2.2934084,9.7943735,5.5532036,6.9517536,2.4596438,1.0412859,4.879477,5.4628496,4.442915,5.8071136,6.7582364,7.575161,7.915748,3.4291108,8.483531,3.867555,5.4856024,6.9608293,5.505596,8.873248,7.3923454,7.34635,2.3325949,9.127413,8.943965,-0.42423546,7.02076,0.68031734,5.579554,5.906549,8.839863,5.410015,6.3661265,5.797068,5.2787914,8.261811,2.4148774,2.583989,5.507566,5.9701734,7.2152414,6.1248775,4.730792,6.8229284,4.903198,4.497543,5.250088,2.5610993,6.7553816,6.034147,6.1564603,7.3551245,4.1356845,4.530457,0.047329694,5.86164,8.30307,5.442041,5.081095,4.891045,6.2860527,5.2283664,4.7117867,3.8077147,6.8102803,4.739983,7.1120706,7.6368117,6.908934,4.9177637,7.5059915,2.2864952,7.3667026,9.897185,3.7667189,6.7622538,8.378098,3.4961214,4.480509,6.3420873,5.1202025,7.483921,5.8587694,6.365002,3.5863283,3.9724855,4.05328,4.7270994,4.6201987,7.238598,4.497026,7.274345,7.706776,3.0568335,4.7904644,6.153989,3.5035758,3.4950037,5.820504,3.8463078,5.3965735,4.739054,6.1888347,8.418056,7.6313896,2.1890466,6.6538854,6.5665903,5.5285363,8.321488,3.8299823,5.5058627,6.653498,5.1016874,6.0192933,3.7065732,6.3397884,6.0632772,3.5082672,4.929415,6.3056884,5.655716,4.846448,3.7321296,7.119253,0.5342553,2.7856877
TCGA-53-7624-01,1.6897058,1.9203734,9.862134,5.6342273,6.960728,2.4529822,1.028393,4.993347,5.29114,4.411284,5.581716,6.648729,7.457746,8.403071,3.388501,8.812381,3.9438658,5.739858,7.16472,5.668735,8.774503,7.280767,7.057741,2.1508987,9.354702,9.165538,-0.52140105,6.6811614,-0.0146434875,5.5764923,5.8314695,8.772457,5.531178,6.6493945,5.6267004,5.3082633,8.658293,2.5335937,2.588522,5.4861856,5.6340394,7.231694,6.322256,4.5261216,6.533671,4.771602,4.6666493,5.297598,1.9936584,6.9328074,6.382767,6.184186,7.330435,4.232137,4.45622,-0.1423289,6.2678423,8.366203,5.483337,4.951721,4.7537217,6.1074066,5.464229,4.9671965,3.9113607,6.537614,4.9575973,7.260032,7.758756,6.9929366,4.8246827,7.4254913,2.2076054,7.4891233,10.036487,3.4907424,6.6675816,8.441767,3.2802243,4.716928,6.210365,5.314962,7.497115,5.649151,6.424739,3.8800168,3.6188927,4.3177934,4.781662,4.645028,6.7680955,4.529039,7.60384,7.840487,3.307361,5.0328913,5.8621664,3.4688237,3.6487262,5.9040685,3.865417,5.1284227,4.793648,6.1129317,8.486048,7.75133,2.340615,6.734794,6.644424,5.581666,8.633246,3.6555302,5.4896708,6.633526,4.9747853,6.0278945,3.5098727,6.5839634,5.906149,3.2966747,4.827215,6.2505465,5.722987,5.064815,3.7355146,7.0735073,0.5254581,2.7099006
TCGA-78-7143-01,1.6649717,1.9367579,9.975344,5.715644,6.9585543,2.4623706,1.0346355,5.016035,5.2527633,4.4363427,5.6580896,6.696671,7.530888,8.26627,3.4679575,8.740483,3.755521,5.6990194,7.2209377,5.705421,8.756138,7.2370477,7.0768228,2.099643,9.569448,9.108072,-0.5524242,6.686122,0.04368571,5.5617943,5.761688,8.79577,5.6450877,6.6557302,5.6855545,5.4386053,8.591903,2.4230847,2.680228,5.372824,5.677898,7.2256827,6.340848,4.5894156,6.5985413,4.76705,4.7166452,5.374253,2.1151545,6.8878736,6.335369,6.14792,7.399205,4.253415,4.4990025,-0.095519945,6.234047,8.37737,5.452423,4.9435096,4.8139114,6.0854006,5.52901,4.9517183,3.8940268,6.469807,5.0655894,7.2933216,7.8238134,6.9804087,4.9504013,7.466955,2.162201,7.420788,9.95678,3.4817462,6.6057315,8.468357,3.3219228,4.761393,6.2503247,5.3264284,7.4952884,5.5595512,6.4367013,3.9661393,3.6497083,4.3010726,4.757348,4.632405,6.845799,4.5706487,7.537748,7.745836,3.335748,5.078961,5.864894,3.4836793,3.6822443,5.928242,3.8753147,5.1382174,4.8556905,6.11682,8.585712,7.7564397,2.416845,6.763423,6.647789,5.621162,8.559138,3.6983721,5.477202,6.5510054,5.0266876,5.9919057,3.48778,6.561543,5.8921356,3.2938817,4.7521853,6.2003736,5.711915,5.069165,3.7363892,7.0303693,0.6202569,2.6799476
TCGA-17-Z001-01,1.8932341,1.9548131,9.900846,5.32703,7.430014,2.200067,0.64127237,4.901172,5.0419145,4.956655,6.280271,7.1501656,8.195792,7.9439926,3.3391685,8.93839,3.6009731,6.0458226,7.308714,5.379264,9.281374,7.5553994,7.6391764,1.9148983,9.25866,8.892576,-0.5562059,6.7328086,0.40768906,5.532622,5.7673683,9.125953,5.876791,6.86985,5.715566,5.2254095,8.480327,2.036821,2.314629,5.0948334,5.911082,7.4970846,6.604842,4.8704953,7.2749195,4.885744,4.797747,5.636316,2.3689265,7.1161957,5.90702,6.480243,7.675976,4.0147076,4.833725,-0.5130528,5.87195,8.759846,5.71363,4.8792667,4.9109917,6.4740343,6.0833097,4.7360196,3.6409192,6.5384274,4.8315954,7.5159535,8.118283,7.3479986,5.341513,7.7020173,2.1770444,7.886458,10.222641,3.4359732,6.4982643,8.966923,3.2524412,5.1338563,6.5420957,5.213775,7.573024,5.8715963,6.6712775,3.800199,4.2114315,3.7803416,4.4767823,4.2934,7.486809,3.9088395,7.209655,7.4763184,3.0485475,4.7042108,7.45371,3.652127,3.4878907,5.867933,3.805315,5.5807023,5.0476856,6.145064,8.994157,7.565492,2.4340992,7.0992365,6.939084,5.6939344,8.303083,4.452311,5.5271006,6.405786,5.37612,6.17584,3.7302501,6.408693,6.039939,3.2304394,4.876238,6.331708,5.535922,4.9645686,3.5384831,7.1679254,0.35496998,2.7281291
TCGA-55-8096-01,1.5792067,2.0927918,9.95748,5.8258777,7.0236998,2.669959,0.9672644,5.2628574,5.2920294,4.1343107,5.8909507,6.78686,7.8891807,8.351604,3.5983613,9.021904,3.4695601,5.480706,7.3500214,5.7587123,8.702664,7.1977005,7.0732408,2.0750012,9.645892,9.348001,-0.5926941,6.8606224,0.058814008,5.2869997,5.718863,8.574241,5.6722765,6.651002,5.8469567,5.5416145,8.382413,2.3623364,2.5429206,5.4140987,5.742048,7.066321,6.4972258,4.8171453,6.7586823,4.789961,4.8792644,5.6166253,1.7810754,6.8028636,6.322991,6.105117,7.4869018,4.2876797,4.628333,-0.3965477,6.270646,8.5676775,5.620316,4.781124,4.8804197,6.2001467,5.8344984,4.898038,3.8834755,6.4740505,4.9853,7.4602194,7.9457555,6.8949065,4.988231,7.6414065,2.304533,7.5485225,10.178092,3.4227989,6.498604,8.665746,3.3839595,4.7071285,5.9959598,5.432436,7.337494,5.37103,6.447871,4.1363525,3.7369308,4.2624846,4.80247,4.840462,6.93154,4.6103735,7.76822,7.7074738,3.292921,5.1315374,6.005532,3.5090923,3.644978,5.9319854,3.8228571,5.298032,4.9410477,6.163247,8.298441,7.742246,2.5058198,6.9081674,6.8495426,5.6768575,8.700461,3.725497,5.4453006,6.4235744,5.114804,5.684993,3.3729274,6.476796,5.8102164,3.1537042,4.509217,6.0377636,5.586511,5.1001477,3.7178679,7.0058327,0.5867204,2.4454265
TCGA-86-6562-01,1.561576,2.1980984,9.952388,5.8431,6.9339137,2.6921709,0.92103785,5.146553,5.432562,4.0296407,6.06412,6.8411694,8.08984,8.042847,3.616183,8.883423,3.4631338,5.2947583,7.1895456,5.6690803,8.734899,7.1590357,7.167526,2.003294,9.536843,9.2154665,-0.5657714,6.9472446,0.27482682,5.3132243,5.693723,8.607223,5.58928,6.546358,5.84002,5.532032,8.127502,2.2932496,2.505772,5.424832,5.8482738,7.1131005,6.3874016,4.8795395,6.949222,4.809832,4.8488755,5.63029,2.0109994,6.670111,6.209546,6.0765886,7.490373,4.2638593,4.6336474,-0.7333471,6.1528535,8.510429,5.6151643,4.850604,5.018306,6.319212,5.7869744,4.801042,3.7964647,6.6045904,4.9265704,7.3755074,7.9045143,6.852936,5.1161537,7.6682916,2.3309608,7.4801884,10.21398,3.5412738,6.52789,8.607817,3.4993865,4.5381775,6.031489,5.3265443,7.2934484,5.472764,6.3682036,4.042222,3.9037998,4.1532354,4.774761,4.9446745,7.151032,4.5481296,7.6544256,7.638933,3.187737,5.0183306,6.350322,3.5670707,3.5832858,5.917804,3.8121884,5.381825,4.832517,6.259231,8.223562,7.6559415,2.4268985,6.9524794,6.7725134,5.663821,8.631786,3.8090577,5.4457636,6.4155664,5.139327,5.7301106,3.473668,6.4324903,5.8792295,3.230659,4.5059524,6.0433607,5.558667,5.083093,3.7060673,6.993043,0.501872,2.4828622
TCGA-75-6211-01,1.7490047,1.9604418,9.787716,5.567008,6.9496417,2.40517,0.99423397,4.923718,5.3085895,4.405961,5.4907975,6.711512,7.4469037,8.220506,3.3306315,8.448842,3.9613595,5.624774,7.1912494,5.5498753,8.825059,7.3601713,7.1818666,2.2086256,9.242377,9.074079,-0.4798227,6.741567,0.26698226,5.7077675,5.8420267,8.879228,5.469946,6.560055,5.5506167,5.2026825,8.537722,2.5341954,2.607229,5.443317,5.74359,7.305856,6.2005906,4.5522113,6.5856624,4.804387,4.5799265,5.1685987,2.2352085,6.9029694,6.267505,6.232961,7.2995176,4.1928086,4.4193897,-0.20317894,6.0450974,8.365827,5.39827,5.061919,4.733906,6.1763687,5.350613,4.878095,3.8717594,6.650732,4.863923,7.141016,7.71558,6.9525847,4.857407,7.425045,2.227012,7.396811,9.931781,3.6101341,6.770081,8.338833,3.3352082,4.6186066,6.3145356,5.1907835,7.5419006,5.8119283,6.3708916,3.7063036,3.7683272,4.182134,4.7490535,4.588536,6.9077816,4.4746776,7.409735,7.817144,3.1888235,4.88769,6.0950704,3.479738,3.59606,5.8618646,3.865658,5.220303,4.669471,6.1490064,8.520427,7.699941,2.2521305,6.6727343,6.5511966,5.5120726,8.530843,3.7201905,5.5104847,6.723228,4.9823484,6.15571,3.6355104,6.5343523,6.03471,3.4366689,4.934973,6.337839,5.727238,4.9701633,3.7472231,7.10801,0.49740183,2.7597377
TCGA-44-6779-01,1.6948098,2.0483742,9.831991,5.5624757,6.994882,2.398861,1.0577992,4.896713,5.386998,4.5642877,5.669455,6.736451,7.526026,8.143678,3.4127,8.716279,3.8713822,5.6668367,6.964525,5.5882244,8.917055,7.371524,7.211302,2.2830117,9.22581,8.989832,-0.48942202,6.833159,0.33547205,5.6096067,5.915418,8.857482,5.486534,6.5133047,5.762272,5.2791777,8.521474,2.4586537,2.6258872,5.516729,5.7841887,7.230186,6.204597,4.6517315,6.693126,4.827464,4.5744634,5.274759,2.3308208,6.88557,6.1679153,6.2303276,7.371517,4.1581903,4.5143595,0.15671149,6.0094786,8.3554325,5.4556866,5.0403433,4.797983,6.1742783,5.368041,4.842817,3.8708837,6.657433,4.855338,7.1999607,7.701369,6.986064,4.917507,7.4531693,2.2345316,7.4366713,9.927974,3.6199014,6.7209787,8.450094,3.356446,4.650081,6.321204,5.215105,7.536388,5.7572403,6.4271507,3.6699536,3.8079815,4.164335,4.7306895,4.516171,7.036556,4.4892893,7.391437,7.7669168,3.1880126,4.923782,5.961155,3.4858162,3.5681384,5.857786,3.8664422,5.2622056,4.785948,6.100093,8.545155,7.6947784,2.250638,6.6951656,6.6349096,5.553603,8.390881,3.7934532,5.502891,6.615859,5.0839047,6.048704,3.6320798,6.4622145,6.0010242,3.4023354,4.978272,6.292719,5.6941886,4.944798,3.712942,7.09201,0.5253299,2.826574
TCGA-75-7030-01,1.7549016,2.0130732,9.839085,5.5597644,6.9171023,2.4006124,0.97723645,4.88735,5.3314767,4.365893,5.5941563,6.7083974,7.474747,8.093739,3.3387008,8.32213,3.904412,5.610111,7.165381,5.520403,8.795299,7.3295054,7.238279,2.1631794,9.280291,9.006868,-0.44507986,6.7953925,0.3456622,5.692282,5.867873,8.917547,5.4824233,6.5312796,5.530599,5.2221103,8.46181,2.4641335,2.5903428,5.372538,5.783052,7.323947,6.200584,4.5676293,6.68868,4.824434,4.5867085,5.209047,2.3723862,6.861095,6.207676,6.187947,7.304379,4.1668,4.449871,-0.35561764,6.0319467,8.319809,5.420279,5.0788174,4.8112564,6.224334,5.296832,4.8421226,3.8121269,6.661623,4.892715,7.1311255,7.7246885,6.9541726,4.877885,7.425276,2.215342,7.3833027,9.9529085,3.6332204,6.735462,8.332948,3.3808424,4.5965576,6.3723135,5.178468,7.518783,5.8427033,6.351833,3.7259946,3.8281772,4.126796,4.737745,4.625133,6.9867973,4.4489403,7.343408,7.753098,3.1604695,4.8402724,6.11751,3.536478,3.5823822,5.87159,3.8565063,5.26017,4.6732154,6.198162,8.540197,7.654368,2.2554615,6.7140408,6.5217066,5.5290217,8.504069,3.7741935,5.4950533,6.692141,5.0095744,6.1512465,3.6719189,6.517949,6.048056,3.4590912,4.891882,6.322735,5.7051888,4.98694,3.73298,7.0856714,0.51811695,2.762946
TCGA-44-8117-01,1.613131,2.0700474,9.928915,5.8713193,6.9827595,2.693625,0.9378017,5.276761,5.2486215,4.0424576,5.7047386,6.822363,7.869855,8.320158,3.5732522,8.855288,3.4980652,5.400695,7.4748893,5.7248087,8.616748,7.1891418,7.0598607,2.0236402,9.64758,9.337616,-0.5923317,6.8255696,0.11553766,5.3597827,5.640291,8.585402,5.677319,6.6402206,5.7619734,5.5313697,8.348929,2.4228723,2.5879953,5.348644,5.7770624,7.1025567,6.4574347,4.7868333,6.696817,4.76767,4.878896,5.5273,1.8514535,6.7880535,6.3284793,6.0916677,7.448964,4.296198,4.583595,-0.47543716,6.191771,8.533239,5.5478926,4.843244,4.846692,6.219687,5.8013163,4.892537,3.8950217,6.4686575,4.9973497,7.402233,7.950383,6.8239155,5.0070906,7.6618776,2.3098748,7.458924,10.114472,3.4413786,6.5396156,8.581059,3.4020977,4.6589174,6.000919,5.4197025,7.3760467,5.3946657,6.3818893,4.133939,3.7543025,4.2573485,4.8203416,4.909659,6.9120765,4.6230297,7.712617,7.6971235,3.2724924,5.096433,6.115459,3.5208435,3.6511147,5.9389043,3.824363,5.285776,4.848718,6.201366,8.299044,7.7355504,2.5261607,6.8620424,6.7781553,5.632211,8.711879,3.7028248,5.4485207,6.4772806,5.080945,5.7682853,3.3928905,6.497664,5.8551936,3.2174351,4.4915037,6.044796,5.5946946,5.069504,3.7495728,7.00445,0.59183145,2.4176931
TCGA-49-4512-01,1.7495025,1.9840959,9.883405,5.523127,7.029417,2.3557632,1.0966923,4.8991323,5.2810497,4.7034135,5.6881065,6.663314,7.4950886,8.332432,3.403287,8.563566,3.966563,5.8060465,7.1538916,5.6216826,8.883261,7.371006,7.2111278,2.268178,9.326526,9.008971,-0.5062214,6.775221,0.23853445,5.5786023,5.9908924,8.886521,5.5826383,6.5731363,5.6778398,5.303272,8.624023,2.4914374,2.6247804,5.425535,5.74869,7.244564,6.3017373,4.5961723,6.707398,4.8084216,4.5781536,5.3109174,2.2479765,6.9586077,6.1654882,6.1942515,7.3966465,4.1288943,4.5727453,-0.045797005,6.085332,8.385921,5.4778953,5.014229,4.810926,6.1178637,5.38113,4.896594,3.8736086,6.599226,4.9288216,7.251974,7.75624,7.0792947,4.842725,7.4356194,2.1363301,7.516135,9.932635,3.528169,6.6556683,8.506873,3.3149679,4.764461,6.3672996,5.3119245,7.5719724,5.74736,6.4752445,3.7748,3.760953,4.218334,4.7090287,4.483865,6.9610662,4.442236,7.3882785,7.7202125,3.2708287,4.9576797,5.9988723,3.5155692,3.5882964,5.89058,3.8896189,5.1938095,4.9049163,6.0467443,8.661443,7.7116213,2.31818,6.7163877,6.659622,5.59828,8.398854,3.8239605,5.490987,6.535551,5.104468,6.067063,3.6205034,6.512217,5.9633837,3.3634503,4.933077,6.3091497,5.719685,5.0335193,3.689727,7.0855317,0.5430774,2.7939296
TCGA-78-7160-01,1.6788309,2.2179499,9.772457,5.6181874,6.807749,2.4636543,1.0412279,4.8115253,5.545485,4.2739887,5.590689,6.7090073,7.366787,7.7795467,3.3717246,8.474968,3.9390745,5.4140673,6.7799582,5.507605,8.813608,7.3145804,7.2225237,2.2868326,9.091985,8.916074,-0.40816507,6.9181275,0.56757516,5.745183,5.7648096,8.851957,5.291124,6.354024,5.7124805,5.2342544,8.292547,2.4753563,2.6562705,5.5862036,5.872,7.270411,5.973577,4.5772142,6.6104603,4.8676715,4.466326,5.082069,2.6398423,6.70806,6.1989007,6.1582866,7.240488,4.2173033,4.329716,0.15313815,5.9246764,8.144239,5.3271236,5.159259,4.832115,6.2385125,5.049374,4.7621737,3.8403864,6.815492,4.7863226,6.9750433,7.5200047,6.815394,4.9083138,7.405778,2.3090763,7.1861744,9.841589,3.836577,6.8651524,8.157367,3.4870174,4.366266,6.3364186,5.0100703,7.4839973,5.8915176,6.2663684,3.5295298,3.847919,4.131669,4.780275,4.6718283,7.085378,4.5962853,7.305235,7.8335595,3.0712907,4.8068776,5.8876076,3.4473944,3.5519354,5.815599,3.852357,5.286181,4.5241547,6.251389,8.364506,7.6580715,2.1154904,6.5667562,6.402433,5.459272,8.409503,3.6441987,5.520491,6.8258085,4.940989,6.134108,3.698665,6.416367,6.089269,3.577062,4.987728,6.3334885,5.7206545,4.8215895,3.7989707,7.106107,0.5282481,2.8644328
TCGA-86-8278-01,1.5952332,2.7579236,9.755077,5.850415,6.7431507,2.832638,0.95290214,5.047222,5.7250977,3.762051,6.07581,6.8070807,7.7936277,7.625639,3.5933938,8.596495,3.668744,4.928314,6.9095206,5.5102954,8.58769,7.215108,7.302782,2.2184033,9.141181,9.109625,-0.36529437,7.2779675,0.89858717,5.342508,5.629129,8.476868,5.2013226,6.1694875,5.986366,5.4731936,7.7247367,2.3440058,2.4827268,5.664759,6.1712465,7.0274405,6.0364747,4.910679,6.911736,4.984026,4.547767,5.3766184,2.4580643,6.3652706,6.0957985,5.923542,7.298034,4.274902,4.493229,-0.342533,5.9040694,8.212725,5.480244,5.002749,5.076642,6.4638767,5.285424,4.5533657,3.7667615,6.9848266,4.604026,7.043358,7.546824,6.5817633,5.011849,7.6639576,2.5220556,7.2032633,10.029632,3.96372,6.786743,8.258403,3.7675972,4.0398464,5.989603,5.0322747,7.200584,5.706947,6.1751094,3.6915681,4.0628767,4.0683336,4.8548546,5.150009,7.374948,4.7432404,7.5058093,7.7296453,2.901783,4.776563,6.2718754,3.4679828,3.4382293,5.7995653,3.7660604,5.5274205,4.580812,6.4370117,7.7990007,7.579683,2.149053,6.673243,6.543444,5.521291,8.522091,3.6413236,5.4885063,6.7131896,5.0037684,5.702997,3.5914261,6.1744123,6.001464,3.505116,4.5822177,6.101828,5.5365686,4.764904,3.811682,7.1073184,0.55332404,2.5222607
TCGA-80-5611-01,1.7422975,2.0779965,9.794129,5.6379423,6.8628526,2.4956944,1.0099721,4.9529724,5.3432565,4.2178855,5.5225315,6.6449766,7.3972373,8.194357,3.3533552,8.378032,4.014396,5.520647,7.237241,5.5708294,8.682751,7.2920113,7.145864,2.19056,9.263926,9.129962,-0.45763543,6.7927537,0.29068786,5.6639743,5.772486,8.793097,5.4251375,6.5106196,5.5300584,5.256172,8.430832,2.5641072,2.594297,5.4595966,5.7780604,7.272189,6.1814446,4.515116,6.5454383,4.817753,4.564454,5.151256,2.2294116,6.811608,6.31713,6.124,7.253745,4.236709,4.379784,-0.34385017,6.103128,8.284467,5.384874,5.047532,4.784946,6.1819997,5.2416635,4.870547,3.8700395,6.69056,4.86883,7.096172,7.6673293,6.8795123,4.7894845,7.4303184,2.2419617,7.333501,9.942524,3.6517336,6.7705965,8.25099,3.4028318,4.5118246,6.25229,5.1829715,7.4773765,5.795829,6.3119583,3.774392,3.7341654,4.239648,4.7932744,4.7534456,6.867672,4.5563536,7.46385,7.827281,3.1915054,4.8915668,6.023757,3.4674895,3.6043673,5.8676753,3.8591049,5.198865,4.639103,6.212682,8.375861,7.70261,2.2576616,6.6382627,6.4869432,5.5121717,8.60933,3.6149638,5.501334,6.757053,4.91375,6.1055837,3.5996828,6.5204377,6.0053077,3.4557977,4.811505,6.30766,5.7312827,4.9702983,3.787485,7.1029286,0.52210385,2.6812742
TCGA-55-1596-01,1.7674421,1.98491,9.887341,5.562075,6.9760475,2.4112048,1.065522,4.9583683,5.204513,4.531062,5.681961,6.622825,7.4210052,8.370362,3.3875282,8.386691,3.9818327,5.7707376,7.330484,5.6331797,8.774191,7.30827,7.182076,2.1938665,9.420889,9.105513,-0.5145299,6.7356186,0.16891094,5.598457,5.876372,8.855023,5.6081867,6.6224675,5.5672746,5.3211446,8.59545,2.503391,2.607981,5.343085,5.7309933,7.2835464,6.343396,4.519892,6.6211243,4.7972884,4.603957,5.280451,2.1411836,6.924918,6.2663255,6.1291456,7.3553095,4.197372,4.499935,-0.27245384,6.185016,8.395272,5.4473796,4.96991,4.81315,6.099272,5.3446274,4.9337106,3.871792,6.5695934,4.9754925,7.232625,7.778185,7.0541587,4.8044395,7.4278812,2.112426,7.459044,9.948182,3.512944,6.6444664,8.425973,3.3308349,4.7684665,6.3491926,5.2748165,7.526961,5.7138376,6.445139,3.8940458,3.7095568,4.260876,4.722256,4.5921545,6.8650537,4.4689207,7.430779,7.7333803,3.3045454,4.969039,6.028468,3.497111,3.6382685,5.9024653,3.8934376,5.1635475,4.870188,6.102633,8.627283,7.7291803,2.3675654,6.7101398,6.5828657,5.6023407,8.531439,3.7395,5.489248,6.5893373,5.013901,6.080833,3.5758312,6.554546,5.94691,3.366973,4.7825613,6.3166203,5.746154,5.0622783,3.7338655,7.081904,0.5773298,2.688898
TCGA-62-A471-01,1.786662,1.9577209,9.823079,5.5894017,6.95776,2.4171302,0.9764281,4.931227,5.249909,4.423082,5.5620894,6.654764,7.426076,8.369668,3.3163786,8.644827,4.1134157,5.7544904,7.273026,5.5857425,8.734232,7.333287,7.129638,2.0914373,9.271686,9.124799,-0.4799055,6.6424766,0.07842213,5.6261053,5.84296,8.82529,5.5000176,6.635437,5.502525,5.250348,8.615246,2.5667999,2.5437074,5.4418635,5.6974525,7.290523,6.2962556,4.4864182,6.552079,4.799301,4.595425,5.2291017,2.0742319,6.9384203,6.3510633,6.1813364,7.297952,4.1967916,4.4531946,-0.2894412,6.213327,8.341798,5.454485,4.9990854,4.7569776,6.158777,5.4364552,4.9275455,3.8798416,6.6055937,4.892125,7.196613,7.737022,7.011508,4.822369,7.426499,2.1902921,7.5062613,10.01538,3.5338392,6.7205653,8.392154,3.2966049,4.675041,6.2471504,5.2953506,7.528505,5.7685347,6.400643,3.8175955,3.6732404,4.291742,4.7625628,4.684733,6.8063293,4.459164,7.537398,7.8367405,3.2492735,4.9349647,6.143969,3.4773502,3.606736,5.892866,3.8593805,5.124151,4.7547927,6.1465216,8.485524,7.723037,2.2987564,6.7054563,6.5995245,5.556221,8.636838,3.6981888,5.509602,6.6941147,4.9465895,6.137294,3.5701709,6.574327,5.949343,3.3475397,4.841227,6.311136,5.730282,5.04036,3.7319424,7.1282544,0.48151952,2.7046568
TCGA-62-8397-01,1.7637123,2.032131,9.896854,5.553996,6.90852,2.3882937,1.0011613,4.8642063,5.3223815,4.3996925,5.670005,6.661717,7.4650517,8.101258,3.3497565,8.323078,3.9151845,5.6779175,7.157522,5.5403395,8.755011,7.300954,7.2427907,2.140603,9.329464,8.976632,-0.43323615,6.8056197,0.31674048,5.648513,5.909796,8.927814,5.518922,6.5370154,5.522861,5.2610493,8.478661,2.4406722,2.5800781,5.3335633,5.7763042,7.319844,6.2404757,4.5460134,6.7284775,4.8270297,4.592271,5.2533216,2.4177756,6.8660984,6.1909537,6.1384025,7.316839,4.1465106,4.4887986,-0.40354714,6.084551,8.272931,5.454943,5.066185,4.864466,6.2169323,5.2508764,4.8543224,3.7902954,6.6385207,4.945389,7.1560216,7.7340612,6.992093,4.845194,7.4126263,2.1760485,7.414113,9.976773,3.6058187,6.6807895,8.35821,3.384419,4.6300883,6.406615,5.226388,7.511882,5.84065,6.367029,3.784936,3.80957,4.145248,4.734729,4.6445146,6.9864044,4.4384828,7.336249,7.712758,3.1925406,4.849667,6.0352902,3.5704281,3.5882556,5.8922906,3.8587267,5.2400055,4.738844,6.1991053,8.576093,7.646108,2.2857137,6.739841,6.5237255,5.563121,8.495078,3.7917228,5.4794908,6.640035,5.0274935,6.130313,3.6676488,6.52596,6.0167584,3.43992,4.8479834,6.306135,5.7034383,5.0285053,3.7180855,7.067909,0.53971153,2.7643173
TCGA-55-7283-01,1.5567149,2.3906074,9.963469,5.9122996,6.935649,2.800642,0.95927286,5.270783,5.415743,3.9104695,6.140536,6.7968597,7.947448,8.127552,3.6723049,8.969443,3.4536643,5.2812862,7.274851,5.730712,8.592259,7.146678,7.149514,2.0664995,9.614567,9.325436,-0.5365756,7.0397086,0.3032319,5.1785774,5.6426873,8.461223,5.581926,6.506893,5.9665394,5.6510863,8.108053,2.2846138,2.4983206,5.4709153,5.918238,6.9936943,6.429251,4.905522,6.867269,4.875402,4.8278527,5.6694636,1.9255229,6.601197,6.261496,5.9625063,7.476887,4.320407,4.6392813,-0.46721306,6.227037,8.475097,5.627472,4.7675443,5.029126,6.296236,5.739615,4.772796,3.8284876,6.612321,4.8992405,7.3944864,7.8611317,6.788109,5.0394025,7.7069955,2.3746548,7.4609647,10.18395,3.572777,6.510423,8.59845,3.5548437,4.513985,5.9306393,5.35376,7.2176604,5.3667026,6.380374,4.125283,3.8417654,4.228653,4.8260307,5.048664,7.1085544,4.700865,7.7641926,7.668886,3.1888487,5.0687017,6.071775,3.4943147,3.5917206,5.907677,3.7921147,5.390393,4.920581,6.2836366,8.082088,7.700291,2.461313,6.885696,6.803504,5.6860547,8.692621,3.6947222,5.4451694,6.444362,5.096235,5.559735,3.369253,6.34007,5.799785,3.202022,4.357834,5.9831166,5.5366426,5.0176997,3.749539,7.0228524,0.62886345,2.3623936
TCGA-75-7027-01,1.749876,1.9433193,9.827958,5.5475335,6.93809,2.3702214,0.9682713,4.879716,5.317247,4.406104,5.534818,6.7381706,7.487413,8.108005,3.327146,8.32929,3.8733811,5.6242156,7.1588306,5.5150805,8.8434725,7.3509803,7.2316756,2.1664908,9.282532,8.998844,-0.46165794,6.756913,0.32018843,5.734718,5.869876,8.950457,5.4918,6.554832,5.5200157,5.1940947,8.503957,2.4646387,2.6110027,5.3706126,5.7569532,7.344842,6.1918726,4.5728884,6.671335,4.808638,4.5959024,5.1922007,2.3567443,6.8924594,6.210986,6.2401743,7.3118343,4.1655264,4.4399557,-0.3137875,6.0056744,8.355736,5.4042034,5.0894413,4.7723737,6.2106304,5.340229,4.854449,3.8226523,6.6424637,4.89561,7.1355557,7.742242,6.9650955,4.9087887,7.4170957,2.2133586,7.382907,9.93381,3.6205838,6.750515,8.341997,3.3512158,4.6252136,6.387635,5.169264,7.5446925,5.844152,6.363236,3.6988158,3.8281102,4.1120257,4.725632,4.565596,6.9795823,4.430372,7.3280997,7.7644644,3.1641068,4.847272,6.1358356,3.5297668,3.5898597,5.868043,3.8617716,5.2585697,4.655273,6.174338,8.588307,7.660704,2.2496734,6.7174153,6.531881,5.518533,8.488762,3.790799,5.500933,6.6988506,5.017442,6.1852055,3.6811016,6.5355325,6.065988,3.458503,4.942114,6.338387,5.7129107,4.985127,3.727367,7.085435,0.5060365,2.7911615
TCGA-55-6983-01,1.618163,2.4526343,9.776329,5.667722,6.817132,2.5989716,0.97313493,4.911484,5.6792316,4.0400314,5.905798,6.814411,7.6525908,7.512556,3.4732525,8.508033,3.7179785,5.156216,6.7189817,5.4681406,8.842025,7.2969546,7.3509746,2.2863553,9.074645,8.950784,-0.38864192,7.1597958,0.84500897,5.5816813,5.7320533,8.750022,5.253709,6.234683,5.8919144,5.307804,7.9748616,2.326953,2.5576303,5.6178417,6.0371027,7.178389,5.978099,4.809408,6.8736176,4.942743,4.5216756,5.25113,2.7157905,6.549551,6.0711274,6.1101594,7.3183002,4.219413,4.4196453,-0.03872067,5.828574,8.2191515,5.42283,5.112226,4.9764853,6.409957,5.180702,4.6114273,3.7606232,6.931262,4.670033,7.014166,7.544783,6.726618,5.029638,7.54484,2.4370048,7.189232,9.959338,3.9273884,6.8289614,8.24283,3.6311865,4.21833,6.2411275,4.9626236,7.349589,5.8680263,6.2358856,3.5181332,4.057432,3.9846952,4.78101,4.802849,7.3618193,4.6149178,7.328269,7.7572207,2.928022,4.736163,6.142175,3.483198,3.4720235,5.786773,3.8030891,5.4969783,4.524459,6.3550444,8.145608,7.589994,2.097389,6.6618576,6.4832134,5.4812484,8.395781,3.7299461,5.507912,6.7595224,5.0383806,5.927156,3.7060215,6.2675433,6.100152,3.5670824,4.8631754,6.2391934,5.6063867,4.7641854,3.7842143,7.0965133,0.50482285,2.7528796
TCGA-17-Z032-01,1.9085494,1.9864657,9.909989,5.351953,7.374625,2.2147498,0.6758892,4.884029,5.060898,4.952141,6.2785025,7.0872054,8.206915,7.9885187,3.3323882,8.961411,3.6549878,6.0252976,7.27788,5.4003468,9.269906,7.516861,7.630104,1.9422456,9.290156,8.878096,-0.5302439,6.73855,0.405632,5.5274143,5.8073683,9.132779,5.8560987,6.820861,5.717777,5.2636685,8.473059,2.0407243,2.3276043,5.1035357,5.904216,7.488508,6.5786147,4.890459,7.237618,4.8883405,4.782621,5.630001,2.276976,7.0830054,5.94808,6.3988414,7.6674323,4.0341425,4.7988176,-0.45254755,5.8924136,8.799106,5.6936617,4.8956504,4.9501925,6.4509687,6.065267,4.7449846,3.6446035,6.5507617,4.8613787,7.484376,8.071247,7.329025,5.348452,7.6766677,2.166611,7.841482,10.206716,3.4593208,6.5047355,8.916335,3.2787054,5.0827527,6.5328116,5.2229624,7.5600376,5.8961773,6.647269,3.7811286,4.1538367,3.8395052,4.499519,4.311,7.4520135,3.9869423,7.2394834,7.5013175,3.0676022,4.713285,7.529559,3.636386,3.5008843,5.873845,3.8066022,5.5215216,5.0392346,6.1651983,8.983189,7.5798364,2.4263318,7.0607386,6.900958,5.692962,8.325603,4.39962,5.525818,6.4322677,5.3297024,6.105477,3.7138283,6.4130654,6.019033,3.2427907,4.885057,6.329642,5.554908,4.966913,3.5594125,7.168346,0.36933023,2.729914
TCGA-05-5715-01,1.6001393,2.2798705,9.764871,5.8099494,6.8930197,2.6739163,0.956604,5.096738,5.492536,4.0560684,5.6648755,6.8721547,7.740295,7.923955,3.527905,8.777043,3.6464503,5.1914783,7.064617,5.5894666,8.752612,7.276662,7.1588693,2.20645,9.267259,9.157606,-0.5066932,6.9684978,0.5253456,5.5234046,5.611989,8.621595,5.3975954,6.4157515,5.8813996,5.395492,8.142152,2.445568,2.6235104,5.5812373,5.9275846,7.123897,6.1351724,4.807903,6.682846,4.8442883,4.6634893,5.3029404,2.237754,6.6498594,6.2250137,6.1509223,7.3490796,4.2864494,4.450998,-0.037926663,5.924128,8.389456,5.414483,5.0059404,4.830365,6.291147,5.5099506,4.7451844,3.8884609,6.7309065,4.765879,7.1570992,7.699392,6.7030506,5.053521,7.6179543,2.4223042,7.2646823,9.955289,3.735747,6.771654,8.358946,3.5168953,4.3722935,6.051206,5.13579,7.3896327,5.611046,6.2810183,3.7363546,3.8941023,4.1490045,4.819439,4.8433013,7.114894,4.668491,7.5308976,7.7878017,3.0764384,4.929749,6.181637,3.4376469,3.554309,5.8384905,3.8181195,5.376349,4.6088314,6.2552824,8.159433,7.6863427,2.2691061,6.6826267,6.6188226,5.506977,8.527597,3.6637695,5.50145,6.6880136,5.0225706,5.8807645,3.5414727,6.36489,6.002561,3.4249542,4.759554,6.154656,5.6147175,4.8409014,3.7962897,7.078896,0.5344548,2.6081731
TCGA-50-5941-01,1.7801211,2.0710526,9.880918,5.546057,7.007118,2.4152312,1.1309103,4.9387765,5.2370987,4.637885,5.7715373,6.5742507,7.4636035,8.460873,3.4092364,8.555097,4.0952997,5.8190765,7.279378,5.6596036,8.772544,7.3320413,7.1911764,2.2560945,9.339603,9.092859,-0.51279664,6.787723,0.18815099,5.499686,5.978293,8.8081665,5.596364,6.580698,5.640591,5.3517504,8.5978365,2.5475388,2.571981,5.4180264,5.762295,7.2200494,6.3682337,4.536015,6.668418,4.814808,4.5609875,5.3218884,2.129947,6.9392843,6.2131133,6.091874,7.3819585,4.152766,4.5754166,-0.18150683,6.194125,8.359443,5.50502,4.9566293,4.8568954,6.0997534,5.311576,4.923407,3.8830242,6.615633,4.932145,7.2638226,7.7424245,7.0983973,4.7407193,7.444588,2.1004674,7.550651,9.981977,3.5021193,6.616991,8.495634,3.336293,4.7654324,6.319067,5.3615513,7.5322886,5.7204566,6.477771,3.8829248,3.7062654,4.301549,4.726801,4.614177,6.898473,4.4604526,7.463351,7.7186346,3.3176715,4.9782033,5.990892,3.502997,3.5991755,5.904031,3.89593,5.152365,4.9732127,6.062059,8.5817375,7.7340727,2.3631148,6.6985483,6.640444,5.628573,8.48548,3.7594316,5.48538,6.523979,5.057799,6.025256,3.5728178,6.5180097,5.9051332,3.338901,4.7899213,6.306622,5.7365127,5.0688705,3.71126,7.098769,0.546433,2.698924
TCGA-55-8204-01,1.5555401,2.4672801,9.927699,5.913027,6.930077,2.8115504,0.8889355,5.2395177,5.4741664,3.853382,6.1724415,6.9027863,8.063333,7.907361,3.6728456,8.944508,3.402835,5.1708374,7.1899114,5.6528964,8.640972,7.168781,7.224703,2.0382786,9.520296,9.250893,-0.51645553,7.097871,0.4884148,5.210451,5.596671,8.486515,5.541087,6.4555945,6.0018954,5.622512,7.9603667,2.2335591,2.482987,5.4744115,6.006215,7.0215526,6.3636065,4.983839,6.9605103,4.8964586,4.824965,5.6595864,2.090747,6.5443482,6.177664,5.99871,7.484119,4.301429,4.64452,-0.49190572,6.0848017,8.475727,5.615336,4.8169703,5.0557733,6.3946724,5.764117,4.692394,3.7873256,6.674697,4.8321095,7.3535404,7.855799,6.7355876,5.14965,7.7564816,2.4355152,7.415134,10.179182,3.651281,6.550951,8.583566,3.6090143,4.4303627,5.9494224,5.272174,7.2131987,5.4323945,6.33835,4.0303073,3.9725199,4.120102,4.8106494,5.0673585,7.2644367,4.661119,7.676567,7.636562,3.0855064,4.9804206,6.3077765,3.5179605,3.54529,5.8853555,3.7717488,5.4870834,4.8332825,6.3407793,8.04482,7.647983,2.4179702,6.9002466,6.7863135,5.654115,8.628976,3.7722337,5.4542184,6.471713,5.1294227,5.5872536,3.4308107,6.286635,5.8648624,3.2564943,4.3938746,5.9818974,5.497103,4.9462023,3.7456543,7.03182,0.59053624,2.385295
TCGA-55-7907-01,1.5834857,2.2883835,10.027623,5.8920813,6.9353275,2.72995,0.96287644,5.230593,5.3293576,3.998049,6.1015964,6.7444777,7.8156967,8.212092,3.6356344,8.93599,3.5104613,5.457222,7.3243394,5.757857,8.560286,7.1255836,7.110443,2.0173018,9.707514,9.300204,-0.5342275,6.928633,0.14064437,5.225888,5.6473384,8.52507,5.6469173,6.597888,5.879064,5.6572204,8.262699,2.2756345,2.52651,5.399533,5.8327794,7.048606,6.474994,4.799032,6.78773,4.8545084,4.8393197,5.655038,1.9198074,6.6701317,6.328598,5.962756,7.460143,4.3264003,4.618382,-0.43840325,6.3273225,8.439328,5.613923,4.754228,5.0029902,6.22357,5.697977,4.843983,3.829931,6.5176125,5.0072713,7.410465,7.885204,6.855111,4.9998407,7.641843,2.2982678,7.482428,10.161522,3.5106423,6.475361,8.585832,3.491291,4.6315546,6.007904,5.382433,7.2490044,5.363625,6.414654,4.196907,3.7395785,4.285669,4.815323,4.9909244,6.9886823,4.684626,7.7564178,7.6739216,3.2673504,5.1085677,5.924107,3.4964826,3.6467266,5.9347553,3.8055146,5.3025875,4.9630632,6.2609468,8.220155,7.723447,2.5024168,6.8919463,6.7761707,5.710479,8.719455,3.6778076,5.440927,6.449537,5.0577693,5.6252103,3.3464904,6.4086127,5.7679796,3.1762278,4.352848,6.002913,5.5760274,5.07088,3.746114,7.0134726,0.6773124,2.3914928
TCGA-50-7109-01,1.6994799,2.0575697,9.841472,5.636911,6.897702,2.499003,0.99455863,4.964302,5.3786297,4.2459836,5.6940894,6.669205,7.5507803,8.203312,3.3975575,8.522708,3.9204245,5.5498753,7.171743,5.5915084,8.740473,7.2714777,7.157658,2.1458178,9.306354,9.130282,-0.47526598,6.8101873,0.22040561,5.5732126,5.827729,8.778131,5.458423,6.537925,5.591915,5.293252,8.427007,2.4903052,2.5454211,5.4681635,5.752183,7.2407427,6.248913,4.590356,6.6742578,4.8163314,4.629467,5.294704,2.1527867,6.815628,6.288819,6.134579,7.3164988,4.216252,4.4623766,-0.48400506,6.155446,8.34615,5.47651,4.996429,4.8447456,6.2103415,5.3815756,4.867598,3.840428,6.664134,4.8843093,7.1843715,7.7255173,6.92737,4.8500805,7.4564905,2.248695,7.427642,10.048901,3.599268,6.6993647,8.376538,3.393644,4.556163,6.2234626,5.2364373,7.4406285,5.740598,6.352236,3.8220708,3.7636478,4.217338,4.776729,4.747989,6.923354,4.5142207,7.5205245,7.7908363,3.2014902,4.923067,6.081267,3.5078099,3.591351,5.8828926,3.8482604,5.228523,4.7120647,6.2020164,8.377435,7.68373,2.2789786,6.746265,6.5855665,5.562377,8.611388,3.6927836,5.486168,6.6522207,4.98451,6.020672,3.582566,6.5190783,5.966913,3.3740807,4.781916,6.2549458,5.6906886,5.0353637,3.7395244,7.0765705,0.49322993,2.6758568
TCGA-73-4668-01,1.763195,1.9278585,9.79046,5.603732,7.016439,2.4423895,1.0752895,5.0285196,5.163467,4.5178924,5.4776406,6.6666737,7.4637537,8.508469,3.379165,8.555065,3.9970703,5.6980934,7.4017105,5.6565175,8.79735,7.354265,7.114615,2.2519417,9.35149,9.200902,-0.5747962,6.683069,0.13219011,5.636359,5.8090396,8.803447,5.597169,6.641705,5.577722,5.28942,8.628599,2.614657,2.6408453,5.4092407,5.71483,7.266104,6.3280034,4.5227804,6.4812584,4.7606964,4.6065245,5.196865,1.9723023,6.966881,6.320392,6.19525,7.3501234,4.2323227,4.45273,-0.07664585,6.129457,8.464095,5.3989334,4.968183,4.701763,6.0637465,5.4215307,4.965648,3.954126,6.56914,4.919667,7.231961,7.7785645,7.0129056,4.801801,7.4609714,2.1453729,7.4496093,9.907397,3.4946778,6.7026486,8.417569,3.2884488,4.763369,6.2576537,5.2920194,7.5674686,5.671579,6.443932,3.85696,3.670132,4.305086,4.7422385,4.5877934,6.797297,4.4988546,7.4922748,7.800805,3.3194988,5.009291,6.0625353,3.431363,3.6501155,5.8864117,3.9041502,5.145471,4.828041,6.0537195,8.575815,7.7829323,2.3767262,6.643308,6.604518,5.559137,8.5608225,3.676008,5.509196,6.640845,4.986108,6.109783,3.5414357,6.568011,5.9566264,3.3678057,4.826868,6.335276,5.767458,5.01375,3.7662475,7.108087,0.5340154,2.6610563
TCGA-55-1592-01,1.7402432,1.9146891,9.8122,5.6006026,7.0017934,2.4331532,1.0875351,5.0098386,5.1813726,4.523079,5.512792,6.656154,7.4591136,8.481944,3.3892872,8.557773,3.9569159,5.7126403,7.3465705,5.6667233,8.813706,7.3310056,7.1091013,2.2519066,9.372699,9.178559,-0.57647544,6.6887283,0.1079801,5.6401806,5.8156233,8.81883,5.602391,6.646331,5.5892057,5.2969756,8.637405,2.586531,2.6490529,5.4042125,5.694004,7.2730103,6.3269067,4.515952,6.492283,4.7552032,4.6168046,5.2132354,1.9919775,6.959961,6.3210783,6.1909347,7.35241,4.2355595,4.448627,-0.068724826,6.1509366,8.451731,5.4059067,4.963753,4.7195635,6.052395,5.3950915,4.975743,3.944829,6.5541563,4.9494944,7.23636,7.7782307,7.023866,4.808383,7.441316,2.1341007,7.4388895,9.915303,3.4909906,6.685265,8.417561,3.2883523,4.778105,6.2821546,5.277976,7.5582004,5.6592207,6.448476,3.8683794,3.6623433,4.300616,4.737053,4.5714583,6.8000255,4.498432,7.481881,7.791746,3.333998,5.0210533,5.994093,3.4410274,3.66251,5.89109,3.9080527,5.1447077,4.832818,6.0543694,8.603257,7.7784624,2.378363,6.660138,6.5935416,5.5700536,8.550193,3.6791918,5.5027785,6.625589,4.9899926,6.104394,3.5428436,6.578344,5.952212,3.3641553,4.8260655,6.330952,5.771481,5.0305753,3.7626317,7.0892177,0.5465085,2.6843762
TCGA-44-A4SU-01,1.5791477,2.552317,9.843066,5.85863,6.867629,2.809105,0.8938397,5.186666,5.580144,3.7737947,6.0515985,6.8680325,7.9351225,7.80126,3.6073527,8.76676,3.5243378,5.0663795,7.0923486,5.572129,8.624193,7.2074556,7.2670264,2.1375976,9.322279,9.207261,-0.431123,7.1966496,0.67805237,5.280498,5.6461782,8.503749,5.387509,6.329215,5.965221,5.5090313,7.88961,2.3035207,2.4686325,5.5476418,6.0622954,7.0220027,6.224024,4.9528008,6.947312,4.9383006,4.7270317,5.5248523,2.2734594,6.503292,6.1363425,5.9980655,7.3911166,4.267326,4.5765696,-0.45099363,5.981116,8.366266,5.5716248,4.9214907,5.0300894,6.4549603,5.5626497,4.6260753,3.7722301,6.8024797,4.7218227,7.221986,7.730398,6.654077,5.0460587,7.716358,2.5027351,7.348092,10.145037,3.7755647,6.660426,8.448305,3.655583,4.2595444,5.970739,5.1907125,7.2209063,5.58263,6.2561445,3.8633373,4.025943,4.0644293,4.846038,5.0829425,7.2897873,4.6853967,7.605718,7.6901755,2.9817927,4.8650646,6.2649097,3.521043,3.4891791,5.846311,3.7565193,5.530149,4.690333,6.3924246,7.9388194,7.6073813,2.2959843,6.8100777,6.6911645,5.575335,8.602554,3.7256918,5.4630013,6.5957046,5.087011,5.645565,3.5160737,6.244749,5.945712,3.3731256,4.5113015,6.030637,5.4973516,4.865026,3.7689106,7.060592,0.5626199,2.446215
TCGA-55-7815-01,1.6039286,2.2753332,9.9300785,5.7884135,7.0067506,2.693671,0.89693975,5.2132072,5.4025445,4.0175643,6.0498867,6.8675385,7.9793706,8.005268,3.5934162,8.877484,3.4441395,5.352658,7.226839,5.6446896,8.724154,7.2376266,7.234795,2.0688567,9.5237,9.249299,-0.5199245,7.0181293,0.38066116,5.2775373,5.709794,8.59936,5.5843735,6.51743,5.900649,5.519755,8.164657,2.2615285,2.4741347,5.431793,5.9106007,7.0762453,6.404778,4.9268565,6.932559,4.8737206,4.821566,5.6156106,2.107712,6.6899786,6.1876955,6.0898104,7.496391,4.253627,4.6466475,-0.48834705,6.104052,8.519051,5.630049,4.8387055,4.9779606,6.3616357,5.758158,4.7449083,3.793709,6.6303144,4.8552947,7.384377,7.889255,6.837738,5.079394,7.7004104,2.3900611,7.4906793,10.185283,3.5773244,6.550123,8.625509,3.5048604,4.548802,6.044011,5.3197765,7.288251,5.5235276,6.393402,3.996961,3.933293,4.1052732,4.785039,4.8987684,7.1912165,4.58144,7.651185,7.6628995,3.1203358,4.9716816,6.225992,3.534458,3.5555727,5.8876295,3.7842872,5.4553547,4.8578544,6.2726393,8.198,7.662644,2.4135427,6.9113393,6.815459,5.64654,8.62536,3.8100026,5.4575715,6.4747233,5.152318,5.665879,3.4651911,6.3500137,5.8862,3.2414143,4.5118656,6.0459538,5.524795,4.9870105,3.7150438,7.0409403,0.54897195,2.4529157
TCGA-MP-A4TI-01,1.7280558,2.170874,9.822154,5.527108,6.9753356,2.404178,1.0680245,4.8627696,5.4207544,4.544763,5.752616,6.7283797,7.5380654,8.023955,3.4123163,8.505546,3.8881745,5.5966706,6.968566,5.5365405,8.9032755,7.392963,7.307774,2.3260703,9.176694,8.938403,-0.44885898,6.9416833,0.5444539,5.603156,5.954795,8.881016,5.4557304,6.4237885,5.758522,5.268366,8.393373,2.4347103,2.6067295,5.4887204,5.8886943,7.2341146,6.161236,4.685202,6.78732,4.870737,4.514593,5.255237,2.5000205,6.828757,6.06641,6.1860175,7.367818,4.125443,4.53557,0.064596936,5.917311,8.320305,5.447879,5.0773244,4.8600435,6.2300744,5.2528915,4.7703876,3.8261988,6.748096,4.8004165,7.1468267,7.6644382,6.970962,4.898871,7.4670596,2.2367752,7.4046345,9.899363,3.6976304,6.737675,8.412123,3.4313014,4.5723906,6.3751736,5.169961,7.5234866,5.842347,6.4011693,3.6151078,3.9095218,4.0921173,4.7160845,4.5441947,7.1609263,4.472534,7.288765,7.715782,3.1210306,4.837039,6.0617847,3.510134,3.523488,5.838914,3.862947,5.3340583,4.7783227,6.136858,8.519239,7.6538296,2.2131596,6.6710153,6.588012,5.5439353,8.324893,3.8348334,5.5022807,6.6213183,5.108422,6.05196,3.69639,6.3988442,6.0451045,3.473449,4.9671397,6.3188605,5.681272,4.9027405,3.7148561,7.105063,0.530323,2.823012
TCGA-86-8056-01,1.5869553,2.6874688,9.774998,5.8851876,6.7338324,2.8250341,0.99310756,5.0389433,5.6823783,3.8135946,6.042795,6.7723,7.743445,7.6871824,3.6088965,8.661006,3.6831045,4.969712,6.934669,5.5680833,8.570066,7.1917624,7.2323685,2.1886892,9.228173,9.139992,-0.42114657,7.180732,0.76611024,5.368309,5.567319,8.469839,5.2399807,6.2208223,5.970888,5.512671,7.788413,2.3601356,2.5279503,5.6738276,6.112116,7.0455894,6.0533886,4.8598256,6.8104706,4.941853,4.543698,5.3519425,2.3836386,6.382338,6.1718593,5.917797,7.3122883,4.322818,4.457709,-0.289957,5.9811244,8.22495,5.443373,4.9704685,5.0587792,6.3769417,5.275239,4.6196847,3.8096833,6.940507,4.6649194,7.05633,7.5572925,6.614751,5.0247407,7.6405296,2.465444,7.166738,9.9807415,3.9220784,6.778805,8.243105,3.7364297,4.09422,5.9810915,5.035837,7.214057,5.659877,6.2009096,3.7417996,3.9705575,4.154881,4.8436494,5.1382914,7.2997136,4.7697716,7.5423403,7.7520037,2.9845698,4.8553376,6.19683,3.41979,3.4877274,5.8118033,3.7939065,5.440456,4.61247,6.3914776,7.8403363,7.6305094,2.1807601,6.6519446,6.5305243,5.5391684,8.541988,3.5799506,5.497059,6.7057405,4.9648747,5.7215815,3.5459607,6.2231736,5.9655476,3.4746678,4.5571337,6.1180797,5.5859356,4.794342,3.8280516,7.103577,0.55626595,2.5233312
TCGA-95-7944-01,1.5752534,2.5794942,9.792597,5.77096,6.794398,2.7659662,0.93618816,5.0494113,5.727856,3.826142,6.1122527,6.803327,7.8614483,7.583784,3.5634089,8.609879,3.636561,5.0036926,6.853497,5.5175457,8.729944,7.2113547,7.3181267,2.1992867,9.164024,9.111527,-0.40397188,7.237888,0.79932547,5.3721237,5.6864514,8.55149,5.2515163,6.228122,5.953236,5.415539,7.8106127,2.309254,2.4485233,5.6424394,6.065829,7.0718236,6.085597,4.904776,6.986175,4.950017,4.6133847,5.4246445,2.4634633,6.454016,6.1114264,6.0043664,7.354757,4.2567205,4.497724,-0.47064924,5.9571795,8.290158,5.5350785,5.002223,5.077735,6.4746966,5.371743,4.59428,3.7472231,6.9479976,4.6477966,7.104275,7.601667,6.671294,5.0372834,7.6463275,2.500322,7.264728,10.134884,3.886252,6.7473516,8.334515,3.6960835,4.1315246,6.0414715,5.0499835,7.219913,5.749934,6.213368,3.6870496,4.068013,4.0345125,4.825033,5.0285344,7.3686957,4.6610847,7.5277853,7.734332,2.9309268,4.7867184,6.3081636,3.5066726,3.4512544,5.8100376,3.7731097,5.5240483,4.5818887,6.4120464,7.894225,7.579543,2.1577277,6.762805,6.5860057,5.536417,8.545644,3.6951325,5.4829645,6.6624556,5.0503683,5.7207403,3.6118042,6.242103,6.0106506,3.4584155,4.6498804,6.11896,5.53903,4.8418603,3.7755647,7.0767455,0.46531284,2.5675857
TCGA-55-7910-01,1.5734836,2.1684568,9.971569,5.8254666,6.974808,2.6753626,0.9301526,5.178322,5.3836484,4.0776258,6.0465693,6.820016,8.023646,8.13795,3.6103652,8.940016,3.4652019,5.391489,7.2354383,5.6989565,8.722557,7.1769066,7.1489897,2.0181105,9.588075,9.253587,-0.5657564,6.9202423,0.1965892,5.286512,5.715771,8.601265,5.623832,6.5867414,5.846773,5.542985,8.225816,2.2930243,2.5030293,5.418164,5.814086,7.0963087,6.4387593,4.8652363,6.905157,4.8135858,4.8594484,5.6473722,1.9547898,6.7187724,6.242656,6.084073,7.4991174,4.265957,4.6482005,-0.62306255,6.2067604,8.528145,5.634223,4.815461,4.985301,6.2848115,5.8084536,4.8283534,3.8136613,6.559409,4.948,7.416918,7.923821,6.8840685,5.0753903,7.6589684,2.3200383,7.5242906,10.213521,3.4989114,6.505397,8.645144,3.4598522,4.6073647,6.0304914,5.37112,7.2995515,5.450403,6.4084263,4.080286,3.8486629,4.1854167,4.778876,4.903024,7.0898867,4.5618577,7.695808,7.65644,3.2208662,5.0534725,6.218142,3.550368,3.6003985,5.9231462,3.8108387,5.358726,4.89193,6.2283716,8.255604,7.681663,2.4531803,6.9517536,6.813935,5.6800404,8.654637,3.793788,5.4447,6.4092035,5.138543,5.699959,3.4371023,6.438708,5.845694,3.1911366,4.498355,6.037731,5.56142,5.092914,3.7011611,7.0017147,0.5328891,2.4699078
TCGA-86-8281-01,1.5702844,2.6116357,9.796165,5.767211,6.7649345,2.7352889,0.93947774,4.9902854,5.762473,3.8171914,6.0903163,6.8240604,7.789339,7.4168525,3.5510435,8.557873,3.5989237,4.976587,6.731169,5.486206,8.747679,7.222652,7.351305,2.2188773,9.142944,9.026434,-0.3814217,7.258312,0.8977801,5.4474454,5.6546497,8.614267,5.2195106,6.1825266,5.96955,5.404486,7.7781377,2.26374,2.4933913,5.6456747,6.1007676,7.10341,6.0006504,4.899179,6.9663706,4.9698553,4.5678654,5.3607006,2.6513398,6.4183717,6.083402,6.0147076,7.3375883,4.2632895,4.448394,-0.28908852,5.8858843,8.223807,5.479348,5.051356,5.0803924,6.4811196,5.2558904,4.559511,3.7304146,6.979427,4.6420026,7.0376277,7.551443,6.646336,5.0774336,7.6193004,2.5053732,7.172911,10.053079,3.9622073,6.7916565,8.258058,3.7262065,4.094051,6.112553,4.965297,7.2307506,5.7995167,6.1932645,3.6044784,4.0978084,3.987757,4.8136005,4.9929633,7.433769,4.6815796,7.4347463,7.7368217,2.8899531,4.746053,6.217491,3.4891317,3.4514713,5.790065,3.773932,5.550694,4.523781,6.437466,7.9321194,7.5692515,2.1114523,6.7174163,6.515944,5.5101337,8.479149,3.6921966,5.4938393,6.7236915,5.0349107,5.77079,3.6522956,6.2115245,6.054368,3.5261955,4.699241,6.1492877,5.551384,4.774505,3.7939181,7.0819387,0.49868914,2.6318965
TCGA-L9-A8F4-01,1.5987221,2.1318395,9.942447,5.8867035,6.9807487,2.7251203,0.97298306,5.3027134,5.2531414,4.0393715,5.805369,6.7825046,7.8390865,8.362425,3.6036398,8.910761,3.515188,5.4127064,7.469986,5.7632837,8.599718,7.169143,7.050492,2.0500643,9.675713,9.374054,-0.59973276,6.852754,0.090357564,5.3024487,5.6361046,8.534128,5.681059,6.635618,5.815753,5.5821576,8.341259,2.4132693,2.5778532,5.378427,5.782959,7.0639153,6.4834347,4.784847,6.6855307,4.783546,4.8688703,5.5633097,1.7850995,6.763201,6.351621,6.044586,7.457659,4.32084,4.5895286,-0.41787562,6.255751,8.532411,5.5648885,4.7964354,4.8760457,6.19297,5.7808194,4.898407,3.9052866,6.4743605,4.9986587,7.4202113,7.932748,6.8355026,4.979978,7.663596,2.2992046,7.468475,10.125282,3.4398353,6.5165343,8.593431,3.4183955,4.670034,5.970634,5.425423,7.3413496,5.3446116,6.402799,4.177339,3.7223291,4.300671,4.8251734,4.9351163,6.897988,4.6622443,7.7626634,7.703401,3.2983694,5.1331186,6.0331955,3.4929402,3.6605477,5.93872,3.8281395,5.2727127,4.9070644,6.195642,8.262976,7.7567577,2.5390656,6.853297,6.7902584,5.6585274,8.730933,3.6660407,5.447876,6.4599633,5.0684876,5.703785,3.353138,6.4776974,5.812836,3.1914463,4.433044,6.0317874,5.5997143,5.0746336,3.75869,7.0083714,0.62234855,2.384994
TCGA-17-Z045-01,1.8676643,1.9499115,9.889261,5.3521676,7.401634,2.2292094,0.6549989,4.9245787,5.073124,4.9148364,6.26365,7.1370373,8.220299,7.9647117,3.352359,8.951781,3.6071117,5.9901485,7.286882,5.3907595,9.279521,7.534094,7.6169896,1.9095272,9.263573,8.912371,-0.5629814,6.7414694,0.39565977,5.527243,5.7763524,9.12717,5.855293,6.84354,5.722656,5.230246,8.460905,2.0525086,2.3265104,5.139517,5.9006133,7.472874,6.5872097,4.900283,7.248213,4.874086,4.806944,5.634867,2.305177,7.0932374,5.9215484,6.475781,7.668098,4.024736,4.8208604,-0.5071848,5.8843594,8.779636,5.707902,4.8890114,4.905385,6.4736075,6.1026564,4.7389235,3.6534982,6.5463467,4.8289857,7.508186,8.110066,7.316733,5.3589745,7.7044992,2.1917226,7.8618264,10.23279,3.4359248,6.507653,8.95185,3.2629335,5.094334,6.5100346,5.222389,7.5653687,5.8517146,6.6474876,3.7746558,4.2060857,3.7941618,4.4939466,4.3196836,7.4640393,3.9379313,7.2426224,7.4946537,3.0510988,4.7210097,7.48445,3.653188,3.487788,5.8706155,3.8069437,5.5712028,5.018507,6.1489744,8.957382,7.5686903,2.4285429,7.097378,6.9323025,5.6847396,8.324297,4.447594,5.5234766,6.4015865,5.370977,6.138713,3.7233453,6.418755,6.0414124,3.2311041,4.879912,6.3153877,5.5347433,4.9781737,3.5443327,7.1539636,0.34607753,2.7192066
TCGA-99-8033-01,1.5871013,2.118454,9.972054,5.871815,6.9500937,2.700854,1.020981,5.2317333,5.292541,4.0967665,5.9207535,6.7081814,7.8467627,8.405456,3.6093886,8.9254675,3.5995588,5.4582224,7.393114,5.787297,8.616062,7.1411905,7.036803,2.0467598,9.671938,9.350094,-0.60505766,6.833041,0.01823285,5.2855997,5.693183,8.539202,5.661239,6.6325126,5.7975087,5.5928664,8.357467,2.41528,2.5604224,5.4181767,5.7468867,7.0676785,6.4804354,4.7432685,6.7155504,4.7786236,4.837862,5.590015,1.7441735,6.755563,6.3628345,6.0143585,7.461105,4.3169236,4.5963907,-0.5408585,6.3360405,8.502187,5.585532,4.7815843,4.9317765,6.1570673,5.7417183,4.9232807,3.8943844,6.4989824,5.015906,7.417387,7.9027414,6.895677,4.953535,7.617394,2.2478175,7.5038257,10.158521,3.4329515,6.4970813,8.595364,3.4183013,4.670397,5.9825816,5.4384203,7.3242316,5.3516145,6.4204383,4.1905417,3.6871986,4.3466434,4.8109407,4.940129,6.884505,4.6441045,7.784932,7.705725,3.341306,5.156963,6.0097632,3.493599,3.6634846,5.9467134,3.8443792,5.2193284,4.948399,6.1754823,8.269678,7.75985,2.514414,6.8701215,6.7794423,5.689885,8.733576,3.6551485,5.4452434,6.422458,5.0568957,5.707616,3.357266,6.5014906,5.7831807,3.1695569,4.4289227,6.049972,5.6275296,5.1362653,3.7429345,7.0025535,0.5930748,2.417473
TCGA-44-3918-01,1.6055824,2.2412608,9.875565,5.8140187,6.8835807,2.6612015,1.0088737,5.096703,5.4203944,4.109607,5.809807,6.734054,7.647621,8.110833,3.5454636,8.847078,3.7199695,5.386199,7.130276,5.685413,8.663476,7.201637,7.0916295,2.1452498,9.430803,9.2104,-0.520634,6.8941526,0.26884106,5.4338493,5.6456065,8.593875,5.483953,6.5105824,5.835774,5.482831,8.27757,2.4261034,2.594832,5.535786,5.8267465,7.115943,6.266523,4.708131,6.643406,4.82761,4.6925178,5.3941135,2.0900686,6.689407,6.3224525,6.0594645,7.3642607,4.3104286,4.4809365,-0.13645262,6.1724772,8.3595,5.4784336,4.90385,4.8876457,6.1962037,5.4823775,4.8413763,3.887664,6.6356077,4.8967395,7.2390633,7.734832,6.8095284,4.9548264,7.563485,2.3201957,7.3503146,10.02161,3.6263654,6.6580715,8.409338,3.4730833,4.5031786,6.062841,5.23513,7.351282,5.5395327,6.347464,3.9269047,3.7415931,4.2788787,4.8181005,4.875413,6.971803,4.679011,7.6353645,7.776943,3.21423,5.0320787,5.950441,3.440314,3.6169317,5.884368,3.8343008,5.2604294,4.767294,6.224295,8.214553,7.7262583,2.351441,6.7326155,6.6414433,5.59452,8.619053,3.6104112,5.4804177,6.608704,4.988996,5.820294,3.4559267,6.4306536,5.8858957,3.3210776,4.6247134,6.1314096,5.6485543,4.967026,3.7830184,7.0562267,0.58453315,2.5641105
TCGA-55-8087-01,1.5740279,2.6246989,9.82984,5.8851066,6.8251333,2.8298583,0.9084861,5.1549463,5.619233,3.7448738,6.0675926,6.8624616,7.9129405,7.746779,3.6204758,8.737229,3.534511,5.0112615,7.044208,5.5629444,8.593385,7.1967998,7.2687874,2.143872,9.301243,9.179838,-0.41761202,7.219391,0.73590696,5.287557,5.6190267,8.487084,5.3453083,6.28532,5.983256,5.5264125,7.825419,2.3022492,2.4838614,5.5741115,6.1019106,7.01619,6.1738167,4.952428,6.93571,4.9502897,4.6872525,5.4978065,2.3144584,6.446985,6.1258464,5.96522,7.370208,4.278693,4.5578074,-0.4181438,5.9574127,8.320588,5.5425053,4.937049,5.0528646,6.455652,5.498525,4.6031833,3.7703655,6.843385,4.702459,7.176736,7.6870713,6.620846,5.057107,7.7111006,2.5088155,7.2952447,10.104684,3.828772,6.6869984,8.396618,3.6978707,4.1954474,5.965084,5.1507874,7.2066474,5.589283,6.2302437,3.8374386,4.0360875,4.069832,4.8507643,5.125604,7.319981,4.7156105,7.5820303,7.690917,2.962918,4.852028,6.2593107,3.5051413,3.4806345,5.8375044,3.7579253,5.5302477,4.665045,6.4114065,7.8949113,7.6008363,2.2675738,6.7760844,6.6516495,5.566377,8.579933,3.7008605,5.467828,6.6198554,5.064361,5.6491437,3.5253828,6.2196116,5.953286,3.4054482,4.502563,6.0346155,5.503859,4.8359203,3.7839408,7.067603,0.5765648,2.454612
TCGA-62-8394-01,1.7434103,2.021108,9.938275,5.5625463,6.9118166,2.386485,1.0388143,4.867742,5.316206,4.4452786,5.7151194,6.617477,7.446078,8.182658,3.3734212,8.433756,3.9085128,5.75606,7.126182,5.589899,8.739027,7.270966,7.203514,2.1443775,9.377014,8.983314,-0.4414965,6.7969923,0.21518679,5.597208,5.941566,8.907478,5.550877,6.5640664,5.5543284,5.303775,8.544598,2.4342964,2.5828006,5.338811,5.7340612,7.293194,6.2877426,4.5258317,6.7178173,4.8169765,4.612811,5.3036647,2.3641155,6.884699,6.2125287,6.109979,7.3289204,4.1462317,4.515385,-0.3496382,6.166262,8.251926,5.490864,5.030279,4.8824344,6.177388,5.246619,4.8914547,3.799572,6.5910506,4.998523,7.201028,7.743739,7.025369,4.808557,7.395192,2.1486752,7.453732,10.002931,3.5586598,6.628888,8.400317,3.3629465,4.6849585,6.402773,5.2806134,7.503135,5.7868276,6.397214,3.8526034,3.7498095,4.1938205,4.741499,4.6418333,6.9371877,4.4535255,7.3797708,7.7048573,3.2487042,4.903879,5.875813,3.5776973,3.6096764,5.9115014,3.864035,5.2033544,4.8113985,6.173675,8.600694,7.661452,2.3206818,6.7598925,6.5519576,5.5975885,8.502377,3.7790456,5.4662013,6.5896583,5.0365534,6.085533,3.631078,6.543887,5.9666333,3.39394,4.8180447,6.2790422,5.7072706,5.070933,3.7077816,7.0479407,0.5682485,2.7680814
TCGA-78-7153-01,1.7650877,2.3959098,9.800074,5.604072,6.751635,2.5020833,1.0591217,4.7956495,5.519455,4.165241,5.725837,6.597487,7.2796497,7.7660103,3.3558054,8.204839,4.0968704,5.4036536,6.9302835,5.482384,8.6435,7.2872343,7.294411,2.2646341,9.109282,8.921704,-0.34555027,7.0068655,0.689893,5.678166,5.799099,8.832846,5.2873898,6.2894673,5.6185308,5.2703238,8.175532,2.4853408,2.5892613,5.508937,5.9704123,7.271737,6.001798,4.5211873,6.6638255,4.918464,4.3974895,5.070345,2.7320166,6.644402,6.160603,6.004123,7.207771,4.196883,4.354638,-0.15945733,5.9652524,8.042128,5.3440824,5.1558285,4.940966,6.2800293,4.8443527,4.722743,3.7855332,6.8913803,4.7792215,6.9287605,7.481318,6.820933,4.7790475,7.4097033,2.2644544,7.184047,9.855384,3.8779116,6.834458,8.09229,3.5725305,4.29931,6.368348,5.029741,7.440028,5.974652,6.2331862,3.6007528,3.8731456,4.1462383,4.788629,4.8279223,7.1151977,4.595777,7.267689,7.7743883,3.0538168,4.7304916,5.93491,3.482365,3.5257738,5.8241963,3.8472028,5.2892494,4.5752325,6.321806,8.279938,7.627819,2.1289208,6.539211,6.3258452,5.481843,8.446502,3.6237981,5.5084586,6.8293395,4.908345,6.1190424,3.7194915,6.379046,6.0731583,3.6219053,4.8387675,6.348183,5.721721,4.8337784,3.814345,7.1265035,0.5553825,2.7763686
TCGA-55-6642-01,1.7350831,1.9486314,9.854413,5.5671916,6.9245343,2.391967,0.9475051,4.896476,5.3188844,4.340786,5.5964603,6.7435207,7.5392604,8.082378,3.344309,8.306208,3.8108256,5.599366,7.179213,5.519033,8.823306,7.3186626,7.2348595,2.1234112,9.334023,9.0133915,-0.46354344,6.768905,0.30398348,5.709613,5.85277,8.942056,5.509731,6.5666423,5.509822,5.2165184,8.466433,2.426655,2.5929935,5.3378115,5.755005,7.346779,6.2179604,4.5890903,6.710654,4.8071556,4.6320086,5.2372465,2.337722,6.8690143,6.2149997,6.2204156,7.3220215,4.175218,4.4510403,-0.45176324,6.03436,8.369297,5.4266047,5.066736,4.805776,6.228079,5.37068,4.85291,3.8005636,6.6277714,4.9196825,7.15514,7.7716312,6.9603376,4.9289985,7.4284396,2.2152312,7.3864427,9.973302,3.608912,6.7193213,8.355595,3.3663566,4.6243567,6.3795834,5.1721697,7.512544,5.8201056,6.3579392,3.7502058,3.8404863,4.0988746,4.724936,4.606741,6.9926887,4.425365,7.3432198,7.741806,3.166245,4.851322,6.1614995,3.5501883,3.5971348,5.8775635,3.8555627,5.2760725,4.6596465,6.1997895,8.57395,7.6484585,2.2708619,6.759873,6.5362353,5.5359507,8.518945,3.8013518,5.4909534,6.6749005,5.0227566,6.156764,3.670208,6.5403566,6.055255,3.440716,4.8822126,6.314048,5.698924,5.012615,3.7231634,7.067401,0.5107876,2.7588418
TCGA-05-4432-01,1.7667333,2.0957122,9.942182,5.639387,6.8214865,2.4495912,1.0476067,4.8894324,5.283089,4.2725925,5.6441855,6.5477605,7.316025,8.160339,3.3621593,8.307588,3.9860249,5.6766233,7.242529,5.6092196,8.579266,7.2143273,7.1535797,2.1162515,9.430173,9.040611,-0.42781827,6.7783866,0.22181387,5.631834,5.807796,8.859295,5.527991,6.546498,5.4708467,5.3447766,8.480501,2.4824069,2.6114972,5.3118467,5.755708,7.3064055,6.25165,4.4280586,6.5794854,4.820236,4.5783153,5.207916,2.3794756,6.817048,6.306388,6.01619,7.261879,4.217726,4.4163823,-0.3943771,6.2231646,8.157055,5.413235,5.0294785,4.8856907,6.143355,5.1068172,4.908762,3.8161106,6.6069446,5.0289826,7.121716,7.6909885,6.953781,4.739735,7.3776183,2.1319535,7.3442545,9.9421215,3.6051204,6.659079,8.248271,3.4100125,4.605758,6.3768797,5.2453127,7.469982,5.78622,6.337412,3.9215984,3.674525,4.272249,4.7792926,4.7817874,6.844661,4.546192,7.402227,7.7375817,3.2712314,4.9100094,5.793896,3.529982,3.6508386,5.9145985,3.8694673,5.145391,4.7531486,6.233669,8.517461,7.691492,2.3357127,6.6747565,6.431324,5.5793657,8.593318,3.6341212,5.470495,6.6860247,4.9179173,6.113035,3.5910988,6.552706,5.951555,3.4436147,4.7021837,6.289927,5.7486677,5.0456686,3.7759268,7.0584106,0.6201457,2.6903021
TCGA-95-8039-01,1.553664,2.6612663,9.846015,5.941508,6.6999407,2.8576658,0.9913393,5.08341,5.674971,3.6925888,6.072726,6.7561893,7.797756,7.679693,3.6364455,8.6256485,3.6355112,4.938204,6.9868784,5.6021447,8.512003,7.1148753,7.2031074,2.1305766,9.335339,9.155159,-0.43434715,7.188893,0.70729876,5.337878,5.550458,8.459334,5.294504,6.2397895,5.9446297,5.5708656,7.7637415,2.3449273,2.5400448,5.6131687,6.0825973,7.0334163,6.0933714,4.850639,6.8464327,4.923534,4.618238,5.4164557,2.3729398,6.3671155,6.192894,5.8711205,7.3252788,4.335528,4.466828,-0.4963524,6.0336227,8.207555,5.4663167,4.961422,5.10415,6.382477,5.298192,4.6407995,3.7920249,6.885154,4.752495,7.0877614,7.5983787,6.598518,5.025879,7.6503186,2.4496114,7.161608,10.037891,3.8759084,6.7157364,8.254528,3.7443964,4.110774,5.9701705,5.091035,7.1895595,5.594748,6.1799493,3.8527424,3.9564657,4.1703377,4.8625083,5.209349,7.2654085,4.7895036,7.575922,7.7149706,3.0213742,4.889258,6.1356606,3.4661496,3.516778,5.844743,3.7915144,5.426102,4.619359,6.425705,7.847571,7.6264353,2.2423809,6.705061,6.5231867,5.56367,8.592757,3.5719547,5.472032,6.6532407,4.9729033,5.687764,3.518054,6.2574897,5.93938,3.4515314,4.4600616,6.063549,5.57311,4.858271,3.8288498,7.0520144,0.58044684,2.4769766
TCGA-55-7816-01,1.553323,2.359672,9.983324,5.926667,6.9339433,2.8064356,0.9796833,5.2897167,5.3878903,3.911613,6.14411,6.770209,7.953234,8.19714,3.6817577,8.965881,3.4517765,5.297778,7.3249564,5.759009,8.57324,7.1259913,7.125602,2.0530388,9.66595,9.35165,-0.5565493,7.0174146,0.23997803,5.163054,5.649083,8.451666,5.6146455,6.5287414,5.9471827,5.6741047,8.133929,2.2980945,2.5052226,5.4476542,5.893421,6.988135,6.4626703,4.8878713,6.855308,4.85959,4.8449063,5.6882625,1.8555533,6.613377,6.282298,5.9420676,7.4861197,4.3283668,4.6452036,-0.53058654,6.2738895,8.485551,5.633826,4.748912,5.035703,6.269883,5.7568755,4.801054,3.8377728,6.5843387,4.9342804,7.416706,7.881373,6.8063364,5.0228734,7.7028904,2.3455932,7.473431,10.195791,3.5352123,6.483246,8.612744,3.54295,4.5462327,5.9211273,5.3899045,7.217976,5.3271956,6.390615,4.181028,3.8114448,4.260401,4.8267555,5.063638,7.069659,4.704525,7.790651,7.660965,3.228922,5.10148,6.0477114,3.498318,3.6101475,5.921841,3.8016036,5.3613186,4.9529004,6.269771,8.099403,7.714768,2.4934156,6.895925,6.808903,5.702662,8.717193,3.6817782,5.438811,6.415124,5.094687,5.551088,3.348729,6.3650203,5.7784486,3.181123,4.319103,5.9764757,5.5473075,5.0552583,3.7495852,7.0098553,0.6375918,2.3395338
TCGA-35-4123-01,1.6982776,2.131624,9.868853,5.6312323,6.8665442,2.514999,0.97932065,4.9350204,5.4166913,4.216506,5.809579,6.6171684,7.5097365,8.197443,3.390904,8.681718,3.9878592,5.6307635,7.074117,5.5944715,8.6838665,7.2262735,7.145294,2.0950685,9.2566395,9.1131735,-0.42879623,6.8316865,0.15209766,5.5016937,5.8533177,8.743168,5.430073,6.545832,5.6069207,5.3101044,8.437972,2.4681292,2.4745913,5.493528,5.7368345,7.226985,6.2841997,4.550016,6.6981864,4.8361607,4.635295,5.345201,2.1578708,6.7973747,6.3139462,6.074979,7.289381,4.2035656,4.4805675,-0.5074588,6.26666,8.254977,5.54585,4.9661283,4.903416,6.2402687,5.3324966,4.8719387,3.808889,6.658995,4.896743,7.2001996,7.699705,6.9438963,4.7948985,7.438315,2.2588327,7.482896,10.141004,3.5932333,6.657199,8.389681,3.4008439,4.549026,6.2121196,5.259296,7.39562,5.7454643,6.350311,3.86871,3.7266154,4.2451305,4.7975855,4.827189,6.9014597,4.5072856,7.575228,7.7927217,3.2041175,4.9139643,5.9851637,3.537114,3.5839572,5.8967237,3.8278599,5.2147493,4.7425604,6.245271,8.320527,7.660882,2.2795124,6.781769,6.587423,5.5898604,8.659711,3.6846251,5.473054,6.6456757,4.9654326,5.9772887,3.563749,6.519145,5.9187794,3.337978,4.7330585,6.221006,5.670801,5.062294,3.727256,7.073385,0.49755472,2.6787722
TCGA-MP-A4T6-01,1.7802033,2.0620275,9.876955,5.50174,7.0005975,2.359664,1.0786254,4.8717995,5.2939763,4.6355705,5.729338,6.6588573,7.4936695,8.234652,3.3850162,8.407083,3.963412,5.7575693,7.1678953,5.5713553,8.84564,7.375562,7.277253,2.2646163,9.292104,8.974139,-0.4645657,6.8406777,0.36684948,5.5873337,6.0064783,8.914501,5.5578766,6.5228686,5.6326804,5.2816486,8.532076,2.4670932,2.5964496,5.3780303,5.8145056,7.267108,6.275895,4.6013603,6.7616014,4.8386207,4.5469065,5.287194,2.3709128,6.9166245,6.1099844,6.15951,7.37573,4.1080503,4.572951,-0.1658723,6.034241,8.343947,5.474709,5.041013,4.852969,6.172076,5.2861114,4.848513,3.8283308,6.6536202,4.899128,7.207093,7.7368994,7.0608463,4.8244348,7.437463,2.1427293,7.490949,9.929068,3.5821524,6.665881,8.461036,3.3662505,4.7055774,6.412525,5.2750835,7.5551,5.8166175,6.4443007,3.7496178,3.8284588,4.1576595,4.7038097,4.533265,7.035239,4.4206915,7.3148627,7.68645,3.216517,4.8806143,6.0604544,3.544518,3.562433,5.880629,3.8799005,5.248907,4.875522,6.0978637,8.637741,7.672832,2.2950442,6.709663,6.607538,5.5872006,8.383529,3.8496435,5.487772,6.561361,5.104069,6.0881753,3.6682062,6.479568,5.9989266,3.4177387,4.905868,6.3270497,5.707785,5.008529,3.6942136,7.092834,0.5486593,2.7841291
TCGA-91-8499-01,1.571884,2.3099082,9.94145,5.8854337,6.956572,2.769441,0.88346505,5.255041,5.407571,3.9047024,6.06237,6.8626904,8.040432,8.080278,3.6343694,8.954863,3.4366198,5.2737246,7.288702,5.6788363,8.635001,7.1696606,7.164545,2.0061064,9.565923,9.3056345,-0.5340134,7.000075,0.30529004,5.2265,5.642603,8.511316,5.5838437,6.538982,5.8990145,5.5795393,8.107219,2.2857761,2.4735773,5.4374137,5.8997383,7.0449033,6.4289656,4.923502,6.910228,4.852767,4.868434,5.6600056,1.956835,6.640522,6.2411623,6.03715,7.478772,4.2894382,4.6478057,-0.6279204,6.1709,8.514551,5.6383104,4.8015,4.998021,6.3509808,5.827689,4.7679324,3.807097,6.5981326,4.887673,7.4009824,7.9096956,6.786424,5.084692,7.7222595,2.4006133,7.490391,10.224064,3.5537264,6.523805,8.621189,3.5241528,4.5130944,5.9473753,5.353056,7.245807,5.4262805,6.363662,4.090524,3.8918252,4.1660614,4.8159027,5.025794,7.1303606,4.623387,7.734473,7.6611776,3.1524832,5.022671,6.2683287,3.5378711,3.5750062,5.9101653,3.779688,5.4206824,4.8541193,6.296713,8.106751,7.667527,2.453621,6.9347644,6.8199844,5.663035,8.697643,3.762513,5.445146,6.4515367,5.120924,5.622903,3.4098728,6.3712916,5.8430715,3.2042346,4.415633,5.9882383,5.516046,5.028398,3.726528,7.0192103,0.5622034,2.3837378
TCGA-55-6987-01,1.7133156,2.3711143,9.768625,5.5613914,6.9114175,2.5029402,0.96235216,4.8833756,5.542191,4.2678566,5.8676634,6.808911,7.638261,7.7120113,3.4170756,8.435843,3.8188605,5.354791,6.894059,5.439265,8.878382,7.3788686,7.400616,2.293012,9.046825,8.934263,-0.3821151,7.0945215,0.80471706,5.5883985,5.852517,8.830562,5.3357873,6.312039,5.7979736,5.245125,8.116672,2.3617096,2.5285165,5.521966,6.025706,7.227428,6.0706873,4.7796845,6.8979416,4.9369736,4.507398,5.2519336,2.6587105,6.67641,6.0150537,6.1560097,7.333387,4.143726,4.4997134,-0.10433952,5.8146777,8.284524,5.4517617,5.104141,4.930629,6.390907,5.2329855,4.640477,3.755466,6.880758,4.673791,7.065586,7.6139636,6.8396044,4.9691496,7.5336237,2.3659413,7.324007,9.952132,3.8464842,6.798036,8.331313,3.5574324,4.3631763,6.322178,5.0365252,7.427914,5.9159555,6.305842,3.5274956,4.063852,3.9668689,4.7377768,4.6959434,7.3337145,4.4925594,7.262862,7.7134523,2.956049,4.707895,6.3039207,3.5212712,3.4597836,5.798771,3.8144474,5.484443,4.629132,6.2839885,8.305295,7.5825324,2.135286,6.6801825,6.5341988,5.4997525,8.354643,3.8415627,5.508798,6.7136617,5.088611,6.006719,3.7410078,6.297771,6.1070566,3.546333,4.91696,6.291999,5.6151147,4.801615,3.7403767,7.124591,0.5013273,2.767354
TCGA-91-8497-01,1.6047698,2.634455,9.757334,5.817858,6.8267436,2.790056,0.9659306,5.068918,5.647559,3.9103003,6.065448,6.813457,7.830653,7.7841163,3.594687,8.732886,3.6970377,5.0529346,6.965005,5.553328,8.660339,7.25095,7.2713175,2.2184672,9.175201,9.160451,-0.42733616,7.187822,0.7576125,5.331363,5.6509833,8.488805,5.275553,6.257129,5.9882674,5.4680285,7.853388,2.3637974,2.4812703,5.6706486,6.1026235,7.0372944,6.117625,4.9105988,6.880111,4.9463086,4.5766964,5.4074674,2.3157027,6.4598613,6.1254387,5.9868627,7.3523874,4.274415,4.5281777,-0.27846292,5.9500165,8.318184,5.504683,4.9512644,5.0296364,6.406127,5.402852,4.6149592,3.8054006,6.922819,4.62843,7.1248436,7.612364,6.668903,5.0208864,7.66991,2.4792428,7.2846,10.042386,3.869231,6.754662,8.356904,3.6882308,4.1701126,5.982722,5.089495,7.2389765,5.670577,6.250406,3.7262368,4.012837,4.1104326,4.825357,5.056529,7.3226714,4.6951485,7.55413,7.7387104,2.9709263,4.8422017,6.323967,3.4463584,3.460645,5.80935,3.7849252,5.483475,4.6667647,6.3509703,7.8869925,7.620993,2.1933477,6.701858,6.624906,5.5490804,8.525396,3.6708577,5.495635,6.657327,5.033903,5.705842,3.5577672,6.2178,5.968556,3.4324408,4.606543,6.1180444,5.5558357,4.808308,3.7882602,7.1149287,0.51818985,2.5240479
TCGA-91-6849-01,1.677312,2.458048,9.677411,5.621532,6.8749638,2.5887096,1.0425383,4.9110775,5.596298,4.251179,5.820955,6.751852,7.560867,7.852509,3.4523444,8.622372,3.957499,5.282383,6.846302,5.504287,8.841605,7.375819,7.2933807,2.391074,8.949351,9.041001,-0.41271862,7.0885015,0.75504816,5.5572557,5.772632,8.678253,5.233528,6.273358,5.8869476,5.2709546,8.106232,2.4829953,2.5510454,5.7076106,6.023792,7.149954,6.0140023,4.745056,6.727132,4.9296393,4.4356604,5.179708,2.4765444,6.626179,6.1110253,6.12295,7.2868023,4.215102,4.431439,0.12984397,5.8663526,8.267418,5.4039307,5.06488,4.880701,6.3082666,5.177865,4.6704173,3.8513837,6.9420323,4.59505,7.023495,7.5124116,6.780698,4.89824,7.527225,2.396861,7.2811694,9.900639,3.8896494,6.867999,8.265461,3.571736,4.2725363,6.18068,5.009697,7.400393,5.853229,6.293886,3.50511,3.9596283,4.102975,4.7816205,4.7652993,7.232722,4.6090307,7.386165,7.8184333,2.9929461,4.7865195,6.202494,3.4045663,3.4686635,5.774401,3.8313475,5.412809,4.616834,6.241192,8.133576,7.6497307,2.0943534,6.564618,6.522461,5.4789677,8.3947,3.6772382,5.530795,6.7761126,4.999389,5.9539304,3.668856,6.277251,6.0603023,3.5394614,4.910184,6.299527,5.658353,4.753019,3.7921727,7.162761,0.49267262,2.7412353
TCGA-73-4666-01,1.7567698,2.107635,9.8417635,5.618515,6.949,2.5225089,1.0278512,5.0268264,5.2701507,4.3349466,5.762893,6.5979223,7.478589,8.41202,3.3986716,8.575429,4.07906,5.6781883,7.346239,5.640708,8.682073,7.280609,7.1474724,2.1595666,9.331203,9.223476,-0.49297953,6.7866545,0.14045504,5.484161,5.83701,8.710892,5.522491,6.5908856,5.594122,5.34099,8.501415,2.547152,2.5027366,5.454027,5.7559314,7.2113743,6.3624535,4.539639,6.62018,4.824485,4.6139817,5.3213897,1.9952027,6.8614125,6.331063,6.070746,7.3297906,4.2263002,4.499134,-0.44559735,6.266419,8.376177,5.510143,4.917612,4.8467436,6.163547,5.390664,4.908952,3.87351,6.6370773,4.888523,7.2408395,7.7428446,6.9930797,4.750248,7.4769506,2.1962085,7.511752,10.07066,3.5332713,6.6511607,8.429482,3.3696952,4.6508284,6.189626,5.309913,7.439741,5.6988196,6.408311,3.9289591,3.6924276,4.310937,4.77666,4.7791896,6.8390613,4.5146117,7.5967693,7.7897987,3.2676206,4.9659204,6.0993714,3.476931,3.6053,5.895712,3.8593915,5.174376,4.8480086,6.164395,8.379053,7.728198,2.3484583,6.7224936,6.6232395,5.6030693,8.666496,3.6631217,5.4892383,6.6206837,4.9665184,5.974731,3.5191634,6.5208697,5.8956447,3.3194413,4.6823096,6.2623267,5.7083354,5.058872,3.7469604,7.1093287,0.5188516,2.5877204
TCGA-49-AARO-01,1.7693814,2.0933812,9.85832,5.5126095,7.021225,2.4192295,1.1221747,4.933225,5.2752,4.668343,5.8397183,6.5936756,7.4943657,8.424426,3.417757,8.544448,4.1134877,5.809779,7.2265286,5.6430182,8.836699,7.343591,7.220274,2.282899,9.283869,9.089683,-0.5121157,6.8230615,0.23321263,5.4886756,5.982469,8.799619,5.5717726,6.566112,5.6872077,5.332301,8.569125,2.533817,2.5481546,5.4606156,5.77725,7.216511,6.358706,4.56904,6.721405,4.824405,4.555363,5.342272,2.1294634,6.9268537,6.1874423,6.1092606,7.3932943,4.14641,4.5872865,-0.19693802,6.1696005,8.398939,5.521054,4.9531035,4.869663,6.1217146,5.336985,4.902134,3.8756192,6.6475935,4.8930173,7.265634,7.7348123,7.10392,4.7594585,7.4566617,2.121942,7.5585012,10.004518,3.5208921,6.627119,8.518311,3.3475425,4.7529907,6.315662,5.319197,7.5205107,5.7402854,6.4821005,3.8424606,3.7485275,4.273495,4.7150598,4.58105,6.942964,4.4396276,7.45859,7.7183895,3.2909508,4.960799,6.0923176,3.5021873,3.5777798,5.891092,3.8935876,5.1833167,4.9658937,6.060443,8.567204,7.720188,2.3365083,6.713161,6.6590424,5.6274004,8.462239,3.7881362,5.490066,6.5147405,5.0772834,6.0037847,3.5889733,6.499095,5.917368,3.337962,4.820173,6.3116693,5.725106,5.058619,3.7014432,7.1046705,0.5181889,2.7120714
TCGA-49-AARQ-01,1.7252988,2.2029822,9.767071,5.6207547,6.8874636,2.543456,1.0559558,4.9671416,5.406878,4.2667527,5.7148776,6.5995636,7.4363885,8.272953,3.3921082,8.597428,4.1200724,5.5460835,7.1440616,5.6027975,8.705017,7.29754,7.1523232,2.2497663,9.161739,9.172861,-0.45715514,6.869116,0.28701368,5.531226,5.8318386,8.691762,5.380076,6.4750266,5.6525154,5.289888,8.403368,2.5817351,2.5181994,5.5828285,5.8060274,7.190538,6.2174115,4.5505238,6.59496,4.848819,4.532971,5.2271304,2.127469,6.787942,6.3024144,6.0787497,7.275249,4.2277827,4.436188,-0.27382752,6.1693172,8.288996,5.4642467,4.98531,4.8401074,6.192351,5.244664,4.854078,3.8811548,6.7522516,4.7907166,7.137215,7.623246,6.911838,4.737227,7.4552555,2.2637417,7.423819,10.023183,3.6554568,6.746392,8.326544,3.4237921,4.49237,6.1729083,5.2154655,7.4293036,5.76937,6.348049,3.773873,3.7304251,4.2831473,4.8012266,4.7987084,6.900702,4.5654774,7.557708,7.8421702,3.1919713,4.9127245,6.0232024,3.4455106,3.566075,5.856565,3.853465,5.209554,4.733011,6.1916547,8.259311,7.7101936,2.2385435,6.643557,6.557413,5.5459123,8.61206,3.6092725,5.5027575,6.7078853,4.9350924,5.991479,3.5678856,6.468651,5.946784,3.4019542,4.779259,6.286266,5.7123394,4.971339,3.7727535,7.126908,0.4901731,2.6607568
TCGA-17-Z061-01,1.8458518,1.9386548,9.8427515,5.341012,7.4185596,2.2247438,0.6799367,4.9250712,5.107465,4.9056973,6.2567935,7.1605763,8.12511,7.98933,3.3546119,8.914815,3.6206596,5.9860144,7.2537284,5.3859615,9.238073,7.5658526,7.603863,1.9036434,9.2556095,8.922746,-0.5775099,6.76834,0.3979963,5.535485,5.8983846,9.166568,5.822355,6.8254256,5.7660184,5.196865,8.479567,2.079829,2.333301,5.2230005,5.905629,7.4514403,6.5588346,4.8802733,7.236324,4.878554,4.77514,5.594182,2.3476443,7.1021466,5.900653,6.523359,7.655226,4.0122395,4.819801,-0.48234394,5.804677,8.779774,5.7058673,4.902979,4.8723836,6.47788,6.006534,4.7274013,3.6668832,6.5754504,4.790682,7.4961605,8.087129,7.3114557,5.290046,7.701498,2.208492,7.8564672,10.219164,3.4486418,6.5320287,8.953389,3.255275,5.082573,6.4999514,5.214585,7.576908,5.83556,6.64799,3.7803373,4.2265487,3.7737694,4.496099,4.3293505,7.5450873,3.926908,7.2349396,7.5169606,3.0338502,4.7166657,7.2833986,3.646438,3.4709184,5.857007,3.8100712,5.595505,5.004277,6.1299615,8.975442,7.5689554,2.3987231,7.0800076,6.9360995,5.668622,8.302951,4.4596167,5.5270934,6.407407,5.3878207,6.127073,3.7409048,6.4052234,6.059744,3.2457685,4.8663325,6.3258433,5.5337844,4.958848,3.5417175,7.157311,0.33429983,2.7469375
TCGA-91-6831-01,1.7343221,2.0323887,9.863204,5.5637074,6.9178114,2.4045222,0.9367974,4.879224,5.347964,4.321813,5.7096086,6.7523055,7.579486,7.977707,3.3592072,8.317514,3.7864506,5.5698605,7.1291013,5.5017843,8.830794,7.3169255,7.281349,2.1257882,9.306837,8.98901,-0.44704744,6.826304,0.38968486,5.685392,5.839036,8.9415865,5.496464,6.5346584,5.5424066,5.2318425,8.384747,2.3747134,2.568127,5.3373604,5.8065257,7.346553,6.206924,4.6195154,6.767867,4.8346767,4.617356,5.2584505,2.4216545,6.8247156,6.175451,6.1988006,7.332195,4.1740327,4.463199,-0.45121327,6.0150805,8.350696,5.440435,5.056692,4.8565545,6.2626967,5.337545,4.8140993,3.7697198,6.6671815,4.894027,7.1451945,7.7578163,6.9572186,4.9474363,7.4433303,2.2257025,7.3813176,9.981458,3.6512072,6.7127733,8.353376,3.409164,4.590991,6.3953967,5.1360965,7.480573,5.843895,6.3569264,3.7355177,3.8880634,4.0608077,4.7135906,4.6337047,7.0763335,4.4188046,7.313203,7.7168865,3.1318321,4.818453,6.214892,3.5529602,3.5802224,5.866598,3.847439,5.3254843,4.6687207,6.2293186,8.54689,7.6290164,2.2557504,6.767515,6.524771,5.5453825,8.493794,3.8248699,5.491496,6.6744275,5.033812,6.1337466,3.6847577,6.497091,6.059576,3.4552257,4.8559127,6.3129706,5.684394,4.9854627,3.7232502,7.073646,0.5166782,2.752892
TCGA-49-6745-01,1.7041639,2.566826,9.68976,5.626079,6.8557763,2.619029,1.0387112,4.908913,5.6100388,4.1938934,5.9092064,6.7392564,7.575924,7.808649,3.4657073,8.537763,3.9879766,5.25025,6.8815966,5.4806185,8.774179,7.367207,7.343302,2.3734078,8.945976,9.020958,-0.37980905,7.1625233,0.84889525,5.5004506,5.8037724,8.66086,5.229634,6.224156,5.8895974,5.299112,8.015902,2.4674892,2.5162807,5.6802297,6.0960994,7.1319766,6.024502,4.772576,6.8041058,4.9591765,4.4176016,5.207973,2.5453963,6.578914,6.0525007,6.0559373,7.2878428,4.1892433,4.4763174,0.0077824607,5.84429,8.228292,5.4297013,5.0690923,4.9479265,6.3594832,5.124622,4.6250677,3.8156352,6.982546,4.5772448,7.015507,7.506774,6.7667847,4.8787804,7.5557933,2.4012432,7.2832723,9.917441,3.9163733,6.846997,8.266989,3.62779,4.2271085,6.183428,5.0238457,7.376107,5.876753,6.2742558,3.5225859,4.0145864,4.0781193,4.7845817,4.845505,7.300907,4.6034684,7.357409,7.768054,2.957654,4.740385,6.250277,3.4399486,3.436726,5.7775507,3.8197818,5.4482527,4.6423864,6.2806144,8.081799,7.6168137,2.099609,6.573565,6.5153794,5.490526,8.382,3.7075112,5.5213547,6.751236,5.02075,5.918757,3.6878948,6.2367516,6.0599194,3.556837,4.8444552,6.281304,5.6317124,4.747698,3.7863045,7.165586,0.5034375,2.7048383
TCGA-80-5607-01,1.6602118,2.5052028,9.7248335,5.6689363,6.787029,2.5991824,1.0881599,4.86375,5.6511774,4.159326,5.826954,6.6954627,7.4514422,7.715161,3.4580638,8.533782,4.005174,5.241645,6.7366157,5.518778,8.760901,7.3068776,7.275868,2.3666258,9.005395,8.969232,-0.4012435,7.1075697,0.77808756,5.590831,5.744754,8.697839,5.215799,6.218219,5.879454,5.3230677,8.058079,2.4795535,2.5968735,5.709838,6.0281777,7.1575418,5.9506307,4.681161,6.697531,4.9304028,4.4051747,5.135606,2.638531,6.5667844,6.130073,6.0445457,7.263927,4.2359447,4.376852,0.16171144,5.880203,8.1325245,5.3629847,5.1165543,4.9421787,6.2997856,4.990498,4.668776,3.838694,6.963616,4.659384,6.9592524,7.4448295,6.750376,4.890355,7.494415,2.3712137,7.1660385,9.86616,3.933064,6.870286,8.16533,3.6169798,4.217684,6.2220297,4.9855537,7.393019,5.871576,6.243046,3.5164034,3.932227,4.1391935,4.800603,4.828971,7.2317986,4.6695256,7.3549433,7.811837,3.0062099,4.7842994,5.981252,3.4110699,3.4875116,5.7861376,3.8395236,5.3640995,4.5726905,6.2910357,8.129551,7.6499753,2.0868797,6.527349,6.424897,5.4738903,8.387214,3.61277,5.524554,6.79872,4.958114,5.9720273,3.6776145,6.286075,6.0590835,3.5893822,4.8702602,6.2940927,5.681845,4.7508907,3.821304,7.136403,0.51588637,2.7719011
TCGA-49-AAR9-01,1.677367,2.2367873,9.71988,5.6102643,6.900997,2.5403666,1.0962577,4.940432,5.489674,4.3359666,5.723668,6.646018,7.4678135,8.179499,3.4224844,8.696674,4.078364,5.480398,6.963175,5.6006665,8.820476,7.3327217,7.166765,2.3529408,9.068588,9.129014,-0.4771292,6.922834,0.3932818,5.5575705,5.827045,8.686916,5.325969,6.415502,5.7814555,5.275628,8.36263,2.5754719,2.5592108,5.687167,5.83702,7.1657634,6.1344743,4.6097445,6.600495,4.855372,4.4934587,5.1993885,2.197305,6.7621636,6.253928,6.130264,7.2921424,4.232223,4.420422,0.023126593,6.069251,8.30627,5.4348187,5.0108724,4.8232427,6.1849213,5.224134,4.8213363,3.9073122,6.808561,4.7255607,7.1091404,7.569511,6.889679,4.7942486,7.4612255,2.2998714,7.3747215,9.967248,3.7184346,6.798014,8.322524,3.441649,4.451065,6.1709394,5.1414986,7.441411,5.773295,6.353508,3.6517427,3.7749972,4.250752,4.7894015,4.7161574,6.987138,4.589574,7.517858,7.863095,3.157614,4.913695,5.998423,3.4039621,3.5453174,5.82368,3.8626504,5.2508907,4.7039475,6.157937,8.247476,7.7168636,2.1793456,6.600438,6.561748,5.521269,8.510261,3.615328,5.518362,6.7194467,4.96279,5.9796567,3.5930088,6.4202285,5.9793773,3.4359152,4.8817735,6.3044844,5.7156367,4.8999147,3.779148,7.134351,0.47397497,2.7338428
TCGA-55-6543-01,1.6130164,2.5565422,9.81572,5.818376,6.7466626,2.7682567,0.9461211,5.0837016,5.6208725,3.7497911,5.884938,6.762686,7.7158523,7.7133255,3.525274,8.448939,3.7026083,5.0266337,7.076853,5.523622,8.573818,7.175591,7.265241,2.1917255,9.210721,9.113287,-0.37131485,7.205014,0.7610068,5.42489,5.6750116,8.573394,5.298821,6.2570186,5.8286915,5.4235606,7.879698,2.4040163,2.5204837,5.5261235,6.0546236,7.083668,6.093063,4.792547,6.869703,4.9363317,4.6300364,5.3516917,2.460651,6.4865513,6.144841,5.9482636,7.2728376,4.2502866,4.461823,-0.5391092,5.9542737,8.195698,5.47563,5.0482554,5.018548,6.43453,5.2681236,4.634513,3.7660782,6.8600984,4.7364,7.0651865,7.606122,6.616138,4.9217315,7.613776,2.4618034,7.233268,10.071917,3.8537495,6.7391562,8.248998,3.6770701,4.1646366,6.0689917,5.1137195,7.2697406,5.7023144,6.166075,3.7729044,4.00065,4.080043,4.870925,5.0923896,7.2104926,4.7033734,7.4891915,7.719146,2.9728372,4.790694,6.1460557,3.541798,3.4943628,5.843174,3.7773607,5.4664645,4.5567803,6.435152,7.9646244,7.586522,2.2265153,6.7036586,6.4995046,5.5125246,8.584207,3.6451375,5.4633083,6.70457,4.998763,5.80299,3.5998383,6.291025,6.0153265,3.5103261,4.601987,6.1077523,5.5589414,4.8542504,3.8092237,7.0527678,0.5757876,2.5330791
TCGA-97-A4M3-01,1.5505364,2.6322186,9.859066,5.9293485,6.6793227,2.8396115,0.9888364,5.073544,5.6808233,3.667354,6.0308075,6.746085,7.7470737,7.585669,3.6130161,8.560436,3.6098373,4.9223676,6.968999,5.5920076,8.524215,7.1016884,7.2109866,2.1333928,9.341843,9.13219,-0.4269733,7.189709,0.72589654,5.3925123,5.5300465,8.498687,5.291721,6.234161,5.917008,5.548967,7.765352,2.3332825,2.5588326,5.5875545,6.0659995,7.0619082,6.0633183,4.8164644,6.8299212,4.921656,4.6180387,5.377459,2.4619405,6.371015,6.2058644,5.8777075,7.3102465,4.3436413,4.4208436,-0.49490094,6.0305567,8.173718,5.4413776,4.9919057,5.0977774,6.384392,5.2370076,4.6437407,3.7831275,6.8827567,4.7742167,7.056844,7.5808425,6.5902195,5.022347,7.6268444,2.4451275,7.116312,10.025694,3.8921947,6.7291503,8.205227,3.7420805,4.105038,6.0123706,5.055078,7.1985183,5.627001,6.161755,3.8302727,3.9541607,4.152838,4.8640475,5.185699,7.2557073,4.796514,7.543492,7.7244096,3.016048,4.871577,6.0678334,3.470089,3.5311491,5.8423986,3.7939937,5.426308,4.572026,6.447245,7.8768706,7.6250916,2.2328398,6.6917043,6.4715424,5.546687,8.595228,3.5527675,5.4723167,6.6891384,4.954398,5.7256603,3.5363832,6.2725,5.96355,3.4852142,4.4856606,6.08134,5.5859013,4.8487635,3.8428519,7.040987,0.5872933,2.5021038
TCGA-55-8207-01,1.5209113,2.5393136,9.940638,5.9269843,6.8342123,2.818525,0.95026106,5.1634393,5.587319,3.7846282,6.2085032,6.8363223,7.9680467,7.736257,3.6813285,8.848258,3.4233768,5.087663,7.0112133,5.6547217,8.619601,7.1297183,7.2210407,2.0813694,9.503569,9.188071,-0.48920658,7.1524296,0.56698936,5.2529387,5.584765,8.493969,5.452442,6.3586287,6.019254,5.6325126,7.8814797,2.2210689,2.5199993,5.5376225,6.02363,7.0177817,6.247779,4.947664,6.941299,4.9141855,4.751037,5.5964665,2.2617772,6.4581895,6.1802115,5.946356,7.446982,4.3256936,4.5729895,-0.43689847,6.083707,8.355672,5.5655246,4.864797,5.1076536,6.3798714,5.564778,4.6684074,3.7754712,6.75521,4.8280683,7.2584915,7.7477064,6.696158,5.129312,7.700774,2.4335983,7.298588,10.125624,3.748676,6.5961447,8.461512,3.6713529,4.311919,5.9837856,5.192081,7.183602,5.4861894,6.2906575,3.968319,3.9637527,4.1308947,4.8229847,5.09652,7.297504,4.7314024,7.635238,7.6613164,3.0693183,4.963961,6.1157975,3.4930704,3.5454502,5.8687067,3.7812483,5.4710793,4.7665377,6.374892,7.988705,7.644122,2.3427649,6.840116,6.684471,5.635972,8.596147,3.691441,5.4572845,6.523663,5.0807567,5.5944567,3.4598482,6.2644114,5.8830748,3.3245044,4.411173,6.0044823,5.5277104,4.917094,3.7749307,7.022962,0.60313576,2.4443069
TCGA-L9-A444-01,1.6622347,2.0792058,9.949503,5.7774696,6.957578,2.6113968,0.9021324,5.141461,5.282501,4.1010656,5.840484,6.7243476,7.727905,8.316587,3.4866977,8.91372,3.7218366,5.587403,7.354069,5.688208,8.611009,7.1984353,7.080192,1.9753944,9.547239,9.292467,-0.51249576,6.763973,0.005779339,5.372448,5.7019944,8.631976,5.593006,6.673366,5.668144,5.4625807,8.439515,2.3931797,2.483286,5.4073405,5.7181654,7.159375,6.4505544,4.670896,6.691112,4.811109,4.8074875,5.5142236,1.8916986,6.8131795,6.3934784,6.088427,7.392078,4.27849,4.555288,-0.5543034,6.340292,8.436795,5.5930705,4.824072,4.8772106,6.221496,5.703766,4.9055085,3.8421776,6.5119677,4.973359,7.3668847,7.8784194,6.915716,4.9233904,7.5638947,2.2850864,7.5550065,10.189359,3.4691978,6.5548944,8.543075,3.3720455,4.657647,6.057944,5.3891106,7.3413873,5.5304036,6.4070535,4.0894246,3.683917,4.291117,4.809545,4.8983045,6.8565726,4.56588,7.746792,7.7634954,3.2664742,5.0485964,6.0669765,3.509077,3.6390653,5.930509,3.8085034,5.2272997,4.8543863,6.229451,8.288769,7.717713,2.437884,6.878979,6.748458,5.651843,8.777749,3.683689,5.4607954,6.5504594,5.002672,5.8220315,3.410593,6.5165935,5.8236,3.1911998,4.5341864,6.099269,5.6186433,5.103264,3.7257373,7.0531244,0.5502944,2.4846427
TCGA-75-6207-01,1.6847546,1.9523028,9.8506155,5.5636225,6.931245,2.3978481,0.9783904,4.877847,5.396333,4.417752,5.654834,6.688415,7.472295,8.1701975,3.3497236,8.78559,3.9256306,5.739389,6.934829,5.577415,8.857211,7.293182,7.141021,2.1362143,9.212661,9.02476,-0.45772,6.7399735,0.10341728,5.6299763,5.8850827,8.861563,5.453158,6.5966473,5.6292095,5.2282867,8.597197,2.4565024,2.5467358,5.502293,5.662836,7.285224,6.2428637,4.5456605,6.6480694,4.802016,4.637953,5.2863936,2.2220306,6.901577,6.3004766,6.2219496,7.307839,4.179102,4.452938,-0.15350722,6.1897845,8.297555,5.503725,5.019218,4.800124,6.198743,5.3834496,4.902672,3.8377285,6.6012454,4.9132037,7.2043695,7.714611,6.994679,4.8750653,7.395219,2.246416,7.4733243,10.069502,3.5698175,6.6989775,8.415047,3.3096325,4.6542397,6.301613,5.219578,7.4929976,5.7690296,6.393931,3.7465382,3.7208488,4.1995473,4.760434,4.6050453,6.898474,4.4557333,7.4953165,7.822684,3.2117164,4.923627,5.9219675,3.5232937,3.600704,5.8842077,3.8445148,5.20486,4.707396,6.170595,8.503291,7.6756845,2.2516685,6.770859,6.6028795,5.557998,8.560465,3.7446604,5.4906216,6.6671524,5.0018663,6.084328,3.606816,6.557938,5.9723134,3.3524086,4.933563,6.273174,5.695113,5.031645,3.7078125,7.0715604,0.48482418,2.8217168
TCGA-NJ-A4YF-01,1.7255776,2.0459113,9.927539,5.638024,6.8791776,2.4744632,1.0199652,4.947721,5.3105965,4.293284,5.699777,6.5875936,7.4462585,8.286921,3.3905084,8.530593,3.950304,5.706449,7.2181892,5.631705,8.638332,7.2178097,7.122035,2.095595,9.4061575,9.102956,-0.45186484,6.773874,0.1008184,5.537175,5.8606124,8.79708,5.5338316,6.5908093,5.541675,5.3448563,8.530498,2.4837408,2.5518453,5.377066,5.7059197,7.251186,6.326459,4.5008903,6.6454716,4.8052697,4.652788,5.3250093,2.1770673,6.853841,6.316917,6.059667,7.3025775,4.1994734,4.4888177,-0.4890209,6.272162,8.25389,5.5067673,4.976601,4.8763766,6.169156,5.305554,4.9226294,3.8274746,6.572152,5.0044975,7.219606,7.748434,6.974466,4.7657847,7.4175754,2.1796193,7.461993,10.063717,3.5308404,6.6177106,8.386629,3.3665247,4.6467967,6.2810035,5.3189483,7.450038,5.713604,6.3712626,3.9517562,3.675605,4.277911,4.788271,4.7742324,6.829098,4.5149064,7.5219526,7.7500916,3.2786183,4.9558296,5.866111,3.5523834,3.6309316,5.92504,3.8525183,5.1599793,4.798642,6.2033525,8.467297,7.687459,2.353892,6.7637734,6.565977,5.60445,8.634737,3.6827977,5.46134,6.6084843,4.9744167,6.0212197,3.5525944,6.564666,5.9111557,3.3444803,4.7100964,6.230144,5.7024717,5.098972,3.7327173,7.0476904,0.56472325,2.6710095
TCGA-55-7994-01,1.5721558,2.3710752,10.008788,5.9147353,6.896126,2.774775,0.9956077,5.234395,5.3759694,3.9404087,6.138505,6.718326,7.8069363,8.18033,3.656474,8.894918,3.5408096,5.375933,7.2995577,5.761281,8.531051,7.106529,7.1137495,2.0474873,9.678248,9.307376,-0.53012013,6.9842033,0.20798503,5.2048516,5.636898,8.481446,5.605954,6.5393143,5.9088955,5.678663,8.181748,2.2968059,2.5268893,5.436999,5.874155,7.0196314,6.4400945,4.804377,6.792491,4.867118,4.8061123,5.6415253,1.932827,6.6122236,6.318433,5.912163,7.44687,4.3392124,4.6043177,-0.45676807,6.3179708,8.40706,5.601367,4.7619805,5.0376916,6.231145,5.6305046,4.8213353,3.8337648,6.5724554,4.976794,7.375694,7.8392444,6.820801,4.9810324,7.649388,2.3086617,7.4385223,10.152198,3.5535586,6.4918714,8.545742,3.5396824,4.5607214,5.9792,5.3589697,7.2249775,5.3596015,6.3862867,4.1854424,3.7549973,4.2987313,4.828325,5.0521684,7.0148697,4.722896,7.760391,7.6753764,3.252886,5.1007113,5.917937,3.4844308,3.633474,5.9264836,3.8086927,5.308435,4.9481225,6.280387,8.144608,7.7219243,2.482858,6.8596563,6.7447963,5.7039814,8.716193,3.6404448,5.4417315,6.4576554,5.0425825,5.597088,3.348898,6.3818293,5.76919,3.2034826,4.322201,6.0006967,5.578975,5.053171,3.764399,7.0152664,0.6784999,2.373882
TCGA-05-4424-01,1.748447,2.1486814,9.914184,5.6601877,6.8054066,2.4662974,1.0550648,4.882993,5.3231263,4.2483625,5.624252,6.5783186,7.295018,8.043462,3.3733625,8.332758,3.9570768,5.5961766,7.162049,5.5985513,8.604423,7.2283125,7.1635337,2.1577644,9.38964,9.020464,-0.4282398,6.809001,0.32124224,5.6693664,5.7501025,8.850407,5.485475,6.498696,5.5293555,5.3459935,8.418297,2.4731617,2.6476607,5.356804,5.798632,7.2998405,6.1785483,4.4498115,6.546077,4.834359,4.543462,5.156378,2.4662278,6.7727084,6.2969885,6.029264,7.2526402,4.2430315,4.372031,-0.19003649,6.158536,8.13617,5.3634586,5.05279,4.872392,6.1460915,5.062461,4.87645,3.8298311,6.650583,4.9874096,7.0725517,7.6435814,6.905555,4.7810893,7.3853116,2.1622057,7.2670116,9.877549,3.6741338,6.7107644,8.192361,3.442882,4.545874,6.3714366,5.1737795,7.467851,5.7953296,6.3173285,3.849413,3.6985736,4.2540946,4.781447,4.7730393,6.894333,4.591031,7.370022,7.7595906,3.234353,4.8966074,5.7698736,3.4877033,3.6455834,5.8898363,3.8704474,5.1716247,4.701105,6.244916,8.481414,7.699328,2.2976775,6.620232,6.3941436,5.5507584,8.552775,3.6032019,5.4852653,6.738893,4.900896,6.1201844,3.600938,6.511766,5.979366,3.490083,4.735408,6.3039784,5.7550383,4.9720955,3.8027244,7.0717254,0.63359,2.711329
TCGA-MP-A4T2-01,1.73514,2.058932,9.838088,5.5180426,6.987559,2.3651924,1.0577447,4.8571835,5.37032,4.5903974,5.6799283,6.7154126,7.5012193,8.120951,3.3841083,8.537918,3.9085295,5.68821,7.006236,5.5522866,8.906194,7.3859234,7.2631693,2.283599,9.215406,8.947744,-0.46264693,6.850364,0.4001516,5.633589,5.9631977,8.911813,5.4908514,6.494467,5.6972914,5.250307,8.507122,2.4536421,2.614884,5.4598036,5.8109837,7.2636685,6.198292,4.632318,6.73599,4.840378,4.5441017,5.2525015,2.4179714,6.8908687,6.120829,6.214865,7.3615355,4.125667,4.52498,0.028264603,5.979221,8.332526,5.4503884,5.0704165,4.820165,6.1931643,5.2975636,4.825245,3.8392274,6.6808,4.854676,7.1730576,7.697335,7.009117,4.887702,7.436,2.2059233,7.437893,9.914508,3.6350927,6.7218914,8.428574,3.3700817,4.646756,6.388143,5.207057,7.551889,5.823517,6.420139,3.654282,3.846088,4.127314,4.7143464,4.5071764,7.069098,4.44823,7.317278,7.7344327,3.1698334,4.8708158,6.0207534,3.5168283,3.5534298,5.857503,3.8693688,5.2770395,4.7861404,6.1124735,8.591074,7.669596,2.2391553,6.692202,6.5993223,5.550767,8.363714,3.8310719,5.500244,6.618116,5.0927587,6.095003,3.6793191,6.4607687,6.0294824,3.4397848,4.985355,6.3245244,5.6991677,4.950662,3.7049422,7.0964017,0.5269678,2.839102
TCGA-MP-A4T8-01,1.7619838,2.0674272,9.887674,5.5216856,6.958548,2.357358,1.0889398,4.8435907,5.3240566,4.597728,5.6954474,6.6464286,7.438103,8.152906,3.3820026,8.409387,3.9427407,5.7314224,7.08996,5.573608,8.830904,7.3529415,7.258074,2.267474,9.2954035,8.942663,-0.45459574,6.839648,0.37651688,5.628931,5.9713383,8.927814,5.532633,6.503919,5.632859,5.2838235,8.520938,2.4569898,2.6288476,5.3881316,5.8060937,7.2792706,6.2262697,4.571951,6.7194724,4.8369823,4.5332284,5.2459884,2.4503484,6.890838,6.1304436,6.151782,7.3511906,4.1270323,4.525558,-0.067260906,6.0344768,8.2832,5.4411263,5.064254,4.8525786,6.1590557,5.207928,4.8507347,3.8286426,6.657115,4.919726,7.166913,7.700976,7.032935,4.8280377,7.4100847,2.1449504,7.4283066,9.894867,3.6158075,6.6857905,8.398094,3.37855,4.6722884,6.432517,5.2362204,7.5515566,5.826033,6.4207835,3.7293763,3.8069491,4.1636105,4.7136297,4.5385046,7.025715,4.455941,7.2942076,7.702522,3.2160048,4.880794,5.942417,3.5326674,3.5782797,5.8774867,3.8820698,5.235867,4.830006,6.116864,8.635178,7.67539,2.2762341,6.682053,6.5541387,5.5731316,8.376779,3.807767,5.4886537,6.6003246,5.0727544,6.1108365,3.6724918,6.4830256,6.0086126,3.4480567,4.9209023,6.331954,5.722789,4.9886026,3.713204,7.0834284,0.56908286,2.815557
TCGA-55-7281-01,1.5537271,2.4662497,9.916775,5.8974257,6.932112,2.8099558,0.8891287,5.2430387,5.4983826,3.8481185,6.1437783,6.8834124,8.03671,7.95471,3.6622958,8.964458,3.3984005,5.175769,7.179534,5.6504555,8.628735,7.1847115,7.214338,2.0675623,9.496634,9.272081,-0.48882532,7.115857,0.47684842,5.191706,5.6407247,8.471521,5.5040674,6.4430594,5.9993014,5.5948153,7.9890113,2.2467968,2.4641252,5.503921,5.991864,6.997674,6.3583536,4.9884124,6.9577966,4.9073715,4.8186584,5.6602774,2.0669444,6.5546594,6.1830015,6.0079846,7.4643035,4.2873187,4.6520157,-0.48302713,6.0979156,8.468742,5.6351295,4.8155875,5.034391,6.397523,5.7627397,4.6890535,3.7884579,6.684014,4.8075867,7.354607,7.841975,6.7242618,5.1001573,7.741403,2.4619617,7.4480877,10.196374,3.655277,6.5610466,8.587746,3.599049,4.404705,5.926598,5.291858,7.2031946,5.4475956,6.3375936,4.0106926,3.9569705,4.120612,4.828239,5.0602083,7.2355657,4.6738424,7.7056847,7.6620307,3.074025,4.976639,6.2273154,3.5197854,3.5327108,5.880075,3.7612114,5.492053,4.8294635,6.334542,8.004692,7.642612,2.3922508,6.899451,6.808337,5.6475806,8.645455,3.7565668,5.4501295,6.483941,5.126981,5.563836,3.4293232,6.2800198,5.860539,3.2469506,4.425034,5.9747095,5.4869885,4.9493556,3.737176,7.0378957,0.58811384,2.3918507
TCGA-44-2666-01,1.6526452,2.5685,9.757608,5.741279,6.7462034,2.684415,0.985505,4.9532804,5.6528177,3.9136944,5.8343496,6.748818,7.567668,7.622845,3.4758716,8.4203205,3.8138213,5.088406,6.894448,5.480923,8.647202,7.253375,7.2997894,2.2660065,9.088605,9.014016,-0.35284784,7.1761127,0.8493346,5.53427,5.6920857,8.651157,5.224161,6.208622,5.834131,5.350352,7.9186993,2.4178863,2.5542173,5.599323,6.0783815,7.138019,5.9833894,4.7475963,6.7948093,4.951078,4.497993,5.2113657,2.637703,6.496887,6.116883,5.996814,7.2452683,4.2375283,4.404432,-0.1912738,5.8745995,8.135815,5.400019,5.1084423,4.980939,6.401312,5.0961256,4.6172686,3.7809174,6.9405594,4.671674,6.9729457,7.510058,6.648832,4.922024,7.554514,2.4409857,7.1650357,9.943793,3.9415874,6.8346047,8.163653,3.674485,4.1353636,6.1614747,5.0080714,7.324968,5.8321815,6.176955,3.6031008,4.001847,4.06822,4.837499,4.9776545,7.260979,4.6876373,7.3782973,7.7633386,2.9418347,4.7393703,6.097989,3.4813967,3.4751961,5.803125,3.796896,5.447677,4.5157356,6.3971663,8.020799,7.594776,2.127149,6.6023154,6.4314833,5.4724946,8.4754095,3.6339364,5.4975424,6.7942295,4.967194,5.909748,3.6662338,6.2657022,6.0678988,3.587025,4.7518206,6.209179,5.6103826,4.767103,3.8211887,7.105346,0.5530614,2.658445
TCGA-78-7152-01,1.6845554,2.4626343,9.771292,5.6825666,6.7317643,2.5802588,1.0473189,4.844485,5.613843,4.06841,5.7414784,6.6739883,7.3875318,7.6580324,3.4189215,8.353933,3.9555094,5.240052,6.818403,5.4933443,8.674164,7.267634,7.270118,2.2878957,9.086317,8.941642,-0.36259744,7.069126,0.7562352,5.649691,5.7198434,8.752274,5.233256,6.240182,5.7514224,5.308239,8.064511,2.4587612,2.6122918,5.5969033,6.005223,7.2114987,5.944981,4.6173606,6.678677,4.9235935,4.427564,5.102092,2.7235305,6.5639896,6.1576295,6.019427,7.2186604,4.235917,4.3400803,-0.020882268,5.9089293,8.066753,5.336003,5.1495094,4.942315,6.308694,4.928828,4.6815386,3.8035626,6.9200473,4.731325,6.9239707,7.4629817,6.7267747,4.871572,7.457956,2.349772,7.1262302,9.855888,3.9308753,6.862757,8.092179,3.617911,4.207148,6.2766376,4.9833274,7.3951497,5.9004765,6.2015405,3.5638967,3.912988,4.1240172,4.812249,4.870281,7.178208,4.667033,7.3109035,7.795506,3.008626,4.754532,5.929282,3.452612,3.5140777,5.806053,3.8327231,5.345261,4.51579,6.3444476,8.171111,7.627494,2.1043787,6.538997,6.352099,5.464139,8.434363,3.5973744,5.511341,6.8369102,4.9184775,6.038225,3.6938858,6.328787,6.0782156,3.6211226,4.8376346,6.293846,5.688561,4.780273,3.8305006,7.1140957,0.5563548,2.7633936
TCGA-91-6848-01,1.7638174,2.2048683,9.818207,5.5460987,6.916094,2.4592774,1.0041513,4.8877163,5.392454,4.3677764,5.7968035,6.659619,7.507274,8.112205,3.3741891,8.434324,3.9977508,5.5987363,7.119456,5.522734,8.765323,7.339409,7.27736,2.2181892,9.170411,9.035995,-0.4062805,6.911201,0.43321052,5.560269,5.915457,8.821747,5.421475,6.461996,5.617774,5.2552567,8.366717,2.461828,2.5095322,5.4546404,5.8672013,7.250339,6.215671,4.611183,6.760118,4.8797655,4.532673,5.267601,2.3552291,6.797018,6.160026,6.111689,7.303551,4.15039,4.5092716,-0.36598775,6.0635324,8.28838,5.484479,5.0277133,4.887707,6.2608876,5.2510104,4.790645,3.795783,6.750275,4.7999353,7.137857,7.6721854,6.954509,4.806645,7.4539886,2.243435,7.4516716,10.002798,3.6811125,6.7209597,8.367294,3.4443295,4.523394,6.3132234,5.189864,7.4538174,5.8531303,6.363762,3.723211,3.8586688,4.1381183,4.7483273,4.716023,7.0562906,4.464493,7.3875384,7.743046,3.1254256,4.8169785,6.169397,3.5256944,3.5311208,5.855066,3.84159,5.3042116,4.751588,6.2117653,8.397458,7.638434,2.225075,6.703936,6.5573997,5.55615,8.496728,3.772695,5.493452,6.667736,5.021664,6.0450873,3.6605809,6.4349494,6.007001,3.4422064,4.8330774,6.303743,5.6771555,4.96254,3.7257721,7.117932,0.5181289,2.7198925
TCGA-67-6215-01,1.6058677,2.5803485,9.7672,5.76706,6.812731,2.7396982,0.90380746,5.072089,5.6717415,3.807355,5.907189,6.8732443,7.7878494,7.537007,3.5234149,8.525854,3.5928247,4.9806886,6.9278407,5.464436,8.713158,7.26113,7.3519716,2.247398,9.114358,9.060751,-0.36437792,7.266632,0.9312918,5.454325,5.6802936,8.616494,5.2640285,6.2106733,5.9327116,5.3698072,7.8298826,2.333427,2.512157,5.5732813,6.1188216,7.08864,6.037248,4.9058666,6.9407525,4.9680705,4.6115193,5.3413954,2.6032853,6.4836802,6.057165,6.0458755,7.312416,4.226717,4.476317,-0.28021958,5.806194,8.254741,5.4740424,5.076436,4.9946775,6.501774,5.3254666,4.5580554,3.7505476,6.919584,4.636397,7.057565,7.6003013,6.603917,5.026771,7.6545424,2.5318017,7.219446,10.041196,3.9213061,6.791813,8.284763,3.6907055,4.1376443,6.095518,5.0327764,7.283709,5.7668962,6.1821847,3.6196587,4.116271,3.9603689,4.840274,4.9831657,7.3728213,4.6714063,7.417103,7.7213616,2.8730016,4.725859,6.255672,3.5246766,3.4462016,5.799668,3.761082,5.5796714,4.5162807,6.4311523,7.9664173,7.56303,2.1630287,6.7023406,6.5415506,5.4804363,8.48572,3.7275476,5.4839177,6.7331557,5.0613503,5.798856,3.65331,6.215369,6.078645,3.5424898,4.7204247,6.129335,5.5235424,4.7536397,3.794866,7.0814843,0.5420024,2.5912724
TCGA-86-7953-01,1.59393,2.102703,9.908975,5.8911924,6.902136,2.703587,0.9726947,5.213249,5.3147583,4.0045414,5.7139273,6.7938056,7.85239,8.237674,3.576851,8.72637,3.5466862,5.3005414,7.398482,5.7086205,8.618785,7.155928,7.0580955,2.0388546,9.598728,9.288944,-0.5911551,6.84334,0.18074857,5.417972,5.621811,8.594484,5.6155624,6.5804715,5.738852,5.5218,8.259841,2.4445481,2.6208057,5.375817,5.79793,7.1232753,6.36748,4.755509,6.6930523,4.7620835,4.8273253,5.468962,1.9069066,6.720147,6.318931,6.059973,7.414049,4.3115754,4.529371,-0.55614746,6.162101,8.478885,5.492536,4.889762,4.8809614,6.2103987,5.6907997,4.8802066,3.890145,6.530918,4.9872146,7.3202925,7.886703,6.7925735,5.015503,7.6294045,2.2938263,7.37008,10.073016,3.5066593,6.58343,8.485406,3.4505816,4.5701933,6.016988,5.3453298,7.370237,5.4170604,6.332574,4.083862,3.7733893,4.2600245,4.8182554,4.9456544,6.9379544,4.640493,7.6607995,7.7001085,3.2619157,5.075984,6.15864,3.5136552,3.6486437,5.9302416,3.841274,5.2692657,4.776825,6.2236814,8.270932,7.723705,2.4764302,6.8225937,6.6872272,5.6114564,8.684138,3.6673326,5.4534264,6.507165,5.0445256,5.820459,3.4317112,6.502356,5.8887753,3.281029,4.5089817,6.0752196,5.6251144,5.0633955,3.7706866,6.9952426,0.5802444,2.4534647
TCGA-71-8520-01,1.5867786,2.1862643,9.863927,5.8803735,6.9866323,2.7215102,0.9584291,5.264595,5.328353,4.0782046,5.7298427,6.869585,7.8511405,8.216922,3.6020865,8.967564,3.5139377,5.3137174,7.3311987,5.710332,8.683875,7.2288938,7.0836267,2.1227305,9.527967,9.309175,-0.5886233,6.896321,0.2652132,5.365793,5.601352,8.541392,5.59842,6.56671,5.9068017,5.5328765,8.269743,2.4218783,2.612684,5.4696026,5.8502703,7.0628643,6.367708,4.843608,6.679931,4.800353,4.8154917,5.487207,1.9142098,6.731038,6.2929587,6.1139154,7.443575,4.312877,4.56162,-0.12948205,6.092627,8.529558,5.5096245,4.8594556,4.8321676,6.226798,5.76358,4.8367205,3.9224837,6.548558,4.899789,7.3541193,7.87242,6.771802,5.0537863,7.6852736,2.3672166,7.4007354,10.0453615,3.5369606,6.6099114,8.551159,3.4460344,4.582847,5.965907,5.3273168,7.3701754,5.398905,6.374167,4.005059,3.7972493,4.2409735,4.8216276,4.875336,6.9970026,4.675047,7.689772,7.730611,3.2131562,5.081312,6.121832,3.4576886,3.6191041,5.8983645,3.8223052,5.3284874,4.81562,6.19389,8.224642,7.742123,2.4591837,6.791181,6.7738914,5.6017776,8.630124,3.6840358,5.4716372,6.5252476,5.079779,5.7415295,3.4029477,6.417656,5.8785505,3.259185,4.5691094,6.0565543,5.589838,4.9623766,3.7705088,7.0375004,0.5954483,2.4574692
TCGA-64-5781-01,1.6761763,2.2976186,9.771494,5.6359267,6.797447,2.512198,1.0414202,4.8436227,5.5685687,4.1973877,5.6734633,6.6970916,7.3986897,7.7736883,3.3956213,8.469636,3.9507816,5.363966,6.805302,5.5106015,8.777326,7.29861,7.238528,2.287729,9.087115,8.94894,-0.40030134,6.977657,0.6053956,5.6830263,5.764632,8.801553,5.2795873,6.3237696,5.739828,5.2637167,8.221351,2.4694612,2.6211653,5.6010203,5.9105744,7.2365522,5.990366,4.6075263,6.653036,4.8863797,4.468162,5.1197696,2.6148245,6.6659684,6.1862273,6.111493,7.246951,4.2211447,4.352465,0.07427294,5.93747,8.144533,5.3555574,5.136526,4.875859,6.2683854,5.0494404,4.737324,3.8280513,6.8473554,4.762291,6.9836173,7.515891,6.7965355,4.8912334,7.4352365,2.3281555,7.1946373,9.878374,3.849063,6.848697,8.169297,3.5257475,4.327086,6.296563,5.0189586,7.4444633,5.879279,6.2560463,3.5561552,3.8721192,4.1315317,4.7907257,4.7424264,7.1159253,4.6124864,7.336349,7.819018,3.054176,4.7985754,5.9196467,3.453573,3.5348935,5.814608,3.8429983,5.311787,4.543326,6.277087,8.281497,7.6484733,2.121004,6.5783873,6.4156504,5.4713054,8.432468,3.6380298,5.5149097,6.807836,4.9469967,6.072993,3.6863475,6.3865657,6.073066,3.5681245,4.9235044,6.3088737,5.700194,4.8221784,3.8009915,7.1076818,0.5265078,2.8146024
TCGA-05-4384-01,1.6435164,2.3878164,9.685972,5.6501126,6.794772,2.5530396,1.0317966,4.8437138,5.655491,4.1964655,5.674404,6.7719603,7.438147,7.626654,3.4159095,8.53963,3.9111028,5.2198076,6.6797047,5.476697,8.856488,7.343972,7.265574,2.376827,8.942748,8.944393,-0.3980433,7.048418,0.7853302,5.7153196,5.6872926,8.759877,5.18013,6.242368,5.8520985,5.2374067,8.102816,2.4673548,2.6401134,5.7097926,5.991106,7.2107983,5.878027,4.681423,6.6393814,4.915251,4.416976,5.060599,2.6854627,6.594728,6.1543655,6.157713,7.235532,4.249174,4.3059645,0.3275057,5.8086495,8.163367,5.3033285,5.162324,4.8467107,6.300251,5.0524225,4.6687045,3.849677,6.9456472,4.640009,6.9180765,7.4451222,6.714098,4.9581227,7.4686246,2.4118528,7.1175623,9.814316,3.9636805,6.9430923,8.117105,3.578402,4.209949,6.249093,4.9017997,7.428318,5.905445,6.22604,3.412811,3.9431067,4.0829997,4.7947774,4.7214394,7.2160144,4.659425,7.310757,7.8642263,2.9674225,4.762822,6.0237837,3.3875473,3.4991565,5.764657,3.8351455,5.3849716,4.453275,6.289496,8.188695,7.648134,2.038047,6.510476,6.399564,5.42128,8.371793,3.6136248,5.54123,6.8855305,4.936138,6.060546,3.7074316,6.305793,6.122002,3.6262343,5.011859,6.326132,5.6907053,4.701817,3.8299456,7.1421947,0.5070902,2.8383663
TCGA-MP-A4TE-01,1.7422854,2.1683998,9.836742,5.52359,6.987956,2.404938,1.0681493,4.8774095,5.389407,4.5527596,5.7734,6.7225094,7.5594153,8.057004,3.4172504,8.456514,3.8801386,5.6104665,7.03721,5.541419,8.887314,7.39279,7.319063,2.3155231,9.215442,8.95234,-0.45407808,6.9423084,0.54208463,5.5839076,5.966777,8.883486,5.487771,6.435874,5.7391553,5.2812057,8.393134,2.4304216,2.5993955,5.451589,5.8950763,7.235104,6.194146,4.6901565,6.80836,4.869773,4.525043,5.27597,2.4812958,6.837747,6.0553823,6.173141,7.3817143,4.119185,4.559163,-0.016715592,5.9248295,8.34108,5.459199,5.0637197,4.8714623,6.229297,5.269978,4.7740054,3.8199482,6.736077,4.8143973,7.1664934,7.69091,6.987205,4.8905973,7.477583,2.2189357,7.424936,9.906741,3.676326,6.714469,8.43395,3.4313142,4.5961413,6.3817244,5.1951566,7.52306,5.835558,6.411727,3.6519122,3.9156303,4.0912876,4.7093554,4.55151,7.16248,4.4587693,7.285778,7.692186,3.1327007,4.8393197,6.096982,3.5225117,3.5254066,5.8465357,3.8651154,5.336524,4.8109093,6.132114,8.537292,7.653182,2.2380645,6.68557,6.599925,5.557688,8.330371,3.8520708,5.4973683,6.5949006,5.121771,6.043531,3.6925492,6.4017453,6.037415,3.4630582,4.9335847,6.3159137,5.6785827,4.9218283,3.7090404,7.1022696,0.53623235,2.7960486
TCGA-93-7348-01,1.5786703,2.4076645,9.90032,5.889336,6.8739586,2.8022156,0.9236859,5.228203,5.477632,3.8178537,6.0169926,6.800679,7.9373207,8.042627,3.617341,8.785906,3.5128582,5.163834,7.2659006,5.6493278,8.572092,7.1532865,7.176124,2.0721776,9.475476,9.286559,-0.48489508,7.081313,0.42621723,5.251392,5.6620398,8.490081,5.488802,6.4395556,5.8760467,5.551377,8.020959,2.3420017,2.481415,5.4710617,5.94951,7.028214,6.3396435,4.883613,6.893083,4.878057,4.7949576,5.579798,2.0294483,6.5729947,6.223274,5.970851,7.4073076,4.2848406,4.598065,-0.6604112,6.136626,8.41683,5.5972605,4.860083,5.016639,6.3663564,5.65344,4.7327123,3.8020933,6.684285,4.841959,7.3026433,7.813669,6.7199306,4.9989176,7.691275,2.418167,7.414787,10.18883,3.6380694,6.5794463,8.504965,3.5853775,4.3856544,5.9435425,5.3024964,7.2331223,5.47426,6.295334,4.02695,3.9086246,4.166927,4.8469667,5.0955186,7.12754,4.6728535,7.695738,7.679132,3.1116982,4.969387,6.202837,3.5390623,3.5510983,5.894909,3.78055,5.423287,4.779959,6.339334,8.016436,7.6469126,2.3934577,6.861467,6.726115,5.624885,8.691314,3.6978204,5.4440327,6.5144706,5.0748496,5.643463,3.4498281,6.3470235,5.877867,3.2879028,4.4326887,6.0099726,5.528864,4.9956603,3.7563643,7.02432,0.5765235,2.3943324
TCGA-44-6145-01,1.6089735,2.4071815,9.859903,5.8512464,6.890896,2.7831323,0.9029437,5.212596,5.4698486,3.8479085,5.9648147,6.798639,7.879143,8.089938,3.5780675,8.812995,3.6030548,5.2181215,7.263366,5.625405,8.570708,7.190062,7.1759453,2.081399,9.39921,9.293471,-0.46076322,7.0600104,0.41432217,5.2638717,5.6791735,8.491685,5.4542146,6.4493775,5.8533635,5.501816,8.070269,2.3761816,2.452513,5.5025287,5.942785,7.038439,6.335305,4.8596787,6.854637,4.8866763,4.768932,5.541515,2.020346,6.6033335,6.238089,5.9965124,7.3796616,4.270357,4.58967,-0.6050422,6.135135,8.408768,5.600687,4.866852,4.9764466,6.3745904,5.640631,4.7333717,3.8092158,6.6974587,4.80133,7.290381,7.7946744,6.7260675,4.959185,7.6792336,2.437011,7.445157,10.19221,3.6442323,6.6097193,8.497902,3.561487,4.382608,5.9425483,5.298919,7.2476907,5.5257006,6.298255,3.986553,3.89323,4.171239,4.8532915,5.0787096,7.0977287,4.654718,7.7044697,7.7145057,3.0931308,4.9443264,6.2194624,3.5276933,3.5362267,5.8847666,3.7719846,5.416485,4.7632847,6.3343415,8.000846,7.645196,2.366111,6.841497,6.7334538,5.607269,8.704687,3.6928692,5.4533734,6.5585823,5.0548854,5.6688814,3.4575284,6.3470054,5.883749,3.2889507,4.4768825,6.030756,5.5297213,4.9748135,3.75355,7.054064,0.5554161,2.4109135
TCGA-69-7761-01,1.6041754,2.2244654,9.737373,5.6948195,6.8166723,2.56575,1.0094408,4.91968,5.599578,4.109994,5.6468964,6.769247,7.5329213,7.814077,3.4350092,8.62535,3.8469403,5.267882,6.797728,5.5415626,8.838502,7.2878003,7.1761913,2.277351,9.098255,9.041469,-0.45669875,6.947405,0.5224638,5.67013,5.687016,8.734159,5.263937,6.3570724,5.7979975,5.27136,8.208089,2.4743018,2.6247919,5.674947,5.866406,7.2028165,5.9927287,4.675732,6.631695,4.857394,4.538152,5.1639557,2.4265194,6.654808,6.2477307,6.1761928,7.2729774,4.2727504,4.333792,0.030323513,5.9421864,8.25868,5.361654,5.0954413,4.8306828,6.2636075,5.2474494,4.7527504,3.8654983,6.828444,4.7370706,7.0252213,7.553174,6.7524886,4.9732804,7.474238,2.389481,7.1983056,9.922951,3.8255327,6.8635335,8.213113,3.5052235,4.3130946,6.1832337,5.0111156,7.413216,5.7906375,6.25592,3.5655813,3.8631094,4.143321,4.8038945,4.7432537,7.0923142,4.6425786,7.4461417,7.869358,3.057891,4.86305,6.0108376,3.414937,3.5478787,5.8078713,3.8368716,5.324014,4.497829,6.2626495,8.211031,7.6738296,2.1224594,6.615901,6.484621,5.464663,8.490628,3.6093485,5.5212264,6.802933,4.9452944,6.014801,3.6336262,6.398612,6.0600824,3.5121727,4.9209437,6.2685533,5.6845007,4.8294215,3.8046627,7.097781,0.48220035,2.7780616
TCGA-50-5045-01,1.7197149,2.4976006,9.703588,5.5919943,6.9004188,2.5659318,1.0197829,4.9053106,5.5658507,4.2760997,5.850317,6.7829986,7.5983443,7.8018,3.4479477,8.4943905,3.9216182,5.2937636,6.9150963,5.45994,8.826538,7.4016986,7.3754587,2.3794243,8.966408,8.980797,-0.38123107,7.1454086,0.87415105,5.538557,5.8393874,8.730447,5.277875,6.250254,5.8717856,5.2710166,8.066048,2.4454324,2.5399528,5.6164274,6.090121,7.159547,6.0374155,4.790873,6.8346057,4.9533443,4.4395347,5.2098417,2.5972989,6.632993,6.0088096,6.11008,7.3079357,4.156952,4.5008388,0.05560701,5.784538,8.263787,5.42586,5.093628,4.915829,6.364891,5.17432,4.6230965,3.8063347,6.9432244,4.5970683,7.0346255,7.549622,6.791095,4.9091477,7.5571775,2.3887708,7.3051586,9.895092,3.892116,6.839171,8.302664,3.5957663,4.2894344,6.241218,5.037211,7.4211206,5.89049,6.294415,3.5005898,4.047196,4.0262737,4.7639236,4.7564263,7.3232846,4.560036,7.294295,7.7398224,2.9504902,4.723497,6.2839284,3.467228,3.436979,5.7805786,3.820888,5.4725494,4.6505237,6.2589803,8.189105,7.6065946,2.1150804,6.5919304,6.5341544,5.4851594,8.333475,3.7760115,5.5193205,6.733864,5.065141,5.9613295,3.7169924,6.245477,6.0896792,3.5656817,4.9035873,6.2926855,5.6239476,4.7456555,3.7675726,7.1581693,0.51531744,2.7359314
TCGA-49-4488-01,1.7612909,2.0094774,9.900497,5.5293403,7.007048,2.3725579,1.0566602,4.9040337,5.284978,4.5984845,5.709021,6.6606674,7.5268474,8.298577,3.3912034,8.514728,3.9323688,5.787206,7.1867213,5.5977726,8.820315,7.3491673,7.2277775,2.2152243,9.338091,9.01234,-0.47347993,6.8026547,0.25032243,5.5547986,5.9972706,8.8898945,5.5791,6.5682483,5.6245327,5.298063,8.581835,2.4679787,2.5819175,5.3787193,5.7612104,7.2530894,6.321254,4.598543,6.7519054,4.819194,4.603848,5.3336935,2.2801886,6.9396405,6.1570354,6.1651983,7.3823624,4.1148252,4.5863667,-0.24275123,6.097185,8.355843,5.509909,5.014626,4.843186,6.1692452,5.369884,4.8797,3.8340912,6.6004243,4.937431,7.25343,7.7740107,7.0607014,4.823649,7.443072,2.15429,7.532189,9.98593,3.5288634,6.6328683,8.501933,3.3345382,4.7333975,6.3695054,5.3312345,7.5429387,5.77201,6.4495735,3.812893,3.7844,4.1875534,4.721956,4.55843,6.9741077,4.4251676,7.3896213,7.697776,3.2453268,4.920099,6.014729,3.5590491,3.5785663,5.899933,3.8702326,5.223948,4.886182,6.0980887,8.624774,7.679638,2.327269,6.7540956,6.651257,5.6020436,8.441682,3.83929,5.477096,6.537131,5.1036835,6.0562387,3.6293728,6.5120664,5.964724,3.3637726,4.8776426,6.285873,5.6938796,5.0518794,3.6832936,7.075584,0.53988737,2.7620971
TCGA-55-8208-01,1.563843,2.3580923,9.899784,5.884042,6.909863,2.7809887,0.90243447,5.2152157,5.4768248,3.8809297,6.040305,6.8551173,8.042156,8.017746,3.6298423,8.880565,3.466458,5.173201,7.2237067,5.6471577,8.647148,7.1694794,7.180517,2.0511563,9.470819,9.268772,-0.5158096,7.0515122,0.41012263,5.258747,5.655938,8.510493,5.5128627,6.469356,5.9023376,5.5445204,8.025012,2.3165338,2.482624,5.477735,5.936355,7.0444074,6.35054,4.9246583,6.9299803,4.859103,4.823021,5.610026,2.0173357,6.5954432,6.2030516,6.0275364,7.446207,4.2777977,4.6230865,-0.64325494,6.107186,8.475093,5.609712,4.851913,5.0104685,6.3717165,5.7499056,4.7367716,3.8027244,6.6673164,4.840139,7.3361444,7.8525996,6.745604,5.0734444,7.711091,2.4192874,7.4428053,10.202077,3.6165287,6.570971,8.560548,3.5635986,4.419792,5.945801,5.302101,7.247475,5.466531,6.3193583,4.01039,3.9346194,4.1424503,4.822742,5.046441,7.1706514,4.629977,7.6885,7.6657944,3.1129498,4.98067,6.3171215,3.5432744,3.5482802,5.8947735,3.7832143,5.4384923,4.7887974,6.3136263,8.055099,7.6446986,2.398661,6.899323,6.768038,5.632479,8.659956,3.752477,5.448124,6.47967,5.112529,5.6534805,3.4561763,6.35446,5.8839736,3.2630389,4.4676704,6.008443,5.521173,5.0023794,3.7361796,7.0200505,0.5389282,2.4178045
TCGA-44-7667-01,1.694722,2.0798817,9.9197645,5.7138324,7.000721,2.588221,0.986382,5.141439,5.236431,4.2665772,5.8785195,6.691324,7.733742,8.41743,3.4967923,8.746674,3.8104656,5.6223426,7.424954,5.6968193,8.683837,7.2320943,7.130927,2.0699048,9.517451,9.281636,-0.5559415,6.7981644,0.07556497,5.367778,5.7866206,8.657001,5.6445727,6.649856,5.6824884,5.4591193,8.449444,2.4499187,2.5015354,5.3837166,5.7547874,7.1596084,6.477373,4.6717005,6.730649,4.800612,4.760194,5.5020175,1.8657126,6.8471384,6.3141003,6.0707326,7.43156,4.2453985,4.5962486,-0.57379943,6.2860303,8.495355,5.5836167,4.8356385,4.895541,6.1900353,5.6498356,4.9113355,3.8629181,6.5412936,4.9581447,7.3759217,7.8813996,6.985138,4.884626,7.5747004,2.2142663,7.5655484,10.151024,3.4440904,6.541421,8.581854,3.373912,4.72231,6.110741,5.401233,7.394639,5.536151,6.44205,4.079003,3.7288604,4.289267,4.7707357,4.827701,6.897829,4.516966,7.675008,7.711726,3.297311,5.044496,6.1847796,3.516038,3.625036,5.928356,3.8457832,5.2265377,4.935345,6.164272,8.382993,7.7295527,2.4611452,6.847142,6.747387,5.662566,8.692322,3.736127,5.464493,6.481652,5.056421,5.844492,3.4482517,6.514653,5.8422956,3.2185085,4.550748,6.152598,5.646882,5.1151066,3.7193372,7.056744,0.5382658,2.4894671
TCGA-73-7499-01,1.7386112,2.1220767,9.903244,5.629172,6.937059,2.5137727,1.0983876,5.0132556,5.2417006,4.4226594,5.8409343,6.572411,7.4516716,8.380417,3.4503508,8.46311,4.023913,5.7041507,7.340443,5.6855707,8.693254,7.2415977,7.155846,2.1864903,9.44928,9.176051,-0.527827,6.8003764,0.16521774,5.485358,5.8230557,8.733314,5.598217,6.5919623,5.6412587,5.417812,8.494374,2.5089245,2.5733442,5.395182,5.766534,7.2166233,6.376223,4.529663,6.6326723,4.811227,4.609797,5.3435655,2.0618143,6.843278,6.2995515,6.0226,7.36484,4.2415276,4.510997,-0.3381631,6.271556,8.37315,5.481322,4.907432,4.8938622,6.100604,5.321754,4.9289627,3.8789918,6.600624,4.9720244,7.250666,7.7537603,7.0260663,4.7755585,7.4666395,2.1216273,7.4513307,10.002435,3.5209262,6.6046386,8.429048,3.390952,4.7174187,6.258836,5.292122,7.4506903,5.6439786,6.432981,3.9869175,3.6855872,4.329781,4.7486744,4.733123,6.863519,4.534982,7.5278115,7.726632,3.3274574,5.0108094,6.003386,3.4767866,3.6407375,5.9102507,3.890786,5.152395,4.9204283,6.134586,8.490212,7.7448373,2.3982217,6.710989,6.5876503,5.6370277,8.590368,3.6720963,5.4809732,6.554177,4.990216,5.9647994,3.5131288,6.5238333,5.8821197,3.3327353,4.637076,6.2665625,5.7367644,5.0765414,3.7558377,7.0761166,0.5873888,2.5987434
TCGA-55-8206-01,1.5807658,2.3836288,9.899068,5.882888,6.8802886,2.7964616,0.9157935,5.231393,5.4715304,3.818962,6.0047398,6.803215,7.955601,8.058739,3.610508,8.786193,3.5130885,5.1675544,7.2794313,5.6461306,8.58025,7.1552033,7.175091,2.065757,9.470863,9.292482,-0.48745593,7.0734377,0.4116135,5.254107,5.6717043,8.496769,5.494172,6.4494586,5.8597484,5.538704,8.030504,2.347912,2.4742255,5.463562,5.9382944,7.033951,6.3487167,4.8829203,6.9013386,4.8719335,4.8059554,5.5839386,2.0119307,6.586698,6.223455,5.9817786,7.40926,4.2784433,4.6025767,-0.7035849,6.1383977,8.428901,5.604901,4.861214,5.011192,6.3710933,5.6739264,4.7382174,3.8000991,6.6776147,4.843947,7.3105083,7.825844,6.726212,4.9959106,7.691776,2.4177198,7.4305077,10.204693,3.624795,6.5755053,8.515622,3.5748696,4.393713,5.9427247,5.3130293,7.237783,5.477761,6.2964225,4.0295033,3.9110186,4.161835,4.845966,5.090815,7.120146,4.657752,7.6999846,7.678232,3.1134863,4.9673247,6.229396,3.548829,3.5504062,5.897723,3.7799459,5.4238224,4.7770996,6.3367877,8.022842,7.643905,2.3969932,6.8738303,6.7335343,5.624414,8.699675,3.7077868,5.442163,6.508598,5.0805244,5.650876,3.4534729,6.3580585,5.8807855,3.282238,4.4396267,6.010447,5.526763,5.0079145,3.7506647,7.021363,0.56368816,2.3936143
TCGA-69-7980-01,1.604545,2.2393224,9.929821,5.904682,6.8403444,2.7415466,0.9672689,5.1937733,5.3688526,3.8837514,5.788761,6.7346096,7.777162,8.197293,3.5721397,8.683421,3.6039958,5.288606,7.367349,5.6945705,8.498833,7.1211667,7.069245,2.0268404,9.579178,9.278324,-0.51749426,6.91495,0.226681,5.360388,5.63681,8.552365,5.5536003,6.527089,5.7303524,5.5448,8.199155,2.4315972,2.5735226,5.3943458,5.837428,7.0934496,6.3512354,4.729612,6.712797,4.8082895,4.797271,5.4796495,1.9879862,6.655672,6.322335,5.971653,7.364309,4.3053036,4.5299325,-0.6418297,6.2091365,8.364455,5.520469,4.8894367,4.939596,6.249217,5.570559,4.844978,3.8521113,6.574673,4.9743447,7.2835,7.8288302,6.752654,4.936731,7.61319,2.3210845,7.368873,10.106851,3.5590715,6.5770264,8.432925,3.5050209,4.4828515,6.006357,5.3494816,7.3120008,5.455215,6.294381,4.1077895,3.7644346,4.271053,4.8540955,5.0602527,6.9358063,4.6827235,7.67946,7.702348,3.228452,5.036887,6.029096,3.531191,3.6287138,5.931307,3.8165908,5.27795,4.7693324,6.291921,8.165739,7.695083,2.4497068,6.8133173,6.651599,5.6173644,8.724078,3.624359,5.441277,6.539223,5.0063543,5.771283,3.4276478,6.4651585,5.8651843,3.2953353,4.4395947,6.0466285,5.6045814,5.055948,3.7788012,7.0018544,0.6129966,2.4285269
TCGA-44-A47B-01,1.6189202,2.2614524,9.855746,5.790928,6.9655275,2.7037308,0.91928506,5.2053924,5.414374,3.993139,5.86613,6.8428755,7.87809,8.048708,3.5558655,8.792865,3.555225,5.2910213,7.24998,5.6280417,8.696829,7.2494507,7.193598,2.1153011,9.429988,9.264538,-0.51449484,6.998997,0.40432212,5.3512063,5.692277,8.5867605,5.518923,6.4849415,5.8512936,5.4602685,8.171544,2.3718443,2.5078917,5.4739184,5.905393,7.0851016,6.3331566,4.8667135,6.8268533,4.8556247,4.7723026,5.494218,2.095319,6.6912575,6.2199173,6.0961337,7.431451,4.261643,4.576506,-0.43890905,6.0639057,8.480814,5.5633945,4.8958473,4.9128547,6.34095,5.6671877,4.7581997,3.8357162,6.664621,4.8192697,7.309153,7.8301406,6.7844105,5.0167336,7.67537,2.4033527,7.4262204,10.129059,3.6098008,6.6257396,8.529215,3.500117,4.480863,6.022695,5.287309,7.3257437,5.558957,6.342923,3.9323747,3.904542,4.138243,4.8124766,4.9123893,7.1186085,4.6118784,7.639873,7.716009,3.1132762,4.9555507,6.220813,3.5099132,3.5538354,5.876263,3.7953165,5.415362,4.7663035,6.2685556,8.153373,7.6743593,2.3762038,6.8281446,6.748961,5.591629,8.635894,3.737168,5.468604,6.5526648,5.0964165,5.7368855,3.4849281,6.373313,5.9233193,3.300991,4.5769353,6.082905,5.5567803,4.955586,3.7471735,7.055181,0.52961236,2.4735634
TCGA-17-Z062-01,1.878296,1.9640741,9.911056,5.3601856,7.4195848,2.2082283,0.6488077,4.8976593,5.049604,4.9811287,6.2875705,7.1418505,8.183638,7.995358,3.3416169,8.988723,3.621172,6.0211,7.3104234,5.396507,9.263384,7.5466037,7.6178107,1.9105387,9.280441,8.881148,-0.5732559,6.705261,0.37368697,5.558527,5.7836065,9.180042,5.863806,6.8840995,5.7175393,5.239218,8.476919,2.057866,2.3425386,5.120893,5.8957148,7.500181,6.5758605,4.8562417,7.241266,4.878638,4.793789,5.6052146,2.3460028,7.114208,5.9511895,6.4962487,7.667787,4.0483427,4.7915015,-0.51359487,5.9360776,8.714592,5.680597,4.880884,4.881428,6.445769,6.073176,4.7499976,3.665253,6.534945,4.8356643,7.497514,8.0933,7.3275924,5.3515043,7.696158,2.1841085,7.8528585,10.194516,3.4518435,6.521415,8.935431,3.2437072,5.124726,6.5308814,5.189175,7.573183,5.8607364,6.664774,3.7782059,4.1727624,3.8161185,4.485781,4.2956104,7.4127626,3.9491754,7.2345257,7.5017123,3.0616596,4.729313,7.4077997,3.6135945,3.5069745,5.8632355,3.8092825,5.5517187,5.020071,6.1434608,8.99594,7.5896087,2.4279444,7.068349,6.9280467,5.6836452,8.310733,4.426643,5.5361657,6.441387,5.339488,6.174719,3.7074566,6.4129133,6.032279,3.2343512,4.8792505,6.3348975,5.5533457,4.942088,3.559973,7.173662,0.35511258,2.732911
TCGA-17-Z057-01,1.8932769,1.9461248,9.896579,5.316874,7.397717,2.2038362,0.6604616,4.894202,5.0741444,4.9335566,6.276083,7.115127,8.22794,7.959679,3.3303823,8.949819,3.6377866,6.026974,7.257589,5.3794665,9.3116255,7.5379033,7.648471,1.9254464,9.257724,8.891235,-0.5360564,6.749275,0.41030696,5.531962,5.8615355,9.125423,5.8519583,6.828075,5.719737,5.219426,8.477107,2.0263126,2.3139482,5.1262374,5.8999553,7.488358,6.5836043,4.9102373,7.2682047,4.883408,4.7954307,5.641862,2.2973003,7.1023426,5.910953,6.4464107,7.6731653,4.009059,4.820058,-0.47755405,5.882993,8.803213,5.7145886,4.902947,4.9238286,6.478966,6.106097,4.734614,3.6359954,6.554694,4.8388615,7.499032,8.095404,7.3366857,5.364904,7.6845126,2.1811082,7.866973,10.234696,3.4458482,6.5051947,8.9494915,3.2647102,5.0942116,6.54395,5.2205105,7.5697293,5.9014473,6.6504555,3.7552042,4.2045083,3.7885494,4.489526,4.2865047,7.46819,3.9367313,7.2209044,7.4966846,3.0458639,4.6964936,7.4777765,3.6634893,3.4832404,5.8697863,3.804858,5.5626593,5.0259457,6.1558266,8.960004,7.5601344,2.4162712,7.0927925,6.9219456,5.68595,8.311334,4.447494,5.522586,6.4102583,5.3693857,6.1200914,3.741285,6.417219,6.045376,3.2421281,4.903321,6.330757,5.5385103,4.9776115,3.5398006,7.1585617,0.34656513,2.746513
TCGA-75-6214-01,1.6780111,1.8960093,9.849316,5.6010814,6.9474177,2.4155707,1.0193394,4.9363995,5.334185,4.434532,5.5646524,6.6655045,7.442126,8.317845,3.3659956,8.814466,3.9305794,5.74936,7.0417857,5.637046,8.830238,7.2878346,7.074015,2.1595936,9.290317,9.100559,-0.50521886,6.6844597,0.009032367,5.628952,5.8502517,8.823454,5.4967527,6.6360974,5.6260576,5.2610073,8.665697,2.5143073,2.592692,5.5021887,5.621991,7.263471,6.275222,4.5182996,6.5473986,4.7711306,4.65314,5.2689943,2.0826342,6.934953,6.3620825,6.2200775,7.3151298,4.215407,4.4343185,-0.081207566,6.2318463,8.337795,5.4751954,4.989411,4.748853,6.1241403,5.4189186,4.9569573,3.8948863,6.552124,4.9489164,7.230103,7.7344284,6.9958825,4.846674,7.396346,2.21838,7.467082,10.032385,3.5189853,6.6919417,8.418691,3.2750425,4.704013,6.2586336,5.265016,7.511409,5.6951222,6.4138412,3.8093412,3.6428683,4.275728,4.772095,4.5968137,6.7997947,4.501921,7.5525274,7.847738,3.2805393,4.9998035,5.839216,3.4823387,3.6402364,5.8945427,3.8639174,5.1458173,4.7427387,6.121612,8.519058,7.7294283,2.2991564,6.7373996,6.6166687,5.5632014,8.594652,3.6805956,5.4926143,6.6585402,4.978696,6.0734844,3.5517697,6.5892706,5.9405813,3.3257377,4.902572,6.271319,5.724952,5.0492105,3.7283635,7.0684905,0.50814736,2.7816966
TCGA-69-8453-01,1.5604742,2.7618117,9.76349,5.8984785,6.7224774,2.8325415,0.9752318,5.0270705,5.7467685,3.7421665,6.038008,6.8328943,7.7733917,7.585346,3.6170766,8.662337,3.6550078,4.9070935,6.8141932,5.5290337,8.585738,7.2066865,7.2692127,2.2314212,9.155333,9.073498,-0.3806153,7.263154,0.90500474,5.378375,5.5803304,8.483915,5.192839,6.1552205,6.030914,5.5060806,7.721826,2.3410223,2.548052,5.704984,6.175028,7.0213747,5.982881,4.9141827,6.856324,4.977606,4.5378227,5.3487363,2.5177894,6.3389587,6.104599,5.9350367,7.2961006,4.300911,4.4614854,-0.1440416,5.8623605,8.178946,5.432687,5.019418,5.0621,6.4322577,5.2508574,4.553582,3.7874038,6.976386,4.6239076,7.018188,7.5216794,6.549442,5.0549836,7.654718,2.5253108,7.1357527,9.960364,3.992456,6.8091354,8.222035,3.776622,4.0278816,5.9944787,5.006351,7.2095013,5.672533,6.16698,3.6728847,4.045662,4.0828567,4.8589826,5.142608,7.382952,4.791144,7.4853272,7.74168,2.9088142,4.8056936,6.1630764,3.4359255,3.4566553,5.794947,3.7728128,5.5129695,4.555183,6.4298153,7.820177,7.5976844,2.1400397,6.637425,6.519324,5.510863,8.481054,3.6135497,5.494497,6.734076,4.990051,5.714234,3.5808218,6.1635294,6.004321,3.5247333,4.5921607,6.095825,5.550281,4.727716,3.829827,7.100441,0.58668315,2.5559402
TCGA-55-8507-01,1.5727323,2.2778747,9.965843,5.9081407,6.945839,2.7784822,0.9616309,5.2831535,5.3517537,3.9663472,6.050137,6.75093,7.8827477,8.30309,3.6427796,9.017608,3.5543075,5.3787875,7.364605,5.765759,8.569402,7.1366177,7.0749087,2.0335941,9.641581,9.381967,-0.5580709,6.93019,0.117178954,5.192792,5.6465387,8.451566,5.609998,6.5900726,5.891482,5.6334357,8.241347,2.3507788,2.4983318,5.4647493,5.8248343,7.0098815,6.481345,4.8264313,6.776718,4.8364644,4.8496203,5.6561956,1.7682004,6.6737185,6.3504577,5.978675,7.458527,4.3316803,4.6232014,-0.51790977,6.3310585,8.497511,5.629734,4.7426786,4.973459,6.2341757,5.7821493,4.850563,3.8646297,6.544441,4.9469104,7.424811,7.8879232,6.8276134,4.981631,7.67415,2.33705,7.513427,10.2063875,3.4932847,6.49782,8.611375,3.4823496,4.5865645,5.9066763,5.409467,7.2438784,5.3401666,6.401505,4.183041,3.7382174,4.312331,4.8355947,5.030397,6.959555,4.6904445,7.837509,7.7093453,3.263005,5.12553,6.0436573,3.483781,3.6270618,5.9294353,3.8039057,5.2979107,4.9423037,6.2430897,8.1164255,7.7336082,2.4939332,6.8910027,6.82021,5.695004,8.764871,3.6522934,5.444924,6.4440007,5.0574603,5.5944314,3.329042,6.4163094,5.7635636,3.152008,4.3656034,5.990939,5.5672,5.080998,3.7462893,7.023175,0.6145855,2.3540704
TCGA-44-A47G-01,1.618491,2.6338804,9.751882,5.7857113,6.8430805,2.7784772,0.9454425,5.0733213,5.648736,3.9142213,6.0679073,6.827346,7.8567166,7.7609053,3.5776756,8.686689,3.6990938,5.0540276,6.9806013,5.525901,8.684664,7.2663903,7.3082037,2.2274692,9.1405945,9.147252,-0.4099025,7.2168775,0.8066756,5.3307066,5.6873283,8.50804,5.276212,6.2486167,5.9766335,5.43816,7.842572,2.3607757,2.4592404,5.6480503,6.116369,7.0430017,6.123133,4.9253716,6.931122,4.956868,4.5848575,5.4159584,2.3519835,6.475103,6.0904565,6.001293,7.353966,4.2463603,4.5468626,-0.3322957,5.9176903,8.326962,5.5234146,4.9690785,5.032004,6.4432144,5.417195,4.5951285,3.7861753,6.9327273,4.6107364,7.1274204,7.621362,6.6725125,5.013945,7.679633,2.492142,7.3109384,10.07,3.8704255,6.752622,8.373833,3.687363,4.169061,6.000786,5.094742,7.2469773,5.7033153,6.2460155,3.7048478,4.0546794,4.0691586,4.8230004,5.0397096,7.3495703,4.6638494,7.530346,7.72397,2.9422615,4.8052354,6.3870335,3.4755175,3.4412994,5.8072395,3.7764964,5.5162845,4.6574583,6.3627367,7.8957686,7.599639,2.1879508,6.7187896,6.6330595,5.5418863,8.5162325,3.7104971,5.491874,6.6527214,5.058741,5.7136674,3.5843854,6.21063,5.9891167,3.44343,4.6303015,6.1201415,5.5380697,4.8066707,3.776265,7.114814,0.5044445,2.5273824
TCGA-17-Z056-01,1.9128308,1.9945462,9.900254,5.355778,7.383128,2.2243533,0.6456302,4.900817,5.040452,4.9011583,6.250507,7.1146073,8.21787,7.9368277,3.3357978,8.922814,3.6525502,6.00499,7.298892,5.3840065,9.278713,7.5284247,7.624105,1.958847,9.22707,8.884464,-0.53588814,6.73033,0.44388506,5.523281,5.7940545,9.077424,5.8623996,6.8329744,5.709078,5.2522225,8.448174,2.0690026,2.3135767,5.113384,5.919516,7.492869,6.596236,4.889073,7.2373786,4.886053,4.7897987,5.6293306,2.3174117,7.078255,5.935275,6.4217215,7.662041,4.029874,4.8178573,-0.45657495,5.8767834,8.786627,5.698483,4.882882,4.949117,6.466649,6.0640445,4.737851,3.6433277,6.5484505,4.832197,7.4955063,8.10146,7.326239,5.3459067,7.698421,2.173443,7.8589416,10.215968,3.4490998,6.5067067,8.923927,3.28076,5.085548,6.522896,5.2216067,7.560253,5.888875,6.649501,3.7673457,4.179746,3.8197105,4.490938,4.325765,7.4850335,3.954791,7.2280045,7.495644,3.0548558,4.7060795,7.495051,3.6421108,3.4913247,5.8728433,3.8041382,5.54577,5.0379605,6.1631656,8.94331,7.570934,2.4336832,7.0793905,6.911726,5.6928473,8.333715,4.4056735,5.5281367,6.4226975,5.341346,6.125185,3.7163608,6.4119673,6.027259,3.234109,4.9011765,6.3276453,5.5439343,4.9706235,3.5515018,7.1749372,0.35973352,2.7058504
TCGA-55-8094-01,1.5637345,2.2933629,9.987001,5.9269433,6.942603,2.7897742,0.9817703,5.2954435,5.341431,3.960235,6.0831146,6.7472944,7.8933206,8.297142,3.665423,9.003037,3.5158606,5.37049,7.3759923,5.783776,8.559339,7.120881,7.076984,2.0347579,9.689548,9.379635,-0.5714479,6.9425726,0.12454063,5.1786165,5.637079,8.447409,5.6373787,6.5857954,5.9114137,5.6707716,8.225492,2.3343658,2.5161738,5.4440365,5.836606,7.0007143,6.4923263,4.834831,6.783437,4.8360944,4.8556485,5.673925,1.7718203,6.6590376,6.342306,5.954194,7.474492,4.3410606,4.6302876,-0.50366014,6.334575,8.496788,5.626011,4.7326245,4.9950247,6.2226624,5.7747855,4.8512473,3.865119,6.5346594,4.9700723,7.433783,7.8955617,6.829916,4.99501,7.6818995,2.3201447,7.495612,10.192836,3.4887302,6.477825,8.616258,3.4962811,4.601217,5.9128876,5.415654,7.238397,5.307056,6.407221,4.215181,3.739779,4.317697,4.831356,5.0409536,6.974171,4.705533,7.830059,7.6877303,3.2782285,5.142118,6.0113773,3.4830537,3.6374707,5.934681,3.8101223,5.2989974,4.96882,6.241958,8.133319,7.740599,2.5168097,6.8906655,6.815905,5.7079983,8.753501,3.6515365,5.441122,6.420915,5.0662656,5.5757775,3.3187232,6.409816,5.753956,3.1516373,4.32702,5.9821653,5.5695434,5.0843325,3.7515457,7.012339,0.6401792,2.339297
TCGA-55-A492-01,1.5461458,2.4545603,9.886169,5.9078355,6.911582,2.8120728,0.91737795,5.2200437,5.514796,3.8757274,6.1013947,6.8756948,8.006323,7.938982,3.6624298,8.9672,3.4665399,5.148039,7.141685,5.6594048,8.652124,7.1813607,7.186975,2.0862179,9.461195,9.266031,-0.515858,7.0853596,0.4745361,5.2363925,5.601592,8.464978,5.480064,6.4331036,6.006371,5.589308,7.9822817,2.2890809,2.4966516,5.5505915,5.9837236,7.009071,6.3141246,4.95906,6.901062,4.8882375,4.7865143,5.604968,2.0620718,6.5449743,6.208011,6.015883,7.45429,4.310394,4.608768,-0.42490968,6.0848026,8.462847,5.589543,4.834482,5.018272,6.365362,5.7225,4.705019,3.8194804,6.706305,4.798332,7.3192496,7.806538,6.7173157,5.113748,7.7305336,2.449795,7.396031,10.154381,3.673581,6.598506,8.543671,3.5990248,4.3840938,5.918648,5.252739,7.2223363,5.451348,6.325332,3.9742312,3.935961,4.156807,4.8259044,5.049004,7.2186155,4.690269,7.7019258,7.689088,3.0896096,4.9929266,6.2531285,3.485172,3.541205,5.873049,3.7789834,5.4526677,4.7954454,6.3174696,7.999483,7.663374,2.3731236,6.855941,6.773004,5.6305428,8.631132,3.7170064,5.4634476,6.5087576,5.097659,5.601542,3.4314265,6.294714,5.870156,3.2685745,4.458119,6.0014706,5.518553,4.9343114,3.7562294,7.0446916,0.5642748,2.417116
TCGA-05-5423-01,1.708562,2.3683386,9.776562,5.619717,6.8091183,2.5079312,0.98069334,4.840583,5.5369906,4.189472,5.70124,6.7638726,7.478324,7.6570487,3.3929515,8.328085,3.8179486,5.309398,6.8922014,5.4451985,8.774196,7.3324714,7.330291,2.2834558,9.077707,8.906556,-0.3544011,7.043433,0.7950212,5.6938314,5.757665,8.84251,5.293239,6.299489,5.717311,5.2449374,8.120271,2.399818,2.615513,5.492486,6.007115,7.2619886,5.9790792,4.669342,6.742673,4.9233065,4.470528,5.1258264,2.750133,6.6353436,6.088515,6.1198215,7.242247,4.191042,4.3860164,-0.010386785,5.8297663,8.158303,5.3459606,5.1523595,4.8881364,6.3312855,5.0778446,4.669445,3.776901,6.8618174,4.728838,6.9634333,7.5487027,6.763142,4.9284396,7.46669,2.3480682,7.1950426,9.842402,3.9016197,6.852051,8.162555,3.5727193,4.296779,6.3492994,4.9789896,7.4376287,5.917778,6.2425423,3.5332322,3.98099,4.0180254,4.771803,4.744348,7.2281137,4.576405,7.2210994,7.7534666,2.9791048,4.71692,6.1079803,3.4890065,3.5086727,5.8018208,3.8255737,5.418729,4.5289755,6.3173676,8.311641,7.5998483,2.1191087,6.588265,6.396012,5.4610596,8.376643,3.721622,5.510545,6.8198833,4.9832716,6.0950575,3.7353954,6.329217,6.1242537,3.620894,4.9157863,6.312536,5.665448,4.7716165,3.795644,7.1146383,0.576827,2.7907429
TCGA-78-7161-01,1.7638747,2.1877694,9.857467,5.644418,6.814965,2.4799387,1.0560625,4.8913584,5.3378515,4.244365,5.60459,6.589467,7.2871914,8.049421,3.3614883,8.303289,4.0190206,5.5501175,7.174473,5.575603,8.620966,7.263248,7.1852374,2.197833,9.314177,9.038729,-0.42584816,6.833636,0.39036238,5.6769032,5.753131,8.831017,5.444226,6.4658313,5.5414853,5.3155856,8.383502,2.5107439,2.633669,5.4010525,5.834862,7.2903543,6.1494923,4.464334,6.5374537,4.8478174,4.5059614,5.118289,2.454532,6.7634997,6.282813,6.0406537,7.242355,4.240972,4.360996,-0.16720742,6.1102858,8.154873,5.348339,5.066598,4.8534527,6.1635075,5.0467663,4.8513055,3.842495,6.705551,4.9179254,7.0450635,7.61386,6.888367,4.771,7.4007187,2.1867406,7.258994,9.863432,3.7081163,6.754141,8.175308,3.4565547,4.5035286,6.3472166,5.146582,7.473488,5.8259606,6.306794,3.7897887,3.7286777,4.243895,4.7828436,4.77621,6.9178915,4.591396,7.3667555,7.7819157,3.1993105,4.8681746,5.846477,3.4649231,3.6198454,5.8695817,3.8696005,5.1909003,4.6748757,6.2433596,8.429746,7.700098,2.2643437,6.584733,6.3916826,5.527037,8.545279,3.5959022,5.498508,6.771746,4.893985,6.1270833,3.6169505,6.485925,6.001595,3.5147204,4.7627006,6.3273544,5.755259,4.933474,3.8117337,7.099414,0.6057336,2.705271
TCGA-67-6216-01,1.5874583,2.651089,9.790117,5.8476634,6.836302,2.8143826,0.912529,5.1240344,5.6444254,3.798837,6.074815,6.8713756,7.8985386,7.7091217,3.6072104,8.733575,3.570931,5.0058393,6.991078,5.536317,8.63916,7.2351007,7.299387,2.1828454,9.221815,9.157882,-0.40854505,7.237784,0.803179,5.305856,5.6359787,8.496324,5.305995,6.256188,6.004972,5.4894567,7.8099136,2.3077474,2.473253,5.613421,6.1285334,7.0231876,6.1388226,4.9654474,6.943494,4.963323,4.6425843,5.4636707,2.3618329,6.444115,6.0971456,5.9876904,7.3658943,4.2664304,4.5527067,-0.3342338,5.9136915,8.324351,5.532189,4.953391,5.0441537,6.467207,5.469206,4.579961,3.771786,6.892138,4.6458273,7.1506705,7.6556497,6.6266723,5.06063,7.7086267,2.521535,7.289268,10.081746,3.866517,6.724183,8.385749,3.70579,4.1689115,5.9781647,5.108485,7.2172937,5.639674,6.2332373,3.7601397,4.066071,4.04653,4.8383846,5.0893154,7.365483,4.6996365,7.549394,7.7042546,2.9305587,4.8197346,6.316963,3.4882166,3.4561832,5.8166265,3.7593277,5.5508466,4.6497426,6.4011497,7.8822246,7.5942607,2.2239425,6.749746,6.6466455,5.5497856,8.540117,3.713609,5.4806952,6.644825,5.0682163,5.667068,3.5550592,6.194886,5.977985,3.4299235,4.561494,6.0665975,5.507669,4.7984166,3.7825549,7.0917716,0.5517707,2.4874642
TCGA-44-3398-01,1.6168964,2.6296084,9.766445,5.822856,6.7798095,2.7951155,0.90979564,5.107549,5.642931,3.7471418,5.891095,6.840013,7.792643,7.6775193,3.5410314,8.49877,3.64503,4.9580183,7.0646086,5.486541,8.598568,7.224566,7.3064733,2.2180119,9.146483,9.113154,-0.3563834,7.2598023,0.8839678,5.3979383,5.670493,8.543991,5.268823,6.2210774,5.896949,5.4120555,7.809917,2.3897731,2.5047793,5.553616,6.128107,7.0552297,6.0737944,4.8815584,6.9150662,4.962068,4.6239676,5.361759,2.47142,6.4612436,6.085152,5.9783716,7.2821383,4.2333484,4.4970984,-0.43975267,5.8541718,8.236524,5.481824,5.052659,5.003416,6.4875093,5.3407655,4.5759587,3.7641263,6.899336,4.6547546,7.065682,7.610402,6.5719547,4.971198,7.6673717,2.5241528,7.2432795,10.05816,3.8959239,6.76869,8.278858,3.7051022,4.115867,6.0289135,5.094397,7.264752,5.705593,6.1602235,3.7116895,4.0768795,4.022358,4.8712196,5.0943136,7.298521,4.7006087,7.4716086,7.7108192,2.9028535,4.75274,6.278778,3.5363717,3.4521637,5.8213415,3.758737,5.541052,4.542114,6.4417653,7.904706,7.56582,2.203062,6.6985135,6.5437965,5.4936714,8.54306,3.6903248,5.471076,6.7131443,5.0346413,5.7715487,3.6144857,6.22812,6.0406,3.522339,4.631163,6.092894,5.5194974,4.790671,3.8028824,7.0765843,0.56956714,2.5190718
TCGA-MP-A4T7-01,1.7875658,2.0933661,9.861215,5.486279,6.996386,2.3557014,1.0911597,4.8541074,5.307465,4.647627,5.7388544,6.666488,7.4860353,8.174726,3.3845882,8.32817,3.9762578,5.7234263,7.1475782,5.5535955,8.866675,7.389881,7.3100834,2.2954578,9.266493,8.9484825,-0.4641933,6.8698096,0.45484167,5.611323,6.00365,8.93029,5.5443735,6.489377,5.6449847,5.2718067,8.488458,2.4676821,2.6083782,5.382933,5.8504524,7.2766156,6.241539,4.609828,6.7763124,4.8477783,4.5155864,5.256938,2.4413993,6.898944,6.0766273,6.1590896,7.376832,4.105225,4.5628586,-0.11671162,5.9800673,8.342457,5.450237,5.0638056,4.8614044,6.179594,5.2380214,4.825691,3.8252175,6.691725,4.874526,7.17645,7.714225,7.0550637,4.8359866,7.4408436,2.1408195,7.454248,9.894946,3.61836,6.68898,8.434661,3.3895817,4.6818132,6.4382915,5.2344847,7.5634556,5.8494654,6.4354835,3.7054598,3.8657067,4.134327,4.6925187,4.516052,7.083292,4.4181743,7.265565,7.677293,3.1943972,4.8538146,6.100402,3.5371447,3.5504913,5.8678303,3.8862867,5.2682376,4.8583117,6.1001263,8.644016,7.667323,2.2742686,6.6835804,6.579377,5.5746036,8.343225,3.857944,5.494563,6.574004,5.108576,6.105826,3.695667,6.458881,6.0255685,3.4551609,4.924608,6.35099,5.714665,4.9791374,3.702212,7.100503,0.5435186,2.7986348
TCGA-55-6968-01,1.6670699,2.1159294,9.857333,5.601522,6.8985167,2.4659436,0.92662334,4.9023447,5.460317,4.228373,5.8430657,6.789227,7.6695123,7.824231,3.4101322,8.463604,3.715237,5.4566245,6.9673786,5.5056167,8.8822155,7.2895174,7.2922482,2.1376379,9.258614,8.994966,-0.45085305,6.908322,0.45158717,5.6345215,5.7908297,8.878494,5.44037,6.4782877,5.6670303,5.2662077,8.2699375,2.3178601,2.545227,5.4292765,5.8392053,7.297241,6.1684575,4.7004595,6.8334913,4.855968,4.6340165,5.3174915,2.445539,6.74358,6.1644826,6.191895,7.355685,4.2004805,4.4602017,-0.3945615,6.0061393,8.355746,5.468285,5.0406337,4.909204,6.31234,5.3769674,4.7658815,3.7573738,6.721023,4.8452477,7.1465983,7.7276998,6.9087763,5.019143,7.4798746,2.2939405,7.350881,10.030396,3.7041392,6.7198305,8.367388,3.4618185,4.509105,6.3309093,5.08437,7.4179215,5.8143864,6.338306,3.6961267,3.938021,4.0318213,4.7238874,4.675643,7.1670847,4.460007,7.3605685,7.729334,3.0830276,4.8203535,6.2333493,3.5379193,3.557632,5.8488617,3.8307314,5.383364,4.6362295,6.2675333,8.429335,7.616896,2.21939,6.7925253,6.5487223,5.54675,8.490172,3.8160715,5.493289,6.668489,5.049723,6.0428314,3.6728346,6.4444923,6.0545464,3.4444528,4.8439016,6.2701235,5.650099,4.9524746,3.7265663,7.0649443,0.49504122,2.7487833
TCGA-53-A4EZ-01,1.6018068,2.1277912,9.984132,5.8708544,6.877622,2.6721163,1.0928059,5.160061,5.2709994,4.1391597,5.86121,6.6401615,7.688919,8.380662,3.5928373,8.73343,3.6915362,5.490985,7.372963,5.796566,8.571907,7.097684,7.0201426,2.0661,9.688651,9.269014,-0.6078805,6.804834,0.023823984,5.371807,5.6724234,8.589692,5.6718216,6.6179028,5.7433667,5.60843,8.375763,2.454138,2.6362362,5.370873,5.7413445,7.117329,6.430294,4.629214,6.6270113,4.7595806,4.777864,5.4942856,1.8641515,6.740008,6.373905,5.9534497,7.416307,4.330451,4.53036,-0.4576856,6.34075,8.39918,5.5059886,4.8329372,4.945547,6.0916915,5.520999,4.957592,3.9061992,6.4910307,5.087951,7.341493,7.844608,6.905076,4.911473,7.553179,2.1671793,7.395203,10.0614805,3.4554613,6.510247,8.482649,3.432735,4.684906,6.082174,5.3884616,7.365026,5.3712454,6.3940454,4.1980095,3.640887,4.3914633,4.8045554,4.9356985,6.839432,4.6652617,7.685787,7.6897774,3.3907695,5.15859,5.8717165,3.489003,3.7011328,5.957794,3.8783498,5.1495934,4.928863,6.17703,8.365938,7.7718616,2.522594,6.7951527,6.649397,5.680189,8.685663,3.6062238,5.445972,6.4522657,5.0045433,5.803602,3.382802,6.53942,5.799469,3.2428505,4.4251,6.0987253,5.689471,5.13555,3.7774756,6.9860606,0.64679587,2.4698868
TCGA-49-4510-01,1.7617265,2.0164206,9.777849,5.5864267,6.983771,2.4498959,1.0669953,4.9747114,5.2649426,4.4869046,5.5676565,6.6320434,7.418126,8.44264,3.3625624,8.647903,4.1200924,5.700836,7.265943,5.6314836,8.780712,7.3588557,7.125366,2.2465231,9.242826,9.173605,-0.5189623,6.7188926,0.15547322,5.5983095,5.8520117,8.768073,5.4926004,6.586368,5.6095443,5.2712626,8.595926,2.6147377,2.5815086,5.516688,5.7310076,7.2347336,6.2789245,4.518598,6.5149045,4.801768,4.55454,5.2041454,2.0311408,6.9274497,6.3249507,6.1729927,7.3183227,4.2164016,4.451538,-0.08361208,6.1656947,8.384384,5.432076,4.979797,4.738577,6.1059933,5.371363,4.926616,3.932331,6.646879,4.8489466,7.1961956,7.699516,7.0020366,4.7725782,7.4421563,2.1898015,7.478664,9.956148,3.5542552,6.73581,8.396296,3.3145192,4.6692295,6.2219486,5.2784395,7.5304646,5.734424,6.424378,3.7893436,3.6709735,4.3162527,4.7626996,4.6379704,6.820636,4.5134745,7.5372505,7.8460574,3.2697606,4.973184,6.046421,3.423413,3.60649,5.870885,3.88235,5.141658,4.8022976,6.087539,8.45828,7.761488,2.2961922,6.6369762,6.6086936,5.552939,8.577387,3.6533585,5.5158577,6.6778398,4.9620132,6.078639,3.553605,6.5318265,5.944291,3.365029,4.8560085,6.32907,5.7508006,4.9968333,3.7556891,7.136074,0.49723896,2.6944942
TCGA-55-1594-01,1.7790723,1.9995648,9.867277,5.50531,6.9923143,2.3575134,1.0572822,4.887516,5.2586637,4.604005,5.6819186,6.6670623,7.4574294,8.248525,3.3673813,8.344325,3.9633415,5.758372,7.2169905,5.571592,8.851431,7.3633456,7.2557507,2.232866,9.323926,9.004579,-0.4833146,6.7844996,0.30909792,5.6374044,5.950706,8.925444,5.569118,6.5650277,5.5861077,5.263983,8.560183,2.4750931,2.6083858,5.3548813,5.7783566,7.3018923,6.2793736,4.5676003,6.7069874,4.8196135,4.563467,5.258319,2.3126268,6.927423,6.1645412,6.1785965,7.3619223,4.140208,4.5255246,-0.20888832,6.061972,8.377185,5.4448504,5.0341535,4.819689,6.15065,5.3097124,4.8764296,3.8399758,6.6262436,4.920026,7.1983576,7.7531285,7.059447,4.8418994,7.424163,2.1331322,7.4589963,9.921207,3.5677125,6.680319,8.430248,3.345827,4.7308393,6.414229,5.23932,7.559007,5.802706,6.4390593,3.7673352,3.8026724,4.1697383,4.69955,4.521151,6.982726,4.4191275,7.3262014,7.7105093,3.2339082,4.894334,6.097101,3.5260315,3.5903132,5.881673,3.8869355,5.2257237,4.836732,6.101947,8.662517,7.6874213,2.304639,6.7079444,6.5810127,5.577682,8.427915,3.8226864,5.4947224,6.594623,5.0669436,6.124662,3.6561005,6.5159535,6.00726,3.4180162,4.8952703,6.3446426,5.7279925,5.018531,3.7092607,7.0917745,0.5488682,2.7717357
TCGA-83-5908-01,1.5451921,2.2987401,9.858469,5.882985,6.893152,2.7289548,1.0153719,5.1458306,5.4845657,4.0654974,5.863139,6.7991834,7.7943316,8.0773325,3.6182165,8.999584,3.6247718,5.2589293,7.0738087,5.709806,8.694803,7.192984,7.0760865,2.1673036,9.428718,9.235035,-0.55608606,6.948275,0.32183495,5.372415,5.609109,8.515164,5.468691,6.4749475,5.963373,5.5384,8.18044,2.414558,2.6088328,5.6106377,5.865684,7.048541,6.25053,4.810944,6.6907706,4.826019,4.723155,5.455748,2.0295384,6.635883,6.2959185,6.067389,7.4045315,4.3289437,4.5140862,-0.07698529,6.117249,8.412982,5.4917874,4.884482,4.90506,6.214939,5.5903983,4.8102674,3.9091122,6.6579294,4.8569455,7.2674294,7.7420273,6.7561316,5.038048,7.627712,2.3741338,7.3414407,10.033819,3.6428242,6.65751,8.459948,3.507661,4.451474,5.9677553,5.2401257,7.322229,5.4583063,6.340977,3.917074,3.784298,4.2746587,4.828739,4.9103346,7.0414762,4.721409,7.6845665,7.7698884,3.1940491,5.069017,6.011772,3.4238276,3.5983143,5.8771143,3.8282108,5.3001313,4.770177,6.216934,8.12417,7.7305813,2.353222,6.748275,6.7027617,5.5983424,8.592575,3.617338,5.4801955,6.5622373,5.029624,5.7326827,3.428009,6.3862305,5.873617,3.2965734,4.60932,6.0769567,5.615925,4.94379,3.7821429,7.0455155,0.56742007,2.5376418
TCGA-97-7547-01,1.7804594,2.4774218,9.776839,5.62615,6.7625337,2.5525115,1.0553483,4.8333373,5.513396,4.107024,5.786004,6.6010914,7.3148217,7.8168626,3.379554,8.232658,4.138376,5.370837,6.9993825,5.485549,8.596447,7.2959847,7.303446,2.2592456,9.096342,8.970392,-0.34739658,7.040444,0.72207755,5.609843,5.7955,8.768323,5.2816477,6.2730765,5.6470633,5.300293,8.118972,2.501937,2.5539498,5.530919,6.0205894,7.2347255,6.0303135,4.5586524,6.6810055,4.933884,4.388602,5.0975003,2.6644928,6.615242,6.1498284,5.968014,7.217365,4.2002335,4.389709,-0.2394854,5.9648995,8.066686,5.3656745,5.1225405,4.961823,6.300374,4.8767033,4.701501,3.7908866,6.921273,4.7351027,6.94565,7.4869103,6.806419,4.7679305,7.4540653,2.2825828,7.207652,9.87213,3.881997,6.8277297,8.118884,3.6015692,4.272739,6.309062,5.051746,7.4141836,5.9534388,6.2345667,3.6267314,3.8911626,4.1617813,4.7955337,4.8995867,7.1401753,4.6060658,7.3072577,7.7649326,3.0400286,4.7293315,6.0289664,3.4718754,3.5040696,5.8208303,3.839775,5.305264,4.611398,6.3272495,8.19064,7.6284485,2.1407998,6.53716,6.359989,5.492461,8.466721,3.6219788,5.510344,6.812632,4.9138303,6.0629153,3.6976156,6.3447375,6.0516143,3.6032774,4.7736397,6.329208,5.7035165,4.823012,3.815805,7.146421,0.54782104,2.7140481
TCGA-75-7025-01,1.6965817,2.050219,9.795404,5.5412974,6.9831476,2.4220967,0.90341973,4.8992963,5.4342966,4.399382,5.7527757,6.7976,7.594552,8.01306,3.3569524,8.84738,3.8777087,5.6560454,6.8955507,5.5084624,8.941751,7.354544,7.239888,2.1459296,9.099813,9.014052,-0.44253477,6.8216324,0.2845954,5.606139,5.8532763,8.851531,5.4185452,6.552148,5.713654,5.2025843,8.470003,2.3960397,2.4911017,5.534929,5.766375,7.2779355,6.221124,4.6647143,6.755123,4.8474956,4.631614,5.313712,2.2911098,6.861226,6.219069,6.267877,7.3412833,4.16288,4.4874873,-0.11246124,6.0667634,8.365235,5.5248847,5.020813,4.8168187,6.3025904,5.4780793,4.809616,3.806814,6.6781654,4.795145,7.2032704,7.720838,6.9651775,4.972247,7.473411,2.325345,7.485063,10.088547,3.6370595,6.7345567,8.458461,3.3562045,4.598292,6.275897,5.1515436,7.4721203,5.813999,6.3914704,3.6468785,3.8571625,4.092936,4.73944,4.5991254,7.063908,4.4173384,7.4624343,7.807116,3.0982745,4.843741,6.205689,3.5179386,3.539184,5.8482375,3.8170404,5.3256516,4.6767945,6.207006,8.435294,7.6394506,2.2097554,6.789103,6.6498,5.5386505,8.51567,3.8295066,5.508284,6.6869226,5.0510583,6.053387,3.6427402,6.470405,6.0162215,3.3706036,4.9651694,6.271368,5.64102,4.944193,3.6969914,7.109283,0.4440859,2.8048165
TCGA-38-7271-01,1.690546,2.556812,9.719489,5.636608,6.850604,2.6323607,1.0300652,4.9375186,5.620541,4.12963,5.943423,6.732003,7.596901,7.7612333,3.471055,8.513049,3.9556243,5.2246575,6.8850336,5.4895906,8.765658,7.336769,7.3496094,2.3490012,8.995132,9.032301,-0.38625503,7.181639,0.84606373,5.485199,5.80025,8.662716,5.2505684,6.225622,5.886504,5.3165727,7.995542,2.4439354,2.5028777,5.6591535,6.0833545,7.12912,6.044188,4.7760077,6.839363,4.957518,4.4524684,5.239386,2.5640366,6.5746636,6.062364,6.0411325,7.305149,4.1953907,4.4763207,-0.08683241,5.8688297,8.229707,5.451736,5.066923,4.9767294,6.3808556,5.1248584,4.625313,3.7992148,6.974248,4.6052356,7.0323677,7.5218472,6.766271,4.884466,7.5667505,2.4046886,7.2796974,9.964357,3.900179,6.8197613,8.277074,3.6327014,4.2305217,6.18247,5.037944,7.3582406,5.8724475,6.265854,3.556131,4.021408,4.0708513,4.7903056,4.8651347,7.3077497,4.6068416,7.3799353,7.7573934,2.9606638,4.742572,6.229077,3.461095,3.4431374,5.7870426,3.8145955,5.455381,4.6380644,6.3061447,8.072871,7.6129136,2.1189203,6.6066,6.5174975,5.499782,8.413468,3.7060108,5.512386,6.732559,5.029199,5.892349,3.6807349,6.246844,6.052991,3.5451899,4.8092937,6.26065,5.6204042,4.7721596,3.785387,7.1454425,0.49180433,2.6836848
TCGA-50-5068-01,1.792176,2.0334632,9.827178,5.532153,7.0144396,2.3884363,1.1123664,4.919084,5.235885,4.649861,5.651611,6.607509,7.414453,8.426503,3.367372,8.593264,4.127422,5.8058424,7.240379,5.6299343,8.813879,7.3738685,7.1873264,2.2748682,9.261736,9.079643,-0.5132931,6.7472095,0.20931305,5.582064,5.9451647,8.838821,5.557009,6.578582,5.6237426,5.29268,8.623729,2.578474,2.5925863,5.451378,5.757213,7.250569,6.3100176,4.5155387,6.5935636,4.811372,4.529958,5.2340655,2.1592066,6.96022,6.2335014,6.152174,7.3564343,4.161373,4.5174847,-0.011142908,6.13966,8.355425,5.4547,4.9947567,4.790872,6.098662,5.2991567,4.920135,3.9047132,6.63603,4.889329,7.2180047,7.710867,7.0800467,4.7615304,7.4311447,2.1223795,7.513386,9.93343,3.5354211,6.684982,8.445043,3.3147206,4.7463727,6.3268514,5.3112893,7.568096,5.763441,6.465596,3.7922614,3.7042084,4.288869,4.725996,4.569309,6.8891087,4.459288,7.4396625,7.76952,3.2890215,4.953827,6.0107393,3.46682,3.597057,5.882588,3.8969066,5.1495633,4.8991833,6.0574193,8.58832,7.745371,2.3211117,6.64864,6.6105137,5.5847607,8.475714,3.7394943,5.5063224,6.604017,5.026853,6.0979857,3.5940888,6.5206323,5.944966,3.3766992,4.8747735,6.348217,5.754254,5.012905,3.7281394,7.125455,0.5238313,2.741437
TCGA-64-1678-01,1.7015541,2.2831874,9.757542,5.655241,6.860244,2.5873384,1.0648105,4.9802094,5.456781,4.202472,5.7330537,6.6214175,7.458466,8.182182,3.424851,8.575316,4.073434,5.446632,7.1027355,5.5972214,8.691194,7.28518,7.1646857,2.276705,9.148048,9.160657,-0.4500818,6.936845,0.38985023,5.5180235,5.8002915,8.658689,5.3507195,6.4174886,5.711841,5.3166356,8.309742,2.57033,2.5370142,5.6062694,5.8601284,7.161506,6.173735,4.593114,6.6173377,4.863319,4.5234976,5.2249265,2.1901562,6.726319,6.2710457,6.053014,7.272454,4.2380843,4.4314885,-0.22260852,6.1130004,8.269088,5.4474216,5.000855,4.863574,6.215467,5.2140527,4.815159,3.8793995,6.789155,4.7663302,7.1100802,7.596555,6.854001,4.762146,7.4801435,2.2971754,7.365918,9.997744,3.7064054,6.76268,8.29867,3.4751396,4.4234405,6.151176,5.180799,7.4083686,5.757375,6.3171325,3.7492049,3.7716534,4.262224,4.8133283,4.8370595,6.9579234,4.6082683,7.5379558,7.8298798,3.1572583,4.899806,6.0147233,3.4408922,3.5518975,5.8463492,3.8483787,5.2465734,4.7036824,6.217074,8.199402,7.6993737,2.2243629,6.6226373,6.5393934,5.5335593,8.581774,3.5968149,5.501497,6.714158,4.9414735,5.95606,3.5735517,6.426862,5.96096,3.4335291,4.7654624,6.2660017,5.6971745,4.9309473,3.787997,7.1207123,0.5076421,2.6512535
TCGA-17-Z015-01,1.865113,1.9697561,9.872441,5.3696,7.3925886,2.238611,0.687358,4.92233,5.0868096,4.922464,6.2673106,7.129313,8.159102,8.00713,3.361155,8.934526,3.616667,5.99158,7.2846637,5.4106836,9.221507,7.533814,7.5901103,1.9155517,9.302261,8.919279,-0.5634002,6.758358,0.38691258,5.5061626,5.823917,9.135445,5.840783,6.8217134,5.752096,5.2498007,8.475366,2.071898,2.3298821,5.15831,5.900376,7.449677,6.580904,4.8927813,7.2279963,4.87977,4.786111,5.6254516,2.2740412,7.0823903,5.936295,6.4357777,7.66445,4.0323467,4.8184485,-0.4785267,5.826947,8.825236,5.7084765,4.879741,4.9244075,6.4540367,6.026506,4.742245,3.6649902,6.5551953,4.8246255,7.505623,8.086809,7.3142133,5.3031487,7.695893,2.192494,7.8508444,10.218574,3.4436038,6.509448,8.945464,3.2700582,5.0795507,6.4815884,5.234924,7.555641,5.8310275,6.652717,3.8194425,4.1734653,3.8236337,4.503603,4.3449388,7.5193105,3.9761183,7.264731,7.5080194,3.0622904,4.7380495,7.413636,3.6340756,3.4893272,5.867899,3.8080912,5.554265,5.0383253,6.139425,8.988065,7.5820503,2.421205,7.0757623,6.934132,5.6891413,8.328692,4.4128065,5.524071,6.405253,5.3597307,6.1046586,3.707251,6.4073157,6.022747,3.2248824,4.849751,6.312404,5.540994,4.972211,3.5501573,7.1600804,0.3569171,2.7189295
TCGA-78-7149-01,1.7573249,2.3426268,9.815751,5.6057835,6.7652335,2.4806867,1.0450742,4.8001704,5.4910088,4.2023406,5.6845884,6.6258254,7.299079,7.753133,3.3547015,8.2023535,4.017555,5.4180117,6.9461803,5.483641,8.669948,7.289926,7.2904515,2.2549827,9.147781,8.910345,-0.3558332,6.9786167,0.67107177,5.707936,5.783921,8.86359,5.319225,6.319393,5.6086516,5.2658577,8.20568,2.4630055,2.615849,5.4676833,5.950846,7.291224,6.008528,4.5260043,6.6566253,4.905883,4.4243264,5.072887,2.7511756,6.6660256,6.160841,6.0363173,7.216214,4.199341,4.3509297,-0.10958535,5.9532804,8.065476,5.3320117,5.157315,4.9169154,6.2673526,4.88785,4.7347956,3.7861354,6.850508,4.80902,6.9412556,7.5122757,6.8253937,4.8115425,7.405208,2.2560453,7.180341,9.837343,3.8606303,6.8275313,8.1016445,3.552158,4.3370733,6.3955774,5.0268993,7.4557056,5.9561195,6.243364,3.609082,3.8720794,4.127299,4.779028,4.78498,7.108132,4.5859995,7.2432904,7.7655435,3.0637167,4.741412,5.9237847,3.4871025,3.543386,5.8283405,3.8499403,5.295127,4.5710654,6.311368,8.349954,7.6304426,2.1458342,6.551877,6.328114,5.481363,8.434092,3.6429238,5.5068483,6.8253865,4.9186473,6.1416645,3.719866,6.3939815,6.0830445,3.620198,4.8564763,6.348511,5.7236,4.8368587,3.8114715,7.114628,0.5750801,2.7876546
TCGA-67-3771-01,1.606135,2.1047525,9.918667,5.8876185,6.9877114,2.7156806,0.9434873,5.3041635,5.247758,4.031728,5.707819,6.8278837,7.8407426,8.32361,3.5864823,8.896152,3.4927862,5.38548,7.4777656,5.736427,8.6104555,7.192668,7.0533285,2.0458639,9.648507,9.3600235,-0.5948908,6.8392415,0.12845597,5.3466635,5.6131587,8.554575,5.671622,6.634231,5.803326,5.550028,8.341907,2.4229198,2.5965838,5.3701944,5.791238,7.080896,6.4546356,4.7972927,6.667293,4.7775006,4.873021,5.524232,1.8291216,6.774139,6.3422055,6.0846477,7.447085,4.3149056,4.5743146,-0.36759427,6.1931343,8.538859,5.538589,4.8284054,4.8352027,6.21017,5.8011847,4.886915,3.9107332,6.471068,4.9835153,7.401834,7.9387255,6.8049912,5.0075264,7.6728587,2.3245378,7.443253,10.095412,3.45382,6.548471,8.575673,3.4103167,4.6542554,5.975701,5.406393,7.3663764,5.367765,6.385202,4.1322207,3.743794,4.270816,4.8279586,4.9133787,6.906835,4.6571355,7.7318654,7.711511,3.269739,5.1103725,6.078667,3.494009,3.6545794,5.931675,3.8226151,5.2895083,4.8551016,6.2002044,8.271488,7.7495337,2.52797,6.83997,6.78344,5.629856,8.714819,3.6773381,5.4534345,6.492426,5.0703735,5.7409863,3.3715234,6.477255,5.8457623,3.2158306,4.4810867,6.0376887,5.593492,5.0425515,3.7625742,7.013403,0.6150904,2.4013023
TCGA-05-4415-01,1.6852998,2.0371466,9.795904,5.578475,6.860231,2.3927581,1.0230137,4.806029,5.4776216,4.384058,5.5226607,6.7130995,7.3719287,7.9297843,3.3390627,8.5454645,3.9427989,5.5641384,6.8221426,5.5248876,8.868133,7.3269424,7.1820836,2.2372916,9.135516,8.924415,-0.435672,6.800187,0.37252536,5.7690363,5.820156,8.906199,5.3540716,6.458452,5.649503,5.198115,8.464702,2.4861164,2.6533937,5.549034,5.762458,7.3055716,6.0450587,4.5432734,6.5917835,4.8254385,4.5204086,5.1148205,2.5102243,6.8165874,6.241504,6.227429,7.260538,4.1959205,4.352757,0.09563315,5.9927187,8.206826,5.3583174,5.1425743,4.7783074,6.1993747,5.1768727,4.8311462,3.8521843,6.7202353,4.8479176,7.042864,7.5911503,6.8948064,4.9134536,7.375133,2.2697732,7.273376,9.884818,3.7313073,6.8300786,8.235816,3.389097,4.497155,6.359911,5.077573,7.5303273,5.868038,6.315756,3.5685143,3.7895348,4.153585,4.762911,4.577092,6.9927144,4.530174,7.3410916,7.845071,3.132231,4.852011,5.8890486,3.4706788,3.5791357,5.839804,3.8600125,5.2301326,4.5617685,6.195942,8.485456,7.6719832,2.1509166,6.627064,6.4633417,5.477806,8.439133,3.6875355,5.516364,6.7845635,4.961145,6.177121,3.6857429,6.4967113,6.071196,3.5106492,5.0386186,6.3387823,5.7312565,4.899258,3.7625663,7.092765,0.50329286,2.898053
TCGA-MN-A4N4-01,1.6925925,2.0240152,9.889657,5.720507,6.9084396,2.5516202,1.0043315,5.0544252,5.284263,4.214962,5.682266,6.626422,7.5427723,8.410696,3.429937,8.719076,3.9260197,5.618761,7.3242416,5.68382,8.630089,7.2179427,7.05131,2.074394,9.447097,9.245751,-0.5167774,6.7209473,0.003961187,5.490632,5.767785,8.685756,5.5389743,6.633492,5.5845523,5.386743,8.516386,2.5252612,2.5478525,5.442353,5.6856685,7.198702,6.362536,4.545373,6.5726824,4.7844396,4.696435,5.3561487,1.9187697,6.8468533,6.4047604,6.0829406,7.3273144,4.2660813,4.4755926,-0.47568655,6.319999,8.365539,5.5038023,4.904479,4.8276763,6.1393757,5.4915724,4.9486523,3.8874753,6.5572104,4.966848,7.267173,7.783396,6.940906,4.8138895,7.473288,2.2153287,7.4854484,10.0877075,3.495158,6.628984,8.425867,3.3494673,4.641792,6.1282086,5.350432,7.419365,5.6007013,6.3856273,4.0020666,3.6290572,4.346972,4.8063335,4.83286,6.770678,4.567752,7.6694827,7.807036,3.3069856,5.0387316,5.9716,3.4821007,3.6489613,5.9208875,3.8523135,5.1369014,4.8069043,6.1771307,8.354494,7.7416925,2.3829384,6.7641535,6.636886,5.6086183,8.727653,3.6165173,5.4750443,6.6094456,4.946756,5.954817,3.4662874,6.5672755,5.867356,3.2766182,4.645141,6.1979537,5.701132,5.101137,3.7516248,7.065179,0.5375187,2.5759358
TCGA-69-7765-01,1.5852828,2.6648726,9.826238,5.9175725,6.7011137,2.8440113,0.98320025,5.076883,5.652691,3.70839,6.012152,6.7457824,7.755765,7.730855,3.6062922,8.555705,3.6809022,4.961083,7.0387692,5.5779586,8.487163,7.133973,7.2143655,2.1425424,9.2985935,9.149151,-0.40733123,7.189651,0.72815174,5.350613,5.58477,8.472531,5.28448,6.237277,5.9003725,5.537192,7.787162,2.3769445,2.5313714,5.5891056,6.091907,7.042197,6.0930634,4.8270464,6.836296,4.93087,4.60204,5.3868613,2.3745677,6.38694,6.1803765,5.869507,7.2963614,4.3112397,4.470164,-0.51561934,6.0158544,8.189635,5.462542,4.9821963,5.0821524,6.391836,5.270798,4.6369553,3.7884865,6.8876405,4.739057,7.071002,7.592153,6.594974,4.979387,7.6398563,2.4494505,7.1793222,10.0307455,3.8776352,6.7281623,8.23936,3.7368832,4.10769,5.9852486,5.1034503,7.208736,5.6239586,6.170022,3.8398957,3.9599123,4.161714,4.8697186,5.209094,7.241738,4.773383,7.552717,7.715143,3.008267,4.859029,6.152669,3.4820845,3.505876,5.844866,3.787546,5.4265804,4.6095886,6.4292936,7.8570304,7.6145344,2.236677,6.6888466,6.5107327,5.549737,8.594517,3.5800939,5.470506,6.673839,4.9667563,5.719871,3.5369887,6.26078,5.9541626,3.4714372,4.481361,6.076831,5.5720096,4.853951,3.8270512,7.062272,0.5881137,2.4785945
TCGA-NJ-A4YQ-01,1.5710653,2.1571076,9.943966,5.876053,6.8166933,2.6738877,1.005693,5.09196,5.4237866,3.9847045,5.801569,6.7221265,7.7681537,8.097121,3.566401,8.698321,3.6039853,5.3099895,7.1846423,5.6990886,8.605358,7.116408,7.0576844,2.0424657,9.560748,9.194775,-0.5428115,6.867346,0.19692779,5.4469466,5.6468544,8.625126,5.531351,6.5233946,5.73307,5.5154324,8.227178,2.4088361,2.620391,5.435556,5.7854276,7.1412153,6.2815595,4.6996927,6.7059455,4.781951,4.76548,5.4414315,2.0753677,6.663257,6.32242,6.0211344,7.3738284,4.310233,4.4871492,-0.5492212,6.203254,8.344512,5.48327,4.9243917,4.9445167,6.2041054,5.5149198,4.8684087,3.8539753,6.5874615,4.999465,7.249253,7.7943096,6.796089,4.9885283,7.554017,2.28126,7.3229785,10.067045,3.579291,6.603193,8.400014,3.4862287,4.4896016,6.075233,5.2869353,7.338971,5.494038,6.305144,4.033508,3.7508526,4.269369,4.8217893,4.960777,6.958427,4.6616592,7.6248665,7.7183266,3.252715,5.05159,5.9818316,3.5151927,3.6447206,5.9240294,3.8419266,5.241743,4.7360606,6.257522,8.245948,7.7016816,2.3992105,6.8065267,6.6089287,5.612944,8.658193,3.6265914,5.4513955,6.541819,5.0027757,5.8408923,3.4656878,6.497918,5.88967,3.3166885,4.540308,6.093702,5.6471906,5.06751,3.7725174,6.9878235,0.5782749,2.5396943
TCGA-91-6840-01,1.5968896,2.2981822,9.914621,5.895382,6.952506,2.7836275,0.8773024,5.294967,5.364189,3.8642359,5.9242587,6.857328,7.9813313,8.174354,3.6106205,8.884643,3.4555216,5.2637267,7.4027452,5.6713266,8.569269,7.1771936,7.1425853,2.0161889,9.560641,9.339663,-0.51952916,6.993131,0.30209363,5.2401433,5.6410336,8.501013,5.586337,6.543924,5.8503175,5.5584955,8.138763,2.3455784,2.4856982,5.4047556,5.900079,7.0397973,6.436647,4.8954296,6.852055,4.8463035,4.8733964,5.6160746,1.9167123,6.662208,6.2561502,6.027785,7.441685,4.2824445,4.6357865,-0.6306506,6.1535425,8.502467,5.619732,4.8208,4.9484825,6.3491645,5.811649,4.7784557,3.8257275,6.5760045,4.8907504,7.388401,7.914936,6.749425,5.025306,7.723915,2.4112074,7.4836226,10.204656,3.5391874,6.5372834,8.593981,3.5113733,4.5091634,5.930529,5.382646,7.268719,5.419633,6.339741,4.1074667,3.8720853,4.1778884,4.8422713,5.0535736,7.062281,4.639552,7.7362847,7.6706777,3.1525764,5.0140276,6.2369747,3.5474782,3.5790546,5.916176,3.7759166,5.4105153,4.829721,6.3015037,8.099579,7.6699347,2.4739833,6.904405,6.8054276,5.639395,8.72668,3.7370903,5.440402,6.4813094,5.1022177,5.644971,3.4052427,6.3859477,5.853343,3.2231462,4.4107785,5.984811,5.515331,5.021171,3.7403135,7.0212784,0.5855774,2.3551867
TCGA-38-4628-01,1.775291,1.9533159,9.808105,5.591043,7.010515,2.4329357,1.0395137,4.9914026,5.2100315,4.5135727,5.5573444,6.646865,7.45256,8.49801,3.3574631,8.673778,4.0970397,5.7574077,7.3428793,5.6394525,8.772592,7.355995,7.1152215,2.1867008,9.305573,9.185115,-0.5316013,6.66279,0.076883055,5.588544,5.854654,8.784649,5.5479608,6.64257,5.572233,5.283151,8.64683,2.6023335,2.5757706,5.462562,5.700573,7.2485757,6.334468,4.516112,6.5250883,4.7861366,4.5966387,5.243003,1.9726604,6.9669538,6.3398914,6.18662,7.3386507,4.209117,4.4797873,-0.1598926,6.199705,8.418761,5.451699,4.9614024,4.730628,6.1015778,5.464571,4.9505377,3.9282987,6.59087,4.8899164,7.2405148,7.756281,7.032126,4.795498,7.451273,2.168778,7.5242233,9.980889,3.4980433,6.7017493,8.444224,3.281528,4.732152,6.2223935,5.3282504,7.543647,5.707202,6.4449553,3.8442085,3.654917,4.324675,4.7546787,4.6301804,6.7907405,4.4834647,7.557548,7.8292756,3.2960088,4.9931383,6.1007824,3.443251,3.6198518,5.8898497,3.8807602,5.121774,4.835163,6.0771704,8.509813,7.764584,2.3378685,6.678681,6.644651,5.5714483,8.603439,3.6855676,5.510769,6.644684,4.9771514,6.0871725,3.536929,6.5621853,5.927125,3.3260815,4.834,6.3142753,5.744364,5.0367994,3.7385924,7.1285915,0.49811593,2.6746104
TCGA-05-4390-01,1.7033547,2.028187,9.959185,5.6755385,6.8870234,2.4744372,1.055622,4.9702883,5.257828,4.3488793,5.700612,6.611201,7.4114614,8.22186,3.4327328,8.50021,3.8603945,5.6892943,7.2372103,5.6758184,8.673774,7.2063093,7.111242,2.1182747,9.524288,9.100202,-0.50797504,6.741939,0.12107956,5.585463,5.758341,8.8089075,5.6013117,6.6143184,5.597583,5.4078646,8.527867,2.4458144,2.644419,5.339723,5.711623,7.2666287,6.316112,4.502165,6.578703,4.7884083,4.654005,5.301513,2.2110155,6.840872,6.3360276,6.065772,7.335862,4.2578697,4.448967,-0.22552794,6.2572656,8.292959,5.43391,4.9571424,4.860033,6.094637,5.3019524,4.9443555,3.8620236,6.530668,5.0595293,7.2178907,7.763114,6.9759264,4.8415484,7.422994,2.1351578,7.366991,9.954458,3.535483,6.617433,8.358993,3.3719862,4.7065196,6.313262,5.260184,7.4653435,5.6455975,6.3970327,3.9751728,3.6524804,4.2996325,4.7619176,4.7064333,6.83669,4.565017,7.479429,7.7368674,3.3247592,5.0144196,5.8131413,3.4946654,3.6820984,5.921515,3.8810847,5.1411247,4.82287,6.1706505,8.554596,7.733777,2.3938463,6.7211137,6.5305805,5.6127276,8.586181,3.651746,5.4729924,6.6070786,4.9643545,6.030547,3.5225105,6.561161,5.9099817,3.3606348,4.6880655,6.247586,5.739903,5.0657,3.7655632,7.0379434,0.6314558,2.6663854
TCGA-05-4398-01,1.7389008,1.9980298,9.976469,5.611146,6.8811913,2.4100447,1.0279272,4.895937,5.2801123,4.3699155,5.688519,6.5882707,7.4074626,8.213068,3.3763676,8.441637,3.8984993,5.767913,7.1937113,5.6220174,8.661719,7.2219057,7.15067,2.0856564,9.464281,9.023558,-0.44633332,6.749718,0.11796549,5.5930414,5.880312,8.884593,5.5791216,6.6045914,5.5098624,5.3422427,8.56877,2.4352124,2.593457,5.3016806,5.6960506,7.2982683,6.317664,4.478767,6.658299,4.801332,4.6469727,5.3090653,2.3127253,6.878971,6.2850947,6.07397,7.313253,4.1820784,4.487615,-0.4180709,6.250089,8.2259245,5.483152,5.0048275,4.882242,6.1501703,5.2536674,4.928896,3.8058789,6.5391307,5.062547,7.2104244,7.7621193,7.0110307,4.791289,7.3852696,2.1323533,7.4367137,10.012352,3.5282047,6.6038737,8.373487,3.3544705,4.700085,6.3813076,5.3047137,7.4837036,5.7426224,6.3866715,3.942713,3.6822793,4.246364,4.760967,4.7000985,6.8536544,4.489383,7.430597,7.7145762,3.291694,4.9432693,5.799124,3.5725348,3.6487215,5.9317927,3.863355,5.156099,4.8108563,6.194199,8.592167,7.6800017,2.3625896,6.7664466,6.531292,5.6103673,8.575227,3.721902,5.458495,6.599782,4.991994,6.078723,3.5849419,6.578737,5.9325137,3.3706732,4.7435555,6.2549825,5.7184205,5.102702,3.7248733,7.0329347,0.6001243,2.7240572
TCGA-17-Z025-01,1.886594,2.0012584,9.864102,5.364624,7.428094,2.2294807,0.6678773,4.9163294,5.0533514,4.9601517,6.291539,7.1556344,8.141205,7.9879007,3.3576481,8.928661,3.627884,6.0188036,7.3170066,5.3968906,9.214635,7.558063,7.6045837,1.9207046,9.260785,8.908367,-0.5746889,6.750853,0.41697168,5.504715,5.764228,9.143491,5.8607283,6.8462005,5.753817,5.2519975,8.466608,2.0847192,2.315415,5.1574883,5.931264,7.4654293,6.5998416,4.8608522,7.2436185,4.8916087,4.770316,5.614641,2.3420758,7.0927424,5.918845,6.469367,7.669061,4.0278697,4.8357687,-0.48989853,5.801453,8.786043,5.7086735,4.8665495,4.9247994,6.4634876,6.0008006,4.732274,3.661972,6.5631413,4.803568,7.5112967,8.095858,7.3372808,5.282237,7.7172585,2.180839,7.879192,10.2109785,3.4444606,6.507602,8.960486,3.2682936,5.111106,6.4959235,5.226332,7.5645347,5.829328,6.671231,3.8371956,4.1960697,3.8130133,4.4859047,4.352115,7.569694,3.9321465,7.241755,7.4919496,3.0538743,4.723129,7.3894787,3.6255372,3.4815109,5.8636026,3.808547,5.5722685,5.06419,6.1368337,9.033964,7.5824504,2.4315908,7.073743,6.942023,5.6959033,8.313552,4.4455004,5.5326977,6.4056907,5.365508,6.152733,3.7099624,6.3909335,6.0218797,3.2244189,4.839091,6.3266873,5.5399356,4.9521246,3.5483842,7.1812744,0.3518504,2.7042031
TCGA-55-6982-01,1.7118579,2.0062935,9.830695,5.5338473,6.999914,2.3677623,1.0487121,4.8722878,5.3732004,4.600402,5.645592,6.7302465,7.50608,8.155519,3.3858643,8.683988,3.9114716,5.71148,6.9681554,5.573951,8.933118,7.3805575,7.2162137,2.2683992,9.207743,8.972307,-0.48468158,6.801938,0.30966705,5.636542,5.935552,8.890116,5.4891906,6.53054,5.721727,5.249718,8.559395,2.4681466,2.618997,5.5030403,5.763347,7.256858,6.2070007,4.625847,6.6923094,4.820954,4.56968,5.259855,2.3400056,6.9134192,6.1710243,6.2474027,7.3651986,4.1442285,4.510119,0.11525074,6.015804,8.352994,5.455196,5.054573,4.7877746,6.174277,5.365898,4.853676,3.865061,6.650685,4.861864,7.195565,7.705018,7.0106745,4.9102335,7.4356627,2.2198875,7.4509783,9.934189,3.607722,6.725599,8.448696,3.3354077,4.6709733,6.348868,5.2161875,7.55605,5.7877307,6.4305415,3.6571646,3.8038042,4.1604095,4.722496,4.489653,7.020477,4.4578543,7.376511,7.770774,3.191272,4.9104953,5.9933205,3.4966567,3.567835,5.8605423,3.8688948,5.247079,4.7771015,6.0952377,8.583399,7.689839,2.2439992,6.701289,6.6280556,5.54968,8.392465,3.8091252,5.5049644,6.622575,5.0812254,6.0882096,3.6490998,6.4843287,6.0110283,3.4047875,5.0075793,6.3117094,5.702272,4.958804,3.7045264,7.09524,0.5084431,2.8488233
TCGA-55-8511-01,1.6309099,2.2580752,9.959544,5.791219,7.0282216,2.6815321,0.9155522,5.2287602,5.3124957,4.092625,6.0737605,6.8216567,7.902585,8.160696,3.5894303,8.932705,3.5129023,5.479312,7.3256903,5.687866,8.683939,7.224926,7.20388,2.0538037,9.583402,9.283126,-0.53368795,6.9525814,0.2544532,5.250524,5.696936,8.586496,5.6460657,6.590196,5.8806033,5.561992,8.265806,2.2741582,2.4730365,5.3967447,5.8731394,7.080645,6.4811854,4.863117,6.8634686,4.868182,4.8261614,5.6355877,1.987414,6.732568,6.245128,6.0564156,7.4964905,4.2712164,4.654822,-0.40847212,6.205593,8.525,5.638717,4.783074,4.9685273,6.297575,5.7662816,4.7987533,3.8143196,6.5660286,4.909543,7.424224,7.910776,6.8943715,5.0360103,7.682234,2.332164,7.539087,10.1825695,3.5174515,6.5078425,8.650274,3.4674747,4.6532574,6.047442,5.363244,7.2943196,5.4681506,6.4396644,4.081771,3.8468823,4.1821957,4.7799144,4.893693,7.0971866,4.5842466,7.694203,7.6655107,3.1925552,5.0247617,6.160916,3.5127852,3.5929322,5.9064913,3.7957978,5.3892665,4.948642,6.243129,8.261098,7.6979933,2.4699743,6.906059,6.8268766,5.682311,8.664202,3.7860627,5.4575534,6.458361,5.1233974,5.665916,3.4125705,6.378817,5.8297453,3.1953459,4.456588,6.0500216,5.549969,5.021523,3.7187295,7.050351,0.5959664,2.421086
TCGA-55-A4DG-01,1.5913074,2.257181,10.028973,5.89057,6.9326215,2.718467,0.9589819,5.2260537,5.3098617,4.001559,6.0564847,6.7483068,7.814671,8.221803,3.6251209,8.893241,3.507149,5.4634724,7.3522267,5.752489,8.554033,7.1235795,7.1059036,2.0034487,9.718149,9.291135,-0.53811127,6.9088902,0.13024399,5.24894,5.646609,8.546328,5.6618476,6.609276,5.846309,5.64698,8.276611,2.2865114,2.5383618,5.3704867,5.823253,7.066415,6.476906,4.7846475,6.7789564,4.841908,4.846924,5.640142,1.9286749,6.68447,6.32737,5.9690924,7.4559226,4.320531,4.614029,-0.47321862,6.3168306,8.437893,5.603502,4.7686205,4.992381,6.2208524,5.6953707,4.8541594,3.8300817,6.501297,5.025866,7.407107,7.8979588,6.8567133,4.999869,7.637078,2.2865596,7.475308,10.153193,3.4979503,6.4742894,8.578651,3.4812636,4.6441674,6.025393,5.3892374,7.266577,5.3691816,6.408489,4.2046204,3.7387967,4.2816052,4.8134418,4.986244,6.9754333,4.671242,7.7367673,7.665497,3.2745683,5.1047063,5.9393415,3.5093737,3.6531909,5.9410806,3.8092742,5.2947783,4.9514213,6.259644,8.251124,7.720913,2.513486,6.8931518,6.76375,5.7051606,8.717828,3.685992,5.4386992,6.449196,5.0583677,5.6548305,3.3556528,6.4275355,5.7784534,3.1849256,4.3575892,6.0085697,5.5812845,5.0801454,3.7459664,7.0064425,0.6764464,2.3964722
TCGA-MP-A4TA-01,1.6594565,2.1205626,9.756954,5.6181426,6.92564,2.5137255,1.0944524,4.9572506,5.4372396,4.381921,5.6863246,6.6515646,7.4964933,8.276084,3.429369,8.756768,4.004245,5.552087,7.001723,5.63692,8.836344,7.3125257,7.121166,2.316187,9.160666,9.144989,-0.5111484,6.8539834,0.2502235,5.5604978,5.8352146,8.711348,5.395759,6.4937115,5.7569485,5.2871795,8.46013,2.5640035,2.5786793,5.639844,5.7599897,7.181177,6.1961045,4.5951457,6.58219,4.8162985,4.5565147,5.240773,2.0967944,6.8190374,6.2881637,6.160221,7.3149176,4.234869,4.437892,-0.007682233,6.1230726,8.35208,5.454009,4.982731,4.7980514,6.142793,5.304836,4.8789287,3.9189315,6.717141,4.803738,7.1698785,7.635888,6.929077,4.809529,7.4484196,2.2667067,7.41359,9.990531,3.6359124,6.7490363,8.378179,3.384828,4.549143,6.180168,5.1927085,7.459175,5.710589,6.3863134,3.7244084,3.724899,4.273185,4.7813845,4.6705327,6.9207673,4.5671797,7.54608,7.8515115,3.2207537,4.9717493,5.933272,3.4227898,3.5834105,5.8489966,3.8715053,5.215838,4.7436466,6.121936,8.335038,7.7320833,2.2343554,6.6502385,6.599064,5.545941,8.5316305,3.6338603,5.506714,6.6689367,4.9800854,5.984958,3.563964,6.477783,5.9540024,3.383806,4.875248,6.286387,5.722154,4.962187,3.762075,7.104214,0.48373663,2.737448
TCGA-49-AAR0-01,1.6674689,2.2986832,9.746433,5.644598,6.87632,2.5915065,1.0749675,4.969533,5.5131493,4.2313995,5.8235273,6.633683,7.5209026,8.155052,3.4472184,8.698273,4.058546,5.4358215,6.989329,5.606393,8.759621,7.2901335,7.1708126,2.3018215,9.105683,9.158376,-0.46513206,6.9629445,0.3922375,5.489041,5.8149147,8.640378,5.325506,6.4050736,5.784997,5.3174543,8.290923,2.5468168,2.515175,5.6769757,5.8559113,7.1410594,6.166454,4.6319666,6.6580033,4.8676057,4.5233006,5.262224,2.1712978,6.715848,6.2588854,6.0752006,7.2985373,4.2395597,4.4456315,-0.16776527,6.1163588,8.295857,5.477329,4.981856,4.8832917,6.2234178,5.24399,4.8052177,3.8798513,6.8172264,4.7326274,7.129047,7.5836973,6.87063,4.7921124,7.4879866,2.3169107,7.390541,10.033774,3.7156234,6.761129,8.338637,3.477607,4.414582,6.128995,5.1643987,7.3882422,5.7516217,6.33624,3.7157865,3.788621,4.2534747,4.8039384,4.8131747,7.0055475,4.6005054,7.5658097,7.841163,3.1487393,4.91156,6.032768,3.428483,3.5374599,5.8350406,3.8473155,5.267674,4.7173543,6.2026753,8.169404,7.6993732,2.198248,6.6437893,6.5757895,5.5437393,8.5617895,3.612037,5.505493,6.6910267,4.96405,5.91546,3.5718517,6.408344,5.9518003,3.409834,4.7904186,6.260709,5.6883,4.928141,3.7753837,7.122126,0.47112948,2.6753466
TCGA-55-8614-01,1.5993452,2.3046975,9.915858,5.8918915,6.9656878,2.7839942,0.8853372,5.304282,5.352056,3.8833494,5.9402647,6.8549647,7.976987,8.19672,3.6153638,8.902748,3.4544756,5.2799726,7.4138765,5.6795044,8.5738325,7.1821218,7.1462197,2.0282729,9.567516,9.347321,-0.52459276,6.9965606,0.2981173,5.2278175,5.6442046,8.496846,5.598045,6.5490527,5.865448,5.568059,8.149838,2.3432882,2.4843888,5.405237,5.902795,7.0329337,6.45052,4.89794,6.84914,4.8498926,4.8721876,5.6245766,1.8994182,6.668546,6.255346,6.0245314,7.449503,4.283744,4.6435375,-0.58714,6.158864,8.512604,5.6247525,4.8088737,4.948464,6.3415694,5.8160186,4.7807183,3.830367,6.571936,4.8903127,7.3994474,7.917743,6.7601233,5.021508,7.727966,2.4056427,7.4939103,10.203078,3.5323284,6.5296717,8.607559,3.5084746,4.528273,5.9296494,5.3889127,7.2689366,5.4079986,6.352662,4.1148334,3.8676207,4.183982,4.839262,5.0449157,7.061571,4.641136,7.741881,7.6685333,3.159694,5.0219073,6.2232313,3.5410206,3.5808985,5.915747,3.7777205,5.410754,4.8530416,6.292658,8.10905,7.6768394,2.482649,6.901942,6.815565,5.646071,8.723562,3.7391388,5.441241,6.4735656,5.1067495,5.6339545,3.3971143,6.3802347,5.844893,3.215706,4.4033704,5.9853106,5.5160456,5.019119,3.7402916,7.0248027,0.59360224,2.3486793
TCGA-69-7760-01,1.5749571,2.3861387,9.935513,5.9204116,6.7409267,2.7689416,1.0230452,5.094638,5.5027485,3.8399262,5.9605956,6.6607428,7.714438,8.025567,3.596579,8.66008,3.7117014,5.216764,7.161119,5.6959863,8.483153,7.0721025,7.0802193,2.0505083,9.516486,9.214129,-0.49192205,6.9757137,0.30874282,5.357562,5.610184,8.518196,5.4466586,6.4315615,5.784271,5.5807133,8.072109,2.407841,2.5675504,5.502961,5.879733,7.083398,6.2484517,4.6971345,6.727309,4.840757,4.7029715,5.4525385,2.1188269,6.538092,6.32664,5.890647,7.3353376,4.3372765,4.477722,-0.6265684,6.243753,8.248801,5.4946194,4.903686,5.038839,6.243751,5.383284,4.8103895,3.8320296,6.689188,4.940089,7.194391,7.7041306,6.73614,4.934597,7.572367,2.3149314,7.2827096,10.087048,3.6702313,6.6142936,8.330262,3.589869,4.354128,6.0133576,5.25055,7.2526236,5.507093,6.2581153,4.0485334,3.7624335,4.30637,4.8554125,5.12891,7.0000525,4.7375383,7.6670055,7.7241154,3.2095847,5.0199876,5.9587545,3.491928,3.6135483,5.9115577,3.8247607,5.2544103,4.736125,6.3341584,8.06178,7.687535,2.3644166,6.7654305,6.562778,5.6216364,8.697304,3.55182,5.45164,6.5757003,4.9489856,5.753372,3.4450524,6.4238625,5.856271,3.339827,4.4241505,6.067863,5.6326385,5.030625,3.802609,7.0121694,0.6007802,2.472987
TCGA-69-A59K-01,1.6150753,2.3888159,9.9112625,5.887943,6.7381167,2.7507017,1.0033178,5.085647,5.4798207,3.8304656,5.8842034,6.652446,7.65309,8.04831,3.552239,8.560723,3.7632878,5.236025,7.2158027,5.657575,8.452424,7.0959187,7.101665,2.0563107,9.466878,9.204331,-0.45552483,6.979875,0.3446925,5.385797,5.6389966,8.545732,5.4293203,6.4236937,5.7214994,5.531375,8.090654,2.4377239,2.553387,5.4714212,5.893207,7.103806,6.2395024,4.6678367,6.714099,4.852167,4.682327,5.4060373,2.1563895,6.5575104,6.313433,5.8919773,7.2985134,4.311178,4.4691753,-0.6660465,6.216835,8.220212,5.4857383,4.9351983,5.013234,6.2663884,5.3349967,4.799509,3.8208394,6.698906,4.921252,7.1650887,7.693709,6.7266397,4.8823304,7.5587955,2.3210075,7.2885575,10.078056,3.681721,6.6362276,8.298797,3.5848188,4.341614,6.040841,5.2501044,7.273165,5.5601106,6.2395363,4.022294,3.7747705,4.282938,4.863224,5.1323066,6.9813967,4.7168517,7.6304626,7.7277856,3.1822,4.970642,5.9769425,3.5109315,3.5999224,5.908104,3.8171983,5.264245,4.7058187,6.3510437,8.07029,7.6697335,2.3508737,6.7451982,6.5361447,5.598598,8.703744,3.5599203,5.4516582,6.616241,4.9365783,5.7990007,3.4746902,6.426198,5.8834786,3.37302,4.4492297,6.088863,5.6305747,5.016194,3.8040447,7.0258803,0.60593563,2.4771724
TCGA-49-6767-01,1.7486553,2.0870755,9.871128,5.630751,6.982822,2.5280678,1.0264523,5.06195,5.238882,4.362991,5.8045764,6.6165776,7.5470996,8.454397,3.4262218,8.621636,4.0149674,5.701458,7.3916364,5.6641226,8.69172,7.2753224,7.1475115,2.1421354,9.396062,9.240753,-0.51626,6.7828207,0.10606885,5.440873,5.845844,8.703156,5.5794325,6.620217,5.619503,5.378187,8.516429,2.5226507,2.5019014,5.4219127,5.74993,7.1953497,6.417784,4.574573,6.6574826,4.8160486,4.6559887,5.3844767,1.9413333,6.879044,6.3186216,6.071681,7.3700614,4.2220016,4.544755,-0.47422123,6.2802405,8.423436,5.540136,4.886896,4.859144,6.1599975,5.4741535,4.918341,3.8735409,6.5969877,4.9172196,7.2966647,7.794101,7.015383,4.7776217,7.5041647,2.1843448,7.550317,10.093765,3.487655,6.6059194,8.496951,3.3581116,4.7049313,6.1783533,5.356283,7.4381647,5.6477385,6.4360127,3.9840748,3.6972284,4.3107862,4.7678275,4.770431,6.848777,4.5029106,7.616909,7.7582397,3.2906873,4.9961166,6.1231775,3.491886,3.6123438,5.90917,3.8599298,5.1818666,4.905799,6.1463385,8.411551,7.7334123,2.3937662,6.762143,6.674071,5.6296535,8.664556,3.698843,5.4809933,6.561022,5.005349,5.936255,3.4970088,6.523403,5.8728666,3.2798877,4.646434,6.234923,5.6933227,5.086149,3.7315822,7.0951986,0.528758,2.5599148
TCGA-93-8067-01,1.6198429,2.2416713,9.907206,5.767352,7.0102115,2.6746073,0.9038706,5.207279,5.3912306,4.0374618,5.9576063,6.8682504,7.945012,8.01229,3.5698745,8.809704,3.4646385,5.351672,7.245551,5.6299014,8.732159,7.259177,7.236218,2.0910504,9.49857,9.240136,-0.5186103,7.0090566,0.40344903,5.319024,5.7258134,8.625731,5.578541,6.5082455,5.8702307,5.4833193,8.188206,2.2964993,2.4926758,5.4226995,5.9079785,7.090936,6.3832736,4.9113317,6.907118,4.8648124,4.8060975,5.565589,2.141473,6.713374,6.17846,6.1104083,7.4832516,4.2409544,4.6304994,-0.4665147,6.0641465,8.514823,5.6052732,4.872803,4.9448056,6.3589706,5.7263165,4.7477565,3.8044364,6.635264,4.847266,7.3624606,7.8816104,6.831635,5.0599,7.6911693,2.3882878,7.471275,10.155218,3.5804737,6.575428,8.602211,3.4920244,4.544901,6.065909,5.315814,7.3213058,5.5561366,6.3824825,3.9633517,3.9382508,4.094862,4.7862654,4.869349,7.178536,4.5737576,7.618443,7.6705666,3.1137617,4.9542274,6.2245407,3.5373418,3.5523942,5.8835244,3.7897778,5.4517326,4.8280454,6.2619596,8.222211,7.6631207,2.4037879,6.8849034,6.796541,5.6231165,8.6088705,3.808585,5.4608684,6.4963694,5.1514525,5.7071996,3.4884555,6.361209,5.9139347,3.2703004,4.556286,6.068674,5.535002,4.9740973,3.7196488,7.0443134,0.5399524,2.4734435
TCGA-05-4433-01,1.6364014,2.3243213,9.704211,5.6514454,6.7850957,2.5394962,1.039843,4.8383107,5.647854,4.169094,5.649026,6.7443905,7.417713,7.6869617,3.4064925,8.538433,3.9410877,5.2591925,6.6848536,5.4952493,8.84487,7.321996,7.231091,2.3477533,8.979356,8.954406,-0.40892595,7.0045786,0.6832649,5.721143,5.7048287,8.768988,5.192408,6.272384,5.8133473,5.236426,8.158377,2.4841917,2.6396508,5.708797,5.936998,7.2192593,5.897703,4.646775,6.619952,4.8952613,4.4348345,5.069769,2.6285858,6.6185727,6.192797,6.1564927,7.232996,4.2523146,4.2989693,0.23831049,5.8633895,8.160408,5.313019,5.15771,4.843616,6.2780843,5.060908,4.703802,3.8539104,6.916113,4.6792135,6.932545,7.4564633,6.7366624,4.940445,7.444908,2.3909352,7.1319227,9.841588,3.9251142,6.9266977,8.12297,3.5504317,4.2395463,6.2493963,4.931496,7.4325795,5.8926563,6.230097,3.4477663,3.9005344,4.115454,4.7987046,4.722181,7.158193,4.6532235,7.3440742,7.876027,3.0034912,4.789875,5.967743,3.396773,3.5167153,5.7794046,3.840374,5.341547,4.457109,6.28054,8.206618,7.656659,2.0500703,6.5310354,6.403183,5.430944,8.407558,3.5986452,5.535967,6.872095,4.924225,6.0695434,3.6947787,6.3480873,6.10509,3.6014144,4.9976244,6.3226476,5.7026005,4.748899,3.8233247,7.1286616,0.4946175,2.8447633
TCGA-67-6217-01,1.5950893,2.1353388,9.858186,5.7705293,6.95436,2.617898,1.0802058,5.0850782,5.4031773,4.3036895,5.823635,6.712027,7.7602663,8.339502,3.561719,8.950715,3.793038,5.467233,7.139945,5.7326045,8.7682085,7.237408,7.0632625,2.2108755,9.403351,9.233678,-0.5860254,6.8492537,0.16028649,5.3978863,5.763486,8.592923,5.521464,6.547982,5.857283,5.4684405,8.379877,2.499441,2.5934656,5.593771,5.7660675,7.0913715,6.3191338,4.719308,6.674171,4.787453,4.695795,5.4421887,1.9064033,6.7782216,6.2985015,6.1106277,7.419237,4.273636,4.5498614,-0.17279957,6.18478,8.458472,5.5200567,4.8800945,4.867436,6.1354628,5.5851855,4.8945236,3.930312,6.621403,4.8898177,7.310525,7.766904,6.9064717,4.9325533,7.559296,2.2681694,7.4701304,10.058733,3.5386286,6.627806,8.527035,3.4057744,4.5944886,6.042035,5.3289404,7.3987346,5.503519,6.4149103,3.9283295,3.7180233,4.326003,4.791872,4.7828674,6.9397244,4.6169014,7.6782775,7.7738504,3.2866216,5.0969,6.0137033,3.442876,3.6100214,5.8948164,3.8642707,5.21314,4.867504,6.110725,8.282867,7.7547803,2.3662114,6.759969,6.7334924,5.623791,8.579684,3.6596396,5.479602,6.502314,5.051182,5.8173943,3.4524891,6.4710283,5.8585443,3.2587197,4.6876307,6.1504726,5.669204,5.0420313,3.742062,7.0524945,0.5119177,2.5962837
TCGA-50-6591-01,1.7578117,1.9771372,9.861625,5.527021,6.9975624,2.3482594,1.0685455,4.8782763,5.2876368,4.623326,5.6165657,6.679654,7.4576707,8.241774,3.3688922,8.503475,3.9512992,5.7556996,7.133271,5.586218,8.8712225,7.3741097,7.2206526,2.2516468,9.297501,8.989859,-0.4899503,6.765325,0.28192008,5.6500096,5.947523,8.92047,5.5490007,6.557842,5.6257424,5.2640576,8.5931635,2.488828,2.634262,5.409249,5.7573814,7.2840858,6.248368,4.5718975,6.6669316,4.8118486,4.5617414,5.2413006,2.3229752,6.940734,6.179974,6.2092724,7.362852,4.1426063,4.512713,-0.027337445,6.0490646,8.351734,5.43546,5.0500383,4.7906666,6.137638,5.3244905,4.8828764,3.8628519,6.6213264,4.9150553,7.196349,7.731889,7.0448313,4.8575144,7.418888,2.1528304,7.4553323,9.904144,3.5721166,6.6997676,8.43039,3.3264377,4.7189493,6.3921533,5.2553973,7.5755496,5.7934494,6.4401407,3.7285857,3.7743173,4.1879807,4.7126217,4.49925,6.969037,4.4463086,7.3488426,7.7420897,3.2364535,4.9164796,5.9994125,3.5070329,3.5919864,5.8779836,3.8849497,5.2082386,4.820608,6.0844684,8.650967,7.7028456,2.2881238,6.68904,6.5965548,5.5647984,8.412212,3.8005543,5.4993763,6.6093783,5.0659747,6.126909,3.646459,6.5148335,6.0029488,3.4126112,4.951605,6.3356647,5.729625,4.9972534,3.710887,7.09313,0.53968793,2.809818
TCGA-35-4122-01,1.6935322,2.18139,9.867578,5.7040586,6.848919,2.5908384,0.99332786,5.0119996,5.3920703,4.1120906,5.7991943,6.599442,7.5258155,8.276562,3.4280198,8.650649,3.9845378,5.545163,7.2123985,5.634398,8.590257,7.200802,7.1056337,2.0924032,9.333684,9.207045,-0.4486876,6.8410397,0.14370519,5.451478,5.792149,8.657448,5.4402785,6.5390606,5.608365,5.3715167,8.385094,2.504213,2.4848547,5.4953485,5.7594924,7.1804094,6.3060904,4.5604267,6.6528654,4.834323,4.647486,5.355347,2.0455713,6.7578363,6.356405,6.020891,7.2879887,4.2464123,4.476128,-0.5908344,6.2950883,8.278321,5.531146,4.928704,4.9043083,6.2183065,5.3606715,4.8786917,3.8372216,6.6593986,4.898588,7.2079506,7.70857,6.895154,4.771614,7.4733415,2.265962,7.4627514,10.129741,3.5868104,6.6503024,8.373931,3.4290624,4.5122027,6.1270847,5.293337,7.3618503,5.6793847,6.3342957,3.9468768,3.6947212,4.3029065,4.824512,4.9230204,6.8552847,4.57576,7.6457973,7.799796,3.2275517,4.957169,5.986847,3.5067575,3.598279,5.902975,3.828981,5.195244,4.7595024,6.251942,8.230224,7.6892357,2.3161728,6.758921,6.594305,5.597333,8.721156,3.614177,5.4702463,6.642152,4.9351196,5.91755,3.507317,6.508452,5.8846045,3.3213933,4.629242,6.189626,5.6720405,5.0672193,3.754197,7.0754824,0.5214021,2.5810854
TCGA-05-5429-01,1.6604064,2.456883,9.681347,5.6422753,6.8454366,2.5973897,1.0329738,4.908656,5.618476,4.1984925,5.788781,6.758839,7.54378,7.7763777,3.4496226,8.598391,3.9165986,5.2347083,6.81324,5.499132,8.8339405,7.357456,7.283974,2.3850849,8.956162,9.030617,-0.40621305,7.091263,0.777096,5.590454,5.731773,8.683463,5.2143135,6.2605133,5.88151,5.2690077,8.0803175,2.4718175,2.5711048,5.705733,6.021508,7.1588955,5.977107,4.734997,6.7067504,4.929171,4.4397445,5.154526,2.5273328,6.60254,6.1284723,6.1239166,7.2696476,4.2336545,4.392691,0.15389195,5.856767,8.240687,5.378524,5.083804,4.8761816,6.312654,5.1513286,4.664999,3.8484704,6.945428,4.6039267,6.9941735,7.4949923,6.7460294,4.9144664,7.5182114,2.411844,7.232263,9.885718,3.916343,6.886522,8.219053,3.5840864,4.2377887,6.1842027,4.976303,7.3922114,5.85797,6.267689,3.4919302,3.9578557,4.0948095,4.7918525,4.7760286,7.229924,4.6352544,7.3770847,7.8317943,2.980935,4.7809258,6.16257,3.398582,3.4785416,5.770932,3.828486,5.4162216,4.5647974,6.2666297,8.121523,7.6482205,2.0815675,6.552517,6.4862456,5.4632573,8.403425,3.6486213,5.5313954,6.809995,4.9766154,5.967214,3.6715226,6.2788663,6.074504,3.5627635,4.9173813,6.2970905,5.6617937,4.736875,3.8079305,7.1542,0.5024959,2.7491362
TCGA-78-7159-01,1.6705147,1.9180522,9.958116,5.6801424,6.960512,2.4426112,1.0426033,4.995276,5.2584667,4.4575405,5.653627,6.663566,7.4897633,8.320987,3.4405982,8.78164,3.8140118,5.7557096,7.1832647,5.704419,8.7655,7.241896,7.066089,2.114525,9.517504,9.1136675,-0.5416543,6.675124,-0.011390654,5.563277,5.798867,8.80204,5.622983,6.6693406,5.664124,5.402385,8.645275,2.446413,2.650555,5.3985534,5.6430707,7.2338166,6.3499894,4.550817,6.5768085,4.7659674,4.7047024,5.361414,2.0842366,6.916065,6.3562045,6.1549215,7.3795547,4.243094,4.4894166,-0.0940846,6.27476,8.36061,5.4733863,4.938191,4.8020716,6.078089,5.490108,4.971619,3.8951995,6.4725866,5.056612,7.2940416,7.8055954,7.008138,4.897578,7.4366503,2.158577,7.456964,9.990548,3.469103,6.6068177,8.46923,3.296247,4.777116,6.258832,5.3325233,7.496921,5.583914,6.4467773,3.9563663,3.6198478,4.3149724,4.7609234,4.620133,6.806747,4.5503297,7.5577025,7.771444,3.3463476,5.074907,5.8039894,3.4852016,3.6817262,5.926921,3.8751137,5.122775,4.8588634,6.108629,8.586182,7.756891,2.4011447,6.764043,6.6463294,5.62099,8.5803385,3.6880763,5.477107,6.5650883,5.0113497,6.0045433,3.4910398,6.580187,5.884493,3.2838876,4.7749662,6.217269,5.7211556,5.08455,3.7306497,7.037132,0.6001655,2.7036014
TCGA-78-7146-01,1.6894196,1.9286454,9.853624,5.5613365,6.914947,2.355582,1.0169219,4.829385,5.3989344,4.4771686,5.5493917,6.70196,7.409454,8.073268,3.3432539,8.64573,3.909774,5.708351,6.895472,5.5662346,8.883523,7.316603,7.1536922,2.185634,9.229943,8.949071,-0.46349788,6.728521,0.20234984,5.725527,5.868255,8.925069,5.450836,6.556386,5.626028,5.2200527,8.592915,2.465637,2.638123,5.487595,5.6849732,7.3124833,6.1578107,4.5319567,6.608956,4.7961645,4.5888424,5.1999865,2.3854988,6.898725,6.2660804,6.24512,7.30232,4.1793337,4.412137,0.031191848,6.088419,8.2635565,5.4176774,5.088432,4.7723184,6.164238,5.2958937,4.891575,3.8532462,6.6173296,4.9273252,7.140621,7.678179,6.9762487,4.9082913,7.3707523,2.2213562,7.375425,9.944018,3.6183074,6.7490344,8.342784,3.3197756,4.636405,6.3719177,5.170635,7.545941,5.8084774,6.377531,3.6704433,3.7360482,4.183327,4.74695,4.528812,6.927353,4.4813256,7.38923,7.8183956,3.205475,4.911029,5.8638954,3.5024192,3.6088917,5.872545,3.8648918,5.1917534,4.662392,6.150039,8.584668,7.6857324,2.2242892,6.7019672,6.53865,5.5261836,8.468878,3.7351053,5.501588,6.700744,4.9990187,6.158343,3.6481164,6.5510945,6.0215917,3.4258249,5.010662,6.3148093,5.7276273,4.9834294,3.7269535,7.0706763,0.5113417,2.885434
TCGA-75-5146-01,1.673134,2.2440038,9.73366,5.644742,6.908441,2.5304852,0.9456113,4.951928,5.5089426,4.2053223,5.630106,6.860671,7.619923,7.8029065,3.4179568,8.54031,3.7666204,5.2990146,6.9533134,5.4784355,8.864317,7.362516,7.283769,2.2683778,9.103774,9.004207,-0.43631202,6.9855094,0.6668658,5.654562,5.7429,8.796754,5.3455987,6.373655,5.788817,5.245914,8.193549,2.4328065,2.6032913,5.5513773,5.9471784,7.223177,6.0539336,4.753881,6.7430964,4.8803616,4.5646152,5.1978045,2.5013194,6.708977,6.1258063,6.217797,7.3132024,4.200861,4.429698,0.007096176,5.8145432,8.328998,5.3899994,5.112232,4.816717,6.3356485,5.34254,4.7004757,3.829866,6.804342,4.7121916,7.0696807,7.638061,6.774188,5.0138364,7.540529,2.3947926,7.268779,9.91377,3.803333,6.836457,8.30238,3.4999087,4.379107,6.2376823,5.049524,7.4613414,5.8211017,6.2822113,3.5510323,3.9792821,4.0332317,4.7724533,4.68825,7.1970196,4.5542326,7.3442273,7.7829795,2.9993198,4.7879305,6.230599,3.4762309,3.5084734,5.808375,3.820881,5.418314,4.5486503,6.259852,8.299418,7.6325374,2.1663575,6.652229,6.541814,5.4640822,8.418899,3.759561,5.516782,6.7592363,5.039648,6.0380244,3.6820424,6.3585362,6.103117,3.5265195,4.943573,6.268314,5.634421,4.7985616,3.7710266,7.1113076,0.49935552,2.7535086
TCGA-97-A4M5-01,1.528107,2.6194627,9.865355,5.927783,6.678729,2.8308637,1.0065036,5.0542655,5.7086434,3.6896412,6.065446,6.747066,7.7667494,7.565842,3.6256099,8.599186,3.61827,4.928499,6.888274,5.6042347,8.564112,7.095851,7.20423,2.1441154,9.337706,9.113941,-0.44265157,7.186143,0.71399057,5.3968163,5.533796,8.503482,5.286972,6.2297025,5.9468985,5.556592,7.7680964,2.3254213,2.569258,5.620095,6.0527015,7.060014,6.0493927,4.8226705,6.8378773,4.915485,4.6158175,5.386926,2.4728625,6.3673234,6.205136,5.889857,7.32535,4.3487196,4.417845,-0.4399143,6.0311155,8.176953,5.441534,4.992424,5.108908,6.3727946,5.2374187,4.6482906,3.7871242,6.889187,4.7785735,7.059445,7.5709176,6.6037316,5.0462847,7.619954,2.4397686,7.1094017,10.027455,3.8946106,6.728911,8.213442,3.7398686,4.108903,6.01865,5.0451355,7.1981835,5.6226964,6.1701474,3.8174222,3.9522934,4.1583424,4.85634,5.1612005,7.2723184,4.797101,7.5458293,7.728867,3.025532,4.8876615,6.051075,3.461802,3.5336988,5.840509,3.8004296,5.4184275,4.574358,6.434355,7.888233,7.6310368,2.2217634,6.6966367,6.476258,5.552072,8.575371,3.554131,5.474579,6.675152,4.9618526,5.7207856,3.5372126,6.2746344,5.960144,3.4789245,4.501986,6.0834565,5.592671,4.8533826,3.8391953,7.03481,0.57282823,2.5284953
TCGA-49-AAR2-01,1.6155165,2.2661033,9.705679,5.6583233,6.809167,2.5401976,1.0523149,4.864373,5.6335306,4.1888466,5.639995,6.7445602,7.452958,7.7825913,3.420046,8.620187,3.932125,5.286205,6.7006197,5.528477,8.870255,7.318353,7.19424,2.3495388,9.006753,8.993461,-0.44139087,6.9707894,0.590828,5.7017293,5.7141623,8.750177,5.215328,6.3097115,5.8276243,5.245213,8.212311,2.501225,2.6415942,5.7295556,5.8915935,7.204077,5.932833,4.651901,6.6039205,4.8735123,4.464577,5.101474,2.5142741,6.649647,6.221641,6.1777673,7.25289,4.2610884,4.311242,0.2254797,5.901288,8.209782,5.331321,5.1286244,4.8237467,6.248101,5.136066,4.737348,3.8772042,6.8822484,4.6951466,6.9749184,7.4837284,6.7592163,4.9427547,7.4466376,2.383426,7.169391,9.867656,3.8770344,6.907343,8.169838,3.5161512,4.2852073,6.217885,4.967867,7.4357233,5.844253,6.2555547,3.480157,3.8664393,4.1464176,4.7983723,4.700043,7.1154027,4.6510205,7.39742,7.8892684,3.0418808,4.8387766,5.9527063,3.3882897,3.5313005,5.787645,3.8470082,5.3176246,4.487803,6.245224,8.219119,7.6775723,2.0716586,6.552916,6.447297,5.445207,8.428453,3.594351,5.5340333,6.8390193,4.9337964,6.0470557,3.665225,6.3734045,6.0803027,3.5572698,4.991909,6.3107853,5.7067866,4.782688,3.814279,7.12022,0.4807271,2.837352
TCGA-55-6972-01,1.7709624,2.3737803,9.825566,5.598734,6.7547507,2.4938133,1.0646118,4.7997065,5.496192,4.1830983,5.7410374,6.5741677,7.2777143,7.817323,3.3545206,8.1913595,4.106455,5.4419923,6.965978,5.495785,8.627997,7.2729454,7.288481,2.2488728,9.148386,8.929572,-0.34773064,6.9939666,0.64527106,5.663444,5.8172836,8.840004,5.3166122,6.3116374,5.594131,5.2807956,8.204666,2.4824946,2.582766,5.481273,5.949081,7.2756352,6.035818,4.502936,6.6725435,4.9116664,4.413589,5.092614,2.6844811,6.662699,6.168332,5.989821,7.213843,4.191185,4.3690786,-0.22472171,6.004189,8.042136,5.3613744,5.143437,4.952038,6.269204,4.848016,4.7418685,3.7797596,6.865088,4.8126063,6.950061,7.501006,6.845091,4.757856,7.4018874,2.240864,7.2093325,9.876259,3.846269,6.8047576,8.110416,3.5596576,4.3329287,6.373737,5.0609946,7.4401426,5.964814,6.2443194,3.6441717,3.8539705,4.159808,4.78704,4.829582,7.0888495,4.5844007,7.2799363,7.760544,3.0800264,4.7433233,5.9191666,3.49905,3.5365798,5.8374257,3.8500452,5.272582,4.605943,6.3168273,8.29842,7.629302,2.1534815,6.5590224,6.332235,5.498522,8.462438,3.629416,5.5004196,6.803797,4.9129515,6.1155114,3.7110085,6.3987474,6.0568757,3.6038282,4.814974,6.3424783,5.724318,4.867895,3.8068717,7.1158705,0.56221825,2.765983
TCGA-95-7948-01,1.5357083,2.4071383,9.899405,5.930784,6.751969,2.7779937,1.0459611,5.082491,5.563034,3.8862221,5.9754806,6.7039504,7.747497,7.937374,3.627914,8.777074,3.680443,5.1530924,7.0289383,5.704106,8.571161,7.093823,7.077285,2.1051798,9.465167,9.1973915,-0.5237264,6.992674,0.3671615,5.376384,5.568861,8.498606,5.4097033,6.3981695,5.890687,5.584655,8.031258,2.3991673,2.5997455,5.594367,5.8978376,7.0657682,6.1889715,4.745846,6.7149515,4.8381057,4.6775208,5.4330525,2.1476448,6.5119076,6.313999,5.9330378,7.3583984,4.3596463,4.457554,-0.3964861,6.184158,8.276762,5.465875,4.9102135,5.0256186,6.231368,5.39588,4.7923956,3.8614893,6.7298965,4.8917584,7.1789265,7.669339,6.717915,5.005891,7.5882883,2.3432078,7.2346225,10.042531,3.7142975,6.656755,8.328286,3.6025236,4.3209987,5.9893217,5.1879234,7.256388,5.499036,6.2645802,3.9635866,3.7833965,4.300821,4.8443747,5.0759172,7.0623417,4.764768,7.661347,7.7499566,3.1915128,5.037455,5.971276,3.4424205,3.6041794,5.8867664,3.8334432,5.27088,4.712506,6.3068557,8.03378,7.7044086,2.3245718,6.7338066,6.5732336,5.605904,8.635595,3.541317,5.4693274,6.586543,4.9596176,5.7380657,3.4473336,6.391176,5.871133,3.3515918,4.4906893,6.0784316,5.639327,4.9757357,3.812233,7.0226154,0.57555413,2.516108
TCGA-44-A47F-01,1.5782214,2.2500453,10.010717,5.925877,6.8452806,2.7458656,1.0604274,5.189655,5.331454,3.9879348,6.001937,6.6745105,7.800618,8.22941,3.6431072,8.711697,3.600344,5.3644056,7.356668,5.782248,8.524541,7.0612464,7.0618324,2.0198524,9.721528,9.270049,-0.5915204,6.8964906,0.13930427,5.30174,5.629533,8.539251,5.6556873,6.5588694,5.796689,5.6705155,8.209459,2.3854244,2.604715,5.367578,5.8216906,7.081536,6.421894,4.7117844,6.732868,4.7909703,4.8004055,5.563777,1.9333171,6.6413045,6.3321486,5.896305,7.438939,4.3419538,4.5600586,-0.6125262,6.3141026,8.387602,5.5331197,4.8200784,5.0328627,6.167039,5.549487,4.891518,3.8635771,6.5388846,5.063875,7.340801,7.8490458,6.847627,4.975027,7.611838,2.2135308,7.3641276,10.100949,3.504974,6.490409,8.486797,3.5161185,4.594037,6.038768,5.3724318,7.2967443,5.3562946,6.358241,4.224375,3.7201958,4.3471622,4.8137627,5.0498257,6.951103,4.692994,7.695041,7.647004,3.3339658,5.129592,5.964065,3.5098674,3.6738064,5.9552107,3.8558588,5.218707,4.9158044,6.2470193,8.256931,7.7392397,2.5229323,6.8326564,6.656424,5.692977,8.695756,3.6229548,5.4370656,6.4280148,5.0261965,5.719186,3.3793838,6.4798837,5.796059,3.2461886,4.326634,6.044824,5.6429935,5.1184473,3.7797153,6.9752197,0.6503102,2.4077501
TCGA-17-Z053-01,1.8886331,1.9645803,9.902507,5.354894,7.411655,2.2090693,0.6303615,4.903763,5.0360794,4.9157066,6.239948,7.1536155,8.198761,7.926575,3.3392565,8.921018,3.5959585,6.0040684,7.3123717,5.376162,9.271091,7.5472555,7.6254177,1.9154948,9.245972,8.874666,-0.56302977,6.713542,0.42727944,5.56391,5.7373486,9.107749,5.8728995,6.8722024,5.705352,5.2289963,8.454602,2.0596898,2.339278,5.1008997,5.91479,7.5081687,6.5825334,4.8698864,7.247404,4.878878,4.7967257,5.6013017,2.394126,7.1026144,5.923401,6.491569,7.6591997,4.0325165,4.8083086,-0.50789714,5.8864217,8.725267,5.6805825,4.8914514,4.895554,6.4664145,6.0697412,4.738018,3.6511433,6.5360293,4.8315067,7.494036,8.114552,7.321457,5.3611054,7.7051315,2.1798344,7.85165,10.195261,3.4482553,6.5179553,8.926648,3.2576525,5.116348,6.5435104,5.193885,7.5786147,5.8721447,6.653393,3.7624838,4.2054596,3.7875051,4.481062,4.30477,7.453129,3.9232278,7.2009306,7.4861836,3.0474846,4.7080817,7.507395,3.639212,3.4972997,5.8673725,3.807967,5.5729055,5.0122457,6.1531906,8.951861,7.5715365,2.4347415,7.082553,6.9139605,5.6811423,8.308074,4.4327545,5.53165,6.429248,5.3547106,6.180528,3.7264526,6.4149227,6.0496483,3.2460754,4.8976727,6.333806,5.544113,4.95235,3.5527372,7.168577,0.35856488,2.721163
TCGA-17-Z011-01,1.8906522,2.0019312,9.898725,5.3632574,7.3528147,2.2441928,0.6940836,4.903148,5.0891075,4.908546,6.257172,7.067216,8.175873,7.9776297,3.3461895,8.936169,3.6590557,5.989747,7.2692294,5.407708,9.244777,7.5023527,7.611676,1.9597229,9.277103,8.912665,-0.5255005,6.7677584,0.40960613,5.5082693,5.8150296,9.107823,5.832382,6.793358,5.716907,5.265584,8.455292,2.0586512,2.328917,5.128571,5.911131,7.4591384,6.5683017,4.8736296,7.2190614,4.8888063,4.7771044,5.6289964,2.2698424,7.058453,5.945329,6.385199,7.651039,4.033783,4.798166,-0.4513659,5.895932,8.774076,5.6970577,4.8991385,4.9502516,6.455589,6.039417,4.740396,3.6495485,6.5675693,4.854481,7.474592,8.05667,7.3023977,5.3148465,7.6769457,2.1771593,7.83012,10.215188,3.4652011,6.506637,8.90239,3.2960327,5.045863,6.5062,5.2328,7.547162,5.8752966,6.626943,3.7963374,4.1582894,3.8455575,4.5169454,4.3524094,7.4349027,4.0030026,7.2566667,7.503576,3.0653372,4.718008,7.411945,3.6443846,3.494372,5.875191,3.8067415,5.5255733,5.028601,6.1720715,8.94477,7.5756884,2.421288,7.053985,6.8905635,5.688322,8.339387,4.378233,5.518889,6.4259377,5.328605,6.107915,3.712346,6.41006,6.0182137,3.2501802,4.8616023,6.315301,5.550677,4.975129,3.5640912,7.1576285,0.37578493,2.7147634
TCGA-86-8673-01,1.6365492,2.0015275,9.960335,5.799996,6.960898,2.5816123,1.036025,5.1354585,5.2310452,4.288747,5.7327223,6.724156,7.722183,8.365889,3.542819,8.749488,3.6634378,5.558354,7.3807445,5.743802,8.688234,7.188867,7.0591946,2.0725088,9.636906,9.223397,-0.60591054,6.747023,0.050178416,5.447963,5.716092,8.68426,5.6930804,6.6557007,5.7173777,5.5167923,8.465262,2.4457078,2.6484215,5.3458877,5.722851,7.16537,6.4214005,4.665649,6.652315,4.7492204,4.788318,5.464657,1.9179195,6.834936,6.3259764,6.084236,7.438842,4.279541,4.5541058,-0.3575714,6.2375665,8.470342,5.4964676,4.878155,4.861542,6.1130204,5.640392,4.948509,3.9055524,6.465216,5.0602326,7.3573365,7.891977,6.93797,4.967815,7.558142,2.1815007,7.442628,10.030863,3.4359548,6.545692,8.53491,3.3668582,4.7432356,6.1344333,5.3882065,7.4415183,5.4402556,6.423154,4.094724,3.6886418,4.316139,4.7737865,4.7803106,6.869246,4.585667,7.6190777,7.6939154,3.3529465,5.1184683,6.0194516,3.5039954,3.6801493,5.9457135,3.873362,5.178725,4.9017506,6.1324205,8.477968,7.758595,2.4990265,6.8115287,6.700454,5.6501136,8.621692,3.7017379,5.459178,6.46478,5.0583034,5.88571,3.4349184,6.550054,5.85631,3.2495654,4.5832057,6.1340704,5.6778526,5.1089945,3.743655,7.0050707,0.6064757,2.5392568
TCGA-64-5779-01,1.6444117,1.8565013,9.832182,5.5914316,6.978159,2.410116,1.0701196,4.960798,5.281226,4.483202,5.6088595,6.69452,7.532504,8.341915,3.409251,8.696021,3.7701216,5.6955857,7.08817,5.667077,8.926481,7.288138,7.100078,2.2431545,9.364761,9.124495,-0.5839661,6.7099257,0.04742724,5.6673436,5.8119726,8.863054,5.5708632,6.6608176,5.651016,5.2718234,8.63394,2.4797666,2.641684,5.4441957,5.626859,7.296997,6.296223,4.5478644,6.543555,4.742653,4.6694303,5.2656474,2.0290687,6.936401,6.32611,6.24923,7.3631988,4.249724,4.422374,-0.029125692,6.1732836,8.457109,5.4419246,4.9508085,4.7436657,6.065177,5.399683,4.9813404,3.9113898,6.5346074,4.9762964,7.252048,7.780839,7.0319557,4.8882732,7.4013705,2.1656113,7.4238477,9.980348,3.5025597,6.667239,8.43541,3.2791042,4.785006,6.3156257,5.200838,7.5150785,5.6364746,6.456169,3.8357127,3.6785204,4.2359633,4.721732,4.512375,6.8532214,4.477269,7.4773326,7.8010287,3.3246417,5.0341234,5.859944,3.4591968,3.6796646,5.884398,3.9011157,5.1962404,4.783957,6.0710363,8.629837,7.7525964,2.341619,6.736749,6.5936627,5.580203,8.533134,3.709192,5.4935346,6.6143117,5.008565,6.08537,3.5565875,6.594079,5.963239,3.344385,4.87264,6.314011,5.7588577,5.0498285,3.744383,7.044584,0.5302428,2.770665
TCGA-99-8032-01,1.599166,2.343672,9.924683,5.854125,6.8435006,2.7416146,0.9531322,5.1320906,5.4647946,3.9155774,6.042132,6.6910925,7.761329,8.127085,3.5718048,8.860426,3.7251687,5.3495183,7.1895056,5.6877985,8.548356,7.1317472,7.1030087,2.0309968,9.479756,9.282017,-0.48202232,6.947311,0.20944422,5.286954,5.6574516,8.506543,5.463441,6.50843,5.801542,5.540762,8.171188,2.3713982,2.4671354,5.5307584,5.842073,7.073935,6.345764,4.7388854,6.768147,4.8612013,4.7423377,5.5350456,1.9809254,6.6152344,6.3477955,5.960858,7.369633,4.3150268,4.5400195,-0.62715805,6.306886,8.349844,5.587585,4.8289537,5.0061955,6.273911,5.5517306,4.8149953,3.8210201,6.6625943,4.891082,7.286403,7.7627,6.8045354,4.9281197,7.5957613,2.3496058,7.440262,10.190117,3.6112669,6.5855546,8.458112,3.5268846,4.43788,5.9761324,5.296893,7.2344217,5.519972,6.3291254,4.0528297,3.7556043,4.2899323,4.8418903,5.067581,6.986938,4.6721597,7.758929,7.7534094,3.1965246,5.021248,6.0505958,3.487634,3.592978,5.905055,3.7984774,5.2842937,4.806887,6.308494,8.053976,7.6878138,2.3670688,6.8384433,6.690265,5.648511,8.752897,3.6116073,5.4576015,6.5582123,4.9801345,5.6986074,3.4146285,6.4154377,5.819574,3.2450664,4.447303,6.0570397,5.5955763,5.0483623,3.7596722,7.0483613,0.55687654,2.4494162
TCGA-99-7458-01,1.5920895,2.3955145,9.839388,5.6875353,6.782584,2.600683,0.9640105,4.901898,5.690161,3.9820237,6.0033193,6.774781,7.674544,7.471908,3.4834757,8.493519,3.6679583,5.1722326,6.6935167,5.498152,8.826627,7.2298155,7.3242073,2.1959534,9.1882305,8.965754,-0.40869492,7.113028,0.71948975,5.5708947,5.703249,8.757243,5.2811637,6.275464,5.8479643,5.342045,7.979227,2.269082,2.5356,5.586861,5.9710484,7.203946,6.0158277,4.780694,6.894455,4.9211793,4.5646586,5.3048463,2.6775732,6.535012,6.1326456,6.0820518,7.3386517,4.2508783,4.404421,-0.2544663,5.9498677,8.2187805,5.450479,5.0769477,5.0321326,6.3975725,5.1982927,4.6485095,3.7352283,6.8997855,4.744389,7.041576,7.5737324,6.762421,5.0586042,7.5219026,2.4042535,7.184563,10.024502,3.8890097,6.7811365,8.24722,3.6259034,4.2396665,6.246875,4.967299,7.307405,5.849759,6.240432,3.6004112,4.015065,4.012914,4.7726474,4.8366675,7.334263,4.6088095,7.3805714,7.753707,2.9740543,4.7730083,6.104849,3.4964685,3.5053995,5.808124,3.8067386,5.457933,4.5330224,6.377686,8.150781,7.593542,2.1195838,6.727587,6.4760675,5.51734,8.465874,3.7076232,5.4982986,6.7279344,5.0174923,5.9072647,3.6795702,6.3171096,6.065559,3.5204122,4.7927346,6.222927,5.6171994,4.8417563,3.777315,7.066767,0.4849387,2.7366343
TCGA-62-A472-01,1.7175288,1.9754633,9.820211,5.54913,6.9145083,2.369061,1.0107224,4.8349285,5.399732,4.453286,5.5441175,6.700859,7.4093637,8.08729,3.3305433,8.555011,3.9616678,5.6696568,6.953334,5.538722,8.860967,7.33962,7.1841097,2.2004907,9.18789,8.960919,-0.44698647,6.7587485,0.27289432,5.71873,5.8873396,8.9144,5.4254346,6.525126,5.603981,5.200242,8.548648,2.4925838,2.6160903,5.489705,5.728273,7.3068357,6.146509,4.5421996,6.6266294,4.813172,4.560021,5.1794114,2.3873217,6.8852625,6.2401376,6.2320585,7.2895613,4.1655045,4.4198313,-0.0581894,6.050017,8.267973,5.413705,5.1020937,4.774415,6.19136,5.274856,4.863783,3.8473747,6.66234,4.87896,7.1178746,7.6639457,6.9614015,4.8838363,7.385512,2.2338405,7.3795753,9.940434,3.6433623,6.7714467,8.328304,3.3420367,4.5946274,6.360354,5.1670423,7.545384,5.8426523,6.3614373,3.6452255,3.7716122,4.1675267,4.7497907,4.5598893,6.950941,4.472986,7.375176,7.816099,3.172646,4.872975,5.9561977,3.5047574,3.5825858,5.8628397,3.8603601,5.2124085,4.6498194,6.1623144,8.541437,7.6735706,2.20599,6.6834917,6.532488,5.512666,8.470285,3.7414567,5.505786,6.7173433,4.9973607,6.163977,3.6679158,6.5291233,6.0392594,3.4492161,5.005771,6.327987,5.720819,4.965968,3.7294528,7.0904346,0.49675965,2.8623617
TCGA-55-7725-01,1.5236534,2.5929165,9.894996,5.9045315,6.8066416,2.8208737,0.9365397,5.1374702,5.653973,3.7245913,6.1668057,6.8512707,7.9334517,7.6147127,3.65372,8.781589,3.462238,5.0081153,6.9242244,5.6019206,8.634956,7.151188,7.2591977,2.12456,9.38762,9.149032,-0.4512116,7.216078,0.70325696,5.297925,5.585777,8.510676,5.3743196,6.2873306,6.0250783,5.5757227,7.813043,2.2339451,2.513886,5.5798316,6.068431,7.0248723,6.164163,4.9557557,6.954861,4.938197,4.7091885,5.53125,2.4050481,6.4245925,6.14423,5.959738,7.411277,4.311946,4.5348907,-0.38309667,5.9998417,8.307025,5.5403414,4.924124,5.101569,6.4316807,5.4727407,4.617968,3.7602227,6.828067,4.7626333,7.1890216,7.687129,6.644643,5.1166673,7.6960793,2.4828186,7.2462125,10.107957,3.8267245,6.6571393,8.39491,3.7055547,4.2181726,6.000212,5.1251607,7.184983,5.5670333,6.244323,3.8617425,4.021095,4.075282,4.8344,5.1011434,7.3545637,4.7380085,7.581369,7.681712,2.9955914,4.892502,6.134479,3.494889,3.5120227,5.842949,3.7696779,5.519157,4.675269,6.413978,7.9351397,7.6165566,2.2764986,6.8012743,6.6346426,5.59055,8.566051,3.6856384,5.464963,6.5911508,5.0700755,5.624392,3.5118942,6.230199,5.937689,3.3924735,4.475475,6.0266457,5.51868,4.8549814,3.7881253,7.036318,0.5815669,2.4817102
TCGA-17-Z058-01,1.8605777,1.9358276,9.889123,5.360503,7.4137015,2.2057393,0.67919195,4.899695,5.069468,4.946704,6.255191,7.1421604,8.133272,8.024227,3.3470063,8.961675,3.6135037,6.0217,7.2898316,5.4095635,9.225925,7.553332,7.5858226,1.8990282,9.309658,8.892341,-0.5809617,6.7132053,0.35052717,5.558324,5.8170576,9.161594,5.847676,6.869229,5.7395067,5.22754,8.508703,2.0780752,2.355092,5.1473527,5.876879,7.4800916,6.5644226,4.857571,7.2188697,4.8713417,4.7819514,5.5878468,2.324983,7.1201105,5.953136,6.4852715,7.659664,4.043435,4.790922,-0.5028786,5.879844,8.748094,5.6815867,4.885026,4.8745956,6.429056,6.019129,4.7586946,3.678877,6.5359373,4.830494,7.4977326,8.084504,7.325616,5.3100934,7.681045,2.1868813,7.843965,10.185854,3.445176,6.527744,8.933723,3.2349567,5.1178975,6.510894,5.2036023,7.5782137,5.841655,6.666741,3.794781,4.1564,3.8231232,4.4926248,4.2977977,7.4490824,3.9644966,7.244582,7.5185914,3.0710845,4.746188,7.3941617,3.6112053,3.5062108,5.8614206,3.814156,5.5452065,5.0201216,6.1215844,8.989056,7.5956573,2.415438,7.0607834,6.930794,5.6791353,8.308456,4.400738,5.533417,6.433982,5.34649,6.1508255,3.7082028,6.418852,6.033072,3.2319856,4.874042,6.334754,5.5579433,4.951368,3.556464,7.1665983,0.35542268,2.750906
TCGA-99-8025-01,1.7881606,2.135477,9.861365,5.5839825,6.9257946,2.4574542,1.1002638,4.928442,5.2815213,4.4472513,5.715518,6.5414567,7.392683,8.38305,3.3768373,8.506542,4.1396456,5.7315154,7.2689605,5.6305747,8.663713,7.300737,7.1717486,2.2196414,9.293793,9.10827,-0.4623317,6.8075204,0.21869816,5.524134,5.9279284,8.781634,5.5142937,6.535759,5.5714965,5.330144,8.52588,2.5699458,2.5487776,5.433767,5.7801557,7.227047,6.308669,4.488615,6.6139026,4.832978,4.5364504,5.2548294,2.1870139,6.877464,6.2616253,6.0457234,7.310436,4.1760225,4.5061603,-0.28618482,6.21327,8.2581625,5.48001,4.9841423,4.863998,6.137622,5.20412,4.9027777,3.8652945,6.66355,4.9080205,7.188792,7.683611,7.021342,4.690858,7.4255085,2.14247,7.490681,9.99058,3.5657225,6.660601,8.381751,3.377662,4.6437864,6.290062,5.327235,7.4927564,5.770202,6.4068666,3.8712013,3.6892755,4.3091884,4.768359,4.7394166,6.867158,4.5076585,7.483236,7.7598,3.27577,4.932793,5.9302335,3.498159,3.59495,5.8967648,3.8762593,5.150628,4.8719583,6.1413116,8.457175,7.718129,2.3229573,6.6630306,6.5615096,5.5953298,8.562266,3.6761384,5.4852996,6.6197705,4.9796844,6.0440516,3.5765033,6.5123773,5.91779,3.3833587,4.750905,6.303409,5.736327,5.0416813,3.7440264,7.1084375,0.5456839,2.6749623
TCGA-17-Z005-01,1.9289861,2.050894,9.877084,5.348304,7.3813176,2.2366726,0.6785734,4.889447,5.064623,5.0056353,6.2973385,7.083777,8.188537,7.9693317,3.3369384,8.93956,3.7047238,6.0205836,7.287521,5.3894496,9.273586,7.5219517,7.6486588,1.9854265,9.231928,8.894284,-0.5215309,6.7748733,0.4608205,5.4903984,5.805003,9.134664,5.8464937,6.7904515,5.715024,5.275956,8.43947,2.0585551,2.2985036,5.112836,5.9510045,7.472262,6.5884337,4.871643,7.2412477,4.9067492,4.7575674,5.6376324,2.259517,7.058116,5.922825,6.3779936,7.6667247,4.0222964,4.821996,-0.40671802,5.8437853,8.823075,5.7073927,4.891589,4.9800363,6.476087,6.0417476,4.7222395,3.6382973,6.5900965,4.8305187,7.478964,8.055211,7.331742,5.3155465,7.6998925,2.1656063,7.8618903,10.220522,3.4728985,6.5026593,8.92557,3.3081563,5.06181,6.519577,5.229682,7.5525413,5.8962116,6.642911,3.7968304,4.183176,3.840972,4.4999056,4.350465,7.4980874,3.9688218,7.2400017,7.484336,3.0505824,4.6906657,7.5232935,3.640289,3.476995,5.8712554,3.804135,5.535184,5.0629463,6.1776543,9.027992,7.5715933,2.4257245,7.0512757,6.900048,5.698017,8.323052,4.427899,5.5280495,6.423351,5.3351245,6.150144,3.7195873,6.3874445,6.013152,3.2490518,4.869999,6.3301225,5.5464864,4.9561067,3.5594454,7.1842985,0.36106217,2.70114
TCGA-NJ-A7XG-01,1.5452425,2.3641908,9.902785,5.9075174,6.7381043,2.7510922,1.0412484,5.050896,5.5628114,3.8842528,5.964623,6.6811123,7.7322497,7.940361,3.600536,8.729255,3.7121649,5.178588,7.0192733,5.6921525,8.576772,7.0889916,7.0766835,2.0857477,9.452873,9.184887,-0.5172465,6.9669952,0.33071733,5.4062166,5.5879283,8.532941,5.402166,6.40811,5.83172,5.55318,8.054248,2.4049861,2.5881903,5.5810595,5.869891,7.0961404,6.1842985,4.711526,6.7145844,4.8299766,4.672392,5.415949,2.1569536,6.526971,6.325156,5.939533,7.345986,4.35163,4.4416018,-0.4931569,6.2059164,8.261595,5.4661875,4.923469,5.027938,6.231423,5.3689504,4.8060093,3.8483732,6.731248,4.903791,7.16604,7.666653,6.739393,4.9873,7.5598483,2.3256478,7.240904,10.05898,3.7073195,6.659574,8.310768,3.5889792,4.3240128,6.017857,5.1847587,7.262882,5.5343604,6.259791,3.9595478,3.7746463,4.297412,4.838736,5.070509,7.043472,4.737075,7.6506824,7.7562575,3.1976223,5.023261,5.9817257,3.4560688,3.6079636,5.890246,3.8365173,5.2552905,4.692761,6.312075,8.056805,7.6970186,2.3118856,6.743916,6.550877,5.60331,8.651879,3.5431767,5.468485,6.5976586,4.946526,5.7776194,3.4660985,6.4192753,5.880765,3.3575542,4.5051885,6.0988617,5.651846,5.000501,3.8068557,7.0196843,0.5546662,2.5363052
TCGA-64-5775-01,1.7079364,2.396757,9.764138,5.630982,6.8083158,2.5766516,1.06685,4.901408,5.5443325,4.1646996,5.8137655,6.611311,7.4272246,7.9577394,3.4134283,8.466465,4.077301,5.3832417,6.95813,5.5435467,8.691795,7.2837234,7.2398667,2.2989452,9.080319,9.059563,-0.3943084,7.026864,0.5706324,5.5458302,5.8126807,8.699337,5.282963,6.3228045,5.727092,5.301811,8.193121,2.518745,2.529349,5.616268,5.9342217,7.178126,6.0838675,4.5984235,6.687835,4.9076533,4.4601097,5.188486,2.4372835,6.655769,6.201272,6.019509,7.2504606,4.2175198,4.411384,-0.1940733,6.043684,8.168186,5.4299703,5.0595794,4.9300814,6.27254,5.0568624,4.74522,3.827848,6.8795195,4.727705,7.030076,7.520181,6.8270473,4.7711225,7.4632783,2.314318,7.3005204,9.971793,3.8112524,6.796595,8.222554,3.5460706,4.321201,6.217968,5.1012487,7.38943,5.858144,6.275711,3.6585186,3.8464596,4.196636,4.8080263,4.8565173,7.075418,4.61177,7.440642,7.809764,3.0834246,4.8140087,6.0000596,3.4572237,3.5162764,5.8252726,3.838797,5.2989683,4.648007,6.2766466,8.170734,7.6563096,2.1546512,6.5950856,6.4632044,5.5143046,8.51628,3.6112022,5.504022,6.7563577,4.939284,5.97768,3.6401682,6.3716726,6.005412,3.5119014,4.795452,6.2882404,5.6895905,4.8761454,3.7951498,7.126952,0.50960225,2.703724
TCGA-05-4405-01,1.7808151,2.0686228,9.950316,5.616569,6.84508,2.421968,1.0497109,4.878105,5.260822,4.334053,5.64494,6.548893,7.322576,8.182748,3.3534527,8.311121,3.9958076,5.7229433,7.254957,5.6073184,8.6003275,7.230244,7.1654,2.1163132,9.432111,9.025552,-0.4317886,6.7623773,0.21023087,5.634436,5.8372684,8.884545,5.5511904,6.562718,5.461069,5.336611,8.514264,2.4803107,2.609766,5.2937636,5.7473993,7.3171344,6.269947,4.4258585,6.5936027,4.816867,4.5787005,5.214909,2.3859684,6.847778,6.2910533,6.0313835,7.2753544,4.200241,4.435985,-0.38279384,6.2200217,8.169405,5.4222755,5.03052,4.8815703,6.1384215,5.1207623,4.9158034,3.8136537,6.59399,5.0371537,7.1376896,7.7066097,6.985429,4.7398777,7.3745685,2.1137109,7.372584,9.942572,3.5849946,6.647945,8.274711,3.3912442,4.643206,6.400896,5.2641454,7.48946,5.7969236,6.356903,3.9189675,3.6766753,4.266724,4.7666025,4.746662,6.8487415,4.518648,7.386511,7.725892,3.2803495,4.9084835,5.814035,3.539647,3.6493464,5.9181957,3.8731534,5.1412106,4.7795744,6.214921,8.563024,7.691292,2.3438146,6.6844735,6.446623,5.586355,8.575392,3.6635234,5.4704456,6.6675262,4.936657,6.128564,3.5999641,6.5603733,5.9520216,3.4357603,4.721983,6.299754,5.7505713,5.0563354,3.7632535,7.060236,0.61455363,2.7042522
TCGA-05-4249-01,1.7586324,1.9807438,9.858505,5.535178,6.961283,2.359841,0.9878658,4.8698034,5.306109,4.4790606,5.62128,6.7325306,7.51592,8.097291,3.3486593,8.357139,3.8637617,5.665221,7.1499085,5.525149,8.854833,7.3555064,7.2620106,2.1775918,9.300993,8.970599,-0.4636566,6.784136,0.35150012,5.6940675,5.8992014,8.958523,5.528319,6.550367,5.5577965,5.2286296,8.495862,2.434457,2.6073227,5.349834,5.7830954,7.3339753,6.2209945,4.5932465,6.7239757,4.819683,4.591527,5.23421,2.3996792,6.8955684,6.1656456,6.2201877,7.343666,4.146112,4.4874988,-0.26825988,6.0021353,8.353717,5.4281936,5.0748725,4.811352,6.210659,5.335407,4.8446803,3.8104148,6.639244,4.9077625,7.1625733,7.754123,6.999767,4.9134793,7.430366,2.1884313,7.412374,9.9330635,3.6109016,6.7145967,8.386271,3.3611982,4.659721,6.4138165,5.192628,7.5464153,5.838088,6.391066,3.7172742,3.8471148,4.1052847,4.7089615,4.5501976,7.02776,4.4142675,7.3032413,7.7225556,3.1732807,4.8491383,6.1425653,3.5434067,3.5825012,5.8733525,3.8653104,5.2707543,4.7247295,6.16016,8.6269,7.6566086,2.2704093,6.730509,6.5537524,5.5448728,8.443453,3.832843,5.49599,6.648686,5.0556517,6.1608415,3.6838362,6.514055,6.050389,3.447536,4.925462,6.3321567,5.7053914,4.9895225,3.7132916,7.0829697,0.52257353,2.792487
TCGA-78-7148-01,1.6439805,2.243662,9.733901,5.686951,6.853504,2.5522013,0.9955548,4.932954,5.5424304,4.1754847,5.597015,6.80312,7.5332737,7.823297,3.429069,8.604492,3.83018,5.290506,6.8786902,5.5232124,8.823502,7.321286,7.207153,2.2770908,9.110998,9.019327,-0.45068628,6.9506316,0.58557755,5.6700807,5.6980076,8.755967,5.3086805,6.3652034,5.7978354,5.2731514,8.215151,2.4760618,2.638414,5.617211,5.906696,7.2091804,6.0159545,4.6923246,6.6416388,4.861695,4.5385175,5.1544304,2.4703846,6.6828976,6.200421,6.184303,7.283088,4.2441115,4.370676,0.10598325,5.8808794,8.26774,5.354997,5.1094866,4.8115716,6.276558,5.2571726,4.7391467,3.8663948,6.8066177,4.7378926,7.0374246,7.5830593,6.7544913,4.982403,7.5034566,2.3816533,7.211626,9.885099,3.814251,6.855866,8.237584,3.5003998,4.3471646,6.2061567,5.0366144,7.4510627,5.792988,6.2653375,3.5654476,3.892719,4.118824,4.7957497,4.7242646,7.1178865,4.620711,7.394474,7.8312745,3.0458488,4.840651,6.063911,3.4330447,3.5379102,5.8116293,3.8351402,5.343525,4.527225,6.252132,8.25752,7.666497,2.154192,6.604754,6.49789,5.4603734,8.4482765,3.6584969,5.5207076,6.789606,4.977806,6.037202,3.6471767,6.3831635,6.0743256,3.5267951,4.9317884,6.2695603,5.671919,4.804261,3.7992826,7.1062818,0.50668514,2.768984
TCGA-49-AARN-01,1.649497,2.5138922,9.733216,5.6435723,6.825274,2.6307635,1.0812283,4.925528,5.6610093,4.132863,5.9631557,6.670063,7.549503,7.812954,3.475999,8.572552,4.005559,5.253654,6.79474,5.538059,8.779427,7.2948337,7.2939425,2.3654187,9.012,9.047109,-0.41014645,7.1545877,0.730492,5.483779,5.812297,8.646532,5.2331953,6.2352495,5.898106,5.3321013,8.053219,2.4696121,2.5100932,5.721609,6.0117903,7.114972,6.038938,4.7206774,6.794736,4.939409,4.451614,5.2442384,2.4939542,6.581828,6.1271,6.0263734,7.301263,4.2210517,4.440749,-0.066005856,5.9578395,8.206085,5.4591203,5.0561695,4.9854746,6.33273,5.0867333,4.670419,3.8202078,6.9688993,4.6393557,7.035046,7.485455,6.791468,4.8502874,7.5245504,2.383291,7.2769284,9.998607,3.8778882,6.8104134,8.265653,3.610017,4.2439027,6.1690784,5.0492454,7.3461156,5.8473835,6.2721043,3.5790842,3.9480915,4.1381197,4.802304,4.857659,7.2359757,4.6356134,7.447072,7.7995734,3.0149765,4.797539,6.065209,3.4413834,3.468628,5.795161,3.8281775,5.391763,4.642702,6.289673,8.071724,7.6414127,2.1105566,6.6054454,6.50803,5.512477,8.449786,3.6435401,5.5103993,6.7250957,4.9978433,5.876626,3.6527069,6.285629,6.018715,3.5183115,4.8081226,6.2606883,5.6491704,4.8164535,3.7914736,7.12882,0.47202036,2.7093437
TCGA-L9-A7SV-01,1.5404935,2.0517788,10.0478115,5.904592,6.87083,2.6613126,1.0110966,5.120415,5.3685374,4.0650363,5.929363,6.722136,7.9570556,8.214833,3.6245422,8.856429,3.4937344,5.406715,7.242747,5.774266,8.623814,7.0717945,7.020026,1.9572327,9.733947,9.222366,-0.60535693,6.806077,0.012996294,5.349573,5.6888056,8.620771,5.662894,6.6216125,5.7432704,5.5994043,8.293712,2.3544292,2.6058583,5.3729973,5.709887,7.125767,6.418815,4.735874,6.7977157,4.7379365,4.8738823,5.605102,1.93275,6.7202864,6.3271775,6.0234613,7.467655,4.299329,4.591618,-0.74455535,6.309007,8.4299965,5.572803,4.8439527,4.9967737,6.171091,5.708237,4.93007,3.8453646,6.4787097,5.1088157,7.3895407,7.9167523,6.8879704,5.040426,7.58148,2.2200913,7.4473586,10.164688,3.4429207,6.474428,8.560687,3.435342,4.625449,6.0573926,5.4240785,7.328153,5.388909,6.376344,4.1944923,3.7144918,4.307593,4.7976403,4.9502497,6.9385595,4.610285,7.7021685,7.651161,3.3506048,5.1480126,6.0020494,3.5641997,3.6766841,5.972078,3.850713,5.206281,4.879467,6.205162,8.332144,7.7152753,2.5019085,6.9332333,6.7222443,5.695781,8.682098,3.6984203,5.425204,6.37732,5.0788245,5.7716103,3.4095283,6.5512714,5.8117394,3.1937356,4.4539866,6.031519,5.630901,5.195313,3.7217405,6.939127,0.561545,2.5012236
TCGA-97-7554-01,1.7927384,2.0812674,9.908812,5.5508103,6.9805894,2.3973768,1.1064296,4.9048004,5.2552943,4.576923,5.738722,6.58697,7.4887557,8.36729,3.393787,8.477911,4.0238066,5.787255,7.265574,5.621822,8.726418,7.330914,7.2222395,2.2211297,9.351454,9.031768,-0.4721986,6.817036,0.25688976,5.5161858,6.01596,8.85722,5.5895057,6.5465736,5.589005,5.3382974,8.554963,2.5138237,2.5729516,5.358256,5.78979,7.2364235,6.3417373,4.5505686,6.720798,4.826482,4.5647454,5.315457,2.2706509,6.92363,6.1621737,6.084182,7.3698673,4.117798,4.59046,-0.28244624,6.1421266,8.297728,5.507995,5.0017295,4.880674,6.148218,5.2660975,4.8901544,3.839943,6.6236057,4.9449663,7.240137,7.7472453,7.072984,4.747289,7.4394603,2.111194,7.537761,9.977919,3.5268195,6.613421,8.472255,3.3593268,4.7202797,6.362931,5.377752,7.535214,5.7690988,6.4462857,3.867511,3.7510557,4.243242,4.7321463,4.6471906,6.9508753,4.4458413,7.3995233,7.6830344,3.2775223,4.9253454,5.960727,3.553988,3.5825062,5.9093733,3.8809402,5.1889615,4.9386196,6.101921,8.587623,7.6946764,2.351987,6.7158723,6.6156096,5.6179276,8.463654,3.7958062,5.4728584,6.5287657,5.077664,6.0515623,3.6148462,6.5077224,5.935129,3.3736384,4.79451,6.2951694,5.7144785,5.0651174,3.7004123,7.0843883,0.5564917,2.7173603
TCGA-17-Z021-01,1.8614106,1.929881,9.860641,5.3140917,7.4206176,2.2110672,0.66634375,4.915609,5.0962853,4.9692955,6.2655144,7.1410975,8.15662,7.975153,3.343014,8.91526,3.6316085,6.009176,7.2561917,5.3740873,9.300967,7.557159,7.645748,1.936083,9.253076,8.916201,-0.5615232,6.7673216,0.40148303,5.5448484,5.9250045,9.191751,5.83928,6.829737,5.724374,5.1923223,8.478959,2.0466108,2.3285353,5.161004,5.9082985,7.472151,6.566294,4.8684764,7.2504582,4.880351,4.7877355,5.614667,2.3324323,7.1082764,5.886599,6.526499,7.664206,4.0020967,4.8214855,-0.46232578,5.8544445,8.77887,5.708854,4.9145665,4.873986,6.4905744,6.062146,4.7248063,3.6485841,6.5705786,4.8164783,7.4941955,8.093929,7.3216066,5.322723,7.697896,2.196251,7.8631644,10.228709,3.447629,6.5201015,8.958062,3.2578359,5.0949154,6.5376277,5.208534,7.5817785,5.868745,6.643746,3.756268,4.2446074,3.7580814,4.4902744,4.295195,7.4664836,3.9088683,7.2146697,7.4918523,3.0307,4.696345,7.32734,3.6673422,3.472241,5.8623734,3.809195,5.5975666,5.0031447,6.1447787,8.987701,7.5569425,2.4072337,7.0902786,6.92526,5.6709743,8.293781,4.483514,5.523118,6.404162,5.3926024,6.167485,3.7559187,6.411604,6.0679317,3.2568927,4.882155,6.330329,5.532599,4.965212,3.5392048,7.150647,0.33769906,2.749625
TCGA-17-Z044-01,1.9054785,1.980194,9.908727,5.3559194,7.3838043,2.2173443,0.66068804,4.8921604,5.0559235,4.9788694,6.275195,7.1046844,8.226298,7.986152,3.3352199,8.976726,3.642662,6.024082,7.289029,5.3980117,9.278855,7.5190306,7.6297174,1.932914,9.288671,8.881762,-0.5357501,6.73025,0.40017712,5.5235,5.8451853,9.14319,5.8625174,6.8340626,5.709409,5.2630997,8.471307,2.038247,2.3220327,5.0884757,5.9019465,7.489665,6.588466,4.8955646,7.243316,4.8852925,4.795851,5.6410894,2.248483,7.087153,5.94893,6.403165,7.672789,4.034535,4.806358,-0.45006412,5.8925376,8.821775,5.7003713,4.888634,4.9460163,6.4576235,6.0955844,4.745044,3.6446533,6.5422535,4.8580337,7.496259,8.086123,7.3290906,5.3636947,7.687055,2.1735153,7.852324,10.217498,3.4507926,6.5013885,8.931336,3.273143,5.0912423,6.526193,5.2250447,7.5593204,5.8878164,6.650802,3.783404,4.1597834,3.8339055,4.497284,4.310372,7.4481106,3.9772334,7.2447314,7.4948487,3.064885,4.7159963,7.561156,3.638478,3.4998572,5.8748446,3.8037455,5.5281444,5.0391374,6.1645713,8.995211,7.5781016,2.4321163,7.0743885,6.915548,5.694618,8.330212,4.4123387,5.526299,6.4262347,5.3362694,6.1285453,3.7096765,6.414715,6.0179877,3.231944,4.885079,6.3228974,5.5480103,4.969054,3.5549533,7.168343,0.36241618,2.7221196
TCGA-75-5126-01,1.7054555,2.5693753,9.670427,5.6211214,6.8594236,2.6046977,1.0467998,4.8874664,5.609356,4.2400284,5.867888,6.7582364,7.5600705,7.79724,3.4645991,8.551667,3.9794135,5.249157,6.85415,5.4721465,8.797281,7.392603,7.3436856,2.4039958,8.913643,8.999436,-0.37814856,7.156378,0.8807724,5.5312605,5.7927747,8.672452,5.2149086,6.2140656,5.9058766,5.2849216,8.021948,2.4731662,2.5452008,5.6941843,6.110288,7.137654,5.9911003,4.778948,6.775364,4.9602084,4.3925443,5.1730356,2.5762436,6.5784683,6.0375075,6.0790386,7.2787848,4.188974,4.4646883,0.13790934,5.8005466,8.22553,5.398803,5.0824847,4.9203444,6.343438,5.1133175,4.6185603,3.8289676,6.989224,4.5585036,6.994196,7.4917164,6.756524,4.892402,7.548056,2.4039407,7.261356,9.8625555,3.9409485,6.87581,8.248407,3.627514,4.2199054,6.196394,4.9957166,7.3947716,5.8829417,6.2769723,3.4787633,4.0193415,4.068696,4.7783093,4.811069,7.3127546,4.6102767,7.320812,7.7756324,2.9480062,4.7363057,6.246587,3.4197357,3.435173,5.765901,3.8248532,5.4542613,4.6298566,6.2625794,8.100815,7.620974,2.0805864,6.5406437,6.5036597,5.475756,8.3398285,3.7081435,5.529609,6.7737446,5.0185823,5.9444957,3.6997912,6.223168,6.07768,3.5798464,4.88817,6.299465,5.6412044,4.712684,3.7922153,7.1763635,0.5190863,2.7335477
TCGA-55-7574-01,1.6177442,2.4616473,9.831727,5.860809,6.9280653,2.7950423,0.87765217,5.2412677,5.457412,3.8588917,5.9450016,6.8799744,7.9415283,8.032732,3.5937004,8.820221,3.5273986,5.156169,7.283974,5.593381,8.59704,7.2321525,7.2275467,2.1093175,9.367431,9.273244,-0.461143,7.1103415,0.5489655,5.264724,5.6536055,8.50046,5.467823,6.42172,5.9109077,5.5043826,8.005871,2.3531344,2.468693,5.483785,6.019753,7.029591,6.3208456,4.934418,6.891695,4.904199,4.76986,5.5392947,2.0825474,6.5894294,6.165147,6.0222836,7.4009356,4.25563,4.6166425,-0.4575709,6.0154495,8.443081,5.585985,4.883621,4.9635572,6.415611,5.681826,4.6822276,3.8064163,6.7130632,4.7575893,7.2894015,7.812268,6.691442,5.0157413,7.732101,2.47026,7.4276657,10.147968,3.675775,6.6264577,8.519412,3.587513,4.3718095,5.9434905,5.275823,7.2641764,5.520606,6.296297,3.939123,3.9752553,4.103892,4.8423076,5.0625353,7.1920996,4.6473184,7.6434417,7.6813254,3.0381615,4.9077067,6.3384733,3.5291612,3.511191,5.868947,3.763506,5.4910235,4.7574854,6.339058,8.010587,7.630525,2.3702319,6.8279824,6.75132,5.589674,8.638047,3.7513337,5.45946,6.5601187,5.0994234,5.6669536,3.4797513,6.2929144,5.919669,3.3202446,4.496081,6.025832,5.5013394,4.9071074,3.7551348,7.065549,0.57403904,2.401047
TCGA-69-8255-01,1.6552162,2.2912548,9.884993,5.7910504,6.802849,2.679919,0.9854822,5.0583825,5.4411883,3.9602041,5.8812523,6.6190224,7.5995636,8.188899,3.489398,8.651473,3.8986046,5.4039016,7.2186995,5.6498713,8.5202,7.1510167,7.0995326,2.065399,9.3907175,9.236579,-0.44965887,6.907092,0.21241073,5.3916693,5.71699,8.579099,5.423572,6.4925437,5.66712,5.4495654,8.243242,2.4688358,2.4873111,5.508213,5.817379,7.1327105,6.2912807,4.6188335,6.6884646,4.849511,4.669107,5.401707,2.0491912,6.6589913,6.3547225,5.957929,7.295671,4.2839656,4.4801016,-0.6721125,6.289423,8.2671585,5.5313334,4.9068265,4.9617467,6.247746,5.377579,4.8409185,3.827524,6.686105,4.892895,7.2020698,7.704037,6.8197813,4.816911,7.52058,2.3047218,7.408318,10.137572,3.6272485,6.639099,8.355227,3.5019796,4.4250546,6.0565443,5.279426,7.2976074,5.6209745,6.2963834,3.9936838,3.7240365,4.30484,4.8465905,5.040683,6.907005,4.6430135,7.681017,7.779559,3.2042372,4.969559,6.004981,3.5004022,3.5941663,5.903602,3.8165338,5.2281313,4.7445846,6.302632,8.114553,7.682029,2.3279808,6.767247,6.590333,5.606539,8.744382,3.5802698,5.462696,6.629266,4.9288106,5.833087,3.4753594,6.4648023,5.866659,3.3209157,4.5258875,6.1332383,5.6451716,5.0515437,3.773617,7.060928,0.5461423,2.51158
TCGA-55-6969-01,1.7326357,2.000207,9.916002,5.598818,6.9622316,2.4465408,1.0755191,4.9846554,5.215019,4.491173,5.7503443,6.614041,7.445742,8.355357,3.4244146,8.45782,3.9393976,5.7570033,7.305393,5.6710854,8.762744,7.263314,7.1536818,2.175295,9.474979,9.131363,-0.5365553,6.74173,0.12364212,5.562563,5.8319616,8.815987,5.627984,6.6369653,5.610534,5.3716817,8.576611,2.4796433,2.610275,5.3528776,5.714918,7.265812,6.3673615,4.5243645,6.6192875,4.7878566,4.636136,5.3228884,2.1023018,6.8994665,6.297092,6.1011243,7.37154,4.2288666,4.497294,-0.2564996,6.240154,8.400081,5.462146,4.932741,4.84224,6.0839186,5.3616586,4.9507217,3.877062,6.546546,5.010066,7.258694,7.789052,7.049673,4.8219104,7.438278,2.110041,7.446328,9.974389,3.4967854,6.6115365,8.438797,3.3405585,4.7799,6.3211446,5.275256,7.4941087,5.6573577,6.4501543,3.9529123,3.683877,4.2899575,4.727895,4.62413,6.8532963,4.497711,7.4760747,7.7280293,3.3345542,5.011778,5.9731803,3.489252,3.6601403,5.912003,3.8957152,5.1533585,4.892415,6.1092725,8.604874,7.74208,2.3970466,6.730726,6.588953,5.625015,8.556988,3.7129502,5.482527,6.5617137,5.0083346,6.0295105,3.5374184,6.559694,5.9137697,3.3372617,4.721902,6.2865586,5.745221,5.0816336,3.7416122,7.062129,0.590209,2.6624722
TCGA-75-5147-01,1.7502805,2.0530531,9.778661,5.6155467,6.8801737,2.465016,0.99409646,4.936118,5.337641,4.2549224,5.480331,6.684428,7.3975263,8.144878,3.336569,8.340225,3.9836504,5.5172515,7.2191544,5.5421944,8.729421,7.3230853,7.1747456,2.201624,9.243829,9.094382,-0.45574936,6.786543,0.3408617,5.7113624,5.7758846,8.837318,5.424571,6.507283,5.527989,5.2243147,8.4352,2.5501208,2.6116548,5.445424,5.7897778,7.2967696,6.154683,4.530434,6.5520244,4.820079,4.555343,5.1233597,2.2883081,6.825886,6.2890244,6.1665993,7.2569304,4.225009,4.3715873,-0.27259114,6.041058,8.300526,5.362349,5.0760584,4.7599435,6.193357,5.249969,4.8543143,3.8657594,6.695711,4.852906,7.0801024,7.6699533,6.879843,4.827189,7.4294605,2.2479424,7.315629,9.908963,3.6695151,6.7961807,8.244269,3.3959553,4.518706,6.287858,5.1511292,7.5040903,5.824129,6.312871,3.719319,3.7692797,4.1962395,4.7778664,4.6975856,6.9040194,4.535023,7.4103317,7.8252454,3.1646056,4.864599,6.0629106,3.4671156,3.596929,5.8566074,3.8596027,5.2234383,4.6104445,6.207924,8.42127,7.6946073,2.2394037,6.629622,6.4793057,5.4934897,8.569211,3.6478841,5.5093646,6.7771044,4.9278736,6.1465335,3.6301572,6.5132527,6.0411887,3.482506,4.867248,6.330003,5.7310133,4.9409933,3.7846766,7.1097903,0.5193747,2.7142825
TCGA-78-7162-01,1.7263033,2.3814752,9.794165,5.623991,6.750972,2.5069456,1.0465217,4.8041077,5.5501537,4.1722765,5.691045,6.6485915,7.325437,7.6875615,3.372222,8.255461,3.9854724,5.347318,6.8642244,5.4791145,8.693081,7.2874784,7.2885385,2.2821677,9.104363,8.905217,-0.35331085,7.0172644,0.7211132,5.7047276,5.7615833,8.835919,5.2753806,6.281343,5.666595,5.266754,8.154488,2.45829,2.6214848,5.5225134,5.969933,7.2675185,5.965515,4.5591455,6.665609,4.9139276,4.4189553,5.0704308,2.7762272,6.629544,6.152297,6.043429,7.21241,4.209164,4.33724,-0.026512012,5.919771,8.058461,5.32597,5.1684794,4.9197016,6.2850394,4.886204,4.7100644,3.791212,6.8831854,4.7741485,6.922752,7.482817,6.7854366,4.8380837,7.4166636,2.2960443,7.150682,9.835467,3.8993704,6.852532,8.087753,3.5755527,4.2808695,6.3648806,4.9942207,7.4395514,5.9503717,6.2241898,3.5649376,3.8946013,4.113197,4.789943,4.7951174,7.1425867,4.6145706,7.2512484,7.7819066,3.0337892,4.7369633,5.9139023,3.4738746,3.5299308,5.8149996,3.8437455,5.3205194,4.5334687,6.3236775,8.296412,7.6257567,2.1157842,6.540347,6.3275404,5.466294,8.418506,3.6287038,5.5103025,6.84106,4.9195275,6.116674,3.722725,6.367606,6.0938687,3.6335235,4.8797617,6.3361225,5.712335,4.805055,3.819027,7.11414,0.5662343,2.8000743
TCGA-86-7955-01,1.6374198,1.9902998,9.913896,5.805333,6.9905205,2.617211,0.98969305,5.1864243,5.214697,4.227011,5.7473583,6.77428,7.833743,8.3799,3.5429692,8.78914,3.6443548,5.4969163,7.448049,5.729071,8.717081,7.2036223,7.070831,2.0511918,9.601014,9.292076,-0.6339241,6.7461286,0.056931335,5.4346576,5.6738253,8.652996,5.6935363,6.6765137,5.7103176,5.4947886,8.418003,2.4548266,2.603007,5.354614,5.7350364,7.1709585,6.4483986,4.7069693,6.669223,4.742494,4.8196845,5.478529,1.8169883,6.834168,6.336406,6.1154547,7.456457,4.295893,4.555326,-0.47346267,6.2187757,8.559131,5.513353,4.8482933,4.8485785,6.1495256,5.742598,4.940274,3.9089308,6.4827185,5.009259,7.380208,7.928647,6.9286137,5.0046663,7.6053867,2.214935,7.468706,10.082072,3.425259,6.5531693,8.565945,3.3663263,4.7350564,6.0795197,5.3758526,7.4226737,5.4326077,6.422993,4.0948806,3.7269948,4.292528,4.767988,4.8121233,6.8937078,4.554633,7.660681,7.703112,3.3294914,5.1076455,6.2201924,3.494542,3.6692817,5.9358354,3.8658984,5.2192807,4.879584,6.1424375,8.422352,7.75834,2.50717,6.8387437,6.7325926,5.643773,8.669602,3.717679,5.466829,6.469918,5.061967,5.872972,3.4253185,6.546849,5.864798,3.230159,4.554384,6.133768,5.6620173,5.1035924,3.7453127,7.018912,0.5510538,2.4842174
TCGA-50-5055-01,1.6656007,2.502597,9.737014,5.661605,6.791742,2.5867057,1.0476893,4.858288,5.6429057,4.1403413,5.823186,6.740296,7.498196,7.6416473,3.4549673,8.481724,3.913021,5.220414,6.7532125,5.485091,8.773674,7.319331,7.3120503,2.3450284,9.014595,8.940237,-0.3815898,7.123429,0.83553743,5.607645,5.7413416,8.731792,5.226109,6.216743,5.864547,5.3068023,8.025817,2.4320343,2.5982876,5.656317,6.0533338,7.1777105,5.9448357,4.7192388,6.746533,4.939249,4.4235225,5.147249,2.708004,6.558734,6.088535,6.065953,7.2666545,4.219977,4.391866,0.12366578,5.8324037,8.1438,5.362053,5.1284127,4.9434524,6.3332896,5.025622,4.641205,3.809819,6.9541044,4.657749,6.9575405,7.4747467,6.735482,4.930763,7.5045,2.3854964,7.162294,9.85614,3.9480567,6.8693748,8.170217,3.6286552,4.2111554,6.2519155,4.9660096,7.3927827,5.886376,6.236523,3.5013227,3.983966,4.074434,4.7893047,4.8163304,7.283587,4.6460357,7.300842,7.7818394,2.9701352,4.749401,6.0516,3.436747,3.478965,5.7831416,3.8289518,5.414778,4.552742,6.3103995,8.153906,7.622271,2.085105,6.5511584,6.423854,5.468125,8.362758,3.6622965,5.520714,6.800368,4.9825673,5.9865003,3.7037256,6.271252,6.0882196,3.6065023,4.8793,6.289552,5.661021,4.7365904,3.8113816,7.13058,0.53502655,2.7752962
TCGA-44-6777-01,1.648393,2.125248,9.8491955,5.6332297,6.997838,2.4715965,1.0402778,4.9621825,5.4178,4.4731545,5.7569337,6.7837462,7.6272044,8.0901985,3.477979,8.854613,3.7437174,5.578174,6.946897,5.6143336,8.897462,7.343013,7.203385,2.2684774,9.275989,9.027685,-0.50302184,6.890625,0.36562714,5.531642,5.856877,8.783713,5.4970407,6.5002356,5.86372,5.351827,8.433955,2.4065044,2.6204531,5.536842,5.821319,7.1742907,6.2249303,4.7341576,6.733129,4.8389397,4.6234107,5.3523088,2.2933624,6.827568,6.1628265,6.207565,7.4031925,4.1863875,4.544055,0.20013139,6.006948,8.383785,5.4843106,4.9953485,4.8313656,6.200604,5.452271,4.815518,3.8701115,6.650464,4.8493066,7.2397194,7.725583,6.935948,4.9777303,7.5119977,2.2821407,7.4305744,9.956109,3.6275628,6.6910253,8.492518,3.3954542,4.6210904,6.245907,5.2222786,7.483015,5.673478,6.4246364,3.7160234,3.832046,4.156958,4.7454677,4.580439,7.0886235,4.537796,7.445764,7.748364,3.1726427,4.954524,5.958043,3.4788437,3.5661585,5.858434,3.8502393,5.309243,4.8070726,6.1236115,8.462203,7.6948485,2.279225,6.7260637,6.6824355,5.5722795,8.402898,3.791141,5.495289,6.5810146,5.1076603,5.945481,3.5865502,6.4176345,5.971541,3.3685749,4.9032364,6.2265973,5.6549835,4.92705,3.7174377,7.0779567,0.5491232,2.7688653
TCGA-55-8091-01,1.5296377,2.531987,9.924712,5.921981,6.865305,2.8246007,0.9235882,5.196551,5.565139,3.7857172,6.1856103,6.8682294,8.002617,7.772711,3.6775885,8.8781,3.4077866,5.0882154,7.0614295,5.644248,8.628608,7.149975,7.230009,2.0810788,9.486729,9.21079,-0.48890868,7.1566844,0.57533044,5.237846,5.5901275,8.484884,5.464721,6.373807,6.0248046,5.6195645,7.889107,2.226957,2.5043392,5.5278816,6.03129,7.010308,6.2723083,4.9742126,6.95482,4.916131,4.7731156,5.611899,2.2221377,6.478247,6.16976,5.9683886,7.453554,4.3145957,4.5948043,-0.44011027,6.0621195,8.393986,5.5817127,4.857045,5.0853996,6.399998,5.6288266,4.6614223,3.7777972,6.7426734,4.809336,7.281626,7.775157,6.6904125,5.134123,7.7258654,2.4545536,7.331896,10.143704,3.7321515,6.592906,8.496115,3.659131,4.3278346,5.963315,5.2102685,7.189555,5.476342,6.2969766,3.9679384,3.9824326,4.112342,4.8252053,5.0904903,7.2999473,4.7153897,7.6464987,7.658036,3.054476,4.9563704,6.1814055,3.5016174,3.5356612,5.867873,3.7723322,5.4948287,4.7715054,6.3718643,7.9836154,7.6393075,2.355668,6.854519,6.718949,5.6320786,8.603901,3.7175663,5.456741,6.5181127,5.09957,5.5845323,3.45633,6.2581935,5.8868384,3.311854,4.416969,5.993639,5.508734,4.9106526,3.7672064,7.0287585,0.5976483,2.4241245
TCGA-55-A4DF-01,1.5601388,2.403253,9.944915,5.896933,6.947472,2.7857647,0.8904889,5.238642,5.445072,3.894325,6.155095,6.886799,8.049824,7.962228,3.661469,8.964506,3.4088511,5.234598,7.2105355,5.668619,8.650589,7.170026,7.20564,2.0248997,9.552676,9.263311,-0.52640086,7.055013,0.40870416,5.2148457,5.6153164,8.5040245,5.5676923,6.494478,5.9730024,5.6147285,8.029311,2.2368662,2.4815269,5.459041,5.9611683,7.0331903,6.394511,4.9613266,6.9436064,4.8817143,4.8412266,5.6688147,2.051418,6.5851717,6.2024665,6.015947,7.491702,4.2988067,4.6491055,-0.5134047,6.126516,8.492371,5.6270013,4.803636,5.0391445,6.3707643,5.788367,4.7238474,3.7928808,6.6392183,4.8618636,7.379283,7.8787856,6.7697396,5.134999,7.7399626,2.4139173,7.4468083,10.193165,3.6108463,6.5332446,8.606771,3.572937,4.4800086,5.961173,5.3012085,7.2251883,5.4283113,6.3603525,4.056466,3.9370341,4.138927,4.805676,5.034455,7.219473,4.6449704,7.6961946,7.643433,3.117686,5.003275,6.2708116,3.5211065,3.5610056,5.8950467,3.7764306,5.459337,4.8568573,6.318379,8.087378,7.6593723,2.4341412,6.9175797,6.804075,5.665323,8.647409,3.7736804,5.4518213,6.4576416,5.1299124,5.5969467,3.4193666,6.3172545,5.8504124,3.2295728,4.401608,5.986077,5.506706,4.9783616,3.7357032,7.027263,0.58537465,2.3919547
TCGA-17-Z002-01,1.8453479,1.9919606,9.877029,5.390383,7.354466,2.2687042,0.6490983,4.9382105,5.112922,4.8076158,6.221643,7.151428,8.21285,7.907937,3.3677635,8.900648,3.606274,5.890241,7.2527413,5.389751,9.255183,7.5293717,7.578765,1.9449328,9.213134,8.909897,-0.5503637,6.7601576,0.4607305,5.5180492,5.8505974,9.058684,5.8004265,6.80494,5.7480574,5.228327,8.40226,2.0960863,2.3267674,5.1914105,5.90417,7.4477687,6.553072,4.9477134,7.2240367,4.873368,4.8047123,5.6203012,2.3358521,7.045319,5.9446125,6.4570446,7.6455894,4.0487056,4.8023615,-0.45188475,5.859806,8.785403,5.696992,4.878267,4.919904,6.4715176,6.043474,4.727237,3.6668737,6.5609655,4.775934,7.4939303,8.099709,7.2621837,5.3547096,7.7063575,2.240117,7.818457,10.222637,3.4665506,6.5413833,8.911946,3.2863727,5.0171986,6.454106,5.1961617,7.5345235,5.8495145,6.628375,3.714564,4.189376,3.8002605,4.510302,4.353084,7.516167,4.000927,7.261812,7.530581,3.0297081,4.7321553,7.3877277,3.62595,3.4823198,5.8571706,3.7980032,5.5808935,4.9766173,6.1526337,8.852175,7.5691752,2.3964174,7.087697,6.933371,5.669673,8.347097,4.3738875,5.52753,6.42899,5.3499346,6.0771894,3.7071507,6.403361,6.044116,3.2255633,4.912839,6.300328,5.526092,4.9619875,3.5521781,7.160607,0.34537196,2.7091806
TCGA-50-5044-01,1.6778934,2.497,9.731953,5.614807,6.8603873,2.5837822,1.0097153,4.9020443,5.628843,4.170542,5.9099216,6.776422,7.608596,7.664645,3.4569316,8.5032015,3.874043,5.2371154,6.806418,5.465788,8.835472,7.3527846,7.3711615,2.3469622,8.995205,8.971577,-0.384444,7.164371,0.868483,5.5485697,5.7979264,8.732213,5.2568064,6.2328463,5.886062,5.2865267,8.016162,2.3974438,2.532393,5.636125,6.0696626,7.166059,6.0105033,4.789453,6.8556933,4.9535623,4.4617634,5.225131,2.658773,6.5909367,6.039017,6.0975175,7.3136854,4.1861587,4.4608936,0.010851474,5.818655,8.234381,5.431802,5.09835,4.9582586,6.387546,5.1417794,4.61662,3.7841663,6.9586177,4.619262,7.0209484,7.531011,6.7730026,4.945109,7.5493016,2.4068587,7.2550173,9.936331,3.9140604,6.8347573,8.271631,3.617711,4.250149,6.2415853,4.997907,7.381842,5.8976355,6.269787,3.5030448,4.050037,4.0162115,4.7706223,4.7851224,7.346318,4.583152,7.3176184,7.7526827,2.9409313,4.724252,6.2203655,3.4694476,3.4479446,5.780224,3.8146603,5.479805,4.600506,6.304543,8.151985,7.6010766,2.0991178,6.6180787,6.5053234,5.4863605,8.365926,3.7459123,5.516131,6.7470517,5.047736,5.9388404,3.7136073,6.251486,6.0893583,3.5669544,4.8795547,6.2768,5.6206665,4.7541327,3.7770758,7.1359696,0.49603182,2.7434943
TCGA-64-1679-01,1.7549042,2.008221,9.893049,5.586245,6.9891496,2.4184835,1.0880724,4.967295,5.220904,4.559957,5.6821046,6.6334825,7.4697013,8.418638,3.4159815,8.455126,3.9331753,5.753468,7.324657,5.6459284,8.767528,7.318771,7.1786127,2.2185261,9.429885,9.093061,-0.51335007,6.7638636,0.18004088,5.5548387,5.923636,8.837708,5.61315,6.599367,5.611382,5.351043,8.590206,2.5009265,2.622587,5.352744,5.751374,7.239112,6.347417,4.5652537,6.6512218,4.803548,4.6066628,5.3184295,2.1168005,6.920401,6.227187,6.123126,7.372016,4.1752295,4.5475507,-0.2560858,6.156185,8.393132,5.4646416,4.9712634,4.820334,6.1002502,5.3768044,4.9188085,3.8767867,6.567004,4.969628,7.2543435,7.7836776,7.044678,4.809685,7.4439726,2.1199615,7.488114,9.939328,3.5067987,6.6297345,8.468605,3.3379498,4.761438,6.324636,5.3268824,7.5318174,5.6735086,6.4534316,3.8966308,3.7215762,4.259304,4.72928,4.598103,6.890583,4.4841,7.435479,7.713723,3.3025718,4.9849534,5.991014,3.5092034,3.623073,5.9070873,3.8898458,5.175541,4.910025,6.083639,8.617783,7.725839,2.3739252,6.7153025,6.627219,5.611577,8.49475,3.7633867,5.4818788,6.5475507,5.05244,6.0449114,3.5711944,6.531017,5.935031,3.3540292,4.7910137,6.2870965,5.727022,5.0626507,3.7191722,7.0754485,0.5962799,2.6909096
TCGA-69-7763-01,1.6986778,2.235125,9.859188,5.713262,6.802451,2.6017377,1.0159748,4.98677,5.421144,4.063848,5.77503,6.5841045,7.4827137,8.187437,3.4257696,8.514614,4.004057,5.47567,7.1919975,5.6158195,8.561344,7.190452,7.1245174,2.1161892,9.315172,9.17019,-0.43323472,6.8812175,0.24525042,5.487818,5.7758923,8.669022,5.409646,6.480141,5.5962057,5.3712807,8.31514,2.5166066,2.513472,5.4897013,5.8030562,7.188509,6.2449236,4.5452557,6.6471252,4.8439093,4.60652,5.2999263,2.1578104,6.7122364,6.3309436,5.9866195,7.2638736,4.249536,4.44294,-0.59205675,6.243108,8.221086,5.4869037,4.9734383,4.9242625,6.227034,5.2477026,4.852944,3.8302634,6.704904,4.8900514,7.145439,7.662597,6.8575587,4.761388,7.46433,2.263554,7.3847356,10.078938,3.6429443,6.6810102,8.298235,3.4733796,4.4467044,6.1549582,5.249613,7.364812,5.71591,6.294147,3.9123473,3.7218497,4.2891736,4.8299766,4.9523063,6.887731,4.601837,7.5857444,7.7902923,3.203545,4.923089,5.9685473,3.5062823,3.5914805,5.894655,3.8348103,5.2032666,4.7121477,6.2791867,8.212124,7.6790257,2.2919726,6.712661,6.524487,5.5750575,8.690179,3.5896947,5.471953,6.6746945,4.916843,5.9456887,3.5385585,6.490906,5.915914,3.38479,4.629049,6.2077,5.6842422,5.0351706,3.7765403,7.073618,0.53529,2.592719
TCGA-55-A48X-01,1.5556141,2.3640702,9.949528,5.8238053,6.9104533,2.684916,0.9588165,5.0980825,5.5088263,4.0248337,6.121363,6.839238,7.930919,7.8373404,3.623202,8.881475,3.4473019,5.281627,6.9886117,5.6444716,8.7397175,7.1890645,7.232371,2.1054347,9.478507,9.1228285,-0.5057964,7.059136,0.4681521,5.3312635,5.679934,8.624711,5.519464,6.4401636,5.9606466,5.551145,8.071581,2.2270546,2.5404537,5.4841185,5.940769,7.0886197,6.285047,4.8983545,6.9275355,4.8808584,4.754116,5.5715723,2.2769334,6.59806,6.1550837,6.046728,7.4670844,4.2692194,4.595339,-0.2875806,6.0730762,8.392981,5.571912,4.8872843,5.0411406,6.3331184,5.5829535,4.7241263,3.781044,6.6821046,4.8744583,7.296138,7.7930274,6.8100276,5.11462,7.6467013,2.3663566,7.3772316,10.107028,3.6722689,6.5807147,8.524147,3.5678139,4.4678984,6.099415,5.222151,7.277316,5.533005,6.3585896,3.9265084,3.9393322,4.107529,4.7774644,4.908956,7.258236,4.626065,7.560527,7.6517744,3.115291,4.965175,6.095655,3.5198314,3.5617528,5.8775167,3.8019662,5.4406953,4.8140373,6.292423,8.203408,7.649266,2.3541718,6.8602953,6.7087865,5.639979,8.527752,3.7793605,5.4600835,6.4964485,5.1255875,5.7052474,3.503219,6.3274612,5.9059043,3.312207,4.5495324,6.0646167,5.5565877,4.951947,3.7358453,7.021024,0.5856902,2.5489066
TCGA-55-6984-01,1.6766317,2.3805819,9.774195,5.589832,6.895827,2.5196424,0.9934461,4.8857484,5.5821133,4.251999,5.875303,6.805306,7.633896,7.679914,3.4446526,8.497515,3.7894006,5.319263,6.813611,5.4662476,8.888732,7.362478,7.3748717,2.3163333,9.063376,8.932504,-0.39869305,7.106492,0.7989356,5.5850596,5.831434,8.808778,5.3211966,6.290635,5.8535566,5.2731576,8.104402,2.3569448,2.557142,5.5682197,6.018602,7.2034073,6.043249,4.7911816,6.8770123,4.93191,4.504084,5.2524304,2.6681702,6.652186,6.0279145,6.1507893,7.3415337,4.1654773,4.4824777,0.011895306,5.8177133,8.271246,5.439346,5.1031704,4.9362855,6.370178,5.213512,4.643167,3.7726743,6.887605,4.6799026,7.060361,7.590517,6.8216677,4.9881682,7.530869,2.3741658,7.2855263,9.933853,3.8608463,6.8043013,8.319787,3.5677948,4.343073,6.3030624,5.02382,7.41789,5.886751,6.3029184,3.5186348,4.046836,3.986936,4.745105,4.6941595,7.338251,4.535821,7.281036,7.7280726,2.967052,4.7392435,6.20107,3.4985197,3.468741,5.7950172,3.819988,5.474596,4.623336,6.2758164,8.282671,7.5981827,2.1265755,6.664773,6.5313497,5.4995527,8.340487,3.8072658,5.5100965,6.710949,5.0846233,5.9778814,3.7252386,6.289613,6.0976515,3.5454278,4.9198127,6.2803907,5.621775,4.790503,3.7508562,7.1146684,0.50773484,2.782309
TCGA-73-4677-01,1.737817,2.4107428,9.794812,5.6168165,6.779371,2.5496159,1.0606854,4.8589664,5.5365624,4.151062,5.8112097,6.592994,7.3758097,7.8633504,3.3902128,8.319626,4.082432,5.389116,6.961011,5.515073,8.653991,7.274089,7.2767205,2.2701893,9.111305,8.999301,-0.36600617,7.0349445,0.630171,5.582812,5.8212314,8.756868,5.292621,6.3031445,5.6701274,5.296773,8.168206,2.4926658,2.5382438,5.5516305,5.955594,7.2162604,6.063675,4.567309,6.710327,4.9173946,4.4398613,5.1583147,2.5780933,6.6449175,6.174127,5.992917,7.2375717,4.200673,4.40176,-0.2599776,6.0232005,8.106876,5.4108806,5.0985856,4.9604435,6.290979,4.955345,4.7297716,3.7940648,6.8882785,4.757963,6.993619,7.510068,6.8304496,4.765914,7.444829,2.2886267,7.2614703,9.945735,3.834788,6.795199,8.175034,3.5670974,4.308048,6.287138,5.0844603,7.4005723,5.9155765,6.2544074,3.6533291,3.868284,4.169122,4.8001184,4.864859,7.1038303,4.597339,7.3677816,7.778466,3.0686727,4.7690187,5.9793425,3.486425,3.515405,5.8304935,3.838995,5.3007245,4.628443,6.309277,8.212472,7.634252,2.1512206,6.5885863,6.4060545,5.5096254,8.495729,3.626589,5.499817,6.771097,4.9341288,6.025234,3.677413,6.374017,6.029556,3.5548177,4.790001,6.305756,5.695407,4.8741827,3.7976968,7.120947,0.5260765,2.7214386
TCGA-55-8506-01,1.5579299,2.4158576,10.000692,5.934123,6.876058,2.8083937,1.0007621,5.247729,5.4131775,3.873333,6.1657906,6.7274885,7.87323,8.132669,3.676199,8.854542,3.495116,5.2839766,7.291757,5.7507744,8.523781,7.0952034,7.133166,2.0546572,9.666149,9.307751,-0.528513,7.0403714,0.28272304,5.1851954,5.6411767,8.462872,5.5879884,6.492461,5.924932,5.6873465,8.095743,2.2935367,2.5210576,5.437958,5.9134116,7.0003204,6.420886,4.843117,6.8441772,4.8737526,4.8074393,5.654508,1.9514886,6.5697722,6.2815413,5.8891387,7.4523406,4.334621,4.613787,-0.5487663,6.281803,8.403637,5.606019,4.774755,5.0709825,6.2651486,5.6302576,4.7907557,3.8208942,6.6094985,4.953137,7.3633,7.83303,6.7892017,4.9942656,7.671965,2.327628,7.4170704,10.16521,3.5788713,6.493431,8.53935,3.579298,4.503559,5.9588313,5.3541536,7.2066317,5.3544235,6.360654,4.1784782,3.8047738,4.269567,4.83365,5.100995,7.070132,4.730393,7.749611,7.6543603,3.2248344,5.0803385,5.970588,3.5013034,3.614802,5.9225264,3.805188,5.3455844,4.928597,6.3030243,8.0934,7.7045383,2.4749055,6.864961,6.7372313,5.6984763,8.707521,3.6490967,5.4362783,6.4434867,5.060505,5.5728226,3.3650897,6.359496,5.784896,3.2236683,4.298492,5.987536,5.563167,5.0471897,3.7667763,7.0050516,0.66887087,2.354608
TCGA-55-7284-01,1.544625,2.6567957,9.831304,5.858344,6.7697353,2.7976265,0.93049806,5.073614,5.723373,3.7114027,6.0814886,6.8655105,7.8573318,7.4720845,3.6050413,8.637761,3.5276468,4.932126,6.8271103,5.5233226,8.664932,7.191588,7.318271,2.1950066,9.229217,9.067189,-0.3953741,7.2818265,0.891763,5.384867,5.60476,8.557395,5.2758384,6.196295,6.0141573,5.4908614,7.7439766,2.2614574,2.525681,5.614502,6.131547,7.0508165,6.0422277,4.9443603,6.9595027,4.969911,4.6305676,5.420853,2.5955675,6.3930736,6.083468,5.9801493,7.3534284,4.2823987,4.4831142,-0.2840156,5.870988,8.232372,5.485715,5.0196595,5.0832715,6.481641,5.330183,4.5554304,3.7429914,6.921372,4.6816826,7.080383,7.5982857,6.5910416,5.0970454,7.672443,2.5235922,7.173377,10.048799,3.9348626,6.7476597,8.29238,3.744477,4.1097655,6.053387,5.0297084,7.211643,5.684642,6.18731,3.7051284,4.094333,4.0042,4.840016,5.0752945,7.4205675,4.735237,7.472524,7.7019277,2.9046934,4.7909403,6.170657,3.49707,3.4692488,5.8091817,3.763017,5.566993,4.5601773,6.4514513,7.908371,7.579919,2.184184,6.7300606,6.5501027,5.5268726,8.497707,3.6884239,5.478331,6.685189,5.052965,5.7035174,3.5968568,6.1903934,6.020414,3.5008097,4.590903,6.077507,5.5210238,4.7700415,3.804842,7.059395,0.56792444,2.5543592
TCGA-55-6979-01,1.6390322,2.2066176,9.890375,5.6457367,6.9354095,2.5004878,1.0359329,4.943836,5.4499583,4.345295,5.9019237,6.729787,7.602887,7.983234,3.4837644,8.790243,3.7278864,5.5537868,6.900989,5.613348,8.838362,7.282133,7.22521,2.2288961,9.307483,9.02343,-0.47423038,6.9413443,0.377562,5.507666,5.8211102,8.779897,5.4810076,6.4761004,5.838681,5.382943,8.354192,2.3432639,2.581842,5.5079846,5.8383775,7.1882906,6.2255116,4.7046432,6.761096,4.8631363,4.618979,5.3730373,2.3650277,6.7575994,6.1786594,6.1293173,7.3865914,4.211435,4.516199,0.055349067,6.0821853,8.310334,5.502456,4.9718137,4.915675,6.2251434,5.3412347,4.801297,3.821463,6.6769342,4.8749986,7.215412,7.6997714,6.931223,4.951242,7.491723,2.2720234,7.3959274,9.997596,3.6634724,6.661798,8.44002,3.4493482,4.5778685,6.272779,5.1814637,7.415046,5.691938,6.4033737,3.7705262,3.8335843,4.147723,4.74855,4.6732917,7.1152344,4.5535097,7.443874,7.731117,3.1657271,4.9305434,5.886431,3.490627,3.577562,5.8608212,3.8424025,5.3292527,4.801559,6.1929746,8.415164,7.6763096,2.2763865,6.743735,6.618638,5.5937967,8.447928,3.7590873,5.4853377,6.597769,5.070764,5.91756,3.5838146,6.405316,5.9556217,3.3815246,4.799317,6.220403,5.655516,4.9390516,3.7330203,7.065101,0.57529294,2.7396448
TCGA-44-6148-01,1.5853912,2.7407727,9.767502,5.8656993,6.769587,2.830217,0.932805,5.0759807,5.7046533,3.7509673,6.0494237,6.859078,7.8465633,7.6083465,3.6042938,8.6259985,3.611307,4.9181337,6.9274497,5.5073576,8.605429,7.223907,7.312618,2.2169864,9.16079,9.099931,-0.37388602,7.286131,0.9270642,5.345756,5.6195273,8.493477,5.2367644,6.1804914,6.008001,5.4836307,7.72163,2.3276448,2.5042646,5.6381097,6.1831346,7.02332,6.0458117,4.9477134,6.932148,4.982664,4.584032,5.3975906,2.4825554,6.3782144,6.069893,5.9519587,7.3181605,4.267798,4.511651,-0.29299292,5.8506784,8.237908,5.48003,5.009276,5.061974,6.4789987,5.3410454,4.5423436,3.7651343,6.954691,4.616759,7.064636,7.580498,6.567632,5.0507097,7.690153,2.5354526,7.206595,10.022521,3.9516745,6.775257,8.288149,3.7610834,4.0666614,5.9942718,5.0478644,7.214606,5.678677,6.1793103,3.697172,4.092716,4.035771,4.8530436,5.130446,7.400192,4.738903,7.4865017,7.70797,2.8904324,4.777524,6.294247,3.4817235,3.4401503,5.802688,3.7602365,5.5578165,4.58088,6.436855,7.8359013,7.57624,2.1734524,6.688775,6.5656257,5.5185313,8.499392,3.6791234,5.484651,6.6975126,5.036144,5.7004056,3.5912337,6.1650076,6.0122437,3.5047936,4.5849433,6.081907,5.5175643,4.750449,3.8071914,7.096158,0.5719362,2.5170138
TCGA-55-6985-01,1.6657684,2.1633828,9.8414,5.5991397,6.9096007,2.4900563,0.92739946,4.9193344,5.4788566,4.222277,5.896695,6.784012,7.6864004,7.847362,3.4195452,8.54138,3.7510738,5.4558997,6.952182,5.5093174,8.88379,7.294324,7.2967525,2.1519294,9.215619,9.019187,-0.44622678,6.9372096,0.45698062,5.5873756,5.7998533,8.8374195,5.4222198,6.466636,5.7061048,5.273901,8.253643,2.3255272,2.512055,5.470013,5.8549476,7.268491,6.1828184,4.7187953,6.850262,4.8696256,4.6291404,5.3426476,2.4034517,6.7335234,6.162563,6.1784515,7.360088,4.198354,4.4785743,-0.38404393,6.0219564,8.361744,5.496654,5.019776,4.9228926,6.3283205,5.3933043,4.7541785,3.7597532,6.743082,4.810755,7.1605425,7.716719,6.9086504,5.003691,7.497666,2.3139148,7.381738,10.063527,3.7075007,6.7156963,8.392812,3.4708295,4.4954658,6.2934637,5.0945272,7.3988676,5.8071995,6.3446436,3.6948264,3.9430006,4.0410686,4.731046,4.7011514,7.177658,4.464048,7.3992,7.737368,3.0722277,4.8199396,6.257016,3.5313253,3.5409925,5.843864,3.8233004,5.394531,4.657701,6.269861,8.374829,7.616616,2.2138424,6.795873,6.5768695,5.5533643,8.502448,3.8140502,5.494494,6.6609144,5.0547156,6.0010276,3.6601439,6.423075,6.0373526,3.426272,4.8299346,6.2579556,5.6365247,4.9457035,3.7231765,7.0767646,0.48210979,2.7304795
TCGA-50-5049-01,1.6509373,2.1398873,9.8944645,5.62798,6.936809,2.470543,1.051803,4.9314523,5.412869,4.3942304,5.8418775,6.694144,7.5407557,8.071527,3.4594853,8.780755,3.7771316,5.6248364,6.931648,5.6290507,8.832517,7.2797203,7.192436,2.2275534,9.3200245,9.031821,-0.4811183,6.8856153,0.28806278,5.5343404,5.8393865,8.799435,5.497334,6.515018,5.789162,5.3641114,8.4404335,2.376961,2.5927186,5.4940143,5.786067,7.2083488,6.243381,4.646762,6.705843,4.8432107,4.617637,5.3480844,2.315685,6.802529,6.2169614,6.1373777,7.3707943,4.2114434,4.4994392,0.058392532,6.1295094,8.304291,5.4945416,4.970253,4.8848987,6.1831937,5.321562,4.8454194,3.8377817,6.641232,4.9090357,7.2197504,7.703842,6.962072,4.9083185,7.45667,2.238644,7.412335,9.992447,3.6267066,6.657206,8.43228,3.4086664,4.625933,6.2921786,5.2023973,7.439203,5.6910253,6.416638,3.7914488,3.7769833,4.185287,4.7488356,4.643114,7.037043,4.5435915,7.454304,7.7488794,3.208689,4.9534993,5.822086,3.4878495,3.6002755,5.8710933,3.853698,5.2792635,4.812625,6.1674223,8.465455,7.692967,2.2888606,6.7353935,6.6078,5.595925,8.46851,3.738245,5.484647,6.6034975,5.049211,5.9547763,3.5755832,6.448769,5.9451675,3.3709977,4.816738,6.239268,5.681191,4.969596,3.733019,7.06283,0.5782804,2.7559695
TCGA-44-7662-01,1.6253431,2.191052,9.968584,5.8640203,6.948079,2.7105405,0.99640554,5.2442064,5.250281,4.0621195,5.9184284,6.7448616,7.8147492,8.30555,3.60137,8.752942,3.5820038,5.440577,7.4656973,5.746081,8.580852,7.146278,7.103066,2.0360372,9.679156,9.30963,-0.58644897,6.876674,0.14888544,5.306676,5.6527166,8.569379,5.6929426,6.611275,5.78695,5.605896,8.294314,2.3884058,2.569673,5.3347316,5.824328,7.0955005,6.4781766,4.751165,6.734233,4.80038,4.827374,5.562896,1.8852522,6.729174,6.311666,5.982391,7.457015,4.309758,4.595562,-0.5223347,6.2575865,8.483636,5.5579424,4.8088303,4.9511027,6.199649,5.6708226,4.8822637,3.8695385,6.5072803,5.0171704,7.3888736,7.9091234,6.8714676,4.9764733,7.6473584,2.2464244,7.4442234,10.113096,3.466499,6.4988546,8.562004,3.459957,4.6717157,6.04341,5.3956637,7.3358197,5.3843575,6.397933,4.188833,3.753279,4.291727,4.800969,4.961455,6.951119,4.634019,7.690901,7.655479,3.2990468,5.0972567,6.0825605,3.5128307,3.6554759,5.9431973,3.8393812,5.2699904,4.9327297,6.220802,8.308543,7.7375836,2.5384443,6.848799,6.731367,5.6771955,8.696907,3.692098,5.44642,6.4442987,5.0648646,5.7339706,3.3860931,6.4691796,5.8182244,3.2255182,4.3867145,6.058733,5.6151485,5.0852823,3.7599783,7.007752,0.63624716,2.39265
TCGA-49-6744-01,1.6255513,2.5525138,9.794201,5.806254,6.748704,2.7377124,1.0191997,5.0058384,5.6126785,3.9052293,5.9333425,6.6941113,7.6146092,7.8631086,3.5329337,8.570465,3.8519504,5.1531515,6.9853363,5.572427,8.574428,7.194951,7.207365,2.2067964,9.201947,9.119659,-0.40499535,7.1114693,0.6253915,5.420319,5.6790786,8.552401,5.2770534,6.282724,5.846161,5.445927,7.9767222,2.4408991,2.529706,5.6242347,6.016098,7.08764,6.093615,4.7334075,6.7597685,4.9200473,4.546161,5.3152475,2.350843,6.4987235,6.20277,5.9359417,7.274715,4.2773333,4.448613,-0.344157,6.0418167,8.186607,5.4546742,5.002029,5.010696,6.332664,5.207887,4.6885433,3.8135679,6.876066,4.731926,7.0629663,7.560986,6.6912036,4.89482,7.564519,2.3993258,7.240741,10.011615,3.8439305,6.756191,8.24411,3.650394,4.204181,6.063939,5.1072173,7.2791905,5.697986,6.2203875,3.7711587,3.8971248,4.1908827,4.847887,5.0626774,7.1560345,4.7126727,7.5301404,7.7657385,3.0463328,4.856962,6.065666,3.4628685,3.512294,5.837242,3.8075233,5.364712,4.633004,6.3580723,7.980349,7.6371183,2.2015731,6.6525197,6.5070333,5.5389476,8.5686035,3.587857,5.4854007,6.705868,4.9513288,5.8146234,3.5658445,6.3076253,5.963038,3.472311,4.610659,6.156055,5.619507,4.8655806,3.8116403,7.0910883,0.559212,2.5739665
TCGA-78-8662-01,1.6710914,1.91357,9.863849,5.652433,6.967748,2.4613488,1.0400938,5.0110407,5.297094,4.418813,5.5557394,6.6579814,7.4593673,8.412939,3.4044368,8.874562,3.9117813,5.7308216,7.14451,5.6879473,8.781955,7.2806063,7.035628,2.1685643,9.36822,9.174821,-0.53261757,6.6808157,-0.027210338,5.5706105,5.8195877,8.755985,5.534985,6.64973,5.6644363,5.32296,8.672123,2.536602,2.6102197,5.5061736,5.62552,7.212193,6.3186264,4.5396185,6.512573,4.7654743,4.676643,5.301183,1.9773399,6.935461,6.3914027,6.1935735,7.337427,4.2412724,4.4547825,-0.06629427,6.2645283,8.37129,5.478501,4.9472632,4.73746,6.0918765,5.4834123,4.97361,3.92947,6.5229845,4.9634132,7.270478,7.759171,6.979671,4.8334646,7.4311175,2.2176085,7.4807343,10.022382,3.4855752,6.668069,8.450602,3.273259,4.721277,6.1911755,5.3233213,7.5002384,5.619747,6.4296865,3.880529,3.6028683,4.3301563,4.7891827,4.6311517,6.7571588,4.555116,7.6207705,7.8497047,3.3170397,5.0584555,5.8021812,3.4559953,3.6560996,5.9038324,3.8665373,5.123977,4.7983904,6.0983605,8.481636,7.7643933,2.3471475,6.726479,6.6597195,5.5802135,8.62488,3.6404166,5.489446,6.628787,4.979771,6.007719,3.4930327,6.580428,5.898172,3.2880135,4.8381543,6.236984,5.721921,5.055381,3.73943,7.0682416,0.5369564,2.713559
TCGA-69-7979-01,1.6469228,2.127051,9.964039,5.7856984,6.899815,2.6017253,1.1122078,5.0939207,5.2712555,4.270646,5.835302,6.6075473,7.584438,8.392117,3.543881,8.671926,3.801669,5.5842104,7.32952,5.7631874,8.612442,7.1560125,7.062147,2.1276534,9.603328,9.213683,-0.5700591,6.8072925,0.07089789,5.408512,5.756972,8.647642,5.6410728,6.5981245,5.721507,5.545071,8.441391,2.4734993,2.6284602,5.388144,5.746882,7.13936,6.4014244,4.5945063,6.6243854,4.781786,4.708202,5.4405403,1.9568808,6.7842374,6.3366127,5.979138,7.39596,4.2863307,4.533232,-0.3467151,6.311158,8.364371,5.4983344,4.8693767,4.922437,6.084687,5.4321513,4.9467516,3.8996553,6.5253634,5.0522156,7.308984,7.800712,6.9496393,4.851668,7.5104856,2.1489394,7.422247,10.024432,3.4803784,6.5432787,8.467828,3.412423,4.6976786,6.1525016,5.3732224,7.405448,5.4652367,6.4133673,4.1106105,3.6453454,4.374105,4.789104,4.8468966,6.8454437,4.6303253,7.6224904,7.7039433,3.3717084,5.1123147,5.835836,3.4868019,3.6773193,5.94206,3.8824685,5.1437254,4.9394073,6.149776,8.42137,7.763232,2.4716353,6.7564135,6.6348057,5.665412,8.628518,3.6301486,5.455965,6.4831796,5.0081916,5.8581734,3.4314117,6.528188,5.8248734,3.2755523,4.5261817,6.153881,5.7056656,5.1111627,3.7643435,7.0161796,0.6410071,2.539441
TCGA-NJ-A55O-01,1.58682,2.135153,9.937231,5.885695,6.847014,2.6830592,0.9766808,5.1386275,5.376576,3.971777,5.738065,6.764332,7.816708,8.138023,3.5649512,8.676961,3.5570247,5.300049,7.286989,5.6887407,8.589547,7.131367,7.065016,2.0243752,9.583154,9.215653,-0.54855716,6.8641853,0.2107124,5.4383225,5.6444283,8.626779,5.570428,6.5427003,5.716684,5.513503,8.231998,2.4193184,2.621635,5.3845677,5.799401,7.1388,6.315347,4.7277317,6.719006,4.774689,4.801896,5.454042,2.045753,6.6873264,6.302999,6.0365424,7.384887,4.2956047,4.5150924,-0.5970721,6.162857,8.383705,5.489922,4.9272184,4.9198837,6.226435,5.5885267,4.863865,3.8562586,6.5565534,5.0031176,7.275681,7.842426,6.7813306,5.0015926,7.5894923,2.2934146,7.343108,10.071807,3.5498297,6.5906754,8.433739,3.475145,4.513856,6.062465,5.3245153,7.3575034,5.4735575,6.3032103,4.05899,3.7766502,4.245638,4.8253975,4.967479,6.9588013,4.6446443,7.6193905,7.6949816,3.2432332,5.043925,6.05914,3.5383575,3.6406493,5.9318066,3.8348527,5.265397,4.7397337,6.257726,8.264269,7.695453,2.4360814,6.8226256,6.63802,5.6074142,8.663765,3.661833,5.446104,6.525372,5.02996,5.8421226,3.4638596,6.499945,5.899458,3.3113792,4.525855,6.075849,5.626213,5.06667,3.766935,6.9838786,0.5838384,2.504802
TCGA-75-6203-01,1.6935257,2.4196596,9.765087,5.689274,6.8377323,2.6203814,0.90733,4.99943,5.5308385,4.0086436,5.7152863,6.828381,7.6588006,7.765188,3.434076,8.361964,3.7232342,5.1851697,7.096547,5.442622,8.696844,7.304384,7.330283,2.227586,9.117248,9.018241,-0.35025033,7.118702,0.7984428,5.552318,5.768797,8.728347,5.3219137,6.307331,5.7473435,5.2867613,8.03454,2.416212,2.542394,5.460876,6.042045,7.1756873,6.0774646,4.7767625,6.855816,4.930836,4.5863495,5.261361,2.5462375,6.6164665,6.0723886,6.0877748,7.264728,4.1726103,4.4792624,-0.34592307,5.827298,8.247545,5.439076,5.1130614,4.9060597,6.4283323,5.3005486,4.6352673,3.764337,6.833543,4.702904,7.0509415,7.637539,6.690612,4.9378276,7.575688,2.4330728,7.287485,9.98474,3.8411682,6.793324,8.274116,3.5928164,4.267104,6.199919,5.091424,7.3882213,5.814199,6.212277,3.6365535,4.04295,3.9940052,4.818131,4.8813224,7.2289615,4.5812564,7.3411975,7.7163234,2.9403074,4.719101,6.2776256,3.5566216,3.4735126,5.825321,3.7854042,5.4851003,4.54492,6.3661604,8.169097,7.567949,2.1895213,6.6823816,6.511702,5.4742103,8.475596,3.7661676,5.483655,6.743804,5.0407925,5.965306,3.688718,6.310674,6.0956054,3.552877,4.8037453,6.199652,5.574861,4.815277,3.7734919,7.0922284,0.5607394,2.6467905
TCGA-50-5931-01,1.634486,2.2857547,9.740993,5.746438,6.9086785,2.641704,0.9697971,5.0643272,5.490083,4.1190877,5.68561,6.835554,7.6833706,7.9600463,3.4944162,8.740516,3.756993,5.2545943,7.055384,5.5704403,8.777195,7.309701,7.187497,2.2409432,9.1940975,9.149938,-0.48907313,6.9740343,0.53460526,5.528149,5.670743,8.641345,5.374987,6.406967,5.8577857,5.35133,8.176699,2.4702053,2.5900807,5.6027946,5.928823,7.1365843,6.13598,4.7806067,6.686256,4.8582377,4.6180196,5.277322,2.249118,6.676487,6.2121673,6.1549325,7.3383055,4.262234,4.4547973,-0.039992627,5.931961,8.38193,5.4257126,5.011673,4.8283725,6.2924337,5.45231,4.7430606,3.8834324,6.765708,4.729615,7.144408,7.6729302,6.744621,4.9981666,7.595903,2.4081242,7.298664,9.962651,3.7422836,6.786227,8.358294,3.5056186,4.381798,6.08095,5.1287985,7.40296,5.6734715,6.2968225,3.6936524,3.8957365,4.1479335,4.8082747,4.8102593,7.1135116,4.6346655,7.5157275,7.8008175,3.068622,4.8994217,6.1995053,3.4347827,3.535642,5.828239,3.8215082,5.3709383,4.625562,6.240753,8.167438,7.6824427,2.2394395,6.6662836,6.6147985,5.504033,8.518363,3.673785,5.5086827,6.7027836,5.0191426,5.9039516,3.566734,6.362109,6.009812,3.4339752,4.7986526,6.1940737,5.6263013,4.8386908,3.787634,7.1034474,0.5100013,2.6320739
TCGA-17-Z059-01,1.8252258,1.9086589,9.88579,5.3549,7.386939,2.2178519,0.6678466,4.912231,5.112478,4.791294,6.207489,7.1550536,8.13269,7.964573,3.3497205,8.922566,3.596598,5.9577584,7.2410364,5.393831,9.233108,7.5564938,7.571641,1.8988082,9.266188,8.903579,-0.5719476,6.726058,0.3718375,5.578291,5.863346,9.066388,5.803586,6.854733,5.755287,5.1817794,8.483536,2.0877955,2.3620517,5.2072678,5.861712,7.468909,6.5303817,4.8853292,7.2170153,4.8621855,4.792758,5.573768,2.3936434,7.1085534,5.946275,6.5122504,7.636058,4.0411296,4.776404,-0.5126929,5.903518,8.70587,5.678082,4.8994217,4.8409686,6.443403,6.0057383,4.749863,3.6804535,6.541501,4.800209,7.4849453,8.08842,7.284067,5.3197923,7.6716647,2.226985,7.8170614,10.191703,3.457601,6.554143,8.910442,3.233715,5.0719438,6.4989343,5.1791544,7.569983,5.8513875,6.6429825,3.7381194,4.178353,3.7866461,4.503325,4.2979407,7.451099,3.9739003,7.234597,7.547789,3.0446424,4.740597,7.205043,3.6218114,3.4980085,5.8525534,3.8089595,5.575262,4.9589376,6.123372,8.841594,7.579074,2.3842423,7.072758,6.927273,5.655806,8.314489,4.364433,5.529225,6.4462395,5.3543468,6.109865,3.7248328,6.4246736,6.0637083,3.2429323,4.9039793,6.326274,5.5457993,4.953404,3.5522094,7.1511593,0.34860894,2.7719672
TCGA-49-4501-01,1.6712575,2.082237,9.766861,5.618918,6.9499216,2.500148,1.1032798,4.970014,5.397327,4.4341097,5.652996,6.6506996,7.4988375,8.3425455,3.4297662,8.763979,4.0151215,5.588315,7.0604215,5.6530285,8.836495,7.3238306,7.1083183,2.3141136,9.195847,9.156902,-0.52774954,6.819189,0.2131979,5.5584598,5.845771,8.7153015,5.430492,6.5195303,5.7466803,5.2967753,8.505161,2.5815978,2.593983,5.622354,5.744619,7.1795206,6.221987,4.5899925,6.5666804,4.80423,4.5647697,5.2461567,2.0554624,6.8524356,6.2941628,6.1702957,7.3294115,4.23086,4.453767,0.0072336933,6.1303988,8.376422,5.45125,4.9761295,4.7786927,6.1182957,5.3461204,4.898717,3.9348788,6.688662,4.8225474,7.1923676,7.659414,6.9496503,4.8078694,7.452345,2.2452471,7.436032,9.9772415,3.6025069,6.737936,8.403647,3.3604732,4.5910354,6.178667,5.229872,7.481789,5.69227,6.405363,3.7464473,3.7042491,4.2947946,4.7767572,4.6459875,6.892055,4.5619574,7.5546136,7.847381,3.2476645,4.9953456,5.9409814,3.4197164,3.5924754,5.8573174,3.8787649,5.190889,4.775882,6.0929756,8.372928,7.7477684,2.2584252,6.6497188,6.6214786,5.5533457,8.529513,3.6399682,5.5070553,6.648015,4.989818,5.991996,3.5516658,6.492668,5.9431357,3.3665729,4.878268,6.287524,5.72933,4.977663,3.7567098,7.1052346,0.48775828,2.7298977
TCGA-MP-A4SW-01,1.6826074,2.2125602,9.82025,5.5914984,6.967355,2.4620166,1.0669945,4.9105406,5.4483953,4.476776,5.7769356,6.746564,7.563632,8.0236845,3.454613,8.68938,3.8320193,5.547045,6.9238176,5.5741315,8.88443,7.3647547,7.259987,2.3247094,9.194173,8.984093,-0.4653166,6.9543786,0.5058799,5.557773,5.8887353,8.80667,5.4441385,6.426989,5.840893,5.3188457,8.368402,2.424916,2.6128848,5.544339,5.8853965,7.1878433,6.165441,4.7129436,6.750207,4.869742,4.5437655,5.2871737,2.4243672,6.7929564,6.109708,6.1737914,7.3719616,4.16594,4.525912,0.19012718,5.950091,8.323839,5.4562325,5.0379853,4.8579082,6.2207003,5.3004484,4.774585,3.8505318,6.733551,4.798461,7.1681795,7.65973,6.9277186,4.924332,7.4925413,2.2749453,7.3914003,9.9134245,3.7000473,6.7307553,8.422622,3.4422586,4.552055,6.2966228,5.170451,7.486206,5.76339,6.398996,3.6468306,3.87714,4.127721,4.7399197,4.5921125,7.1434445,4.5332985,7.365504,7.740074,3.1301138,4.886133,5.9817023,3.478238,3.5367672,5.8382673,3.8545384,5.3338504,4.7812624,6.14422,8.441389,7.674102,2.2278445,6.670326,6.614374,5.550927,8.356344,3.786836,5.501745,6.622486,5.0933704,5.981877,3.6410596,6.3811784,6.009262,3.4407985,4.92519,6.2732887,5.668401,4.885363,3.730425,7.099522,0.5488065,2.7915177
TCGA-44-7660-01,1.6116116,2.127592,9.922158,5.885396,6.988222,2.7386568,0.92824346,5.3281646,5.2528086,3.9687264,5.7488127,6.825367,7.900159,8.324364,3.5894043,8.854796,3.4705205,5.3566613,7.5199413,5.726539,8.585982,7.1843605,7.0745125,2.0280437,9.654528,9.382871,-0.5860439,6.87667,0.15059455,5.307206,5.6337266,8.542061,5.6751657,6.621393,5.785332,5.5513167,8.299588,2.4167285,2.5577776,5.34931,5.8094606,7.0700254,6.480776,4.8201804,6.7235374,4.785547,4.8922896,5.5580344,1.820677,6.7623124,6.3222246,6.0629053,7.4553647,4.301821,4.6005282,-0.53530425,6.1954746,8.548469,5.572769,4.8206043,4.865985,6.2502494,5.8203964,4.8701453,3.8883274,6.4860177,4.972273,7.4169793,7.9570575,6.8004174,4.9929943,7.694719,2.3372545,7.4697323,10.14683,3.4465249,6.526768,8.597231,3.4278607,4.6338797,5.961197,5.4330487,7.3441215,5.376144,6.3751197,4.16256,3.7768836,4.2477703,4.833332,4.9638157,6.9320297,4.640364,7.7458353,7.690089,3.2524407,5.0888524,6.1349125,3.5236406,3.6387827,5.9360714,3.8123872,5.320631,4.860866,6.224529,8.234869,7.731105,2.5384274,6.871114,6.798502,5.6372995,8.742013,3.6973014,5.443933,6.4704704,5.0879,5.710756,3.3764734,6.469412,5.844398,3.2082415,4.4340754,6.0205975,5.5715523,5.0612555,3.7542248,7.0075154,0.5976699,2.3627288
TCGA-62-A46O-01,1.7225925,1.9143157,9.836546,5.549742,6.9331503,2.3522525,1.009986,4.8453326,5.356735,4.491303,5.5175233,6.6957636,7.4036727,8.152652,3.3252735,8.589781,3.9671004,5.7244062,6.997938,5.5589466,8.863713,7.337585,7.1587477,2.1768894,9.229874,8.97861,-0.46627283,6.7043004,0.19070587,5.723275,5.8840537,8.92293,5.463047,6.5713954,5.581253,5.2062063,8.611833,2.5008273,2.6244116,5.468308,5.688807,7.316895,6.181607,4.5211473,6.5985165,4.794492,4.5813155,5.1892495,2.3262503,6.923321,6.270425,6.245842,7.299972,4.170682,4.4230933,-0.056922548,6.0897126,8.291232,5.416413,5.0854664,4.7540016,6.162557,5.3222985,4.89783,3.8607204,6.618031,4.913188,7.1460743,7.6934314,6.989672,4.8849554,7.378969,2.2094188,7.4041486,9.944735,3.5987031,6.753581,8.352175,3.3068833,4.650638,6.3607225,5.1979475,7.5612707,5.817784,6.3827634,3.6819768,3.733483,4.1954193,4.7449446,4.53698,6.9022455,4.4627414,7.398744,7.8204455,3.2099655,4.9046702,5.9496126,3.5018072,3.6030445,5.8747964,3.8670034,5.1781816,4.6758566,6.1389656,8.585615,7.6910853,2.2343643,6.695997,6.55051,5.5241194,8.490388,3.740495,5.505323,6.7018743,4.995151,6.1759357,3.6476192,6.5604763,6.021766,3.4207032,5.000939,6.3281536,5.7316885,4.99419,3.7243404,7.0865846,0.49884444,2.8574188
TCGA-05-4397-01,1.6410828,2.357347,9.76148,5.6666546,6.807785,2.5375276,1.0221757,4.8577065,5.5854445,4.1930127,5.7057137,6.7757497,7.4846463,7.644681,3.4388304,8.5416975,3.780677,5.2741575,6.7561526,5.5023623,8.828956,7.3199263,7.264272,2.328847,9.074649,8.940138,-0.4045455,7.0277505,0.7375095,5.694054,5.683372,8.788143,5.268596,6.297009,5.828103,5.2821207,8.1314125,2.4023864,2.658983,5.6024194,5.9757595,7.225802,5.9440446,4.6881647,6.6632895,4.9051323,4.4709587,5.1200805,2.6887822,6.612277,6.144248,6.1448126,7.2607584,4.2490187,4.342277,0.27342162,5.851266,8.177088,5.321322,5.1220546,4.8642645,6.2766285,5.10489,4.692655,3.829165,6.86201,4.7217255,6.9699097,7.517288,6.7427077,4.973368,7.467218,2.3690505,7.1466074,9.81202,3.9137204,6.873868,8.158291,3.5661569,4.28866,6.2907486,4.943351,7.421314,5.8499146,6.25824,3.514561,3.9281707,4.0701127,4.779073,4.717826,7.211509,4.645796,7.2864895,7.8073864,3.0099308,4.7933326,5.9869385,3.4165757,3.534196,5.788061,3.8376083,5.394289,4.5222945,6.2821875,8.271664,7.6472564,2.105594,6.5566955,6.411563,5.459784,8.369268,3.650371,5.523391,6.8313475,4.9622736,6.04794,3.6858406,6.3212576,6.097999,3.5970826,4.9340825,6.3021507,5.685647,4.7410483,3.8183072,7.112698,0.5740557,2.8115273
TCGA-17-Z019-01,1.885217,1.9712386,9.905331,5.3660545,7.396589,2.2207901,0.61015135,4.9153013,5.037566,4.868714,6.235376,7.1772294,8.250659,7.8871636,3.3482702,8.897561,3.575454,5.961082,7.3059235,5.3731713,9.295101,7.550393,7.615429,1.9372944,9.227425,8.865756,-0.5558277,6.713064,0.46746615,5.547655,5.7626953,9.065649,5.864449,6.8620353,5.7191205,5.2294426,8.426989,2.0666177,2.3253007,5.0961037,5.908486,7.503296,6.590801,4.9375634,7.253817,4.874186,4.817072,5.6260557,2.3805542,7.085144,5.931144,6.469317,7.668618,4.041596,4.818946,-0.47787207,5.8627777,8.792198,5.691682,4.8675914,4.9237194,6.4671364,6.0850596,4.73428,3.6504438,6.524388,4.801505,7.514196,8.142513,7.3114157,5.394443,7.7126327,2.2046125,7.8485255,10.204896,3.4462662,6.5220456,8.935411,3.263875,5.096085,6.509811,5.187629,7.558979,5.87711,6.662485,3.7171469,4.1988964,3.7792466,4.4762645,4.291429,7.5064187,3.948842,7.213357,7.4960866,3.037924,4.71719,7.535527,3.62923,3.4947836,5.8616967,3.8004353,5.585489,5.0109444,6.1450205,8.895236,7.568717,2.4265833,7.105569,6.940277,5.6844873,8.321407,4.403278,5.533803,6.4244404,5.3599067,6.115314,3.714377,6.409921,6.047394,3.2194583,4.9379115,6.3236094,5.5316024,4.957639,3.543129,7.1735845,0.35263538,2.710745
TCGA-49-4506-01,1.689527,2.1481714,9.755226,5.602071,6.915877,2.469423,1.1000468,4.9015613,5.439167,4.428531,5.616588,6.6751957,7.4189124,8.134798,3.4031184,8.655164,4.0120983,5.540182,6.9517274,5.5951877,8.847749,7.35068,7.1694565,2.3411481,9.135685,9.050312,-0.4856446,6.860452,0.38690472,5.6415133,5.828226,8.779154,5.380649,6.4446745,5.7528324,5.2693863,8.437109,2.5514975,2.6335204,5.61578,5.8139963,7.2127156,6.1159496,4.586559,6.5664663,4.8367367,4.4959445,5.158245,2.308796,6.8099294,6.2374215,6.1745653,7.3011866,4.2192593,4.407548,0.19410239,6.0200243,8.288338,5.386281,5.0545273,4.784789,6.1511936,5.2090607,4.8391566,3.9108508,6.750883,4.7892156,7.1001396,7.590993,6.911032,4.842992,7.43454,2.2590768,7.3359084,9.884039,3.7041845,6.802071,8.307782,3.4067426,4.518721,6.257442,5.139213,7.504901,5.7806363,6.3671412,3.6310017,3.7652702,4.2310085,4.768171,4.6204734,6.9838524,4.5759196,7.4305143,7.843459,3.1768644,4.917752,5.9114075,3.4116156,3.5713806,5.831684,3.8757353,5.2291794,4.6978984,6.1321383,8.393378,7.7240257,2.1961837,6.5851274,6.535573,5.511482,8.445262,3.6472921,5.5208716,6.724513,4.977841,6.060735,3.6172137,6.4458117,6.0075483,3.4634664,4.946303,6.327591,5.735807,4.888878,3.7766538,7.1216593,0.5129283,2.7968726
TCGA-86-8054-01,1.5457275,2.2199202,10.021844,5.9570107,6.7998896,2.748422,1.0677388,5.1563277,5.3814044,3.9503345,5.9752545,6.6581745,7.819387,8.207519,3.649679,8.746424,3.588909,5.3218384,7.2863035,5.7941628,8.513799,7.0292573,7.015327,2.0001478,9.726831,9.258507,-0.5934699,6.8739147,0.09380113,5.321882,5.618224,8.533647,5.6215353,6.5522413,5.7800703,5.6673346,8.197545,2.394704,2.6220877,5.4004617,5.7846904,7.0837626,6.383916,4.694456,6.71959,4.7705307,4.80679,5.555126,1.9310814,6.6222715,6.3594832,5.8995886,7.421984,4.352949,4.535624,-0.6685893,6.3370647,8.35472,5.5228148,4.8343697,5.0368967,6.151608,5.5411754,4.9087605,3.8664489,6.538993,5.084881,7.321882,7.832181,6.826732,4.9803777,7.5859294,2.2168925,7.3434553,10.108013,3.5118322,6.5001483,8.455691,3.5154972,4.5484605,6.019902,5.370076,7.286598,5.352506,6.3346133,4.2220125,3.6909387,4.369707,4.826553,5.0722094,6.9230623,4.7112427,7.7151794,7.6656694,3.348867,5.1501575,5.9142737,3.5123694,3.6837916,5.9613914,3.8586125,5.187536,4.873939,6.250298,8.226758,7.737575,2.5015419,6.8394227,6.636675,5.6883464,8.709301,3.5891106,5.432287,6.4317265,5.005542,5.730605,3.3781772,6.5064416,5.793171,3.2445104,4.3444476,6.0345507,5.653435,5.1442866,3.7804685,6.9564176,0.630002,2.4350865
TCGA-MP-A4TF-01,1.7003794,2.0156083,9.921678,5.6907253,6.9648647,2.5101612,1.081844,5.0554576,5.2243986,4.414541,5.7125006,6.6359134,7.5549965,8.458377,3.4729733,8.622061,3.863092,5.682349,7.3624277,5.7115827,8.697757,7.2421494,7.0963626,2.1521869,9.521691,9.184731,-0.5571786,6.7500086,0.06776902,5.481357,5.8333006,8.736108,5.642326,6.631254,5.6520367,5.4367075,8.551882,2.5058022,2.6191883,5.3706408,5.7193027,7.1904273,6.3988967,4.581062,6.621736,4.7754035,4.6868496,5.3869977,1.964207,6.8828554,6.3064833,6.077542,7.3906565,4.232449,4.543695,-0.3248297,6.247457,8.412186,5.4914794,4.911147,4.8433065,6.090765,5.475024,4.95252,3.9012928,6.518952,5.0163445,7.306919,7.820413,7.000984,4.8365426,7.4873395,2.1418798,7.481779,10.005468,3.4588866,6.5819674,8.494758,3.3456206,4.753582,6.2121444,5.377719,7.478626,5.55293,6.439737,4.0195823,3.666743,4.327653,4.763738,4.716726,6.83278,4.545779,7.565543,7.721808,3.3494656,5.065541,5.948025,3.4996085,3.656354,5.9307,3.884034,5.147531,4.9215426,6.104821,8.52128,7.753076,2.4393008,6.7529707,6.6599207,5.6367536,8.591461,3.698348,5.468845,6.5098457,5.0329576,5.9538107,3.4863036,6.552443,5.8735366,3.2894,4.664934,6.211887,5.7126713,5.103102,3.7363224,7.0444255,0.5975287,2.6033182
TCGA-17-Z050-01,1.8936564,1.9451005,9.9254,5.3198166,7.4239016,2.1766784,0.6684709,4.865844,5.0562215,4.8498507,6.302211,7.1343746,8.185535,7.9508567,3.3273458,8.999251,3.6001875,6.0734572,7.268522,5.3939967,9.231607,7.5686984,7.606001,1.8679243,9.265799,8.873034,-0.5492493,6.718958,0.37553114,5.5375113,5.775336,9.100927,5.8518915,6.873483,5.763379,5.2173123,8.518445,2.0422225,2.3157449,5.156267,5.881868,7.494722,6.5883393,4.8866644,7.2867746,4.8880067,4.77472,5.620623,2.4067159,7.1360393,5.9322295,6.454452,7.670947,4.019416,4.8178363,-0.59341216,5.890258,8.68837,5.7137585,4.8720603,4.9150567,6.4412293,6.046711,4.7508054,3.651318,6.5370865,4.821725,7.512063,8.090176,7.364765,5.320857,7.667526,2.1773217,7.888855,10.207987,3.4446743,6.5101166,8.956789,3.232033,5.1334558,6.529191,5.214725,7.571237,5.885757,6.6905785,3.7979996,4.158617,3.8084486,4.4788475,4.277445,7.515593,3.9395294,7.2249126,7.518847,3.0627213,4.7195516,7.4021626,3.624844,3.4951572,5.8599772,3.8062687,5.552782,5.0594115,6.122724,8.939882,7.580785,2.4076097,7.0787015,6.9473925,5.6950397,8.299209,4.3947797,5.5318675,6.427348,5.357081,6.0992007,3.7209756,6.407876,6.0256186,3.2201197,4.8941956,6.3464994,5.5509543,4.957691,3.5384727,7.179891,0.355758,2.7713532
TCGA-73-4659-01,1.6409618,1.898282,9.855645,5.600424,6.9427123,2.4109182,1.0594704,4.919525,5.345855,4.460126,5.6331105,6.6801004,7.4987683,8.259079,3.4059646,8.739758,3.8146346,5.6986737,6.9919796,5.651626,8.895215,7.273316,7.0983872,2.2119708,9.33298,9.073924,-0.5420096,6.725329,0.06491801,5.652583,5.8326054,8.85567,5.5234513,6.623257,5.666909,5.2798376,8.614055,2.466157,2.6317928,5.482043,5.6369557,7.2806954,6.2582674,4.545143,6.574512,4.7610583,4.652618,5.274909,2.1204278,6.9060984,6.320072,6.2264853,7.344488,4.232614,4.428083,-0.029792547,6.184633,8.376501,5.453549,4.980208,4.7757893,6.0961637,5.371412,4.9558277,3.8906648,6.558571,4.9708924,7.2272468,7.741746,7.0091114,4.890429,7.3916297,2.189056,7.4166646,9.993828,3.5359728,6.677395,8.415346,3.3000834,4.7243857,6.3087273,5.205354,7.50334,5.6685967,6.428793,3.8070152,3.6799085,4.2402363,4.740227,4.5476327,6.867446,4.4962225,7.48477,7.8081427,3.296064,5.013233,5.814168,3.47617,3.6579585,5.887063,3.885589,5.183275,4.7579956,6.103125,8.580819,7.7306576,2.306311,6.739794,6.587667,5.575862,8.52822,3.7033966,5.4903393,6.624959,5.0033994,6.073955,3.5682786,6.5792685,5.9586864,3.350056,4.8942637,6.2902594,5.7420926,5.04474,3.735551,7.0442805,0.52661407,2.801699
TCGA-75-6206-01,1.7653241,2.3562686,9.812725,5.598196,6.781021,2.5058873,1.056811,4.830933,5.491425,4.189185,5.752169,6.586794,7.3273897,7.8741784,3.3625762,8.235961,4.0952544,5.444404,6.999711,5.504002,8.643668,7.2813725,7.2810884,2.2471864,9.145624,8.96573,-0.3615197,6.990008,0.6079092,5.6295366,5.835347,8.814026,5.3235774,6.3282967,5.607966,5.280004,8.219121,2.4941738,2.5601857,5.494521,5.9374003,7.2557883,6.0679703,4.529403,6.6903076,4.9066525,4.4357157,5.1284776,2.6191216,6.6789103,6.173014,6.0037026,7.2302485,4.1870475,4.3951983,-0.27813366,6.016887,8.091843,5.389721,5.1212935,4.943522,6.2749434,4.926593,4.747167,3.7881002,6.85789,4.7969213,6.9848075,7.5254145,6.85424,4.7612777,7.421179,2.2534077,7.253896,9.914255,3.8173637,6.793179,8.158966,3.5445912,4.349097,6.3422904,5.0917606,7.4350767,5.9394455,6.2583084,3.6587973,3.8558733,4.1653705,4.7885118,4.8301663,7.0796423,4.5725646,7.3213773,7.765547,3.084336,4.759275,5.96224,3.501283,3.5290437,5.8397083,3.846349,5.276819,4.6269875,6.3016977,8.2912655,7.6327786,2.1635911,6.5844383,6.3813457,5.5066037,8.483544,3.6433148,5.4992704,6.7777476,4.930464,6.0849934,3.695553,6.4021506,6.043492,3.5698311,4.808723,6.327796,5.7112584,4.886785,3.7942865,7.117915,0.5398373,2.744053
TCGA-50-5072-01,1.6578242,1.9106376,9.874107,5.63123,6.981832,2.4570312,1.0884978,5.0193725,5.2466874,4.465789,5.6688995,6.64018,7.4990735,8.4470825,3.436874,8.757873,3.8353207,5.7377753,7.1913676,5.7177086,8.828986,7.260538,7.066129,2.2133095,9.442498,9.190626,-0.58235097,6.7059245,-0.023077017,5.568772,5.8129873,8.782379,5.604408,6.676858,5.6690326,5.349301,8.653167,2.4999218,2.6215594,5.4423738,5.627334,7.239242,6.3665853,4.5359845,6.5299144,4.7522554,4.683254,5.325383,1.9365715,6.9327183,6.367119,6.1745615,7.3730936,4.2624702,4.460734,-0.06986977,6.276456,8.441913,5.4774523,4.8983383,4.7712107,6.0447435,5.4338098,4.999461,3.9260259,6.5069375,5.003244,7.297352,7.7932315,7.0378547,4.834546,7.424103,2.1509798,7.470621,10.011386,3.460012,6.6195617,8.471467,3.282756,4.8037977,6.250113,5.2872486,7.4876094,5.575694,6.4718285,3.94222,3.6176584,4.3169847,4.746644,4.5914454,6.7884383,4.524339,7.5710897,7.7980075,3.3679626,5.0843244,5.799808,3.4515257,3.6884098,5.905506,3.896318,5.1478324,4.869979,6.068725,8.572651,7.7773514,2.3928933,6.740756,6.635657,5.6161265,8.594302,3.6657012,5.484382,6.574328,4.9978924,6.0032997,3.4912193,6.589243,5.8931184,3.2886412,4.7694564,6.2687774,5.750511,5.084273,3.7460463,7.0482187,0.564217,2.6920555
TCGA-55-7227-01,1.5581269,2.353467,9.962281,5.834167,6.9636045,2.7211506,0.9104485,5.1738067,5.4722786,3.9896898,6.2055917,6.8706894,8.039955,7.8949833,3.6443574,8.950006,3.4068007,5.297314,7.1016593,5.6601195,8.733837,7.1920266,7.2368608,2.048216,9.540311,9.20815,-0.5260651,7.0487113,0.40818444,5.2483363,5.6706123,8.572863,5.562449,6.4892073,5.9710293,5.5809984,8.069805,2.200278,2.4795995,5.471866,5.935341,7.0623064,6.374194,4.95435,6.9809265,4.884214,4.8155622,5.6644077,2.1436584,6.6123757,6.177102,6.053844,7.5123453,4.2784634,4.64907,-0.48526037,6.122622,8.489471,5.6340775,4.8194346,5.05203,6.3620214,5.7475,4.7247276,3.774935,6.6578565,4.863172,7.3750296,7.8638268,6.8286896,5.146182,7.703036,2.3884842,7.458468,10.190931,3.6184704,6.536203,8.617459,3.5551128,4.505586,6.03156,5.2776766,7.240528,5.488739,6.388107,4.002868,3.9486573,4.1110034,4.776016,4.9422517,7.259287,4.6061325,7.653318,7.6443624,3.1186354,4.9895196,6.22669,3.523777,3.556126,5.8862367,3.7856915,5.461713,4.8669944,6.2944455,8.158145,7.654577,2.3969524,6.9292426,6.801172,5.671264,8.599557,3.8068814,5.4566164,6.44851,5.15094,5.6260977,3.4561558,6.3226643,5.866171,3.2353444,4.470995,6.023514,5.5219564,4.9872084,3.7164917,7.027657,0.55763465,2.4636538
TCGA-55-8090-01,1.5385135,2.4446926,9.925707,5.880331,6.9137177,2.7735817,0.91701204,5.167473,5.536036,3.912991,6.205302,6.88224,8.038608,7.813162,3.6653907,8.947789,3.4315722,5.181257,7.0471134,5.6501646,8.707043,7.1761518,7.2283854,2.063469,9.487412,9.202724,-0.51967496,7.0879965,0.49541208,5.253623,5.6107697,8.522713,5.496832,6.429654,6.0140514,5.5971985,7.9659295,2.2191157,2.4940841,5.5331316,5.9849215,7.0410886,6.304785,4.96886,6.962218,4.894737,4.7819858,5.6285553,2.1771088,6.537209,6.177941,6.0258136,7.486759,4.3042192,4.6142654,-0.4525652,6.0805426,8.453709,5.5976014,4.839948,5.06671,6.3770113,5.699834,4.692335,3.785427,6.717237,4.818579,7.319903,7.808339,6.7606626,5.168702,7.7181168,2.4251165,7.3857894,10.159189,3.687092,6.5818963,8.553805,3.6086216,4.403801,5.986052,5.2221045,7.2175326,5.48802,6.342293,3.9597886,3.9683669,4.119831,4.7942696,5.0083528,7.2926607,4.657014,7.6534624,7.662433,3.083759,4.9769034,6.261776,3.496252,3.5413349,5.8710685,3.7830126,5.4700027,4.8066955,6.32523,8.060468,7.6510553,2.360259,6.885321,6.7613735,5.6475983,8.590684,3.7606897,5.4649954,6.4884105,5.1199527,5.6150503,3.4580917,6.289281,5.8792,3.2731352,4.464101,6.0169554,5.5217752,4.940076,3.7428572,7.0364294,0.5531136,2.4577658
TCGA-NJ-A55A-01,1.6203488,2.5506132,9.757674,5.700516,6.812915,2.6658387,0.9596486,4.9648547,5.694307,3.9586513,5.9517345,6.822424,7.6989202,7.521392,3.4988697,8.523934,3.7112846,5.0799623,6.7808547,5.466008,8.787024,7.290452,7.3617597,2.2871268,9.0615835,8.998699,-0.37601933,7.221951,0.9069944,5.5112205,5.716305,8.676521,5.236045,6.202828,5.928354,5.337084,7.891351,2.335555,2.5234191,5.6322103,6.091974,7.1317554,5.9942646,4.8523245,6.9050627,4.9637794,4.5280995,5.2826204,2.6732466,6.505377,6.0576754,6.0673947,7.316702,4.223234,4.446522,-0.12265695,5.821764,8.22624,5.4469137,5.0905514,5.0009246,6.4489326,5.2073336,4.578681,3.758165,6.9618855,4.6273775,7.0223074,7.543805,6.68216,5.016403,7.592722,2.4763336,7.2015657,9.989595,3.944565,6.822727,8.255483,3.672205,4.1624117,6.1723766,4.979801,7.312454,5.843731,6.216922,3.5433989,4.086231,3.984559,4.8023963,4.890721,7.387909,4.6416683,7.368985,7.747204,2.8984945,4.7250037,6.2074122,3.4855404,3.4485517,5.7837434,3.7876725,5.531413,4.5342383,6.383582,8.038093,7.580513,2.1071358,6.662904,6.5062895,5.483576,8.424218,3.7200572,5.5034733,6.75142,5.0430083,5.8605084,3.6864042,6.2273264,6.0858536,3.5599952,4.799686,6.2041216,5.576089,4.747832,3.790793,7.1050854,0.50760144,2.6848526
TCGA-S2-AA1A-01,1.6271333,2.5433817,9.815233,5.842362,6.7435937,2.7728112,0.9214276,5.089393,5.587513,3.746277,5.8377476,6.7812,7.72897,7.7666974,3.524118,8.4288645,3.6667063,5.0270176,7.1460137,5.5166264,8.52909,7.1753354,7.249968,2.1497474,9.245654,9.119225,-0.36650902,7.170504,0.7356526,5.4246206,5.6625524,8.570086,5.3133483,6.2806983,5.79328,5.429084,7.8889894,2.4072783,2.5259361,5.4870915,6.0555305,7.0910096,6.1101165,4.79446,6.8574867,4.927195,4.645247,5.3547835,2.415121,6.4892874,6.15044,5.946627,7.2627225,4.2469797,4.475655,-0.5932465,5.953527,8.205429,5.4700017,5.044765,5.0024557,6.4331408,5.316808,4.641024,3.7666514,6.8309584,4.7513523,7.072662,7.636236,6.60267,4.934336,7.6207967,2.4601445,7.2414203,10.059665,3.837206,6.7348304,8.253137,3.6715465,4.169765,6.055078,5.1354437,7.275821,5.6804414,6.1597753,3.8030286,3.9932213,4.0841556,4.87441,5.1174717,7.188894,4.697442,7.488932,7.7078924,2.976846,4.7943435,6.193749,3.5526729,3.4983332,5.853185,3.7733092,5.4574976,4.5564575,6.436705,7.9729815,7.580525,2.2457979,6.713667,6.5089517,5.513314,8.598233,3.655157,5.4601207,6.7011604,4.9949055,5.8168354,3.5920126,6.3029914,6.0127735,3.5012362,4.584673,6.0948257,5.552719,4.8659296,3.8049862,7.0525618,0.5905404,2.512216
TCGA-95-A4VK-01,1.5916532,2.695829,9.770514,5.9075418,6.7282977,2.8373811,0.997215,5.037729,5.6674175,3.8222358,6.0438485,6.7630596,7.73316,7.751507,3.6190329,8.693795,3.6963847,4.9832206,6.9614553,5.5827007,8.533729,7.1880593,7.20554,2.167881,9.250453,9.161775,-0.42814383,7.1502123,0.7175769,5.35118,5.549539,8.444542,5.240082,6.236317,5.9655504,5.5328183,7.8008327,2.369529,2.5274444,5.6840143,6.1076627,7.0394926,6.0674605,4.852845,6.7775292,4.9354706,4.536824,5.3548694,2.3155296,6.3746667,6.1960053,5.9024816,7.308241,4.335819,4.462081,-0.2909497,6.0122976,8.229986,5.440364,4.9469056,5.0553064,6.354148,5.2902603,4.63421,3.8224723,6.931572,4.669321,7.063719,7.562356,6.6163864,5.0221725,7.6399474,2.456366,7.1716223,9.9686365,3.912009,6.776373,8.245095,3.7351203,4.097,5.954301,5.0477343,7.206291,5.6346545,6.2078047,3.7699077,3.9393482,4.190134,4.8453693,5.1662483,7.2731385,4.7807827,7.5699,7.758796,3.0045688,4.8792524,6.199089,3.4028292,3.4948478,5.815929,3.796692,5.4140787,4.6335077,6.380142,7.824159,7.641618,2.1892855,6.646964,6.5409102,5.549208,8.559155,3.5607057,5.499417,6.702556,4.9476147,5.7123365,3.5227435,6.228214,5.9435353,3.4545908,4.5286956,6.1132264,5.5933404,4.803574,3.8300104,7.1118374,0.5626259,2.505247
TCGA-78-7536-01,1.6496931,1.8908714,9.837126,5.610045,6.9575486,2.4268095,1.0744398,4.955912,5.3114314,4.4685473,5.593093,6.6646366,7.475006,8.354194,3.404783,8.778512,3.8603387,5.7127843,7.0568013,5.6747007,8.876454,7.2798843,7.069819,2.2272382,9.334063,9.125043,-0.5593193,6.7026305,0.02109078,5.639257,5.8203773,8.821357,5.5340834,6.6416454,5.6655207,5.286852,8.648621,2.5116677,2.633625,5.494805,5.624692,7.2645526,6.282155,4.52763,6.519907,4.7525043,4.6515994,5.2625356,2.0305035,6.926482,6.353668,6.2206745,7.3413053,4.2467537,4.421371,0.009690977,6.212134,8.396171,5.448674,4.960324,4.7471294,6.069294,5.3886194,4.978918,3.9213784,6.5459924,4.9657474,7.2401767,7.7442145,7.0114174,4.857815,7.3980627,2.183407,7.430943,9.989541,3.5117717,6.679186,8.42114,3.2820058,4.7448654,6.273656,5.2316046,7.510844,5.640672,6.4393487,3.8315744,3.6415522,4.2827687,4.749959,4.5576916,6.814106,4.513595,7.52718,7.829566,3.321951,5.041195,5.8035545,3.452303,3.6683247,5.888769,3.891317,5.156223,4.7788725,6.082002,8.565039,7.756942,2.325998,6.717221,6.600532,5.575648,8.557587,3.6693287,5.4942694,6.630364,4.9865603,6.064831,3.5392091,6.5888295,5.939774,3.3340447,4.87681,6.2926326,5.753416,5.046271,3.746316,7.055059,0.5289899,2.7720566
TCGA-05-4418-01,1.6366738,2.3379853,9.677196,5.646759,6.7926345,2.5391731,1.0208435,4.83898,5.657246,4.1899824,5.6231422,6.77821,7.42673,7.645824,3.40008,8.546163,3.9170682,5.229934,6.6706576,5.474238,8.872947,7.3445816,7.2423534,2.3638778,8.935466,8.949265,-0.40349188,7.0105376,0.738937,5.7446733,5.68531,8.771843,5.170807,6.261459,5.827163,5.2124796,8.1395645,2.482533,2.645586,5.7202206,5.9542623,7.2236767,5.8699183,4.6671352,6.6149263,4.900351,4.427663,5.0466313,2.6562827,6.613911,6.181752,6.186287,7.226262,4.2524657,4.287287,0.3204237,5.817746,8.173483,5.296112,5.1721334,4.818901,6.2924366,5.076668,4.6856904,3.8578565,6.9312363,4.64675,6.915946,7.4496155,6.7139206,4.964999,7.453889,2.4168181,7.116428,9.820595,3.9504633,6.956852,8.111491,3.5538254,4.2169666,6.2442145,4.8998756,7.4397607,5.907426,6.2215767,3.4002306,3.9248037,4.089415,4.797868,4.700436,7.179677,4.653348,7.3262057,7.8878307,2.9734743,4.771108,6.0177007,3.385841,3.506254,5.7663045,3.8356955,5.3655596,4.422596,6.283253,8.19887,7.6517205,2.0288634,6.5168734,6.4018703,5.4109635,8.390718,3.604972,5.543637,6.8999624,4.9247527,6.083876,3.7076616,6.332549,6.1285415,3.6195953,5.043717,6.3305926,5.6968603,4.7145467,3.8273509,7.139458,0.48935133,2.8559496
TCGA-50-6673-01,1.7031864,2.1224778,9.791124,5.5478477,6.9825454,2.4542825,0.90720546,4.9195514,5.4413414,4.3655763,5.824398,6.7923336,7.6295457,8.002499,3.375994,8.806816,3.8792267,5.6125283,6.9335103,5.505852,8.920401,7.35393,7.2686048,2.1604834,9.098041,9.035272,-0.4373714,6.87459,0.34864902,5.563781,5.8516345,8.822688,5.4150496,6.5233603,5.731723,5.2242355,8.402286,2.3871937,2.4687438,5.533587,5.8134847,7.2571435,6.2305064,4.692912,6.794095,4.866742,4.6219573,5.335325,2.2914877,6.827699,6.1922584,6.2339344,7.3504996,4.163584,4.5083146,-0.1811442,6.054513,8.374584,5.5379853,5.00457,4.8509974,6.323605,5.467529,4.783116,3.795516,6.7120743,4.7686644,7.204196,7.7177453,6.954968,4.960791,7.4991097,2.3324356,7.490204,10.098727,3.6560106,6.725518,8.465003,3.3926256,4.5685086,6.2583833,5.1507564,7.4455757,5.8142233,6.388076,3.6613846,3.8899307,4.08219,4.739339,4.643291,7.1060286,4.4237704,7.463497,7.786638,3.080757,4.828855,6.2638636,3.5185502,3.5234687,5.843091,3.813141,5.3565507,4.698893,6.2220006,8.388988,7.6321073,2.2126484,6.788706,6.6542125,5.5475698,8.515686,3.8345487,5.506314,6.673591,5.060076,6.0152354,3.6413786,6.4372582,6.011173,3.375007,4.916306,6.263957,5.6288004,4.9346437,3.700308,7.1160464,0.4475968,2.7637048
TCGA-50-5944-01,1.7041825,2.2355287,9.805786,5.6742268,6.841924,2.5982256,1.0068153,4.9946313,5.438002,4.1074324,5.7798104,6.60482,7.513393,8.22618,3.4153943,8.570106,4.0454144,5.475652,7.1768603,5.5985036,8.622897,7.23707,7.1422787,2.1601973,9.224995,9.197421,-0.43574867,6.8966675,0.26706272,5.4768105,5.805461,8.654464,5.3761363,6.473409,5.6239667,5.3257146,8.322299,2.5394323,2.4790957,5.5488825,5.810743,7.1764092,6.242652,4.577429,6.6615934,4.852251,4.5907383,5.297285,2.1044629,6.7319164,6.3156424,6.0309253,7.270001,4.235762,4.456698,-0.563128,6.2127886,8.274693,5.5052376,4.966076,4.8967357,6.2439623,5.292472,4.838634,3.8411298,6.7413263,4.8187885,7.1541505,7.656073,6.8678412,4.7543354,7.47852,2.2940693,7.4286075,10.100105,3.649622,6.707607,8.332342,3.4602327,4.438471,6.127144,5.2390094,7.36873,5.7414994,6.3098583,3.8521097,3.7478855,4.2709312,4.823954,4.915552,6.9081597,4.5758557,7.6049337,7.815889,3.175807,4.907164,6.0628753,3.490701,3.5633612,5.8756337,3.830364,5.230469,4.710301,6.256383,8.17866,7.677791,2.2593076,6.711154,6.566558,5.5633917,8.682657,3.6100812,5.4826655,6.6829343,4.932617,5.935711,3.5493422,6.4725676,5.927337,3.3752518,4.682973,6.224194,5.6748495,5.0154324,3.7652898,7.0990243,0.48986864,2.6005392
TCGA-78-7145-01,1.7743843,1.999972,9.813203,5.583116,6.992508,2.4538562,1.0132236,5.000654,5.231011,4.433857,5.625067,6.6406374,7.4561033,8.432939,3.3550427,8.612146,4.0767436,5.730862,7.3382683,5.6201596,8.754456,7.3374605,7.1447086,2.174809,9.296716,9.193694,-0.50734985,6.713197,0.1156857,5.5706997,5.8459764,8.779242,5.5327888,6.62667,5.5635324,5.27807,8.593611,2.5672445,2.5371313,5.4487286,5.72081,7.254173,6.339395,4.524174,6.566272,4.8056526,4.605636,5.259483,2.0120816,6.933641,6.3333187,6.161701,7.3296695,4.2120857,4.475697,-0.28826967,6.21098,8.404332,5.473622,4.9524703,4.765715,6.142422,5.427873,4.9270473,3.8951,6.612033,4.881339,7.2329984,7.753857,7.0172815,4.77936,7.456788,2.189181,7.517205,10.020525,3.5200694,6.6912208,8.430035,3.3110821,4.7015667,6.230499,5.2998686,7.5047417,5.731571,6.4281993,3.8568687,3.6847482,4.290393,4.758596,4.6706777,6.820504,4.47868,7.554442,7.818224,3.2663085,4.9592037,6.115173,3.4609542,3.6119304,5.886092,3.867175,5.163058,4.8167415,6.123029,8.470504,7.7415276,2.3314393,6.70089,6.627707,5.574403,8.630428,3.6880906,5.5045223,6.6572943,4.9712334,6.061637,3.544639,6.5459075,5.9320974,3.3344245,4.7935066,6.3053913,5.7270174,5.034078,3.7413177,7.124755,0.50013936,2.649788
TCGA-50-5936-01,1.6837904,2.0052507,9.799409,5.572811,6.8754115,2.383654,1.0184095,4.8112717,5.46607,4.404859,5.516727,6.71721,7.383093,7.9671755,3.337112,8.58403,3.9417436,5.594219,6.828683,5.5312943,8.881258,7.3296204,7.172241,2.2273543,9.142102,8.931631,-0.44317082,6.779663,0.32927513,5.7629995,5.8323383,8.908532,5.3675356,6.480694,5.6478763,5.1948223,8.49858,2.488046,2.6484065,5.5483084,5.7410583,7.305854,6.065395,4.543971,6.5924597,4.8172755,4.535667,5.1308637,2.4704309,6.838388,6.2498555,6.241471,7.268522,4.19141,4.3638225,0.08942033,6.0091877,8.225542,5.3715477,5.1334705,4.7686944,6.1937437,5.2159653,4.844408,3.8562553,6.699958,4.856843,7.0640817,7.608463,6.9106917,4.916763,7.374788,2.2663052,7.2985315,9.900979,3.7064624,6.819435,8.262142,3.3688722,4.5250473,6.3551097,5.096468,7.5367804,5.855812,6.328529,3.5795252,3.778288,4.1598034,4.7606077,4.5610437,6.97592,4.517559,7.358045,7.8473597,3.1444805,4.865015,5.8943477,3.4751556,3.5826352,5.844974,3.8600707,5.221046,4.5756063,6.1830535,8.50154,7.6753445,2.1606705,6.6435366,6.485959,5.484031,8.446917,3.6985655,5.515111,6.770212,4.969539,6.1750774,3.6783853,6.510154,6.0629354,3.490054,5.045239,6.334088,5.729275,4.915506,3.7532833,7.090301,0.49617884,2.9007602
TCGA-50-5933-01,1.7179865,1.9552321,9.957836,5.5893526,6.96577,2.3865743,0.9583497,4.910747,5.286029,4.435203,5.7705164,6.7412214,7.6107755,8.054881,3.398179,8.524891,3.744469,5.7119136,7.141459,5.5773253,8.832986,7.2804546,7.233845,2.065132,9.439346,8.990656,-0.4901658,6.756525,0.2200903,5.6152964,5.8449926,8.933783,5.613785,6.620198,5.588504,5.3216934,8.50053,2.3403704,2.5865269,5.2910466,5.736346,7.323192,6.316259,4.614756,6.7783165,4.803917,4.69139,5.367466,2.3497338,6.8882656,6.2051272,6.186808,7.3965716,4.1714697,4.5291643,-0.3598906,6.1228027,8.371324,5.4948354,5.002377,4.876943,6.2129545,5.4490056,4.875718,3.7856038,6.5502024,5.0059204,7.253439,7.831041,7.029495,4.9798207,7.4550385,2.1714225,7.4532876,10.021651,3.5374277,6.614551,8.46863,3.3523371,4.7345862,6.3898544,5.246165,7.4974823,5.7410383,6.42026,3.8525932,3.814319,4.128378,4.7060246,4.598767,7.0216675,4.4148436,7.3789062,7.6814938,3.2252584,4.913641,6.116558,3.5736914,3.619246,5.908516,3.8559866,5.2597785,4.7964077,6.1814404,8.646969,7.659936,2.3511007,6.830607,6.605897,5.6062145,8.498497,3.8541715,5.4755106,6.564812,5.0797324,6.0819373,3.6206985,6.5397387,5.983294,3.3599052,4.8108,6.259139,5.679701,5.0599003,3.6951914,7.0400643,0.54722184,2.7452295
TCGA-86-7954-01,1.5969604,2.0491328,9.9521475,5.9033585,6.9198055,2.6953247,1.0015432,5.2226653,5.254124,4.0712066,5.755256,6.7635107,7.8698707,8.337893,3.5950794,8.768676,3.5747995,5.3856273,7.460282,5.759463,8.607229,7.127235,7.024472,1.999531,9.687379,9.307993,-0.63524884,6.7804136,0.058615144,5.389872,5.619903,8.589964,5.6918225,6.6412435,5.726185,5.574302,8.325609,2.451755,2.6298206,5.3415837,5.7540097,7.128456,6.438231,4.7220774,6.676128,4.7328577,4.854722,5.5119147,1.8176844,6.7560883,6.3522654,6.036769,7.448307,4.3234305,4.5529227,-0.6006904,6.2413635,8.504837,5.508642,4.848877,4.8989716,6.1593685,5.7294664,4.934285,3.906497,6.472363,5.0557384,7.3731885,7.928298,6.8534036,5.017861,7.6286573,2.2308934,7.4055295,10.089988,3.4334474,6.5273223,8.53352,3.419104,4.6622643,6.0215764,5.4034047,7.3810825,5.3624897,6.370838,4.178332,3.7175193,4.3227625,4.80436,4.9439206,6.886833,4.6263285,7.697159,7.678485,3.3399568,5.1378107,6.1479807,3.5142202,3.6817174,5.9565315,3.859991,5.208488,4.857918,6.188365,8.338349,7.7528005,2.5397694,6.8475156,6.7099895,5.6516905,8.704142,3.6682906,5.4480085,6.4441886,5.0496573,5.813948,3.3927996,6.544967,5.841314,3.2303562,4.448686,6.0681434,5.6460886,5.1238146,3.7636805,6.9808216,0.5843758,2.4309175
TCGA-86-8359-01,1.5579457,2.1220071,9.980117,5.8272953,6.9464507,2.6532714,0.9320973,5.123697,5.411036,4.091066,6.0575423,6.829444,8.095787,8.075226,3.6109803,8.893733,3.452158,5.357118,7.180216,5.6857176,8.761489,7.15549,7.151355,1.9869653,9.579217,9.20118,-0.5837931,6.899911,0.20005973,5.331076,5.71786,8.64399,5.6229863,6.5835385,5.8136406,5.5277095,8.190353,2.2857141,2.51912,5.4041333,5.800807,7.13471,6.4079957,4.8581424,6.9464703,4.7881927,4.864117,5.6411095,1.9988948,6.709208,6.219571,6.0992665,7.506285,4.257495,4.6403413,-0.75282484,6.1825666,8.522175,5.6206155,4.8463163,5.0116143,6.289056,5.8051147,4.8342247,3.7979481,6.5673738,4.9699078,7.398363,7.929018,6.8964024,5.1213965,7.64534,2.295664,7.502368,10.21787,3.5020857,6.5063844,8.631332,3.4646091,4.593441,6.0635133,5.3496795,7.3127265,5.468837,6.3921328,4.063882,3.8767076,4.1646433,4.7600465,4.8971996,7.124362,4.522274,7.650218,7.632882,3.2259202,5.043454,6.3132343,3.5765119,3.601821,5.9295344,3.823115,5.352588,4.8568635,6.2303963,8.293392,7.6642675,2.441716,6.9748588,6.7821126,5.678268,8.625494,3.824777,5.4423003,6.3874803,5.1499915,5.753727,3.4735384,6.4681234,5.871042,3.209956,4.5227017,6.0523033,5.573723,5.1214356,3.692169,6.9796057,0.49458492,2.5098758
TCGA-69-7974-01,1.6619407,1.9742628,9.920833,5.6731668,6.963796,2.4810286,1.1063677,5.0270314,5.252519,4.449853,5.711056,6.6086054,7.4918923,8.448086,3.4617147,8.796306,3.8513598,5.745193,7.2122626,5.741462,8.748802,7.2337832,7.055086,2.1898918,9.492089,9.179567,-0.5641223,6.725542,-0.026248077,5.5051665,5.830328,8.745298,5.618722,6.658242,5.688681,5.415327,8.63534,2.494129,2.6231422,5.4310756,5.6484475,7.198314,6.386462,4.5373816,6.5503883,4.7662373,4.6846037,5.3679123,1.9728783,6.9100685,6.3607564,6.1106787,7.3776608,4.2541904,4.4975567,-0.08639511,6.3131633,8.382507,5.498427,4.8910546,4.8150353,6.0466237,5.4188104,4.9918275,3.9186742,6.497904,5.0320196,7.3111944,7.787008,7.0278773,4.813594,7.435624,2.142174,7.48661,10.017679,3.4537685,6.585117,8.483535,3.3052835,4.7883534,6.227811,5.350598,7.472202,5.546926,6.467053,3.9961784,3.5964882,4.3534207,4.7660327,4.657895,6.783662,4.561025,7.596631,7.774295,3.3816333,5.101342,5.7215962,3.4670804,3.6848948,5.922937,3.8889892,5.125375,4.919703,6.0825267,8.539486,7.7766957,2.417826,6.7435684,6.649363,5.638929,8.598595,3.6528788,5.4724927,6.5399833,5.0042915,5.9555516,3.4669049,6.57251,5.8546147,3.270986,4.7132454,6.22735,5.7362165,5.0994835,3.7424831,7.0406218,0.59865236,2.6647782
TCGA-17-Z051-01,1.9030087,2.004661,9.882454,5.3364224,7.3973308,2.2341287,0.6703565,4.911795,5.0741487,4.9665394,6.3128304,7.11188,8.210289,7.962163,3.3491235,8.937213,3.6394994,6.0185823,7.2858424,5.3888707,9.276728,7.528913,7.65102,1.9486969,9.268393,8.915941,-0.5301567,6.787081,0.4376828,5.479649,5.8156824,9.129121,5.8563952,6.8025217,5.736448,5.258573,8.44997,2.0265787,2.2942505,5.115473,5.9352603,7.46158,6.604237,4.902176,7.2728596,4.899931,4.7871723,5.6681232,2.2746074,7.071506,5.9019904,6.4085913,7.68097,4.0100737,4.844166,-0.45061094,5.8317814,8.847149,5.73247,4.882776,4.9668326,6.4901056,6.077353,4.7197227,3.6301703,6.5719256,4.832894,7.508045,8.090102,7.333431,5.328528,7.705491,2.1803796,7.877186,10.245287,3.4512947,6.486682,8.963524,3.2952569,5.078491,6.5134263,5.2413087,7.5474973,5.8747,6.651611,3.8170424,4.209709,3.8022127,4.495599,4.3389463,7.5325713,3.9505558,7.240761,7.4761252,3.0437725,4.6961956,7.453492,3.6630383,3.4735496,5.8722043,3.800386,5.5694695,5.064594,6.168316,9.00387,7.5597935,2.4298458,7.0903873,6.929672,5.7014866,8.321382,4.4490676,5.5195193,6.392999,5.372297,6.1075683,3.7260468,6.3914156,6.0228033,3.2332747,4.846932,6.314311,5.5282965,4.974706,3.5422347,7.165238,0.3599804,2.7059946
TCGA-05-4402-01,1.7740804,1.9887749,9.9885645,5.608092,6.8706,2.380784,1.0376124,4.867286,5.2296934,4.40706,5.635572,6.5816536,7.3492,8.151763,3.3569283,8.320673,3.9256132,5.771014,7.247819,5.611982,8.649667,7.233374,7.1688294,2.0850632,9.493988,8.990931,-0.4521038,6.7157598,0.17529196,5.6638913,5.8370585,8.935269,5.6051,6.603677,5.45901,5.3416624,8.561353,2.4395614,2.6406896,5.246309,5.7176523,7.344301,6.287544,4.436522,6.6120563,4.798133,4.6109815,5.237744,2.4149346,6.8825254,6.28126,6.0717354,7.3061233,4.193982,4.4498672,-0.33294964,6.2142997,8.2020235,5.417939,5.0333796,4.870872,6.122745,5.1862726,4.932351,3.8094282,6.541308,5.085131,7.16629,7.75196,7.017147,4.8015018,7.37105,2.0884228,7.375934,9.92701,3.551528,6.627436,8.309382,3.3615425,4.70981,6.442554,5.2692604,7.516704,5.780201,6.381332,3.9263034,3.6799457,4.2476797,4.743057,4.675057,6.858137,4.4912686,7.3554425,7.7031884,3.3003933,4.92691,5.8294244,3.5530071,3.6670144,5.9282813,3.8802211,5.13506,4.7956905,6.192196,8.660352,7.693251,2.367206,6.7160497,6.4638896,5.5971727,8.544203,3.7088537,5.4690733,6.6357403,4.967063,6.1543827,3.6051695,6.583765,5.958516,3.4209812,4.7509,6.299769,5.7527466,5.075176,3.7472448,7.0431485,0.62469167,2.7332432
TCGA-L4-A4E5-01,1.7065539,2.0879583,9.884901,5.6228166,6.868502,2.4904437,0.9969753,4.929681,5.386162,4.2506857,5.7450724,6.5990324,7.4626603,8.235419,3.3801172,8.646537,3.9838603,5.6755333,7.096595,5.605745,8.671977,7.22558,7.1291685,2.104326,9.289192,9.102263,-0.42968446,6.808274,0.11976884,5.524118,5.8692126,8.770039,5.4562187,6.5619473,5.579597,5.306302,8.495216,2.4820235,2.5022032,5.4616594,5.711853,7.23834,6.2922564,4.519384,6.6654735,4.8231297,4.6382184,5.325346,2.173767,6.828168,6.32013,6.0771523,7.283308,4.196419,4.475814,-0.46652707,6.272415,8.239032,5.5332127,4.9779725,4.8825846,6.2124867,5.3023496,4.8959165,3.8175511,6.624931,4.935857,7.202197,7.7076015,6.955599,4.767834,7.4174433,2.2342467,7.4772396,10.11547,3.5703866,6.648324,8.382197,3.3783312,4.5849996,6.244287,5.280341,7.421358,5.7445784,6.3562493,3.885331,3.6974235,4.2575693,4.798931,4.796442,6.8602986,4.5089827,7.5553,7.78797,3.231177,4.9262524,5.8948054,3.5452068,3.6012893,5.9061804,3.83575,5.190436,4.7529416,6.22792,8.3775425,7.6691165,2.2977753,6.7707696,6.575069,5.5891533,8.650194,3.6785376,5.4680552,6.6425967,4.964551,6.001907,3.564442,6.5422206,5.9189577,3.3434725,4.747118,6.227985,5.684433,5.0744176,3.7283287,7.063184,0.5198122,2.6948435
TCGA-17-Z020-01,1.8768785,2.0032382,9.871873,5.378574,7.3805428,2.2540226,0.6312354,4.931408,5.0775943,4.9895377,6.2627444,7.1571527,8.253924,7.944651,3.3594306,8.92709,3.6373255,5.9307146,7.2866354,5.385372,9.322929,7.53418,7.620402,1.9820795,9.226932,8.891972,-0.55256903,6.7438073,0.46503684,5.512243,5.814829,9.157808,5.8352666,6.817686,5.7140937,5.247635,8.409361,2.075962,2.3116324,5.1169486,5.914861,7.470567,6.5805817,4.9513855,7.227316,4.877614,4.813085,5.6462083,2.2452075,7.0553794,5.9436884,6.4420967,7.6755934,4.0491543,4.814795,-0.3752235,5.851544,8.884288,5.7025666,4.8679085,4.941165,6.475506,6.099941,4.7269254,3.6588733,6.554257,4.7865424,7.510417,8.114315,7.2945952,5.392329,7.721901,2.2222931,7.8411613,10.228509,3.4579813,6.527942,8.942395,3.2857504,5.0528374,6.472329,5.1951184,7.541816,5.8673253,6.6484933,3.7045608,4.192998,3.8050902,4.4925256,4.3129663,7.499682,3.9845407,7.262158,7.502179,3.0339086,4.7242765,7.555529,3.6204586,3.4836679,5.85956,3.7978745,5.5727544,5.008084,6.153631,8.975426,7.5737624,2.4143343,7.0953174,6.9468493,5.682934,8.338643,4.4271803,5.5344625,6.422334,5.3526974,6.121947,3.70289,6.399781,6.034124,3.2134564,4.9310064,6.3100533,5.5274396,4.9568973,3.5489266,7.175302,0.33579427,2.6946723
TCGA-86-A4D0-01,1.5126281,2.3113375,9.9765625,5.967956,6.7549553,2.7753577,1.0475805,5.1129565,5.510728,3.8660643,6.005898,6.688969,7.8310246,8.017861,3.6550217,8.797091,3.5756445,5.1922107,7.1034174,5.7530985,8.544706,7.0409937,7.0355024,2.0297444,9.615308,9.225189,-0.55972964,6.940604,0.22305173,5.3438663,5.577019,8.509368,5.5006914,6.465251,5.8453674,5.63599,8.078116,2.3681445,2.6103127,5.510582,5.833869,7.0701838,6.2709155,4.7418513,6.740326,4.800767,4.759273,5.515378,2.0501854,6.539632,6.3411837,5.917623,7.3962326,4.3664594,4.492108,-0.5794644,6.2703977,8.309605,5.501156,4.869181,5.051146,6.202099,5.4892025,4.8444824,3.8524797,6.6390004,4.9949255,7.2506986,7.7531166,6.7553577,5.022767,7.5872836,2.2947745,7.2760315,10.092799,3.6234894,6.5747313,8.389084,3.5722053,4.401541,5.989138,5.2710204,7.247596,5.417084,6.2884607,4.0970592,3.7434783,4.3252907,4.8386707,5.096544,7.013246,4.7490454,7.702261,7.7082376,3.2637203,5.1006265,5.9325337,3.4818733,3.6454737,5.924736,3.841037,5.23931,4.7725587,6.293356,8.098798,7.7135196,2.4024782,6.809225,6.6065736,5.650641,8.681163,3.5595627,5.446743,6.502904,4.9839554,5.7150517,3.4100647,6.4479065,5.830444,3.2906053,4.4077806,6.0387235,5.6384196,5.0691414,3.7936678,6.9759073,0.5937262,2.4784133
TCGA-86-8358-01,1.578851,2.0465128,9.963784,5.9048443,6.9174595,2.688895,1.0090139,5.206362,5.285602,4.084608,5.772612,6.741929,7.8534884,8.361155,3.5986733,8.87934,3.586203,5.415602,7.392732,5.77847,8.608369,7.1240277,6.995204,2.0106866,9.6801405,9.3130865,-0.62465835,6.772275,0.0050470866,5.3693323,5.6364017,8.57136,5.666085,6.647272,5.7501006,5.5756693,8.360541,2.4484584,2.6207325,5.393645,5.7220907,7.1090617,6.434742,4.7143,6.662168,4.7362943,4.8534184,5.528075,1.7961127,6.7623997,6.3786154,6.0452166,7.4416404,4.325774,4.554789,-0.53491163,6.2852244,8.4853735,5.5281587,4.8327103,4.8936553,6.1417003,5.7339587,4.9465775,3.9121847,6.46818,5.055887,7.383646,7.910803,6.8596168,4.996957,7.6083364,2.241589,7.436586,10.109229,3.4309072,6.52495,8.543921,3.4036822,4.656648,6.0003977,5.419092,7.3658733,5.358599,6.3829913,4.174347,3.6763124,4.350786,4.815499,4.9339237,6.8550014,4.644292,7.7416334,7.706936,3.3528318,5.162133,6.0422363,3.502047,3.683984,5.9564276,3.8548288,5.1875153,4.8707104,6.175973,8.31078,7.7600822,2.52124,6.8533616,6.7322564,5.6603637,8.716896,3.643934,5.4464226,6.4450474,5.039539,5.787745,3.373652,6.5461783,5.8155584,3.2023976,4.470062,6.055861,5.646058,5.1346354,3.756025,6.982644,0.58019567,2.4516466
TCGA-97-A4LX-01,1.5826818,2.3707533,9.982486,5.90034,6.76993,2.7398174,1.1154073,5.0936575,5.4330797,4.0013447,6.0363646,6.594656,7.640523,8.142441,3.6246297,8.647236,3.7628505,5.3447165,7.196404,5.762552,8.501209,7.0600576,7.071415,2.0952404,9.603725,9.206151,-0.5354268,6.950143,0.2359637,5.330649,5.65072,8.52804,5.5345907,6.4661865,5.8193884,5.6472096,8.163078,2.4157615,2.6095629,5.4706907,5.856527,7.073812,6.3102403,4.6515274,6.6970572,4.828406,4.6834283,5.478755,2.072822,6.5781565,6.32829,5.847142,7.3734455,4.342889,4.503742,-0.48083574,6.3124266,8.258642,5.49237,4.8655715,5.060484,6.152667,5.332046,4.861623,3.8608613,6.641252,5.0099144,7.235721,7.712619,6.823948,4.899289,7.5501347,2.217847,7.298662,10.045503,3.6125386,6.558111,8.370653,3.566,4.4803615,6.06481,5.290042,7.2813888,5.444163,6.3225503,4.12201,3.7024798,4.375609,4.8282213,5.0637884,6.960854,4.742727,7.6560235,7.691678,3.3034413,5.0892434,5.831295,3.4732776,3.650114,5.929144,3.8606627,5.1910605,4.869115,6.2664266,8.183561,7.731436,2.4240918,6.744582,6.5668297,5.6682673,8.653477,3.5494816,5.4493566,6.5040193,4.965246,5.74107,3.4151638,6.442463,5.8095737,3.31436,4.3856807,6.0879416,5.6740494,5.0682845,3.802736,7.00253,0.6562865,2.4776156
TCGA-44-8120-01,1.5419687,2.4117773,9.884552,5.9177985,6.763445,2.776574,1.0321903,5.082026,5.5674095,3.8910444,5.9858117,6.7110515,7.753509,7.941743,3.6209261,8.798532,3.684124,5.1582813,7.0245714,5.693918,8.582508,7.1096134,7.0857778,2.105866,9.441681,9.207891,-0.5175153,6.9936843,0.3686864,5.369903,5.573807,8.494457,5.3955655,6.3992147,5.892387,5.5690885,8.032806,2.395052,2.5792592,5.608893,5.901123,7.0655823,6.1914754,4.75669,6.7204533,4.8450117,4.672353,5.4348927,2.130204,6.5147347,6.3140473,5.945451,7.358083,4.3564844,4.4619155,-0.3992683,6.1838884,8.291257,5.47578,4.9026756,5.019463,6.2424083,5.4149227,4.784961,3.8586469,6.742162,4.867077,7.181981,7.6692533,6.72151,5.0061507,7.5918226,2.3564076,7.2518954,10.053657,3.7193387,6.665011,8.3378935,3.5999463,4.3146553,5.9798446,5.1818986,7.2504926,5.5134945,6.269931,3.9471142,3.7904084,4.292063,4.8421683,5.0713215,7.0706205,4.754759,7.671569,7.7601666,3.1775308,5.027362,6.00399,3.4369037,3.5942621,5.8799953,3.8279788,5.282243,4.71097,6.306713,8.015675,7.701006,2.3112628,6.738296,6.5881844,5.603886,8.642649,3.5476332,5.4733133,6.595703,4.9596863,5.732665,3.449157,6.3830137,5.872558,3.344754,4.501724,6.082751,5.6334558,4.9687314,3.8074102,7.03464,0.56182766,2.5145528
TCGA-78-7150-01,1.7314757,1.9421118,9.800287,5.5519257,6.975612,2.380486,1.023285,4.9081163,5.317457,4.500975,5.5201707,6.7189765,7.4622445,8.221131,3.3482435,8.528156,3.936798,5.665587,7.1191196,5.5676446,8.884414,7.3717318,7.184002,2.2406557,9.242527,9.043609,-0.49701867,6.741594,0.25871918,5.701569,5.870153,8.893348,5.4880733,6.563281,5.6076016,5.2144804,8.572441,2.51797,2.6278899,5.4625306,5.7327085,7.295842,6.2033415,4.5704837,6.6012616,4.799549,4.5783153,5.1904664,2.2504554,6.9227424,6.2439632,6.254183,7.3274827,4.182621,4.4405694,-0.061234094,6.0366764,8.378903,5.406174,5.058516,4.734931,6.1544514,5.365245,4.8844614,3.8815937,6.637892,4.8727856,7.1634355,7.7172465,6.9833627,4.8808103,7.4208097,2.21289,7.4108615,9.918291,3.598017,6.7578206,8.378062,3.3198388,4.6592155,6.3337216,5.197017,7.559213,5.7938695,6.40142,3.687756,3.767733,4.181341,4.733917,4.5241685,6.930901,4.468339,7.3961644,7.8082433,3.2054718,4.9108872,6.0484242,3.475188,3.5974743,5.8610606,3.8747497,5.2186403,4.7088675,6.1123295,8.571572,7.7085867,2.2534761,6.6766047,6.5774207,5.5238466,8.477791,3.746177,5.5114155,6.6883082,5.015165,6.145395,3.6371434,6.5293856,6.0285416,3.4239585,4.974933,6.339493,5.730506,4.9695315,3.734663,7.1017203,0.50227463,2.799412
TCGA-44-A47A-01,1.5981485,2.2095218,9.917194,5.842717,7.016082,2.7154,0.9324108,5.287794,5.310917,4.045596,5.8806477,6.8453155,7.9023976,8.262778,3.6021225,8.956888,3.4473407,5.386368,7.374123,5.705835,8.662652,7.2199535,7.133221,2.0911,9.578544,9.327667,-0.55531454,6.947361,0.23472568,5.2750087,5.688252,8.551351,5.6374426,6.5864096,5.8872533,5.543781,8.277872,2.3524563,2.531907,5.4086823,5.8482833,7.048365,6.4592266,4.8721447,6.792843,4.830444,4.8582344,5.5961967,1.8824575,6.7451353,6.260829,6.0816727,7.4687643,4.276593,4.6357074,-0.3341476,6.1606154,8.543858,5.605581,4.81069,4.891551,6.273239,5.8064723,4.8228517,3.8648474,6.5286403,4.9172072,7.420237,7.9227924,6.8219657,5.0131063,7.691164,2.3630724,7.5045404,10.15031,3.4943845,6.5318723,8.634729,3.4466007,4.630564,5.983517,5.391002,7.32551,5.3953905,6.406576,4.082652,3.8244674,4.199036,4.815106,4.9019656,7.0226836,4.6275964,7.71549,7.685462,3.206749,5.0607424,6.095128,3.5160336,3.6053288,5.9126096,3.8011465,5.37765,4.8965135,6.218007,8.231844,7.7104406,2.4883373,6.8777895,6.8305273,5.6473913,8.66968,3.7485623,5.449483,6.463819,5.124571,5.6708736,3.3992772,6.406037,5.847814,3.2086976,4.4919777,6.0248747,5.549228,5.0186744,3.733554,7.025524,0.61013407,2.4149783
TCGA-55-6975-01,1.6621033,2.1135347,9.756434,5.5886765,6.879367,2.4350405,1.0324494,4.836795,5.525293,4.3689303,5.578244,6.7506585,7.4399405,7.8942933,3.376422,8.608701,3.9186187,5.4808283,6.7811007,5.5231023,8.91224,7.3506823,7.2061987,2.300007,9.07472,8.946297,-0.4461721,6.873331,0.47244847,5.7298384,5.8082166,8.854889,5.320578,6.408807,5.7468796,5.2104115,8.38466,2.483429,2.64608,5.61706,5.819942,7.2599435,6.0203495,4.6187997,6.6272206,4.8453307,4.506116,5.132215,2.5004516,6.776076,6.2021437,6.2350326,7.2817326,4.2027626,4.3698983,0.1980186,5.929095,8.248087,5.3633265,5.131424,4.7866497,6.223054,5.211949,4.788265,3.8638306,6.7754846,4.775819,7.043336,7.5718207,6.8621583,4.941441,7.418813,2.3153288,7.26572,9.879162,3.772637,6.8514895,8.257956,3.4254043,4.4477763,6.310643,5.0485573,7.5086985,5.8540382,6.3160634,3.519302,3.8428965,4.1298385,4.7635183,4.5797434,7.068033,4.5535765,7.351384,7.8478928,3.0921059,4.846544,5.9591293,3.4445517,3.5499024,5.817033,3.8550575,5.284404,4.563288,6.1908445,8.410779,7.672052,2.1266243,6.6118336,6.495753,5.470397,8.403446,3.6937401,5.524174,6.7784786,4.987115,6.1173983,3.684224,6.438312,6.0785003,3.5165043,5.047398,6.327832,5.710825,4.8499537,3.7671862,7.106888,0.48971924,2.8823116
TCGA-49-4486-01,1.6613392,2.5189233,9.73614,5.62846,6.8259454,2.613033,1.0527593,4.9113035,5.66445,4.1254764,5.9451303,6.700353,7.554425,7.7185535,3.459966,8.507958,3.954504,5.232385,6.7853956,5.5023212,8.792965,7.3087645,7.3338594,2.3578498,9.004121,9.006861,-0.3892865,7.172987,0.80508506,5.5151997,5.8110685,8.687083,5.2309594,6.219924,5.884684,5.3100886,8.024908,2.437731,2.5132966,5.6849093,6.037243,7.1376524,6.0157375,4.7354717,6.827534,4.951701,4.4503813,5.2290945,2.5941837,6.5773396,6.092583,6.0432796,7.2982664,4.205568,4.4377913,-0.066009186,5.904763,8.194536,5.4484277,5.086711,4.986211,6.3668113,5.0758815,4.6417155,3.796192,6.978434,4.631842,7.0147834,7.4876947,6.7783175,4.8781586,7.5282745,2.395864,7.25699,9.983589,3.904572,6.8234,8.249452,3.6218417,4.228146,6.2071238,5.021746,7.3553433,5.886412,6.25808,3.5419993,3.9936101,4.084413,4.7950273,4.8384757,7.283535,4.618671,7.391229,7.783326,2.976237,4.7540474,6.1007175,3.459732,3.4571815,5.78873,3.8201056,5.4287114,4.60908,6.3134675,8.095155,7.6192193,2.096893,6.608275,6.489144,5.4974933,8.42334,3.6764643,5.5111327,6.7445292,5.010593,5.904955,3.685606,6.271333,6.052331,3.5500522,4.8367176,6.2686057,5.6371374,4.7913585,3.7892241,7.129063,0.4774639,2.726495
TCGA-75-7031-01,1.7559907,2.0106952,9.779021,5.5927935,6.9065776,2.441791,0.98490536,4.9342046,5.3218017,4.3011284,5.4766073,6.6957703,7.419719,8.183995,3.3278368,8.350581,3.980089,5.5560384,7.2322817,5.5377145,8.759657,7.3389044,7.1810355,2.1960025,9.243295,9.0923395,-0.46096024,6.7672706,0.31116974,5.711333,5.8071985,8.856256,5.4411182,6.530333,5.518067,5.2070913,8.473652,2.547659,2.6021016,5.4356885,5.7713723,7.304529,6.1766014,4.538357,6.5716205,4.8139706,4.5682025,5.1409855,2.2579427,6.8581634,6.280506,6.1932616,7.2696705,4.208571,4.392321,-0.30354172,6.041494,8.332096,5.379038,5.072648,4.7479453,6.1942077,5.2963014,4.8622103,3.8634994,6.67894,4.8547564,7.103288,7.693986,6.9066815,4.8339586,7.428653,2.2418787,7.352856,9.92583,3.6434023,6.7867675,8.280872,3.371512,4.5543914,6.297163,5.169712,7.518254,5.8263865,6.3310075,3.7170424,3.77431,4.1853423,4.7674866,4.6614833,6.9013443,4.503692,7.4105644,7.820932,3.1693423,4.8658566,6.102015,3.4790816,3.5936272,5.8597727,3.859727,5.2247014,4.6267643,6.1899047,8.456255,7.6914954,2.244083,6.652705,6.50819,5.4988146,8.564554,3.6806433,5.5087447,6.7578034,4.948369,6.1545124,3.6361418,6.5256224,6.042608,3.4648552,4.8905716,6.3334575,5.7266445,4.958725,3.767722,7.109723,0.50541794,2.7248647
TCGA-05-5428-01,1.7466277,1.9184514,9.982609,5.621944,6.8929515,2.3863897,0.9370294,4.887532,5.2507186,4.336045,5.6480665,6.6653123,7.467122,8.096445,3.3441517,8.507688,3.8511188,5.760883,7.200198,5.585719,8.696011,7.2303567,7.155804,1.9813771,9.466867,9.012023,-0.45652136,6.6655655,0.09253501,5.660843,5.7970586,8.93097,5.593382,6.6599813,5.4565315,5.309677,8.5640745,2.3938215,2.5866227,5.2636747,5.6737323,7.3607554,6.310561,4.4823294,6.65166,4.786798,4.688225,5.294887,2.3434434,6.8966365,6.3185563,6.144015,7.319392,4.199433,4.454272,-0.4332279,6.2380314,8.258766,5.464577,5.0127707,4.852468,6.1834846,5.3683696,4.9292307,3.7897146,6.5110083,5.067152,7.209187,7.8052893,7.0073776,4.8964214,7.398884,2.1502373,7.4278045,10.0253,3.5246663,6.6252193,8.365548,3.3290796,4.712636,6.387272,5.267367,7.493634,5.7659655,6.3787794,3.917403,3.7003033,4.2088914,4.744909,4.689048,6.8695154,4.447714,7.425747,7.7301245,3.2654347,4.922284,5.9820085,3.5700502,3.6594522,5.92993,3.8518965,5.165129,4.740139,6.22319,8.619629,7.673285,2.3605855,6.801663,6.5258803,5.5938287,8.610624,3.7509463,5.471346,6.6431413,4.9767513,6.145791,3.5922158,6.6043596,5.959343,3.3653426,4.7660475,6.2632074,5.712525,5.0917854,3.7229996,7.0402203,0.5642582,2.7294707
TCGA-55-A48Z-01,1.5606811,2.3424578,9.927863,5.931253,6.918892,2.8062897,0.92871135,5.2857265,5.409793,3.8519468,5.9699173,6.8323574,7.9617743,8.122074,3.6476483,8.9224415,3.4294417,5.2092943,7.31823,5.703444,8.570696,7.150469,7.1249022,2.0503762,9.582848,9.328863,-0.53488934,7.020591,0.3218087,5.234984,5.6127887,8.476507,5.568535,6.504993,5.9117756,5.60367,8.096258,2.3337467,2.5228374,5.4462795,5.9108505,7.014008,6.39793,4.8987885,6.8326497,4.8481956,4.8490376,5.611755,1.9415802,6.614346,6.2620087,5.995146,7.4471784,4.311648,4.611854,-0.49968424,6.1654344,8.469823,5.595554,4.8175454,4.977061,6.317315,5.7522783,4.7762156,3.8398042,6.598552,4.8989162,7.3672996,7.8739643,6.7328544,5.0378685,7.7139845,2.40206,7.426045,10.167621,3.5714984,6.5430675,8.561636,3.5427501,4.4758024,5.9194875,5.353855,7.25029,5.3851805,6.335161,4.101342,3.855432,4.2053843,4.844939,5.065961,7.0809755,4.695407,7.7392445,7.6764054,3.168603,5.0454903,6.1287937,3.5168061,3.5907207,5.9105086,3.788242,5.396773,4.835831,6.296816,8.073458,7.6877065,2.4618871,6.8730545,6.7777386,5.6449423,8.700445,3.6911857,5.44254,6.4782653,5.089759,5.616303,3.3918753,6.367753,5.8416615,3.2363708,4.397967,5.9817934,5.5324545,5.006058,3.7587605,7.0116596,0.6097,2.3677144
TCGA-86-8672-01,1.5509862,2.2826376,9.956961,5.929134,6.9184165,2.7845588,0.98413664,5.257319,5.3879805,3.9719093,6.031962,6.746497,7.8813305,8.27899,3.6551976,9.042369,3.5712752,5.3420258,7.302548,5.7756376,8.576962,7.1218147,7.0484886,2.0476007,9.622556,9.362545,-0.5691028,6.9250817,0.120059215,5.213133,5.627081,8.442174,5.584309,6.573271,5.9110203,5.638994,8.221276,2.369801,2.5260246,5.504381,5.81871,7.00727,6.4408965,4.8155746,6.7549543,4.8240476,4.834886,5.633256,1.7817401,6.6539187,6.3582015,5.9787126,7.448864,4.343129,4.601881,-0.46786708,6.318282,8.4759245,5.6056156,4.758989,4.9737496,6.2146406,5.750216,4.8572097,3.8799407,6.55767,4.9487624,7.40067,7.859578,6.810288,4.992742,7.6634426,2.3363094,7.478809,10.183378,3.511943,6.5165396,8.582569,3.4901402,4.5555816,5.8968444,5.3884535,7.247869,5.334182,6.3863335,4.1611333,3.7252257,4.333929,4.8404155,5.0327764,6.9551835,4.7108126,7.8342485,7.7210116,3.2720842,5.140848,6.021053,3.470702,3.6311753,5.9277835,3.812687,5.2757893,4.9167295,6.235895,8.102413,7.7394886,2.4767587,6.8704243,6.797874,5.6866617,8.7451515,3.6270607,5.4476304,6.4496403,5.0441394,5.6071506,3.3309112,6.4223104,5.766443,3.1653352,4.3893857,5.9931498,5.581425,5.0760818,3.7550664,7.0167093,0.604404,2.381249
TCGA-86-8074-01,1.5705414,2.032491,10.026565,5.8560805,6.9125566,2.6184733,0.98313946,5.10657,5.3365955,4.131416,5.902417,6.784979,7.9843073,8.152762,3.6006663,8.769571,3.4531462,5.417838,7.2581267,5.7217693,8.693592,7.1207566,7.0925064,1.9705051,9.692842,9.167034,-0.60204774,6.8203287,0.114071265,5.397623,5.709963,8.695182,5.68946,6.617154,5.7358336,5.556721,8.286145,2.3281465,2.6125681,5.3166456,5.7512527,7.165297,6.410376,4.769493,6.846816,4.746444,4.867571,5.584922,2.0191574,6.7463303,6.2530212,6.070696,7.4853253,4.264014,4.609025,-0.69414824,6.2031007,8.465909,5.5590653,4.881457,4.981615,6.2095103,5.725225,4.896492,3.825316,6.485579,5.085233,7.3818617,7.940903,6.90426,5.0902944,7.5992026,2.2190454,7.4417987,10.133072,3.4557362,6.489427,8.578026,3.4331632,4.6586394,6.124826,5.3908486,7.371159,5.4327383,6.3837934,4.1305943,3.797498,4.223491,4.7660522,4.878222,7.020137,4.549367,7.603289,7.614577,3.3049717,5.0891476,6.139411,3.587762,3.655921,5.960494,3.8504417,5.2643147,4.865123,6.203935,8.420009,7.6909575,2.4973001,6.936055,6.7192764,5.6775064,8.613271,3.7861252,5.4322696,6.380936,5.124286,5.828778,3.4650664,6.533905,5.86713,3.233943,4.5122266,6.062882,5.6192236,5.1576633,3.7099762,6.947697,0.558865,2.5312924
TCGA-17-Z003-01,1.877832,1.977959,9.900356,5.354083,7.4233747,2.1999815,0.6526424,4.8810186,5.073257,4.9330587,6.311713,7.171954,8.193189,7.9646626,3.3403585,9.000727,3.5907288,6.017583,7.272069,5.3904786,9.234932,7.568568,7.6124377,1.8662447,9.277334,8.861412,-0.56419915,6.726376,0.40606472,5.544068,5.7767463,9.156789,5.8396797,6.8658485,5.772296,5.2305174,8.474285,2.0432734,2.3249407,5.158022,5.899331,7.490569,6.566231,4.9142876,7.2790985,4.8901596,4.7799087,5.608667,2.3815455,7.1122727,5.942272,6.4724307,7.674129,4.041828,4.801334,-0.5263835,5.8544364,8.750458,5.6966367,4.8730817,4.9063983,6.452423,6.0489364,4.735898,3.6605527,6.5490336,4.800458,7.503089,8.084193,7.333577,5.353411,7.692152,2.2054012,7.8576646,10.196538,3.4674768,6.5304885,8.947437,3.2450073,5.1091366,6.51305,5.1836967,7.5627403,5.871684,6.6791677,3.7754412,4.1716046,3.8036516,4.4818025,4.293575,7.5363746,3.9610798,7.232306,7.5206647,3.0433266,4.722137,7.4566813,3.602404,3.4936414,5.8511715,3.8016512,5.5678353,5.0281563,6.135212,8.991886,7.5862784,2.4009497,7.070765,6.9501634,5.68409,8.298847,4.4208536,5.540222,6.447182,5.348807,6.1145735,3.7106657,6.3912363,6.0313196,3.2242024,4.889156,6.3375235,5.5443754,4.926309,3.5504208,7.1864142,0.34627676,2.7569754
TCGA-50-6595-01,1.7081867,2.5207582,9.680189,5.5996213,6.8762703,2.5841978,1.0433694,4.8955007,5.594411,4.259103,5.855465,6.750469,7.5565667,7.818879,3.4488764,8.541118,3.9839153,5.2823334,6.8679333,5.4749413,8.8191595,7.3927608,7.3455095,2.4028034,8.924139,9.004189,-0.38364944,7.142408,0.84796107,5.5392957,5.8162065,8.695233,5.2351284,6.23612,5.8844113,5.269078,8.063638,2.4750535,2.537449,5.677175,6.080057,7.1482286,6.0123105,4.763799,6.78282,4.9529605,4.410974,5.1814337,2.5634084,6.6131454,6.046156,6.0954514,7.2864976,4.18047,4.4663944,0.104557686,5.817768,8.240897,5.4130597,5.084455,4.91161,6.342503,5.126154,4.6340966,3.8259246,6.9699545,4.5762978,7.0112123,7.5070224,6.780854,4.879562,7.5399685,2.3940616,7.286245,9.889672,3.9124415,6.8623505,8.267333,3.6017776,4.255945,6.2127495,5.0141454,7.4060373,5.8907413,6.287254,3.487442,4.0111656,4.066004,4.77541,4.7800164,7.290948,4.589938,7.3287797,7.777755,2.9605548,4.73895,6.2366543,3.4333968,3.4414654,5.7720165,3.8259492,5.4470935,4.635553,6.256124,8.136624,7.622995,2.0909343,6.559442,6.513508,5.4789667,8.353671,3.7195463,5.526364,6.7640166,5.0267854,5.954841,3.7020593,6.245319,6.0773473,3.5681999,4.9029922,6.303579,5.6425986,4.735696,3.784051,7.169088,0.50613606,2.7399025
TCGA-05-4389-01,1.7477157,2.0818074,9.942176,5.6456575,6.8281026,2.4714966,1.0231134,4.9136415,5.307096,4.2373877,5.684252,6.552195,7.369849,8.21302,3.3704066,8.39708,3.9846168,5.684407,7.2339945,5.615853,8.577613,7.198611,7.132768,2.0814617,9.420586,9.075867,-0.4260913,6.7766943,0.14851362,5.579222,5.8294168,8.821184,5.517436,6.5663733,5.481709,5.3451977,8.491999,2.481357,2.5666704,5.3407407,5.7269335,7.2816577,6.2882566,4.4498763,6.6154046,4.8161073,4.617711,5.2691636,2.2799847,6.820951,6.3262463,6.018771,7.267724,4.2116966,4.445216,-0.5241987,6.2731075,8.183144,5.4661655,5.0024695,4.895274,6.16649,5.190236,4.915128,3.8103144,6.593991,5.022144,7.161898,7.713746,6.9554176,4.739193,7.3906236,2.15942,7.4013247,10.022568,3.5726311,6.635875,8.300518,3.3968883,4.6051745,6.322776,5.2820983,7.444052,5.7582526,6.339907,3.9514003,3.6679742,4.2809024,4.7922835,4.8142843,6.823902,4.534191,7.475157,7.7472835,3.2716534,4.925524,5.8263917,3.549483,3.6409621,5.923774,3.8555157,5.1463823,4.761777,6.2402062,8.466025,7.681573,2.3407784,6.727313,6.4855895,5.593214,8.641905,3.6450164,5.462428,6.6565037,4.9297013,6.065011,3.5699008,6.564642,5.926329,3.3931847,4.6839275,6.2532415,5.7231584,5.0843987,3.7558646,7.050664,0.5905211,2.6704805
TCGA-69-8253-01,1.553657,2.4998722,9.893547,5.925878,6.684174,2.7888927,1.0373571,5.0428796,5.6139526,3.7731857,5.9722404,6.68554,7.6986957,7.7992134,3.601884,8.587303,3.7179787,5.0730295,6.9970975,5.6485124,8.512586,7.0780015,7.128559,2.1092176,9.406055,9.1365385,-0.46524808,7.0687037,0.5152703,5.4102573,5.5739465,8.524709,5.351075,6.3169107,5.845872,5.5611315,7.9260597,2.3966415,2.5937517,5.5708184,5.9628825,7.0829034,6.1164513,4.7263536,6.7514796,4.870685,4.6340675,5.379628,2.328658,6.448629,6.2679257,5.8821054,7.3098645,4.3421254,4.4251585,-0.5030368,6.1245017,8.175185,5.439554,4.975094,5.068974,6.2902517,5.2464595,4.7373176,3.817744,6.7976856,4.8679967,7.0945563,7.6098585,6.664426,4.973879,7.573661,2.3615572,7.165016,10.025562,3.7961388,6.689788,8.231903,3.6669946,4.2170615,6.0352488,5.136512,7.243035,5.578605,6.199064,3.916019,3.843868,4.2482395,4.8588634,5.1458626,7.119019,4.7746506,7.5803614,7.7323675,3.1260982,4.951428,5.9720254,3.4737554,3.5780911,5.876753,3.8219268,5.3106284,4.633402,6.380907,7.990366,7.6616535,2.280473,6.7017407,6.4818444,5.575425,8.619025,3.534606,5.4649796,6.641846,4.937615,5.7742605,3.5047643,6.361107,5.91858,3.4357848,4.481724,6.0920405,5.6317143,4.9386473,3.8298242,7.0217037,0.58992183,2.5274296
TCGA-86-8073-01,1.5124753,2.3303618,9.987818,5.976839,6.7629986,2.787268,1.0473912,5.133667,5.5000296,3.8548384,6.0282426,6.692737,7.8452616,8.026401,3.6670942,8.80154,3.5519881,5.191043,7.12849,5.759638,8.530651,7.0377064,7.0423775,2.028443,9.639212,9.234311,-0.5596832,6.9568763,0.2321049,5.318872,5.578186,8.498511,5.518056,6.4652524,5.8597255,5.6564775,8.069036,2.3570747,2.6073537,5.4955587,5.8467126,7.0568314,6.2900534,4.757103,6.754825,4.8068247,4.7703724,5.53816,2.0435584,6.5351977,6.332087,5.9040675,7.4062467,4.3657475,4.509095,-0.5797509,6.2724795,8.315681,5.5122623,4.857177,5.0614634,6.2074685,5.5039773,4.8386836,3.8491077,6.6309285,5.000389,7.2660794,7.765571,6.753385,5.023285,7.601257,2.2958136,7.284635,10.098595,3.6165361,6.557981,8.406264,3.5793302,4.4108214,5.9828777,5.286863,7.239881,5.3978796,6.2937493,4.120873,3.7502167,4.322254,4.8402267,5.1096077,7.022526,4.755,7.707547,7.6938243,3.2642763,5.1048384,5.9246693,3.4871068,3.6452537,5.928033,3.837934,5.250785,4.795048,6.2966948,8.096395,7.713256,2.4197478,6.8169227,6.6196175,5.659615,8.682416,3.5673003,5.4426355,6.4869213,4.995474,5.690896,3.400458,6.437039,5.8213716,3.2826185,4.37952,6.024762,5.628671,5.069676,3.7925315,6.9728374,0.60982054,2.4574692
TCGA-86-8671-01,1.600776,2.7519171,9.752225,5.8370686,6.736007,2.819441,0.9778887,5.0132837,5.729324,3.8079934,6.108836,6.7697825,7.750778,7.6535716,3.590358,8.616973,3.7249804,4.970645,6.87654,5.5249295,8.591066,7.2153254,7.287441,2.2181783,9.137191,9.11254,-0.37462845,7.247358,0.8463481,5.344893,5.630958,8.474769,5.18853,6.1767564,5.979754,5.474159,7.752735,2.351025,2.4763062,5.6964755,6.150831,7.0366626,6.0353303,4.8806057,6.88111,4.9786854,4.5158606,5.3625407,2.4323862,6.3669443,6.121677,5.9141207,7.2969217,4.28617,4.4809995,-0.32637173,5.9508004,8.204918,5.476237,4.98654,5.084007,6.431181,5.2488213,4.5738125,3.776232,6.997749,4.604083,7.0377946,7.526599,6.614661,4.995697,7.6393256,2.4961567,7.2036633,10.020087,3.962641,6.7918706,8.248571,3.76041,4.048229,5.9949274,5.0205097,7.197427,5.7208586,6.191662,3.6890528,4.025912,4.1057153,4.844659,5.1414685,7.3553214,4.741734,7.5208764,7.748205,2.927727,4.7940207,6.244014,3.4429338,3.4451616,5.797119,3.777326,5.4901586,4.6017756,6.416737,7.8003893,7.594694,2.1343696,6.660332,6.5359683,5.5318418,8.526122,3.616388,5.4959826,6.7169113,4.981338,5.7097154,3.5842166,6.1857624,5.984537,3.4933925,4.584037,6.1248994,5.5613008,4.776968,3.8125858,7.119375,0.53833175,2.5385382
TCGA-69-7764-01,1.6334687,2.501441,9.805836,5.7794724,6.743077,2.7120156,1.0357118,4.990744,5.5974603,3.9305124,5.9204865,6.650316,7.566692,7.899292,3.509715,8.535729,3.9095693,5.206242,6.99346,5.582908,8.581216,7.184071,7.193514,2.2070487,9.205329,9.12266,-0.40849468,7.081513,0.5626772,5.4408255,5.701927,8.574583,5.286223,6.3043127,5.8007965,5.427173,8.031413,2.4617155,2.526644,5.6141315,5.9721484,7.1075525,6.105679,4.6809387,6.7373967,4.9077773,4.543219,5.3005705,2.3375301,6.5300646,6.231049,5.9341803,7.265615,4.2760134,4.4307585,-0.39532727,6.0905023,8.174272,5.456265,5.0043926,5.0061,6.3086076,5.1710434,4.7203746,3.8157861,6.8615637,4.7596936,7.0621147,7.5561543,6.7249374,4.8531847,7.5321116,2.3685114,7.2530565,10.027357,3.8187263,6.7480307,8.233519,3.6242096,4.2357864,6.090437,5.1174264,7.2909904,5.715673,6.2277417,3.7855453,3.8602374,4.2154493,4.8458767,5.0409384,7.1036634,4.698608,7.5374784,7.7779155,3.0780118,4.8661046,6.018457,3.4675758,3.527841,5.8450956,3.8171077,5.3276815,4.6380825,6.347726,8.015894,7.6461706,2.2052476,6.653137,6.488311,5.543227,8.590607,3.5711827,5.4834676,6.7077413,4.9346204,5.842299,3.5674543,6.34398,5.9567738,3.467828,4.6203074,6.1758385,5.6412015,4.898538,3.8108478,7.0854735,0.54923326,2.5893047
TCGA-97-8174-01,1.5687767,2.2547233,10.020847,5.941367,6.8052855,2.7460897,1.0863516,5.1582985,5.354108,3.9790888,5.9920535,6.6473866,7.779936,8.211027,3.647555,8.668751,3.6220047,5.343931,7.3240895,5.789099,8.503659,7.0350227,7.044011,2.016849,9.72775,9.243083,-0.5914991,6.8923993,0.13740179,5.3200526,5.628458,8.543723,5.6422396,6.5411716,5.7816515,5.679925,8.192325,2.3995876,2.6278121,5.3708115,5.8155627,7.0871983,6.393206,4.6837687,6.721938,4.7809324,4.7848706,5.5443172,1.9638112,6.6210284,6.3355474,5.8717904,7.4241214,4.345666,4.5424333,-0.64055145,6.3212075,8.345167,5.513272,4.8403473,5.0505114,6.1503286,5.4913464,4.9003053,3.864531,6.5462003,5.086184,7.31375,7.8253036,6.839652,4.966416,7.5905275,2.1946552,7.3296385,10.083287,3.5168147,6.4947314,8.449163,3.5288198,4.568822,6.0506864,5.3647685,7.299384,5.358287,6.338961,4.2270923,3.7059438,4.366747,4.8180194,5.0699153,6.9402785,4.7068057,7.678403,7.6433287,3.3489976,5.1354694,5.923021,3.5145905,3.6811204,5.961186,3.865262,5.1912537,4.899186,6.251088,8.258161,7.7379684,2.5154402,6.818334,6.6179967,5.6910768,8.685474,3.6009116,5.4337597,6.427369,5.010925,5.7390366,3.3880012,6.494217,5.7980623,3.2650347,4.325116,6.0488677,5.6592135,5.13136,3.7867336,6.9623456,0.6534335,2.4271662
TCGA-93-A4JN-01,1.5732744,2.1657422,9.999719,5.942878,6.86354,2.74206,1.0410955,5.2241445,5.297447,3.9859087,5.8783283,6.688587,7.80463,8.336234,3.6301706,8.7844,3.5807862,5.3805723,7.416172,5.797353,8.513178,7.068085,7.0063663,2.0073462,9.737922,9.316165,-0.60315233,6.840384,0.04529725,5.3141484,5.6231933,8.529841,5.6689477,6.6065736,5.7650986,5.647949,8.284346,2.4251559,2.6168392,5.364489,5.7676983,7.0785933,6.444567,4.699834,6.6763287,4.7633724,4.8404446,5.555741,1.8276877,6.6898875,6.3763585,5.9374523,7.427451,4.3447003,4.555068,-0.6033316,6.331507,8.419048,5.533438,4.813995,4.9671297,6.145236,5.629379,4.9287806,3.891486,6.48445,5.082977,7.3670692,7.883129,6.8350744,4.9576654,7.6092906,2.2264307,7.3955274,10.110713,3.4570725,6.4917336,8.50556,3.4662535,4.622624,6.0000296,5.4175687,7.316846,5.3229947,6.3613386,4.247601,3.673015,4.371736,4.831713,5.0351043,6.86572,4.69656,7.743012,7.675163,3.3590822,5.1628428,5.9362535,3.5096703,3.6911986,5.9654417,3.8529418,5.1915946,4.9019823,6.2230654,8.263374,7.7544136,2.5442142,6.8413076,6.6881437,5.683014,8.736556,3.6055353,5.43355,6.434118,5.0183105,5.731209,3.3537557,6.518133,5.7876987,3.2171655,4.351301,6.029756,5.6426477,5.139257,3.7765915,6.969221,0.6446928,2.3992789
TCGA-17-Z052-01,1.844633,1.9323051,9.855752,5.327443,7.4140224,2.2174454,0.6466378,4.918567,5.108,4.8724365,6.2404113,7.1780596,8.1578865,7.922174,3.3466718,8.89654,3.6100001,5.9628115,7.238887,5.3635693,9.28735,7.5734453,7.622583,1.9237672,9.20933,8.904687,-0.5669707,6.758753,0.433825,5.559781,5.8922424,9.1296625,5.8141007,6.8355026,5.749709,5.171211,8.45387,2.0698853,2.3301768,5.204891,5.905003,7.4725285,6.54788,4.895529,7.2509847,4.876527,4.7888055,5.5944963,2.4137647,7.1013026,5.8938007,6.551155,7.6523685,4.013408,4.811913,-0.47142646,5.8389664,8.74775,5.6999373,4.9061847,4.8602023,6.491108,6.0331407,4.7190757,3.657841,6.570465,4.7743807,7.4920344,8.10235,7.3004375,5.3320456,7.7018533,2.2265139,7.84804,10.218445,3.4597795,6.545837,8.944167,3.2528646,5.074596,6.515668,5.1804366,7.57511,5.86723,6.6441016,3.716424,4.2472644,3.7419994,4.4879756,4.297984,7.5185413,3.9170768,7.208773,7.51696,3.0125535,4.700087,7.2700667,3.6486816,3.4691682,5.8501573,3.8046837,5.617918,4.972634,6.1367216,8.913259,7.556336,2.3863983,7.0933967,6.935706,5.658711,8.296081,4.452015,5.5299993,6.4232497,5.389473,6.1410866,3.7533596,6.405464,6.0805483,3.2514868,4.911829,6.3308673,5.5267825,4.948778,3.5382748,7.158426,0.32865584,2.757309
TCGA-62-A46V-01,1.741501,2.2950757,9.856332,5.5813007,6.799269,2.4563305,1.0317022,4.8000975,5.496956,4.2588086,5.7701488,6.642156,7.389195,7.742952,3.3663075,8.252907,3.9575367,5.466051,6.913168,5.4891047,8.72754,7.2813177,7.312036,2.2274728,9.180735,8.890869,-0.36762744,6.9806523,0.6275102,5.672143,5.8289227,8.890039,5.3622146,6.348008,5.6280646,5.274127,8.229655,2.4119549,2.5879788,5.4442163,5.9213943,7.293032,6.0591784,4.5611897,6.7498226,4.899307,4.4729447,5.157458,2.7418292,6.69536,6.1335626,6.056059,7.263357,4.1736684,4.4038124,-0.18778595,5.976412,8.105997,5.390758,5.1402874,4.951624,6.28825,4.973452,4.7392206,3.7597852,6.820263,4.8386455,7.00085,7.5604377,6.8755913,4.8492374,7.4148893,2.2466736,7.2430086,9.906927,3.813554,6.7751856,8.186567,3.5311038,4.3943787,6.4148607,5.0637517,7.4517555,5.945336,6.273949,3.6339328,3.8966703,4.098257,4.759979,4.744649,7.1438227,4.5365286,7.252871,7.7320776,3.0736504,4.7498527,5.965049,3.5285585,3.538732,5.841891,3.8457146,5.3131156,4.61661,6.3018684,8.406316,7.6146035,2.1671274,6.628445,6.3847666,5.5116735,8.424036,3.7124033,5.4955187,6.7543797,4.9746375,6.1132154,3.7244942,6.4075904,6.0702324,3.5749567,4.8607635,6.3264575,5.700928,4.8856983,3.7756107,7.0921783,0.5506088,2.8007252
TCGA-55-8089-01,1.579481,2.4223511,9.891041,5.881779,6.851466,2.7871842,0.9405735,5.1686907,5.5049767,3.8637772,6.049932,6.7500873,7.822679,8.055659,3.6034,8.894825,3.641701,5.2421155,7.164075,5.670777,8.561478,7.15124,7.1299086,2.066578,9.444977,9.2886,-0.47822714,7.0198345,0.33152485,5.2627635,5.6299973,8.467816,5.434347,6.4564743,5.8834453,5.5524564,8.079111,2.3538022,2.471411,5.5631223,5.90944,7.0360694,6.313289,4.819556,6.8005533,4.88197,4.7410927,5.542568,2.008553,6.567126,6.302398,5.967318,7.379583,4.3185053,4.5522227,-0.52983344,6.2220736,8.371624,5.5822587,4.834896,5.0067215,6.314941,5.5858073,4.76205,3.8234544,6.7027225,4.8315682,7.277421,7.753512,6.744558,4.974229,7.643951,2.407533,7.4091506,10.170965,3.6598318,6.6099257,8.463141,3.5696063,4.3755817,5.9331713,5.2666645,7.2168565,5.5026135,6.311124,4.0066395,3.8202498,4.2446985,4.8498487,5.088542,7.0674105,4.7018747,7.7481995,7.746336,3.1398442,5.0003796,6.10089,3.4765558,3.5653226,5.885532,3.7856772,5.352054,4.7819753,6.3247647,7.9829717,7.6761026,2.3499155,6.8245792,6.7093463,5.630586,8.718665,3.6238148,5.461537,6.566248,5.005626,5.651556,3.419692,6.3560066,5.840798,3.266121,4.4512444,6.034894,5.564469,4.9878893,3.7677565,7.0556555,0.56367815,2.430378
TCGA-55-8619-01,1.5204612,2.6644955,9.859651,5.8830304,6.7400813,2.8149767,0.9572128,5.06667,5.745649,3.6833274,6.1480675,6.8300724,7.8626924,7.4604645,3.6279566,8.652615,3.537243,4.9242153,6.78986,5.5555363,8.649612,7.1495776,7.293096,2.1786547,9.273721,9.074304,-0.41182068,7.2767053,0.84675527,5.366562,5.5853715,8.53522,5.2786565,6.1956315,6.0237465,5.530001,7.7273173,2.2517803,2.529425,5.629676,6.111628,7.043151,6.045993,4.9273124,6.9568667,4.961018,4.6347237,5.4424996,2.5797904,6.3671384,6.1125507,5.944919,7.361747,4.306615,4.4716363,-0.33139372,5.9291687,8.213843,5.489997,5.000643,5.1214643,6.459053,5.3057966,4.573626,3.7439294,6.9210405,4.713423,7.0840945,7.58783,6.5998178,5.0991845,7.6614146,2.5032682,7.1557674,10.06514,3.9290814,6.7271466,8.282631,3.756426,4.1036754,6.043609,5.0313354,7.1863766,5.6602426,6.186777,3.747467,4.0635695,4.0421023,4.8420367,5.1076374,7.407947,4.75814,7.5035424,7.7025633,2.937492,4.8241606,6.116883,3.488992,3.486569,5.817891,3.7712567,5.5366507,4.5750175,6.45544,7.8911743,7.5918903,2.1927059,6.7386894,6.5368567,5.546617,8.518111,3.6538467,5.4742146,6.665041,5.0366697,5.6777606,3.5751417,6.2034063,5.9932947,3.4843216,4.543974,6.067158,5.5344634,4.79945,3.8111246,7.044485,0.56666124,2.546183
TCGA-97-8179-01,1.5794884,2.1827574,10.008115,5.932798,6.844187,2.7328136,1.0736796,5.1959877,5.298395,4.0120955,5.9098597,6.6536994,7.7614627,8.327292,3.6293743,8.72747,3.6269326,5.3995175,7.398356,5.8036437,8.508824,7.055359,7.0126057,2.0178823,9.740261,9.29195,-0.605453,6.8415623,0.05061036,5.32471,5.6317286,8.541782,5.670511,6.5947924,5.7574573,5.6592264,8.282147,2.4305284,2.62737,5.359977,5.7715034,7.088632,6.4349046,4.667825,6.66841,4.7642317,4.811552,5.539682,1.8601018,6.6800466,6.373736,5.9082093,7.4230323,4.3472533,4.5433598,-0.59915316,6.34712,8.389283,5.5196376,4.820757,4.9909935,6.1257114,5.556475,4.935356,3.8901982,6.4973125,5.096921,7.3477173,7.859047,6.8549485,4.9414206,7.5893564,2.1935644,7.3730536,10.091628,3.4661474,6.48969,8.480393,3.477204,4.627833,6.0314665,5.403059,7.3212786,5.333243,6.3621225,4.2505255,3.6633496,4.3888927,4.82344,5.035069,6.866873,4.698094,7.718481,7.66724,3.375981,5.1630225,5.9051538,3.5055437,3.69734,5.9670043,3.8654706,5.1700544,4.915455,6.220759,8.287037,7.7588496,2.5416372,6.8220787,6.653499,5.689316,8.720155,3.594221,5.434909,6.431864,5.006638,5.7480407,3.3624754,6.5227594,5.785687,3.2338796,4.3410525,6.049403,5.6631675,5.1450877,3.7833657,6.9681325,0.6540614,2.4133394
TCGA-78-7540-01,1.6491367,2.4177868,9.740899,5.6384277,6.844943,2.575666,0.9389204,4.9111075,5.6429796,4.080246,5.8299417,6.8399634,7.6249337,7.551845,3.4366107,8.531047,3.760316,5.201153,6.7563634,5.4396067,8.859879,7.3347535,7.354935,2.2807164,9.0160265,8.954733,-0.37780625,7.124862,0.8273087,5.610713,5.736842,8.768353,5.250099,6.261647,5.861051,5.2583895,8.024635,2.35273,2.5455194,5.6114454,6.0302854,7.2003727,5.9846873,4.7981734,6.8435345,4.940841,4.518368,5.218761,2.6902816,6.589832,6.0762615,6.151171,7.301027,4.2035117,4.4164696,-0.00029753917,5.806912,8.236463,5.417337,5.1224084,4.9263663,6.4203677,5.211683,4.614853,3.7683434,6.9187083,4.645035,7.0127254,7.5564575,6.731682,5.0230966,7.5455303,2.44899,7.2144055,9.95318,3.9175546,6.8525443,8.24851,3.6002862,4.2411633,6.2441664,4.960094,7.3797283,5.8909736,6.2406287,3.485503,4.058518,3.971751,4.778971,4.7724724,7.335911,4.5831504,7.319736,7.7746906,2.9113696,4.713286,6.207309,3.4824395,3.4641275,5.7815447,3.7973373,5.498657,4.5053525,6.3468003,8.164415,7.5865965,2.09165,6.6533065,6.493779,5.461985,8.401799,3.749903,5.5162277,6.7919154,5.0338936,5.971078,3.717468,6.2769322,6.1179986,3.5704947,4.912333,6.25752,5.604004,4.74604,3.7794583,7.1172442,0.49405506,2.7635555
TCGA-44-5644-01,1.6207429,2.0601184,9.953711,5.8526545,6.9756904,2.6754794,0.93223745,5.252097,5.2530694,4.0409665,5.7409363,6.8096976,7.8934994,8.297186,3.5653882,8.796481,3.488458,5.421522,7.4689126,5.712865,8.612343,7.179448,7.0802183,1.99899,9.662831,9.3108425,-0.5799824,6.833038,0.11683307,5.355587,5.6755357,8.616508,5.6877875,6.638386,5.727553,5.525135,8.342914,2.4021823,2.571042,5.315477,5.773831,7.1184297,6.468498,4.782793,6.747544,4.76878,4.8858147,5.547564,1.8952746,6.791127,6.3050976,6.0816603,7.4547157,4.274703,4.602545,-0.60489106,6.198493,8.517526,5.568469,4.852284,4.877958,6.2385573,5.787373,4.8885574,3.8666298,6.468682,5.016185,7.4066205,7.9622827,6.8448334,5.001533,7.652738,2.2947607,7.476247,10.141287,3.4332647,6.5180445,8.590823,3.4056516,4.662898,6.0345182,5.4347286,7.3734794,5.4217777,6.380098,4.149514,3.7732418,4.235417,4.812491,4.915648,6.9325223,4.5919714,7.6896567,7.6709647,3.2700622,5.07632,6.130043,3.555262,3.6452074,5.947294,3.822239,5.2936378,4.855851,6.2137275,8.32452,7.715415,2.5278778,6.8920093,6.773497,5.6426725,8.708484,3.734403,5.439822,6.4545665,5.097312,5.7771573,3.4139774,6.506999,5.8595824,3.2180514,4.480735,6.0445757,5.5886717,5.097493,3.7345886,6.992828,0.5821743,2.4261425
TCGA-49-AARR-01,1.6793885,2.5448575,9.712109,5.6293716,6.8367333,2.6274815,1.0754867,4.920169,5.6398344,4.157748,5.9465966,6.6778297,7.536943,7.821951,3.4661071,8.545217,4.0395823,5.258258,6.835614,5.5187397,8.769013,7.3229856,7.315181,2.3780742,8.9776745,9.043336,-0.3985004,7.1629553,0.7814523,5.48662,5.8165765,8.648428,5.2296,6.2255297,5.8899055,5.317981,8.04088,2.4836957,2.5056183,5.7124624,6.0457807,7.11993,6.0358944,4.7256613,6.791401,4.949127,4.4271235,5.2202797,2.5162716,6.584619,6.102513,6.0266376,7.2937174,4.208115,4.4508333,-0.044127878,5.9222875,8.20608,5.448898,5.062517,4.974983,6.340953,5.0692368,4.655701,3.8213775,6.98487,4.6114063,7.023125,7.4823623,6.788788,4.8379807,7.534696,2.3840356,7.2808623,9.971196,3.8923774,6.8252125,8.259879,3.6173496,4.236568,6.175516,5.0434837,7.3593497,5.870878,6.2727237,3.557567,3.9668984,4.126885,4.7976065,4.858652,7.2534823,4.6243505,7.4177938,7.7915373,2.99728,4.772698,6.128669,3.4380314,3.4546947,5.7880287,3.827372,5.4045157,4.648349,6.2857885,8.06768,7.636231,2.1059642,6.5830455,6.504055,5.503846,8.429661,3.6573844,5.51561,6.7383413,5.0004797,5.8934445,3.6663258,6.2677784,6.0311995,3.5362935,4.8179116,6.2759275,5.6480618,4.790919,3.7930734,7.147479,0.47660464,2.7037702
TCGA-73-4670-01,1.7203693,1.9625893,9.867953,5.671009,6.962456,2.502249,1.0213734,5.048975,5.234744,4.348846,5.6245546,6.6267133,7.4977455,8.498254,3.4033163,8.7417755,3.9889114,5.7082996,7.3524876,5.686167,8.688423,7.268471,7.0554175,2.1123679,9.419944,9.245358,-0.53384256,6.6736865,-0.028524363,5.518318,5.8051567,8.716538,5.5627804,6.664532,5.5812774,5.353593,8.613275,2.5595922,2.559844,5.4482155,5.662357,7.211988,6.3791513,4.526598,6.535541,4.776022,4.6753345,5.3279476,1.8828673,6.9164953,6.4041834,6.129178,7.339049,4.2498755,4.4809575,-0.34179223,6.310332,8.403887,5.4935927,4.9081097,4.7760677,6.1055756,5.514772,4.9713373,3.9147587,6.5406632,4.9554887,7.2818546,7.789834,6.991519,4.7991214,7.4615297,2.189378,7.5207276,10.057749,3.4654315,6.642618,8.455211,3.2999477,4.712754,6.154065,5.3651266,7.4704103,5.615613,6.4251943,3.96858,3.60938,4.359318,4.787989,4.7396483,6.7414346,4.538256,7.6569943,7.824425,3.3273053,5.0482492,5.9865527,3.462196,3.6507304,5.915524,3.8654602,5.1122594,4.840121,6.1222568,8.430093,7.7643733,2.3836365,6.740767,6.6610293,5.6034765,8.699175,3.6352022,5.4872956,6.6111245,4.9583483,5.993891,3.472689,6.581403,5.8729672,3.2700224,4.7120447,6.23618,5.720993,5.0943894,3.7433002,7.0862093,0.5280506,2.6066167
TCGA-95-A4VN-01,1.6522896,2.0423055,9.999722,5.7970586,6.9557223,2.6059117,0.93944997,5.1570716,5.270476,4.1040807,5.751737,6.7522736,7.842072,8.289969,3.5257316,8.720862,3.554062,5.529026,7.4118547,5.6899056,8.582699,7.1797547,7.099339,1.9819702,9.651585,9.226647,-0.52563006,6.826004,0.10008738,5.364929,5.7725863,8.68574,5.676207,6.632184,5.655078,5.493077,8.4000225,2.391342,2.5506282,5.28741,5.749915,7.1490555,6.462975,4.7296643,6.7947865,4.7779727,4.8590198,5.545473,2.028088,6.822269,6.2718253,6.0681653,7.4332533,4.2176576,4.629859,-0.7115968,6.220895,8.426284,5.5963035,4.888911,4.9091845,6.2459826,5.6914597,4.8924613,3.8237262,6.468599,5.0517945,7.391628,7.943609,6.891817,4.936864,7.5956817,2.2603552,7.5227747,10.159059,3.4304142,6.4981375,8.583315,3.3913922,4.667658,6.119076,5.472525,7.389808,5.513029,6.3811936,4.141145,3.7613926,4.224837,4.808526,4.8945436,6.9248557,4.5461035,7.636455,7.649205,3.2737482,5.0369697,6.030666,3.6090019,3.6323974,5.961098,3.8179803,5.269814,4.8726997,6.21836,8.385087,7.6821613,2.5028384,6.9119835,6.7527895,5.653899,8.680884,3.769258,5.426263,6.4416246,5.1060505,5.8210707,3.458776,6.527133,5.860879,3.2275605,4.521223,6.0590196,5.5919003,5.1382046,3.7045774,6.985936,0.5760787,2.4914563
TCGA-38-4632-01,1.7382822,1.9515294,9.851582,5.6493526,6.9834123,2.4810464,1.0249373,5.0383754,5.2132983,4.404207,5.6044655,6.635397,7.4878054,8.510029,3.3906393,8.728314,4.0177937,5.729801,7.368053,5.677243,8.715129,7.2954597,7.0704985,2.1311295,9.397928,9.236327,-0.54029375,6.659724,-0.009436885,5.5398364,5.8102527,8.735974,5.569184,6.669966,5.5763507,5.3365226,8.631118,2.571223,2.566112,5.4461923,5.6695657,7.225976,6.375239,4.521605,6.523933,4.7761703,4.6565533,5.304507,1.8943466,6.9374633,6.3923097,6.1497707,7.3431935,4.2432723,4.479865,-0.27851292,6.2839646,8.42023,5.4795227,4.9154425,4.757453,6.097115,5.512914,4.9714403,3.9225786,6.5470834,4.940722,7.276336,7.788107,7.0092487,4.802234,7.4606357,2.1779954,7.5255623,10.03296,3.467366,6.6567307,8.456829,3.2889807,4.7322483,6.173124,5.35586,7.49308,5.6349697,6.4377933,3.94113,3.6166167,4.354019,4.7750626,4.7028255,6.749213,4.520604,7.632027,7.826353,3.3256185,5.0393467,6.028642,3.4510694,3.6473358,5.9087954,3.871871,5.111625,4.8463087,6.1039143,8.4621315,7.7703323,2.3782318,6.7233424,6.6595783,5.5971537,8.675665,3.6490655,5.495503,6.61966,4.961933,6.0227203,3.4848309,6.579113,5.8849993,3.2806776,4.7412095,6.2610707,5.7309523,5.079223,3.7431896,7.1001935,0.5213455,2.6197655
TCGA-44-7661-01,1.6045417,2.6317365,9.761483,5.7608294,6.848798,2.7539234,0.92608505,5.0638776,5.682995,3.8866243,6.0614557,6.8676963,7.8624377,7.599861,3.5635812,8.650887,3.6325083,5.0205307,6.892558,5.492061,8.745035,7.2781777,7.3595896,2.2522392,9.111561,9.088936,-0.39297393,7.2670155,0.9079235,5.3758845,5.691317,8.564342,5.26851,6.215699,6.0024347,5.410825,7.8113923,2.315134,2.472882,5.6351886,6.13713,7.059871,6.0778375,4.951033,6.9771485,4.9750643,4.591135,5.4019384,2.511056,6.471218,6.046392,6.0358644,7.3610663,4.2327075,4.5284615,-0.24827819,5.842687,8.306972,5.513757,5.014386,5.035406,6.4875712,5.3851204,4.556158,3.7591484,6.950167,4.600961,7.103114,7.6073213,6.6553025,5.052765,7.681002,2.5193298,7.27354,10.063495,3.9103897,6.7693624,8.356311,3.699491,4.154642,6.0561295,5.0481715,7.25658,5.74782,6.2312503,3.6369472,4.1167006,3.9924185,4.816492,4.987569,7.421151,4.656222,7.46563,7.7148848,2.8910098,4.757883,6.3540435,3.493151,3.4301844,5.7934966,3.7671304,5.575016,4.6050324,6.392589,7.9284887,7.578387,2.1622097,6.721056,6.608285,5.519248,8.471317,3.7451813,5.492646,6.6780796,5.084122,5.7330594,3.626329,6.1865573,6.0348697,3.4874923,4.684794,6.1274724,5.5221114,4.764017,3.7773325,7.104892,0.5082047,2.570984
TCGA-50-5946-01,1.6574637,1.9388131,9.962052,5.705707,6.9378133,2.4675953,1.0680555,5.0108876,5.258804,4.414509,5.6614504,6.623485,7.4574,8.360273,3.4493668,8.822834,3.8265915,5.7514524,7.1868863,5.734857,8.721016,7.213965,7.0321774,2.1221678,9.535914,9.146559,-0.54557586,6.676742,-0.061080895,5.54081,5.7866316,8.765827,5.617562,6.672753,5.664307,5.426288,8.652506,2.4633367,2.6484582,5.411205,5.625513,7.215895,6.36166,4.520655,6.530412,4.763354,4.7043924,5.3606815,2.043463,6.9041986,6.3957047,6.119197,7.364538,4.2653456,4.471334,-0.07552247,6.332735,8.334452,5.477455,4.914147,4.8076053,6.0523815,5.4456177,4.9934335,3.9078455,6.465475,5.072599,7.295621,7.7891645,7.0021954,4.8558497,7.4230676,2.1513734,7.4540653,10.002039,3.4611976,6.594278,8.450919,3.2984338,4.7733865,6.2341223,5.347087,7.475328,5.5513687,6.4457283,3.9975357,3.5716743,4.358091,4.777491,4.664647,6.759672,4.584438,7.5997477,7.787855,3.3757365,5.1040263,5.688188,3.4705513,3.6997688,5.9321175,3.8780887,5.098808,4.8740687,6.111618,8.54996,7.7737856,2.4140286,6.7511473,6.632146,5.630435,8.617797,3.6355896,5.472602,6.5706444,4.981534,5.9801207,3.460276,6.588283,5.855774,3.2718043,4.7285995,6.208236,5.732722,5.097286,3.7452157,7.0323024,0.61765444,2.6821563
TCGA-L9-A5IP-01,1.5907936,2.070098,9.957675,5.82241,7.0229583,2.663385,0.9972711,5.2680464,5.257611,4.167233,5.86216,6.745824,7.821154,8.436166,3.589596,9.011234,3.530409,5.5276475,7.3922834,5.7832727,8.683448,7.1932273,7.04628,2.087722,9.663655,9.370432,-0.6041327,6.8269625,-0.002094873,5.2931476,5.7214894,8.567618,5.686794,6.6714706,5.8257256,5.5483737,8.439016,2.3982008,2.5557828,5.4124055,5.7160816,7.067049,6.5137587,4.769734,6.7001977,4.7804093,4.865039,5.5949535,1.7253036,6.8253517,6.35916,6.0889273,7.4765525,4.299409,4.611889,-0.36227158,6.3165536,8.560688,5.607009,4.770032,4.8634562,6.15673,5.802451,4.930948,3.906186,6.4561157,5.0059867,7.4606895,7.937268,6.916055,4.944968,7.6206965,2.2727718,7.5503764,10.161312,3.3998985,6.495699,8.652994,3.363929,4.7412767,5.997874,5.4486837,7.3505864,5.354662,6.4604335,4.1639247,3.684781,4.3112946,4.805283,4.8333173,6.868118,4.623471,7.787629,7.7237825,3.3332155,5.1594863,5.9438014,3.4903018,3.6647184,5.9379816,3.8356185,5.251631,4.966201,6.141301,8.321171,7.7672067,2.5214002,6.8825445,6.8371086,5.68207,8.719653,3.6891139,5.447629,6.4290752,5.0894923,5.697744,3.3536174,6.4993668,5.7917585,3.1468904,4.4981575,6.0531707,5.612233,5.115156,3.7279198,7.0103526,0.6016529,2.4394166
TCGA-78-7539-01,1.7629875,2.178186,9.822165,5.632263,6.830893,2.4817557,1.0472788,4.9005613,5.3482165,4.252561,5.578675,6.6144814,7.310515,8.063331,3.356606,8.299257,4.02617,5.524257,7.1769495,5.5610976,8.654856,7.2873073,7.192816,2.218616,9.271806,9.051212,-0.43141264,6.83875,0.41307485,5.685846,5.759965,8.825853,5.4248343,6.458611,5.5515804,5.2881417,8.377261,2.5283353,2.627561,5.427798,5.8414316,7.2867513,6.1368966,4.48769,6.5427985,4.847291,4.5016537,5.1080832,2.4240737,6.769389,6.272863,6.0702157,7.2434773,4.236136,4.3613873,-0.16709456,6.07353,8.191793,5.3453326,5.074276,4.8306713,6.1749887,5.079967,4.840805,3.8513155,6.7245355,4.879967,7.0419545,7.61337,6.879771,4.782453,7.4121227,2.208055,7.264312,9.8642,3.715466,6.7776403,8.184425,3.452128,4.4902496,6.329283,5.133566,7.4813004,5.835073,6.304751,3.7505994,3.751778,4.2274127,4.780865,4.7563877,6.930707,4.580987,7.36876,7.795245,3.178943,4.857741,5.9146194,3.4578521,3.6051805,5.859003,3.8681283,5.2077456,4.653849,6.2338653,8.412844,7.6978545,2.245922,6.5811825,6.4084773,5.512442,8.538536,3.6070476,5.504964,6.780629,4.9024386,6.13079,3.6274195,6.479294,6.0188627,3.5188167,4.797376,6.3355384,5.7498956,4.9195504,3.8087788,7.10946,0.5804959,2.7092407
TCGA-05-4425-01,1.6312206,2.4217556,9.712297,5.6711154,6.7658587,2.5776427,1.0585842,4.8453007,5.6771894,4.1281033,5.733917,6.7262673,7.433189,7.6444964,3.434184,8.534879,3.945276,5.2135706,6.667923,5.502297,8.808838,7.3039927,7.2496915,2.359231,8.982323,8.955217,-0.40011585,7.065604,0.7491433,5.6730847,5.699006,8.731618,5.1806154,6.230867,5.854234,5.276213,8.082699,2.4703507,2.6260097,5.72272,5.983829,7.1905384,5.894486,4.665427,6.6528115,4.9155073,4.418935,5.0908365,2.66464,6.5699186,6.1696177,6.1033473,7.238105,4.257153,4.3131037,0.22241326,5.8650155,8.131729,5.325068,5.1460958,4.8941817,6.2946954,5.011267,4.6779375,3.8430398,6.951803,4.66422,6.9255805,7.4337616,6.7203856,4.929545,7.4635925,2.3966928,7.1188526,9.848532,3.9538646,6.9139657,8.116113,3.5961082,4.197357,6.233461,4.9281807,7.4007864,5.8865685,6.220508,3.4641604,3.9207883,4.1180024,4.8049746,4.782149,7.2033806,4.6782327,7.3463755,7.8559346,2.9914982,4.7821603,5.956378,3.3964574,3.5043507,5.7766857,3.837213,5.3617945,4.4794326,6.3022814,8.149662,7.650416,2.0507421,6.5229263,6.393717,5.442547,8.399695,3.5880902,5.531848,6.8578486,4.927549,6.0223036,3.6894062,6.3119664,6.091657,3.6094296,4.941559,6.3071895,5.6927757,4.736119,3.831242,7.1287994,0.5070564,2.8172915
TCGA-73-4676-01,1.7396778,2.4720905,9.727033,5.566461,6.9058704,2.5411687,0.9997311,4.891755,5.540731,4.2861958,5.8780975,6.7738166,7.6037374,7.787674,3.428835,8.434425,3.9233558,5.3342075,6.945881,5.446513,8.827985,7.397441,7.399008,2.3453584,8.988525,8.967434,-0.37338355,7.1315107,0.86344683,5.5458455,5.8585973,8.766399,5.3039417,6.272722,5.822551,5.258641,8.078547,2.4221432,2.5188794,5.565209,6.0793767,7.190069,6.0640516,4.774345,6.8670225,4.9532914,4.451594,5.223018,2.6222005,6.6517096,6.0027757,6.10957,7.313693,4.1435156,4.510797,-0.05483487,5.805291,8.266386,5.44191,5.0925856,4.932854,6.3779707,5.1743765,4.6281686,3.780662,6.92944,4.620114,7.0446033,7.573266,6.8226976,4.9053907,7.5488095,2.3669996,7.328051,9.920983,3.8736148,6.817559,8.31268,3.58663,4.318946,6.279999,5.0445495,7.422932,5.9182568,6.3016257,3.5215542,4.0561795,4.007868,4.750688,4.748333,7.3278627,4.5211463,7.2750273,7.719682,2.9538405,4.7045794,6.3321266,3.4931078,3.4398932,5.788785,3.8195221,5.474933,4.660851,6.2702346,8.2300415,7.593714,2.126933,6.6217165,6.5282736,5.4961233,8.345595,3.8055968,5.5147786,6.7230735,5.071562,5.9830065,3.7309628,6.262759,6.092851,3.5611315,4.891762,6.3017564,5.6231146,4.7721853,3.756022,7.1535635,0.5086025,2.7341154
TCGA-95-A4VP-01,1.5969476,2.0060818,10.001647,5.73132,6.9724774,2.5409753,0.9708467,5.0603786,5.355673,4.2326846,5.9354925,6.766644,7.900079,8.179753,3.542522,8.809604,3.5002873,5.5554643,7.16097,5.685587,8.779321,7.195215,7.146364,2.0395896,9.59239,9.148451,-0.5536236,6.8410444,0.11077035,5.4022284,5.824603,8.748467,5.6441317,6.6232967,5.7413526,5.462029,8.394211,2.3029678,2.5462143,5.369022,5.722785,7.1788917,6.4154496,4.7640276,6.870635,4.784668,4.82791,5.577162,2.0575986,6.813487,6.2347636,6.135984,7.475938,4.2191086,4.6228704,-0.56697893,6.210791,8.47664,5.6086116,4.876407,4.9474263,6.226065,5.688056,4.8833165,3.8034484,6.51559,5.0224695,7.3907695,7.9131002,6.971121,5.026719,7.5540442,2.2404227,7.528824,10.170004,3.4662101,6.508466,8.614827,3.387768,4.698649,6.181867,5.370996,7.3771544,5.5329947,6.432384,4.0352945,3.8025625,4.1769223,4.7498546,4.755959,7.0283747,4.494701,7.593583,7.6567564,3.2684653,5.0410757,6.0363317,3.5839055,3.6258914,5.93428,3.8361309,5.2988863,4.8854156,6.179526,8.4510765,7.676542,2.4304953,6.945223,6.75948,5.673006,8.59629,3.8249848,5.44097,6.4158416,5.138985,5.8305,3.499696,6.514154,5.879281,3.2226121,4.620987,6.1076565,5.6117973,5.139701,3.679132,6.983913,0.5310835,2.6021767
TCGA-05-4422-01,1.6280929,2.3156264,9.700762,5.6515484,6.7818103,2.5365648,1.0469224,4.8325067,5.656481,4.1722336,5.63949,6.745774,7.411885,7.6720576,3.4077141,8.544395,3.9333217,5.2514305,6.6601567,5.497438,8.858806,7.3234572,7.22791,2.3628037,8.971353,8.94953,-0.41179052,7.005895,0.687831,5.7343464,5.6973844,8.772665,5.184217,6.26668,5.8222885,5.2331457,8.158848,2.4842563,2.6509206,5.719358,5.9351444,7.220271,5.881578,4.6451263,6.60866,4.894749,4.4287066,5.058072,2.6406224,6.615327,6.1948323,6.1640873,7.230748,4.25829,4.2862363,0.2789684,5.8548555,8.157742,5.3020706,5.162253,4.837446,6.2704306,5.0524864,4.7038836,3.8586938,6.920991,4.676212,6.923243,7.445783,6.732283,4.9441447,7.4386544,2.392619,7.1183476,9.828686,3.935383,6.9363947,8.111407,3.551011,4.2344065,6.253775,4.9168983,7.4339876,5.8943677,6.2292023,3.4331284,3.8983774,4.114669,4.798161,4.7081614,7.1599994,4.661323,7.3377976,7.883866,3.0030432,4.792737,5.9484286,3.3870623,3.519832,5.774868,3.843072,5.3421397,4.446901,6.2770267,8.212311,7.6609225,2.040946,6.5204206,6.3942137,5.425971,8.398141,3.5897532,5.538459,6.8817506,4.919581,6.0746236,3.696675,6.3458176,6.109992,3.609421,5.011029,6.3286214,5.70842,4.7392616,3.8281639,7.128573,0.49669173,2.856478
TCGA-MN-A4N5-01,1.6980672,2.1452904,9.862092,5.7213483,6.86196,2.5968034,0.9933269,5.041003,5.3580184,4.1052847,5.751584,6.6111145,7.5503054,8.322009,3.430131,8.632233,3.9708278,5.5238123,7.2816553,5.645562,8.582702,7.2085295,7.0894017,2.090124,9.36717,9.239876,-0.47120926,6.814372,0.12890667,5.4622307,5.772931,8.651455,5.46314,6.5551963,5.587959,5.3745155,8.394204,2.5284455,2.5031793,5.4790263,5.752628,7.180386,6.3165126,4.5637083,6.626678,4.819115,4.6609297,5.3442936,1.9980811,6.7743535,6.3693266,6.034542,7.296286,4.2564163,4.4726152,-0.60714227,6.2836494,8.313387,5.514287,4.9256225,4.877324,6.2023115,5.40423,4.8924193,3.856033,6.643422,4.904871,7.2169595,7.731539,6.8889256,4.7787023,7.486357,2.2597444,7.460901,10.113307,3.5668907,6.653695,8.377605,3.416233,4.5244823,6.108241,5.31366,7.375626,5.6599574,6.336171,3.9640403,3.6854365,4.315397,4.825461,4.922001,6.830981,4.5812535,7.657195,7.8028417,3.2428043,4.9752493,6.0224605,3.4969676,3.6085436,5.9060426,3.8350222,5.1842136,4.758909,6.235648,8.236723,7.7052426,2.3360355,6.7517023,6.602753,5.5926723,8.734448,3.6040552,5.472162,6.6393657,4.9338784,5.926954,3.4951785,6.5211463,5.8859315,3.3170178,4.620081,6.1912737,5.6789665,5.0721393,3.7602472,7.075648,0.5175377,2.5563745
TCGA-44-4112-01,1.6339722,2.5923166,9.765935,5.811296,6.7754035,2.7767324,0.90027887,5.103936,5.6173882,3.753702,5.820945,6.83314,7.757095,7.6982384,3.5149825,8.438466,3.6515129,4.9754534,7.1130085,5.474447,8.584336,7.226535,7.30242,2.2103848,9.147251,9.105883,-0.3452214,7.2382703,0.8698662,5.4283924,5.682082,8.569399,5.276087,6.2353907,5.8465886,5.3864985,7.843066,2.4091487,2.5126374,5.517311,6.1115212,7.0748653,6.074443,4.8505588,6.896813,4.954805,4.6279917,5.336114,2.4797175,6.486156,6.0919557,5.9856005,7.2618446,4.222179,4.4863796,-0.47973254,5.852325,8.224803,5.470711,5.073144,4.979833,6.4848547,5.3290033,4.587834,3.7630706,6.8794312,4.671431,7.0552044,7.616717,6.571095,4.9475985,7.6519165,2.515021,7.2449846,10.051837,3.8838458,6.7735443,8.261233,3.687577,4.1284,6.04935,5.103265,7.2860646,5.720508,6.150463,3.7121854,4.0664725,4.0196114,4.8758464,5.0827527,7.2611814,4.68879,7.453551,7.7121634,2.9067845,4.740953,6.2686315,3.5522013,3.458272,5.827585,3.7592726,5.5283628,4.5230236,6.444376,7.937169,7.5611787,2.2087777,6.6937933,6.5251646,5.4825416,8.552808,3.6912897,5.4681897,6.7283254,5.025626,5.8110275,3.626083,6.2512155,6.0536633,3.5355883,4.651542,6.1023054,5.525174,4.800407,3.8032937,7.073008,0.5761308,2.5264723
TCGA-MP-A4T9-01,1.737737,2.3571916,9.721294,5.5690155,6.9573903,2.533203,0.98367906,4.9398417,5.4790993,4.336352,5.8317966,6.7740836,7.6019325,7.9661946,3.4198537,8.614512,3.9567463,5.4416633,7.0061064,5.488485,8.845874,7.4000645,7.3294187,2.303114,9.020182,9.043573,-0.41338387,7.0303354,0.650778,5.5204372,5.853767,8.740537,5.3491344,6.3698254,5.811515,5.2581277,8.217643,2.456142,2.4989264,5.583123,5.988702,7.1839967,6.148381,4.7508283,6.800831,4.9179916,4.5044637,5.260449,2.4060545,6.7284656,6.087273,6.1495657,7.331169,4.157414,4.523316,-0.06611006,5.903615,8.335436,5.4773307,5.03837,4.8780065,6.3376436,5.307871,4.695611,3.8198102,6.8503747,4.65069,7.1206326,7.628585,6.8691745,4.8997283,7.551598,2.357338,7.407123,9.975324,3.7758927,6.788616,8.38996,3.5065715,4.420049,6.2227716,5.1131196,7.438534,5.8489947,6.346428,3.5872593,3.9721792,4.074772,4.755014,4.7205033,7.213422,4.5033054,7.386673,7.759048,3.0162854,4.775939,6.3183227,3.4772384,3.4674418,5.807162,3.8214083,5.4133477,4.7075806,6.2238355,8.254519,7.6305084,2.1734643,6.658782,6.606379,5.5158253,8.42069,3.7942035,5.5169415,6.6981077,5.0646443,5.96938,3.6706336,6.320143,6.043341,3.473971,4.8883505,6.2846684,5.628254,4.8248854,3.7411227,7.1567516,0.4843921,2.712048
TCGA-49-4490-01,1.7782845,2.0562224,9.874251,5.5010657,7.0354013,2.389854,1.1295575,4.9199414,5.253484,4.7222776,5.8119636,6.597149,7.4902043,8.435663,3.4130054,8.520327,4.1015334,5.8422737,7.2393517,5.6439247,8.849627,7.3560324,7.2244925,2.2834785,9.309586,9.066157,-0.516593,6.802019,0.22745253,5.5054073,6.007118,8.831017,5.5968733,6.5772486,5.6739173,5.3295646,8.603005,2.531047,2.5686393,5.4345684,5.7679715,7.2273436,6.3634043,4.566671,6.724932,4.8172064,4.5557804,5.3397226,2.1547303,6.9527817,6.1722164,6.12502,7.4037824,4.1324086,4.599717,-0.16834193,6.1557856,8.403683,5.514033,4.9645963,4.859328,6.107755,5.3447213,4.910002,3.876635,6.6278267,4.913123,7.273015,7.7497168,7.12355,4.767646,7.449006,2.1012418,7.565238,9.982263,3.505359,6.621256,8.530533,3.3311465,4.7841964,6.344791,5.336025,7.545622,5.744777,6.4947953,3.8388555,3.7472193,4.2686577,4.7046494,4.5411296,6.9420495,4.425971,7.431249,7.7053924,3.3028336,4.9649434,6.078604,3.510598,3.5820465,5.896093,3.8997226,5.1735215,4.9819155,6.0401945,8.621929,7.722065,2.3448174,6.7148952,6.66456,5.6299057,8.435862,3.8097136,5.4891267,6.499187,5.0940332,6.0257835,3.5988886,6.509147,5.9232345,3.3391547,4.844738,6.319595,5.730665,5.0669703,3.6925654,7.1005898,0.52558666,2.7314708
TCGA-86-A456-01,1.5558586,2.5604596,9.846131,5.9044504,6.7538075,2.8056543,1.003696,5.0591207,5.6346154,3.845858,6.085244,6.7393928,7.7706466,7.816738,3.6269891,8.778386,3.6570919,5.084617,6.9551716,5.6394725,8.576423,7.1434927,7.1595364,2.1255138,9.359645,9.183264,-0.4669508,7.086427,0.5313472,5.3354692,5.5738835,8.469587,5.318812,6.320772,5.9469676,5.559138,7.9120774,2.3450422,2.5298865,5.650259,6.000049,7.046649,6.143931,4.8232203,6.7873025,4.9012556,4.618066,5.434465,2.2216957,6.4390497,6.251956,5.9247365,7.347852,4.3444934,4.4771132,-0.37264124,6.1204395,8.268228,5.4865427,4.9073257,5.060656,6.313209,5.3806553,4.7010536,3.8227131,6.83854,4.7678266,7.1415806,7.6231422,6.6829615,5.0284157,7.618053,2.413923,7.235518,10.04647,3.814087,6.7029757,8.317378,3.6706517,4.211411,5.9682064,5.11683,7.2063007,5.5739574,6.2504625,3.867774,3.8742359,4.2273283,4.8392286,5.1153765,7.194055,4.7600117,7.6376305,7.7553616,3.0842648,4.9526415,6.0893607,3.42654,3.5403512,5.847695,3.8047187,5.3648553,4.688034,6.3525186,7.9122653,7.66405,2.2465847,6.722836,6.585901,5.5910444,8.609562,3.5697505,5.483346,6.634045,4.9655595,5.6926975,3.4816818,6.2963037,5.897067,3.3795974,4.502627,6.086188,5.600459,4.8965364,3.8076155,7.070341,0.5580819,2.5082626
TCGA-05-4403-01,1.6676439,2.453683,9.742268,5.674552,6.7616477,2.5787117,1.0281477,4.8536887,5.6278296,4.0976725,5.734494,6.7301955,7.444983,7.6357594,3.4283497,8.429561,3.8998797,5.2172966,6.781463,5.4798145,8.741824,7.300069,7.2817225,2.3155234,9.036411,8.943455,-0.37058523,7.0801034,0.79059035,5.65729,5.7080703,8.749788,5.21914,6.2383466,5.8004627,5.2866664,8.054842,2.4438698,2.6160345,5.626213,6.0184803,7.2050915,5.928585,4.6702695,6.6927333,4.926466,4.4348345,5.108013,2.7124393,6.5658646,6.134866,6.071553,7.23145,4.2346997,4.346791,0.088457055,5.856008,8.115603,5.3342514,5.1462665,4.9138613,6.321146,5.0042806,4.6627407,3.8113248,6.9273314,4.6895547,6.9321804,7.472587,6.7139287,4.9176707,7.4767823,2.3833365,7.1334677,9.845368,3.9457366,6.8843465,8.1187,3.6132934,4.203932,6.261393,4.954837,7.3989496,5.8924103,6.2121863,3.5133646,3.947998,4.0864077,4.8031964,4.8248806,7.219023,4.658245,7.302255,7.8042336,2.979555,4.7499332,6.0035977,3.4381015,3.5013924,5.789849,3.8278332,5.386872,4.5004487,6.3292794,8.168668,7.6245284,2.0852158,6.5423236,6.3836017,5.452046,8.402741,3.625852,5.5192547,6.843013,4.941684,6.030955,3.700914,6.30572,6.097175,3.6202214,4.8868866,6.294345,5.6746593,4.746204,3.8245876,7.1227345,0.5476904,2.7791328
TCGA-78-8640-01,1.642608,1.9654192,9.934461,5.702882,6.950772,2.476913,1.0201598,5.0071874,5.3114605,4.3884745,5.690366,6.7125554,7.554252,8.216427,3.4631279,8.804026,3.751037,5.654134,7.12606,5.685717,8.795147,7.2439218,7.0864778,2.122003,9.48566,9.1147175,-0.54336065,6.7219324,0.07230183,5.5632777,5.755827,8.780265,5.585719,6.6310825,5.7165885,5.4037104,8.553049,2.416085,2.6476133,5.4359794,5.684048,7.221344,6.3082647,4.6095853,6.609215,4.77869,4.7070346,5.366368,2.1134486,6.8634,6.3358026,6.1689014,7.3867745,4.2592688,4.4782615,-0.07442919,6.219051,8.381191,5.4648237,4.9427443,4.814086,6.1154795,5.5168653,4.9305396,3.887674,6.5148854,5.010325,7.2759266,7.793602,6.961674,4.957381,7.4665904,2.2060578,7.417702,9.989313,3.518472,6.633439,8.457502,3.3345819,4.7126584,6.228267,5.2787576,7.4696074,5.582816,6.4250145,3.9112108,3.6746557,4.273868,4.76155,4.6402597,6.878691,4.5673985,7.5531845,7.7751846,3.297568,5.055601,5.8793635,3.4721327,3.6639898,5.9087644,3.8653626,5.1753707,4.811246,6.134849,8.521204,7.744358,2.372112,6.7656007,6.6464005,5.605984,8.566966,3.6920667,5.483296,6.582735,5.0181594,5.978314,3.499577,6.542248,5.906566,3.301325,4.77826,6.2058525,5.7018437,5.0435786,3.7386441,7.039869,0.58564025,2.6970513
TCGA-44-7669-01,1.6070939,2.2222276,9.911369,5.859098,6.9400425,2.7445023,0.911705,5.2509365,5.3598294,3.9241457,5.89663,6.786983,7.9231296,8.24828,3.576833,8.876461,3.5633633,5.326346,7.387369,5.688267,8.587537,7.172246,7.109031,2.0271344,9.537125,9.347851,-0.5307682,6.9349737,0.20209102,5.2753496,5.676669,8.524674,5.5726166,6.567446,5.785757,5.5206056,8.215409,2.395165,2.4801662,5.4300103,5.833241,7.0664926,6.4342003,4.816498,6.804369,4.824216,4.8468595,5.5778627,1.8696467,6.703956,6.303843,6.035686,7.4237366,4.283429,4.604033,-0.67636836,6.2224445,8.487754,5.613984,4.824095,4.9347467,6.3016324,5.7602916,4.8280945,3.8405187,6.5778704,4.9072266,7.3757644,7.890605,6.800848,4.964782,7.6701474,2.3665655,7.5064635,10.218578,3.5134306,6.545176,8.571015,3.4720817,4.532165,5.949615,5.392347,7.287039,5.453031,6.3514776,4.1022825,3.8084848,4.2304235,4.8377476,5.0225444,6.9837976,4.6193113,7.75963,7.7065353,3.200922,5.0333424,6.1915975,3.5364957,3.5954068,5.9211698,3.7945633,5.341837,4.8315415,6.2707996,8.128822,7.6892605,2.4564555,6.8918524,6.780158,5.6414847,8.755403,3.6998663,5.4442506,6.4914203,5.0676007,5.6954074,3.4092124,6.4388795,5.8432417,3.2153916,4.4488015,6.026046,5.5573783,5.0672007,3.7389154,7.0244265,0.5465123,2.3899632
TCGA-95-7562-01,1.5974559,2.0251198,10.025182,5.8068724,6.9562736,2.592465,0.9579623,5.1122403,5.3133163,4.1659026,5.915478,6.79765,7.9804196,8.172034,3.5780954,8.767302,3.449736,5.482004,7.2821245,5.699787,8.711503,7.155902,7.131425,1.9746422,9.676036,9.165925,-0.5816463,6.832584,0.12562147,5.3804965,5.756901,8.71942,5.7028213,6.6312795,5.729495,5.528543,8.324605,2.3086624,2.5750604,5.297344,5.7561517,7.1706915,6.4442477,4.785243,6.8821254,4.764145,4.872469,5.6039515,2.0353162,6.7833347,6.2282968,6.0928226,7.4952855,4.2344246,4.641446,-0.68948996,6.193555,8.487914,5.593432,4.8745904,4.972403,6.2372518,5.749555,4.8833895,3.8074315,6.4814186,5.0663314,7.4069524,7.961247,6.933144,5.0751557,7.6058526,2.2288728,7.495444,10.160075,3.4416635,6.4779634,8.620702,3.4149582,4.6950755,6.1488695,5.4082613,7.3777947,5.467738,6.4067497,4.1185203,3.8203692,4.188578,4.7574024,4.841849,7.0375514,4.5110927,7.593978,7.6068993,3.283399,5.0597644,6.15273,3.6053834,3.638834,5.956742,3.8385212,5.2950864,4.8912244,6.20163,8.445772,7.677504,2.4974318,6.9581485,6.7549877,5.681497,8.610462,3.8320675,5.431534,6.376432,5.150518,5.821576,3.4777222,6.521708,5.8714013,3.2214077,4.5291414,6.0678315,5.599986,5.1537123,3.690854,6.9611993,0.55295223,2.5327725
TCGA-17-Z010-01,1.8459901,1.9771773,9.871054,5.37942,7.4186025,2.2434325,0.64866066,4.931978,5.084468,4.856724,6.2699327,7.185995,8.172733,7.951787,3.366832,8.958873,3.5999773,5.957729,7.287455,5.396606,9.218547,7.569965,7.5627747,1.892947,9.211891,8.916934,-0.58813727,6.7310486,0.406434,5.515758,5.830138,9.1261635,5.8210697,6.861944,5.7690525,5.2187243,8.451357,2.1115289,2.3157074,5.2260003,5.898548,7.453597,6.5799546,4.905071,7.2395782,4.875523,4.789704,5.608617,2.3826652,7.0931864,5.9439144,6.526506,7.658801,4.0457826,4.820476,-0.53780144,5.8521056,8.720593,5.7087903,4.8500996,4.889876,6.457116,6.0286355,4.738322,3.6824481,6.5542645,4.7541533,7.521456,8.109949,7.30913,5.312971,7.716922,2.2275624,7.8723416,10.222215,3.4446537,6.537247,8.959116,3.2478132,5.0859647,6.4492908,5.201687,7.551525,5.815268,6.67242,3.7628906,4.186037,3.8034086,4.489924,4.3436966,7.55306,3.9490242,7.271214,7.532256,3.0418959,4.747172,7.3480453,3.6027246,3.481571,5.850566,3.80344,5.5882764,5.020387,6.1172523,8.934908,7.5862584,2.4031649,7.089826,6.973098,5.68079,8.331785,4.413976,5.538427,6.4201455,5.3634524,6.1212063,3.6975071,6.397592,6.0314565,3.2010233,4.888116,6.3178625,5.5317802,4.949588,3.5433416,7.181317,0.32827008,2.7159643
TCGA-MP-A4TC-01,1.7449956,2.3458679,9.783473,5.5414867,6.906905,2.4674418,0.9872765,4.8513494,5.4965267,4.336146,5.827819,6.767171,7.56418,7.7668457,3.395428,8.36283,3.8748972,5.424019,6.941084,5.4454045,8.850435,7.383132,7.3934174,2.2956393,9.070266,8.914281,-0.37721515,7.056032,0.7758307,5.6156425,5.875318,8.863787,5.3587794,6.330248,5.742705,5.2397738,8.172829,2.3857358,2.5488622,5.482604,6.010078,7.2523375,6.0787,4.7215095,6.8583145,4.9293785,4.4812427,5.216334,2.6791372,6.7068005,6.0218444,6.142187,7.31804,4.134133,4.4936543,-0.09635824,5.834992,8.25393,5.430826,5.1139097,4.9196963,6.351957,5.168306,4.667433,3.761127,6.860774,4.707752,7.0531654,7.6091094,6.871461,4.923675,7.50094,2.3166423,7.3261228,9.913941,3.8305287,6.7935257,8.308194,3.5389066,4.400251,6.368681,5.0530863,7.4571195,5.935212,6.3164225,3.545533,4.0262566,3.9952538,4.7307367,4.6742673,7.2884088,4.482167,7.2300653,7.7066355,2.990437,4.711726,6.2532296,3.5224495,3.4754558,5.807873,3.8283372,5.4412675,4.654685,6.2635694,8.371124,7.5923285,2.1474762,6.654799,6.5035686,5.504145,8.343842,3.8327744,5.5083666,6.7172494,5.072092,6.0550914,3.7478096,6.3221865,6.1034636,3.5587192,4.9228363,6.3198686,5.6431937,4.817726,3.7427745,7.127936,0.5229716,2.7829223
TCGA-05-4244-01,1.7566181,2.063782,9.875843,5.5494075,6.906872,2.3831859,0.94509184,4.844585,5.3423934,4.3518662,5.70388,6.740425,7.530028,7.920119,3.3466644,8.26469,3.806756,5.589561,7.1126475,5.4860816,8.815749,7.3235755,7.3065453,2.1350882,9.297988,8.940242,-0.42539898,6.8391476,0.44962013,5.7078433,5.8455663,8.973489,5.49724,6.5145707,5.5318823,5.230507,8.376151,2.3655908,2.5832188,5.311734,5.83293,7.363519,6.1846094,4.598381,6.768325,4.8472757,4.587206,5.227601,2.5320396,6.8202195,6.148435,6.183488,7.32092,4.160534,4.458274,-0.38236126,5.9885693,8.300025,5.4210114,5.082732,4.867868,6.2649775,5.262028,4.8005795,3.757244,6.6780763,4.901658,7.1162434,7.7358932,6.9596214,4.935252,7.430451,2.209203,7.3574853,9.942521,3.677499,6.7196217,8.321116,3.423113,4.584863,6.4444714,5.120423,7.4957275,5.8821206,6.350594,3.714841,3.8982842,4.0483365,4.7083564,4.623526,7.0990043,4.41727,7.2552905,7.7000027,3.1212535,4.790308,6.18336,3.559407,3.5768425,5.8645573,3.8495312,5.327028,4.6680408,6.23892,8.580167,7.6203394,2.2481596,6.7413235,6.486929,5.5398064,8.456103,3.8323703,5.4923024,6.6903696,5.0312533,6.165048,3.7086089,6.4842763,6.0738535,3.490208,4.8700776,6.3301115,5.69166,4.9627523,3.728362,7.078208,0.53971136,2.7763577
TCGA-55-1595-01,1.7389363,1.99867,9.975898,5.6061435,6.9667745,2.4343045,0.972489,4.9684277,5.27051,4.37238,5.735521,6.675592,7.618915,8.263998,3.408764,8.530615,3.7856379,5.753098,7.271373,5.6077976,8.690089,7.258522,7.190529,2.0636075,9.474182,9.06048,-0.45408228,6.8007994,0.15273584,5.4897785,5.932898,8.857962,5.6264663,6.6176133,5.561369,5.3506994,8.539362,2.406804,2.535125,5.2831373,5.7303376,7.2524943,6.399991,4.6080666,6.8016076,4.8061213,4.7252984,5.428929,2.2456813,6.908418,6.2056103,6.112801,7.3807063,4.1305623,4.608094,-0.5865537,6.185352,8.332052,5.5734043,4.97682,4.8935328,6.2295647,5.4583125,4.8912086,3.7853866,6.5216994,5.0267634,7.3078775,7.8562574,7.013356,4.8383145,7.474712,2.1855779,7.5511813,10.102109,3.4742239,6.551318,8.525803,3.346879,4.7244463,6.3251543,5.397134,7.476166,5.7171597,6.4110804,3.9743593,3.7718463,4.1785307,4.757688,4.706692,6.935937,4.431602,7.4649773,7.6592865,3.2519062,4.9299865,5.987912,3.6306634,3.6031506,5.9400783,3.8365974,5.241262,4.867491,6.1847363,8.569176,7.6481676,2.403051,6.8593016,6.6688347,5.6306424,8.565361,3.838404,5.443413,6.50371,5.0981054,5.992234,3.5823886,6.5465603,5.9256806,3.3088124,4.7239,6.1917152,5.643712,5.1220493,3.6763675,7.026017,0.55643636,2.6694875
TCGA-78-7156-01,1.7039287,2.3750625,9.783633,5.6352468,6.752938,2.5107703,1.0446026,4.8043,5.5741735,4.1713367,5.67816,6.6750164,7.346758,7.6628766,3.382395,8.314473,3.9546053,5.3241305,6.810584,5.4804487,8.721471,7.290931,7.278839,2.290059,9.08978,8.898063,-0.3619802,7.0172577,0.7252755,5.713371,5.7483854,8.829729,5.2615213,6.2759748,5.702116,5.265518,8.149054,2.4528642,2.634726,5.5532007,5.9668937,7.2599773,5.944937,4.580627,6.660885,4.9099817,4.4245,5.07029,2.7749898,6.6226406,6.1523056,6.066041,7.216959,4.215916,4.329872,0.043298706,5.89894,8.067972,5.3194704,5.173099,4.9078116,6.285709,4.9118195,4.7052073,3.8001971,6.8848433,4.762925,6.9216967,7.477826,6.770505,4.8711867,7.421573,2.3152423,7.136521,9.828241,3.909379,6.8659024,8.091009,3.5742204,4.2700477,6.350372,4.9785504,7.4404554,5.9360285,6.222269,3.5392604,3.9008183,4.1058145,4.7911057,4.7801914,7.1567006,4.6248407,7.2558446,7.7935514,3.0248885,4.745689,5.905998,3.4633136,3.5285695,5.80896,3.8425527,5.3292217,4.5141525,6.3185835,8.28618,7.6281567,2.1036444,6.539075,6.336951,5.4584064,8.404049,3.6283665,5.513882,6.845663,4.9249396,6.1104655,3.721252,6.361411,6.100046,3.6330082,4.9049673,6.3297772,5.708334,4.7895274,3.819795,7.111903,0.5605282,2.8176475
TCGA-17-Z037-01,1.906676,1.9811832,9.828718,5.3639803,7.4294486,2.2273498,0.62076277,4.93119,5.017277,5.02085,6.217733,7.178518,8.193401,7.969493,3.3413267,8.875348,3.6819718,5.9893184,7.3278937,5.3641796,9.303964,7.562662,7.6239724,1.9678438,9.177563,8.887063,-0.58584684,6.711796,0.46551722,5.542319,5.934311,9.170608,5.879246,6.8508344,5.6931977,5.228286,8.4415655,2.1256166,2.3150306,5.144099,5.9411664,7.4984846,6.6064477,4.8766,7.204255,4.87442,4.7851415,5.5914483,2.2866528,7.091854,5.910419,6.524203,7.664679,4.0219493,4.8376074,-0.39368686,5.77987,8.856764,5.6884747,4.887532,4.910469,6.4874287,6.0478787,4.729666,3.6622524,6.56112,4.786446,7.50554,8.132301,7.3343887,5.3367085,7.744001,2.1744514,7.878903,10.216247,3.428118,6.5248227,8.950741,3.2687578,5.1136613,6.5172615,5.21787,7.593103,5.855196,6.655002,3.7320943,4.23481,3.7913995,4.4718657,4.3312464,7.5454683,3.8839054,7.21752,7.4864764,3.0395758,4.7025695,7.601133,3.640372,3.4731536,5.868208,3.8121128,5.578042,5.0262876,6.142478,9.035982,7.5726805,2.4429977,7.090192,6.9271317,5.6814785,8.323045,4.500312,5.54035,6.4045086,5.371289,6.2118473,3.729879,6.41553,6.051707,3.2331333,4.921274,6.33883,5.5381274,4.9631014,3.5436754,7.18635,0.3162541,2.6831439
TCGA-44-2659-01,1.6038526,1.9820986,10.012604,5.812416,6.939425,2.56642,0.98435515,5.079787,5.2938857,4.2247825,5.8290467,6.7994795,7.9504623,8.164077,3.5681112,8.698501,3.4802961,5.470101,7.2847195,5.6973524,8.732853,7.1575785,7.117886,1.9867374,9.668262,9.126271,-0.60425514,6.790821,0.13697743,5.453452,5.736126,8.758471,5.7133584,6.6303673,5.7006025,5.51707,8.336258,2.3442926,2.634332,5.277726,5.7506733,7.2035155,6.4042926,4.7496233,6.8359323,4.738546,4.848754,5.5410476,2.0669549,6.7935185,6.2238626,6.1061635,7.485539,4.237855,4.608199,-0.6311324,6.1510115,8.47554,5.5340896,4.915948,4.948848,6.201829,5.7079325,4.9015994,3.8284228,6.474635,5.088724,7.3700213,7.9491434,6.9335794,5.0922275,7.5867667,2.192466,7.440508,10.090661,3.4471693,6.5051293,8.575835,3.4068809,4.7038875,6.185328,5.383436,7.4250984,5.47175,6.394978,4.090145,3.8134677,4.1995296,4.745614,4.805996,7.0249176,4.5076175,7.535257,7.6032863,3.3032951,5.0641046,6.1874957,3.5967252,3.6541715,5.9582787,3.8607566,5.260949,4.861822,6.180189,8.512604,7.688772,2.4969318,6.9175754,6.7047167,5.6625447,8.5670805,3.825852,5.4389043,6.3901258,5.1391554,5.8994336,3.5009449,6.548146,5.8998017,3.2621663,4.5747643,6.1016016,5.6334863,5.14538,3.7042694,6.955827,0.5569655,2.5702507
TCGA-49-6742-01,1.6025512,2.2050555,9.799798,5.8236794,6.881671,2.6563077,0.95703363,5.094544,5.450334,4.0546217,5.623569,6.8495617,7.736182,8.001699,3.519683,8.742799,3.6402197,5.237781,7.126084,5.608251,8.717323,7.2483706,7.1225324,2.1573894,9.337817,9.162461,-0.5170923,6.909998,0.42172134,5.5346622,5.622021,8.643233,5.4394794,6.462192,5.813581,5.404094,8.2005205,2.4564538,2.6372783,5.5273976,5.876523,7.143737,6.1703973,4.767407,6.6632857,4.817104,4.6960793,5.315398,2.182901,6.679818,6.255662,6.143378,7.345358,4.2853847,4.4533486,-0.16085008,5.976853,8.384872,5.4173675,5.001294,4.8249235,6.263162,5.532077,4.7874985,3.8880606,6.6732235,4.832612,7.1775103,7.735692,6.72447,5.038649,7.5959725,2.3844733,7.2819576,9.968842,3.6826544,6.7399507,8.365468,3.4867804,4.4192924,6.0650606,5.1827188,7.4023743,5.583015,6.284423,3.8041923,3.8506174,4.1769485,4.820975,4.8523607,7.0478992,4.6547923,7.543152,7.776332,3.1237512,4.9586935,6.146485,3.4618206,3.582104,5.8631372,3.8252103,5.3319416,4.623013,6.2470245,8.213641,7.6914754,2.3065186,6.709143,6.614853,5.521544,8.560798,3.6617706,5.4902678,6.6632867,5.0149884,5.90692,3.5284674,6.4169354,5.986485,3.4030025,4.731265,6.146413,5.6269374,4.898676,3.7890635,7.0565143,0.5454737,2.601393
TCGA-MP-A4SV-01,1.7243879,1.9583703,9.957328,5.5870423,6.972865,2.3851762,0.9575818,4.9147053,5.277345,4.4432626,5.7634387,6.747679,7.617475,8.055664,3.3986826,8.509277,3.7382257,5.7103767,7.159037,5.573798,8.831924,7.2874913,7.241994,2.0686035,9.442035,8.988057,-0.49015564,6.7613688,0.23805489,5.614338,5.8495345,8.937663,5.62161,6.6180515,5.588216,5.322002,8.496817,2.3411634,2.589063,5.280291,5.746078,7.323053,6.319375,4.6220326,6.785363,4.805085,4.69116,5.3668447,2.359959,6.891741,6.19286,6.1880965,7.400631,4.165875,4.537159,-0.3573247,6.107483,8.376261,5.4936295,5.005621,4.8753476,6.216549,5.4524446,4.871108,3.7850533,6.5498457,5.0038934,7.255431,7.836994,7.029193,4.9814396,7.4617662,2.1705112,7.454669,10.014686,3.5366068,6.613454,8.473715,3.3537421,4.7380505,6.3944664,5.250843,7.5033517,5.7436748,6.4214463,3.8511882,3.8241794,4.12108,4.703886,4.594875,7.0310087,4.410874,7.3677344,7.6730084,3.221568,4.9084997,6.131813,3.5774407,3.6160448,5.9084387,3.8560374,5.2665596,4.8014193,6.1791115,8.654547,7.658122,2.355785,6.829094,6.609158,5.605285,8.48912,3.8641484,5.4751897,6.56029,5.088103,6.0834994,3.6248224,6.53522,5.9875774,3.363823,4.8116336,6.2597365,5.676928,5.0556364,3.6939716,7.0411186,0.54977125,2.7417963
TCGA-55-7911-01,1.5475444,2.4625711,9.9060955,5.9080033,6.904546,2.8218737,0.9041318,5.242426,5.5156484,3.8119078,6.108219,6.8592954,8.010022,7.9546976,3.6574252,8.935127,3.4251888,5.140171,7.1734924,5.6551023,8.611665,7.1699343,7.194374,2.0764956,9.483872,9.283392,-0.49050602,7.1166024,0.47123596,5.207951,5.629634,8.462496,5.4819922,6.4270625,5.9815145,5.586914,7.977629,2.2756398,2.472856,5.519766,5.9824166,6.996822,6.3356733,4.9647293,6.930352,4.899294,4.80812,5.631046,2.062592,6.5428634,6.202202,5.9951663,7.44611,4.2977576,4.6237683,-0.5081953,6.1071353,8.447142,5.618565,4.8293095,5.031453,6.3892097,5.7212,4.6971765,3.7975073,6.697795,4.8082414,7.330706,7.8197865,6.7063775,5.075173,7.7291293,2.4619853,7.419808,10.191723,3.6646585,6.576306,8.550968,3.6049314,4.3731694,5.9153714,5.282892,7.201837,5.4532437,6.3168144,4.005677,3.941269,4.138386,4.8398457,5.0827713,7.2098293,4.6924443,7.7144217,7.6782866,3.0798476,4.9791503,6.20018,3.5142748,3.5374382,5.879672,3.7660787,5.4742966,4.7998056,6.3407807,7.9780765,7.647499,2.3820574,6.8800817,6.779538,5.636014,8.661565,3.7201827,5.4501243,6.502135,5.104475,5.5746765,3.4306245,6.2924104,5.86542,3.2623887,4.426668,5.980878,5.4995575,4.9526324,3.749726,7.033578,0.5796532,2.392547
TCGA-55-7570-01,1.5524322,2.4233453,9.839987,5.8919635,6.893929,2.7900329,0.95265067,5.185654,5.52585,3.9318445,5.9834514,6.848288,7.903911,7.970183,3.634504,8.958157,3.5616274,5.1519685,7.1017165,5.6600695,8.670152,7.2000036,7.1515074,2.1399786,9.391496,9.256758,-0.52056247,7.0500207,0.46376592,5.303847,5.5956783,8.473296,5.435278,6.4215946,5.9924564,5.545072,8.029918,2.359242,2.5342066,5.604285,5.958875,7.0232096,6.256006,4.902081,6.806502,4.872317,4.7349215,5.510886,2.0658214,6.5643053,6.2384987,6.0389295,7.41585,4.3187356,4.5527153,-0.26465455,6.068444,8.434091,5.5358806,4.870629,4.9636006,6.3201747,5.6405835,4.7289643,3.8590937,6.725152,4.7802596,7.268079,7.752046,6.708944,5.0734434,7.6919994,2.4416122,7.354237,10.094434,3.6948738,6.6557,8.480198,3.5775487,4.3648367,5.925425,5.217573,7.260751,5.483219,6.3131456,3.9070997,3.8913891,4.195301,4.8331885,5.00465,7.1611,4.7100534,7.6877413,7.739209,3.103277,4.9987965,6.1950493,3.4484665,3.548458,5.8612413,3.7956069,5.4039164,4.749947,6.287545,8.005633,7.6851645,2.3356392,6.786861,6.728192,5.5974607,8.61291,3.6622212,5.4773526,6.5638375,5.0563455,5.663008,3.4439888,6.3156652,5.8896003,3.3040674,4.5419097,6.044811,5.5577655,4.909294,3.7758944,7.0598497,0.5505112,2.468913
TCGA-86-8280-01,1.5943156,2.0593007,10.026087,5.8380637,6.9400105,2.6143463,0.97867256,5.121376,5.3007884,4.164556,5.918085,6.809293,7.986468,8.143603,3.6010635,8.72342,3.4376302,5.43973,7.304243,5.706135,8.700667,7.1357603,7.1362977,1.9729885,9.696348,9.146471,-0.6022415,6.843613,0.16968499,5.388074,5.7201,8.714133,5.7274976,6.616426,5.7515407,5.567335,8.276245,2.3125255,2.6103523,5.2704263,5.7895255,7.1703067,6.4356575,4.787659,6.877923,4.7572618,4.8680425,5.5960107,2.052296,6.7547164,6.210525,6.0610957,7.5029254,4.2461176,4.6365967,-0.651563,6.163089,8.481697,5.564122,4.8860335,4.9926105,6.2303705,5.726778,4.8781667,3.8158956,6.4801807,5.084083,7.393773,7.9595,6.9175596,5.1073647,7.6243634,2.209737,7.4435015,10.122215,3.450218,6.474292,8.603115,3.4416394,4.69582,6.154903,5.392118,7.3884697,5.43208,6.3936553,4.1345305,3.8382168,4.1941795,4.752405,4.865529,7.0635805,4.5259852,7.560463,7.577479,3.290978,5.0658064,6.1947503,3.604471,3.6462026,5.9614677,3.850209,5.292225,4.894019,6.207573,8.465493,7.6817174,2.5225582,6.937637,6.7254906,5.6813345,8.581101,3.8339067,5.432144,6.3624854,5.154379,5.831006,3.478752,6.5160117,5.8780403,3.2458844,4.4976,6.0655446,5.607323,5.1405573,3.7063444,6.9511104,0.5773576,2.5204709
TCGA-MP-A4T4-01,1.7571169,2.0295537,9.858477,5.5136833,6.9978566,2.3542461,1.0708553,4.8664784,5.3156734,4.6263,5.672669,6.689808,7.4884834,8.189482,3.38118,8.476302,3.9344735,5.730709,7.0992494,5.5692725,8.883561,7.381687,7.257293,2.2718248,9.269221,8.965225,-0.47644204,6.819203,0.360724,5.6303926,5.9704356,8.921346,5.5361643,6.5238786,5.655618,5.2645583,8.541284,2.468189,2.6218944,5.41364,5.7972903,7.274861,6.236808,4.6049786,6.7226686,4.8286963,4.54923,5.2563686,2.3816237,6.9169197,6.1306925,6.199736,7.370274,4.1253767,4.5363774,-0.034318626,6.0096693,8.34747,5.4480553,5.0567603,4.8196025,6.165207,5.3020873,4.851264,3.844799,6.6525936,4.889728,7.190578,7.723165,7.039497,4.8640823,7.4319015,2.1644773,7.4554973,9.907089,3.5985792,6.6978827,8.439432,3.3547258,4.6934085,6.4040976,5.2400775,7.565351,5.8126054,6.4363875,3.704417,3.8217163,4.153229,4.706312,4.5029144,7.0322104,4.4363546,7.3165407,7.7175837,3.2074454,4.888857,6.0328817,3.5213535,3.5698087,5.870677,3.8805423,5.247355,4.826894,6.0941916,8.636309,7.6824565,2.2740214,6.6942577,6.5986915,5.5663376,8.375924,3.8315034,5.496842,6.5946894,5.0914855,6.1083803,3.668484,6.483869,6.0151296,3.4279547,4.953743,6.3330364,5.7142606,4.981637,3.7038891,7.0935583,0.53843033,2.815601
TCGA-86-A4P8-01,1.5899101,2.7523665,9.763136,5.858576,6.78093,2.8195026,0.9393965,5.052203,5.704598,3.7991955,6.090372,6.8622766,7.8510847,7.6191025,3.6121562,8.663679,3.625661,4.9463377,6.8924017,5.5095778,8.620723,7.238908,7.3183775,2.2151363,9.157177,9.09138,-0.3818415,7.271954,0.9205688,5.3390203,5.618331,8.49639,5.2353635,6.1837564,6.0256515,5.4911785,7.7268424,2.311778,2.4997904,5.6582184,6.190768,7.027767,6.0477824,4.958353,6.9310603,4.9850097,4.5637774,5.4021096,2.4748085,6.3742366,6.063363,5.957219,7.3319154,4.2700505,4.522037,-0.23621413,5.853564,8.249869,5.4806175,4.9933934,5.0697565,6.4673996,5.344303,4.54106,3.766699,6.965514,4.605224,7.0700607,7.5791197,6.5906715,5.070165,7.6889057,2.5246954,7.2121706,10.005958,3.9567816,6.7774215,8.301856,3.762564,4.0771804,5.9998217,5.036404,7.2127333,5.682846,6.199603,3.686507,4.0921717,4.040528,4.8366632,5.1163263,7.425131,4.7285004,7.4814825,7.7071137,2.8940358,4.7833595,6.321819,3.4640703,3.4366472,5.79692,3.7646518,5.5547457,4.6065736,6.419677,7.845136,7.5811324,2.1639507,6.6871223,6.578668,5.5287647,8.478662,3.6900864,5.491968,6.6905947,5.039493,5.698123,3.5901682,6.1545267,6.004847,3.49438,4.5870023,6.0937977,5.5239444,4.743783,3.8015106,7.1093793,0.5659323,2.5277436
TCGA-05-4427-01,1.7078943,2.0324662,9.982264,5.695015,6.845959,2.4633346,1.0547487,4.9382715,5.2710385,4.30552,5.6444902,6.599672,7.368802,8.144104,3.419541,8.443753,3.8453794,5.666157,7.214084,5.6635237,8.628911,7.191753,7.1067643,2.1007128,9.54046,9.056198,-0.48365352,6.739291,0.15167825,5.624785,5.746429,8.838129,5.587491,6.5897694,5.55973,5.4085083,8.510774,2.4387908,2.6740594,5.313103,5.7183375,7.28302,6.272722,4.4759455,6.5603647,4.7909684,4.64062,5.262257,2.3222349,6.8217635,6.334559,6.049952,7.310922,4.2563386,4.4216533,-0.21547443,6.2394915,8.220146,5.4027762,4.996432,4.8655915,6.098484,5.2321343,4.936141,3.8486807,6.533003,5.085209,7.17617,7.7403717,6.9469485,4.8380203,7.4012775,2.131403,7.317798,9.917431,3.5648522,6.632014,8.298878,3.38783,4.6668763,6.344906,5.2514124,7.4722543,5.674481,6.3658495,3.9626038,3.6469343,4.2928567,4.772726,4.728431,6.8355117,4.5870676,7.4388876,7.7335863,3.3144004,4.994804,5.735115,3.5053804,3.6882606,5.9248548,3.878627,5.1313663,4.780638,6.19777,8.561448,7.724176,2.381498,6.6997766,6.479154,5.597808,8.576721,3.6308947,5.4694805,6.6385117,4.9443617,6.0668764,3.5404174,6.56398,5.9268255,3.3981302,4.6967225,6.24917,5.746473,5.0533795,3.7765803,7.0291214,0.65419805,2.6880503
TCGA-17-Z047-01,1.889533,2.0199108,9.863418,5.386898,7.4146833,2.2263286,0.6415312,4.8982706,5.062119,4.9750724,6.2895455,7.18461,8.197627,7.9713783,3.3484452,8.968484,3.634057,5.97702,7.285607,5.3852077,9.242094,7.5626664,7.608849,1.91345,9.242048,8.855558,-0.5728929,6.7264066,0.4544319,5.5354295,5.793515,9.16949,5.8422055,6.844081,5.767285,5.252929,8.435066,2.086548,2.323822,5.1697135,5.929333,7.485743,6.567833,4.917947,7.24266,4.8901625,4.773238,5.5952177,2.3282692,7.0818334,5.9445386,6.4669633,7.6705813,4.0502505,4.8062496,-0.4354149,5.7956753,8.827715,5.6833763,4.874416,4.92558,6.462827,6.0222435,4.7260156,3.6681314,6.5646667,4.781239,7.4954844,8.086778,7.317955,5.3509665,7.7209973,2.2053742,7.846345,10.190578,3.4718869,6.5397134,8.935122,3.2690973,5.0859876,6.493166,5.1869493,7.563997,5.860005,6.6658616,3.7539563,4.182272,3.81714,4.4831166,4.328962,7.583429,3.9638429,7.2394733,7.5176373,3.0367887,4.720297,7.572,3.5945663,3.485442,5.852996,3.802417,5.5641985,5.023488,6.144635,9.021044,7.5894747,2.4105682,7.0622582,6.940891,5.6818237,8.310561,4.4373913,5.5462966,6.446254,5.341385,6.1271434,3.7035794,6.384983,6.0294814,3.226033,4.9005713,6.3329034,5.5423574,4.9202323,3.5572832,7.1976156,0.33489782,2.7208066
TCGA-78-7155-01,1.6881607,1.9330456,9.9681635,5.7057285,6.9275513,2.4548552,1.0317501,4.995464,5.241193,4.3938513,5.6188374,6.650774,7.4463644,8.28144,3.4300768,8.696213,3.8337615,5.7211537,7.2388806,5.6975617,8.70862,7.2291417,7.0614896,2.085019,9.548474,9.119862,-0.53159505,6.658798,0.011519118,5.592081,5.751382,8.802785,5.6183023,6.660439,5.6158504,5.4116745,8.613667,2.452385,2.6668746,5.3695703,5.658928,7.249829,6.327829,4.5229087,6.5402675,4.769246,4.691003,5.3220816,2.1207407,6.8910747,6.379941,6.129613,7.3579135,4.2637897,4.454595,-0.13181143,6.27866,8.328184,5.435585,4.9508386,4.802838,6.075464,5.4543357,4.968074,3.8923774,6.47985,5.067747,7.257799,7.79417,6.980132,4.894357,7.4324365,2.1512737,7.4085665,9.956027,3.49251,6.6250567,8.408207,3.3162146,4.742668,6.261718,5.314904,7.4921584,5.598962,6.4202223,3.9682977,3.6087925,4.3274703,4.7688174,4.6641655,6.7890935,4.576579,7.5462008,7.77672,3.342338,5.0640206,5.815492,3.4733417,3.6926727,5.9274726,3.8754883,5.1058636,4.8252335,6.1359997,8.566889,7.7612944,2.4013927,6.736545,6.5985117,5.6096973,8.606425,3.6492958,5.480618,6.604442,4.97301,6.0310297,3.4888182,6.5823226,5.8920336,3.3107917,4.742187,6.2253637,5.7337675,5.072353,3.7520366,7.0426354,0.6186548,2.6788101
TCGA-44-3917-01,1.6162828,2.0962934,9.867356,5.87569,7.0045576,2.7092702,0.9458381,5.304773,5.2396502,4.0708814,5.6305227,6.863263,7.8319106,8.311703,3.575233,8.877625,3.5173712,5.353392,7.482561,5.7175355,8.654439,7.22903,7.06374,2.086757,9.587532,9.353842,-0.61026704,6.834054,0.18889587,5.3941846,5.591634,8.563954,5.657759,6.62184,5.817553,5.5180902,8.33598,2.4571776,2.6215787,5.39062,5.8130994,7.0932493,6.418358,4.805424,6.6326656,4.7718143,4.847463,5.4663954,1.8440415,6.783925,6.3272533,6.12208,7.442638,4.316782,4.5515037,-0.25651962,6.1182733,8.566104,5.497808,4.8552337,4.7925744,6.2069817,5.7967234,4.877597,3.9353712,6.493242,4.9432344,7.3748484,7.924252,6.789797,5.02882,7.684178,2.3354907,7.4096284,10.044751,3.4767153,6.5939264,8.554733,3.4066234,4.645952,5.9790273,5.3665023,7.4001665,5.386735,6.3794928,4.064816,3.7674599,4.256083,4.820196,4.8716707,6.9247284,4.652846,7.695294,7.72618,3.2497628,5.094487,6.1555777,3.4695134,3.6462386,5.914893,3.8307617,5.3003535,4.819596,6.182296,8.28277,7.7576976,2.5101123,6.7974596,6.7696123,5.5998964,8.677562,3.6798997,5.46831,6.524814,5.069476,5.782126,3.391429,6.4680243,5.880384,3.2501364,4.5395317,6.0681996,5.604566,4.9962597,3.775232,7.0308847,0.5995606,2.420482
TCGA-50-5939-01,1.6683857,2.2477026,9.746239,5.639042,6.7976065,2.5116727,1.0343647,4.848624,5.5702744,4.1804204,5.619375,6.7028112,7.389896,7.815091,3.3837824,8.492965,3.9792147,5.361118,6.8074822,5.5138555,8.793619,7.3031306,7.207428,2.2857387,9.064969,8.976013,-0.41390252,6.9389963,0.5522905,5.707797,5.7466946,8.794161,5.2608466,6.3411818,5.7226925,5.2408442,8.251762,2.5004194,2.6242197,5.6326375,5.8790526,7.242091,5.97942,4.5934463,6.610524,4.871612,4.471531,5.0979095,2.5469935,6.6794615,6.225162,6.139542,7.2360935,4.2356668,4.3263245,0.062290132,5.9463334,8.167448,5.3425093,5.1373916,4.8410053,6.2543025,5.084014,4.7556195,3.8478992,6.844583,4.752374,6.9785,7.5127397,6.7903986,4.892962,7.4270506,2.3382545,7.1920295,9.881397,3.8407383,6.872216,8.159617,3.5038145,4.325055,6.2707253,5.01137,7.450993,5.875614,6.2517195,3.542383,3.8478222,4.151807,4.796559,4.7309127,7.072822,4.615463,7.3694463,7.855126,3.0617192,4.813919,5.941865,3.434456,3.5415692,5.8115544,3.8453197,5.2886596,4.511248,6.266427,8.268366,7.66144,2.1085227,6.572241,6.4201827,5.458438,8.460631,3.613095,5.5219455,6.8309536,4.9249716,6.089738,3.6768274,6.4084573,6.0749917,3.5593688,4.9481716,6.3166165,5.7107906,4.8266883,3.8055043,7.1135354,0.5012946,2.8194852
TCGA-55-8097-01,1.5803132,2.593389,9.855479,5.8448877,6.835355,2.7952628,0.9062303,5.1419415,5.614849,3.763716,6.078155,6.8451333,7.906925,7.74223,3.5979066,8.689805,3.5480917,5.0594115,7.0354543,5.5548606,8.620482,7.1970644,7.290681,2.1556478,9.300811,9.157787,-0.3995398,7.228984,0.72854966,5.2960787,5.669412,8.52694,5.359173,6.2933407,5.95391,5.503738,7.860203,2.2935727,2.473101,5.543708,6.0814404,7.028867,6.1851697,4.932032,6.968919,4.9579053,4.6983275,5.5105896,2.3438616,6.478652,6.1120996,5.9760404,7.3694844,4.2542586,4.5663376,-0.46362972,5.9640484,8.307008,5.5624447,4.9508862,5.0588894,6.4651127,5.4849925,4.6058645,3.7491426,6.8319902,4.721917,7.1829085,7.6906166,6.6487393,5.0291424,7.690644,2.496178,7.329655,10.136112,3.8153844,6.669234,8.407859,3.6803675,4.2234917,6.0098696,5.169536,7.215578,5.6186237,6.23767,3.8410585,4.042183,4.049125,4.848133,5.0875463,7.308983,4.689002,7.565253,7.68166,2.9638994,4.8346624,6.2213783,3.5343966,3.4804046,5.843225,3.7551742,5.535372,4.67161,6.4156184,7.9417024,7.5895014,2.2674057,6.7961245,6.6485553,5.5708585,8.579615,3.7258272,5.459724,6.610856,5.078344,5.665032,3.5441065,6.2315664,5.959064,3.4081726,4.52324,6.0408387,5.5008774,4.857845,3.7710602,7.057479,0.5781902,2.4747171
TCGA-J2-8192-01,1.526785,2.294111,9.881294,5.892326,6.907056,2.742608,1.0275383,5.158854,5.493778,4.0757017,5.951389,6.781926,7.8814125,8.160412,3.646682,9.074354,3.6132114,5.2733774,7.0832586,5.739165,8.697504,7.1769867,7.062112,2.1574051,9.457605,9.265815,-0.57119334,6.9535694,0.25944883,5.3038406,5.6507134,8.482029,5.485568,6.491058,5.980708,5.566753,8.183086,2.409148,2.5783648,5.6273117,5.845815,7.018118,6.2989535,4.835178,6.743283,4.8206325,4.7513022,5.5322666,1.9256039,6.640576,6.2944365,6.0542974,7.432812,4.3215394,4.563539,-0.20023511,6.1686826,8.447303,5.5440207,4.843262,4.9374585,6.2096744,5.6627517,4.8236704,3.905129,6.6476455,4.8657017,7.318779,7.769827,6.786012,5.0309873,7.638509,2.3650625,7.4116716,10.096663,3.6023982,6.613047,8.526745,3.5010517,4.471172,5.928945,5.2977457,7.297118,5.416562,6.3651786,3.9697294,3.7748916,4.2964487,4.8275285,4.93292,7.036247,4.7077675,7.742843,7.7553496,3.2221062,5.1033874,6.028407,3.4390326,3.5948358,5.889812,3.827784,5.2932143,4.830543,6.198046,8.102205,7.7314672,2.3723843,6.79722,6.7587543,5.632526,8.6143265,3.6348438,5.469361,6.4960017,5.056159,5.677306,3.404258,6.392726,5.8353605,3.2425015,4.569921,6.0488453,5.6036954,4.9978485,3.7593734,7.033871,0.5473175,2.5124252
TCGA-55-8510-01,1.6122952,2.0836892,9.999456,5.767139,6.995634,2.598025,0.9462515,5.126556,5.3262906,4.1947675,6.00171,6.794974,7.97162,8.182403,3.5731614,8.832302,3.505175,5.511072,7.267783,5.6904826,8.741269,7.195932,7.1661687,2.0134676,9.615085,9.19947,-0.56407,6.8689847,0.1590532,5.333888,5.7783093,8.687142,5.6727796,6.6214848,5.7752624,5.5135117,8.3230915,2.2985985,2.520465,5.3524394,5.7809215,7.1464324,6.459556,4.8134403,6.9047675,4.7991443,4.8470387,5.623792,2.01429,6.785985,6.222312,6.1025047,7.503487,4.2304273,4.660821,-0.6372644,6.205618,8.51691,5.62699,4.8408155,4.973068,6.256794,5.765875,4.8576846,3.8040657,6.5234375,4.9973807,7.421073,7.9435854,6.951511,5.050154,7.620083,2.2576149,7.5480027,10.18828,3.4612536,6.48839,8.653407,3.4184422,4.6885333,6.1246376,5.396212,7.3527846,5.4971776,6.4343553,4.0834355,3.8343587,4.18023,4.753288,4.824191,7.0655446,4.5058074,7.6286182,7.631237,3.253392,5.042442,6.190132,3.5781174,3.6123343,5.9360538,3.8262494,5.3261933,4.923759,6.196544,8.391449,7.679526,2.4681454,6.9552956,6.7976418,5.687283,8.618195,3.836762,5.4419556,6.390698,5.1541815,5.773403,3.4697464,6.478184,5.8584266,3.201001,4.539619,6.076574,5.585483,5.125135,3.683656,6.997114,0.5368786,2.517518
TCGA-55-7903-01,1.5190219,2.540057,9.9376955,5.9289255,6.832887,2.822009,0.9464448,5.16798,5.5918946,3.7713947,6.1986337,6.838891,7.97162,7.735632,3.6803231,8.851061,3.4160345,5.0775566,7.0101757,5.6522956,8.616416,7.1301804,7.2198043,2.0826316,9.498911,9.191782,-0.4859013,7.1578326,0.5709389,5.2519865,5.584968,8.491593,5.447398,6.355128,6.0185804,5.628227,7.8776093,2.2228658,2.5181108,5.5392766,6.0242057,7.014866,6.245293,4.951483,6.942181,4.914729,4.754222,5.595668,2.2618268,6.456966,6.1794477,5.948302,7.4440613,4.324347,4.572404,-0.4378548,6.0796595,8.354525,5.5672503,4.867223,5.1045294,6.385355,5.5672374,4.6657195,3.774747,6.7564397,4.824429,7.2575264,7.747697,6.688455,5.1259813,7.702354,2.4412072,7.298846,10.129401,3.7504532,6.5982604,8.460328,3.6721566,4.3038015,5.9785757,5.193636,7.181831,5.4875503,6.286285,3.9657726,3.9664283,4.126457,4.826875,5.101259,7.2970805,4.733589,7.6377873,7.6633425,3.064107,4.9608507,6.112418,3.4957108,3.5433378,5.868037,3.7786403,5.4763756,4.7592974,6.3783464,7.9794884,7.641624,2.340652,6.8410406,6.6856894,5.63265,8.599536,3.6902034,5.456173,6.526872,5.0813313,5.5918517,3.4607399,6.263111,5.885548,3.3258455,4.413233,6.0010796,5.523989,4.915195,3.7750454,7.021978,0.6019629,2.4426723
TCGA-50-6590-01,1.6548947,2.1087484,9.928746,5.641814,6.9256325,2.4738133,1.0564735,4.9458475,5.37437,4.3768115,5.8510084,6.658765,7.5248427,8.132021,3.4607482,8.747273,3.7795029,5.661255,7.001119,5.654673,8.787974,7.246728,7.1666756,2.1901062,9.392564,9.058081,-0.48963222,6.8531046,0.20611338,5.5207477,5.8340454,8.796348,5.5355034,6.551826,5.7436924,5.388789,8.473281,2.3777997,2.590733,5.4497867,5.7522125,7.216059,6.2872343,4.61054,6.688509,4.82913,4.6425047,5.3688793,2.2598543,6.8142433,6.253601,6.1077213,7.3704715,4.2232056,4.500083,-0.053388283,6.1995482,8.30195,5.50456,4.945908,4.8964124,6.158565,5.3242097,4.879539,3.836137,6.6000757,4.9631143,7.241556,7.7299337,6.981613,4.8820157,7.4445486,2.2056649,7.4260077,10.013312,3.585226,6.6210365,8.43625,3.3954089,4.663749,6.2945704,5.2366886,7.430419,5.662063,6.4234447,3.8693821,3.733716,4.220288,4.7520514,4.6700053,6.980273,4.545115,7.4823484,7.7393355,3.252651,4.9823885,5.7821283,3.4984705,3.6265788,5.890653,3.858885,5.2439213,4.841923,6.1686125,8.48813,7.7030153,2.3278546,6.7553267,6.6027484,5.6173916,8.513664,3.7197323,5.47516,6.5826116,5.0336237,5.9504943,3.5499697,6.4825306,5.917403,3.3458736,4.758918,6.229071,5.691692,5.016873,3.733923,7.0479074,0.5952682,2.7253575
TCGA-55-A494-01,1.610426,2.011792,10.015834,5.7660894,6.9832935,2.56901,0.94016284,5.1056123,5.312871,4.192957,5.929595,6.798074,7.9678917,8.185737,3.556379,8.786538,3.4669921,5.5269117,7.270308,5.6848702,8.738948,7.1850147,7.150503,1.9863672,9.64482,9.172579,-0.5653956,6.833105,0.118390955,5.376689,5.790471,8.732958,5.690009,6.641147,5.723003,5.494043,8.359378,2.2989156,2.5431628,5.311526,5.7460814,7.175844,6.4548135,4.7898846,6.8952446,4.777421,4.8666873,5.608486,2.0321977,6.80931,6.2263885,6.120729,7.4951844,4.2199774,4.6505876,-0.68504775,6.2002115,8.504696,5.615655,4.8663855,4.9577665,6.249369,5.763839,4.877863,3.798117,6.4895105,5.040079,7.4170923,7.962471,6.955629,5.057253,7.597745,2.2411625,7.5371203,10.182561,3.440056,6.483378,8.641667,3.3966367,4.708416,6.15808,5.4076486,7.376157,5.5026155,6.424774,4.0918946,3.8245153,4.170469,4.751848,4.8057814,7.039054,4.487372,7.601743,7.622962,3.267594,5.042335,6.1547923,3.604178,3.6268713,5.9480863,3.8302395,5.3102565,4.898052,6.1954813,8.447443,7.6721067,2.477202,6.969746,6.779288,5.6809816,8.61735,3.8488605,5.435115,6.3884645,5.1559057,5.818978,3.4855008,6.515392,5.8736925,3.209289,4.560593,6.079912,5.5928364,5.15054,3.6778514,6.9769306,0.53699875,2.5445368
TCGA-67-3773-01,1.5996554,2.5508626,9.768287,5.750306,6.8373666,2.716323,0.8997734,5.0649915,5.668298,3.842591,5.9088664,6.896593,7.801172,7.5235534,3.5215757,8.565621,3.5799558,5.0087805,6.884571,5.4616575,8.759161,7.2793536,7.361159,2.257515,9.104947,9.045252,-0.37277278,7.259202,0.9283208,5.468199,5.689134,8.642699,5.2750235,6.221042,5.950578,5.358824,7.856583,2.316865,2.5189111,5.5795264,6.111016,7.0968456,6.036837,4.9215918,6.947109,4.966744,4.6173882,5.346035,2.6219356,6.502964,6.045174,6.0799055,7.3284874,4.221171,4.4811015,-0.19694111,5.7849193,8.275229,5.4759126,5.077099,4.982036,6.5006776,5.3468275,4.557248,3.7505608,6.910347,4.634675,7.069347,7.610685,6.620493,5.0508776,7.653875,2.532976,7.2275496,10.035277,3.91623,6.792681,8.30655,3.6752443,4.1666894,6.11531,5.025709,7.2960525,5.7697816,6.1999273,3.59787,4.1270366,3.940211,4.827753,4.9355702,7.392722,4.655458,7.4023466,7.7213798,2.8693857,4.726753,6.2537885,3.5215757,3.4466307,5.7949085,3.7618577,5.592872,4.521138,6.4163046,8.004504,7.564791,2.1591885,6.710329,6.557746,5.4801164,8.461514,3.7529674,5.4874024,6.729196,5.079535,5.806384,3.6603837,6.212845,6.086686,3.538405,4.750308,6.136312,5.5219455,4.7440777,3.7870502,7.082265,0.53878593,2.6154006
TCGA-55-8205-01,1.621404,2.2774765,9.955214,5.77659,7.0259395,2.6791966,0.8846511,5.2041187,5.3620734,4.0721416,6.137927,6.8454843,7.9692616,8.073468,3.588382,8.953914,3.4939115,5.4474983,7.255162,5.6595316,8.7199955,7.229781,7.2336893,2.0367475,9.540011,9.261027,-0.5195006,6.9791613,0.29684606,5.2440968,5.70619,8.594514,5.614355,6.5714545,5.890795,5.540248,8.211944,2.2396977,2.438896,5.418227,5.8871636,7.0873866,6.4628277,4.8983135,6.9317164,4.879547,4.8293333,5.658719,2.0328789,6.712024,6.2177663,6.075571,7.504625,4.2581196,4.666867,-0.49607968,6.1851525,8.530221,5.662361,4.7896047,4.995402,6.3426385,5.7913575,4.769097,3.785628,6.6003675,4.8770294,7.420377,7.9081607,6.8920527,5.0692787,7.690949,2.3596294,7.553845,10.22141,3.5426915,6.514413,8.663083,3.4836156,4.6131907,6.046787,5.3389516,7.2740397,5.506078,6.431383,4.044205,3.8944685,4.1386156,4.77215,4.8979573,7.159505,4.5562325,7.686911,7.6610537,3.1526592,4.991778,6.2517185,3.528732,3.5683615,5.8976965,3.7837389,5.4275365,4.9224157,6.264928,8.2269,7.6711864,2.436746,6.9387674,6.838706,5.6805735,8.656097,3.8205762,5.4582396,6.4564996,5.140675,5.6580505,3.4371467,6.3623,5.8449874,3.1953228,4.4773874,6.046346,5.5297937,5.0180593,3.7033925,7.052145,0.55748993,2.437035
TCGA-44-2655-01,1.6796627,2.5977547,9.723145,5.6958747,6.8628087,2.7007344,1.0109955,5.0117455,5.6003785,4.064544,5.988153,6.755408,7.6901093,7.8285823,3.5181122,8.590523,3.9024765,5.172727,6.9889097,5.5173516,8.712635,7.3185406,7.3258266,2.3121402,9.053001,9.108868,-0.40649372,7.192607,0.82087964,5.4018774,5.761149,8.579651,5.2780876,6.2426615,5.921392,5.3739414,7.9462314,2.4410727,2.4819536,5.655162,6.103953,7.0834713,6.1016965,4.831281,6.8574815,4.953235,4.498249,5.307177,2.4349668,6.548362,6.075828,6.012472,7.329287,4.2150097,4.5193458,-0.18636855,5.896677,8.284166,5.482833,5.0114985,4.9912353,6.3905773,5.2366614,4.624272,3.810544,6.9536414,4.6023164,7.0843244,7.5702724,6.738684,4.90608,7.6241026,2.4270048,7.3096437,9.999342,3.8694096,6.785331,8.33031,3.6490924,4.224319,6.092778,5.085328,7.321582,5.792978,6.2699122,3.636283,4.0206256,4.095529,4.804034,4.945633,7.304913,4.6307144,7.454466,7.740071,2.9710257,4.780142,6.3136497,3.4588668,3.4428585,5.7979383,3.8050692,5.4662204,4.6803837,6.309306,7.993625,7.620198,2.166657,6.638187,6.5766587,5.5226107,8.459829,3.7007985,5.5050244,6.687782,5.042473,5.8112764,3.6286027,6.232485,6.013994,3.4946477,4.717675,6.207334,5.5928354,4.789151,3.7841282,7.14201,0.4981064,2.5961697
TCGA-17-Z049-01,1.8827194,1.9447095,9.8912525,5.347723,7.434906,2.1988673,0.62412834,4.908062,5.031652,4.88553,6.2561417,7.1889267,8.210138,7.927279,3.3422828,8.926246,3.5783308,6.0116053,7.309993,5.372136,9.2675295,7.5701995,7.619932,1.8891691,9.24521,8.8716955,-0.5781243,6.7085724,0.42599577,5.560628,5.7270193,9.097029,5.877992,6.8848042,5.73969,5.214958,8.465666,2.0628564,2.331675,5.1315355,5.910243,7.506743,6.5933695,4.896367,7.265603,4.8758807,4.7999134,5.60516,2.4007463,7.119131,5.911341,6.510545,7.6707535,4.0251513,4.825935,-0.5334503,5.8430247,8.755912,5.692678,4.8803883,4.890861,6.4695845,6.0683775,4.7362585,3.6542509,6.53096,4.8088727,7.514132,8.134685,7.3369493,5.362117,7.7138295,2.186566,7.8705063,10.201337,3.435563,6.5184093,8.955568,3.2430768,5.1363397,6.532827,5.1972327,7.584408,5.860851,6.672413,3.7648587,4.2179317,3.7694318,4.4689913,4.2920694,7.524679,3.902617,7.199321,7.493418,3.0420682,4.7120056,7.534796,3.6369927,3.4902737,5.8622956,3.8076975,5.5910907,5.023512,6.1333947,8.950487,7.5713506,2.4311855,7.099263,6.9416933,5.6833353,8.298898,4.44869,5.5350285,6.415057,5.376964,6.1462626,3.7293673,6.412111,6.0541787,3.2302415,4.902785,6.336787,5.5371423,4.9530787,3.5398636,7.173176,0.344398,2.7305546
TCGA-86-8055-01,1.5425082,2.042646,10.02189,5.935855,6.8651743,2.6902933,1.0392765,5.159742,5.3284774,4.0622606,5.867249,6.702768,7.9059725,8.320976,3.630364,8.863229,3.5529168,5.397946,7.3223686,5.8056,8.593777,7.061881,6.9744163,1.9743625,9.74393,9.2755375,-0.6347255,6.771803,-0.03823124,5.355593,5.648036,8.578213,5.6734295,6.6400733,5.7406425,5.6195755,8.322401,2.4161136,2.6330855,5.385396,5.697847,7.112617,6.4284344,4.6996627,6.7085824,4.721079,4.8666835,5.572207,1.8177562,6.725101,6.3784585,6.004,7.452488,4.3322306,4.561501,-0.6819758,6.3361897,8.445902,5.5398016,4.8281794,4.9631796,6.123667,5.7043657,4.962802,3.8901596,6.4621477,5.1154866,7.3849354,7.9088807,6.8755546,5.014298,7.58363,2.203959,7.4246864,10.134202,3.4245806,6.48603,8.53715,3.4247522,4.6426907,6.0161204,5.430427,7.339252,5.334403,6.3750863,4.225701,3.6624236,4.371177,4.8102818,4.9720635,6.8642907,4.647303,7.7417836,7.676653,3.3898015,5.190198,5.9894304,3.527232,3.7000682,5.9755416,3.8652515,5.1592684,4.8859415,6.185003,8.320359,7.7512765,2.527782,6.890012,6.708255,5.6905556,8.714012,3.6400018,5.431754,6.3931007,5.041623,5.7773347,3.3729749,6.569818,5.794017,3.1906648,4.4259133,6.0376654,5.6566052,5.1940002,3.7475414,6.9459248,0.57895553,2.4669917
TCGA-64-1680-01,1.7599099,2.3080323,9.808307,5.5624228,6.8388023,2.448757,0.99253064,4.810289,5.4704566,4.2782683,5.7308455,6.715149,7.436548,7.7390337,3.3594308,8.239697,3.9095488,5.4382415,6.961695,5.4469924,8.77053,7.3428264,7.353038,2.2523472,9.123353,8.891989,-0.36078885,6.9942236,0.7223778,5.6955667,5.827181,8.902604,5.353869,6.345023,5.6381054,5.2330375,8.203338,2.4038038,2.5897048,5.4320273,5.972982,7.303068,6.043167,4.618534,6.7608995,4.9133334,4.463044,5.135366,2.7422624,6.7000413,6.08505,6.111272,7.263092,4.160755,4.4171433,-0.13520038,5.88023,8.166859,5.371451,5.1446667,4.9057426,6.3130016,5.0442715,4.703208,3.760514,6.835449,4.7739444,6.993562,7.5812225,6.8549757,4.886521,7.4430113,2.2779818,7.251289,9.864362,3.8421617,6.811319,8.198732,3.534848,4.38749,6.4160647,5.027683,7.4678607,5.9593306,6.2808256,3.5744758,3.959375,4.0341554,4.7438827,4.706035,7.201695,4.5101132,7.2017393,7.7259855,3.0220578,4.7121363,6.12161,3.5167947,3.516419,5.8197675,3.8383794,5.37762,4.597396,6.291803,8.406294,7.60182,2.1490998,6.6150994,6.4036784,5.488894,8.382839,3.7617462,5.507235,6.780709,4.997064,6.1345596,3.74913,6.3701844,6.110511,3.5987356,4.903394,6.3447523,5.684754,4.8295283,3.7726095,7.1177807,0.5577318,2.7976344
TCGA-44-2668-01,1.5948076,2.292434,9.784708,5.8271294,6.9366097,2.7234254,0.93607587,5.1848154,5.4638305,4.008086,5.760269,6.8860087,7.847532,7.979488,3.5649872,8.836912,3.5848913,5.179707,7.16734,5.6163926,8.738624,7.266739,7.166763,2.1751204,9.3340225,9.240926,-0.5312033,6.9965105,0.49225366,5.4245334,5.6147118,8.562906,5.4506955,6.4414015,5.912898,5.4408197,8.116903,2.4206274,2.5727806,5.558812,5.934993,7.082947,6.2270937,4.871512,6.746789,4.845769,4.7242794,5.400694,2.1223419,6.6521635,6.2254505,6.1313934,7.400368,4.291731,4.512142,-0.18929799,5.9697676,8.4707,5.4802113,4.940749,4.86109,6.318276,5.632124,4.7434697,3.8828533,6.709244,4.7653475,7.2378283,7.7666507,6.715846,5.0645523,7.678118,2.4368563,7.329522,10.034605,3.6811404,6.712254,8.451835,3.519648,4.40548,5.988631,5.1980114,7.3513966,5.554106,6.3072057,3.822208,3.9110658,4.1495433,4.8205295,4.889448,7.131692,4.6612062,7.6088257,7.7601414,3.086567,4.956978,6.2626724,3.452661,3.5494971,5.8500423,3.8070145,5.4071617,4.6784678,6.2561536,8.109529,7.6901717,2.3250616,6.745326,6.700908,5.5421753,8.580665,3.6885107,5.490773,6.6195655,5.0628743,5.783317,3.4977586,6.353513,5.96291,3.3589013,4.6668515,6.1074085,5.5794406,4.876703,3.7809136,7.0717235,0.52191716,2.5191138
TCGA-50-8460-01,1.5782973,2.7077434,9.7814665,5.9070745,6.741186,2.8520849,0.9416647,5.064981,5.6925945,3.751381,6.091007,6.7948613,7.78436,7.7313,3.618864,8.734778,3.5964715,4.9761767,6.94712,5.562401,8.529596,7.187308,7.223894,2.1343153,9.259476,9.176041,-0.3945375,7.1815085,0.70496833,5.3043866,5.572844,8.43199,5.224988,6.2413416,5.9770155,5.526448,7.792596,2.3195276,2.47704,5.6768956,6.1077743,7.0190487,6.092491,4.8996463,6.840305,4.959231,4.5798407,5.42009,2.286037,6.365524,6.1909437,5.913112,7.3093677,4.3221927,4.493432,-0.37485737,6.027804,8.24684,5.494275,4.928073,5.065491,6.409077,5.3839574,4.605987,3.78911,6.9243703,4.65136,7.093959,7.587957,6.598727,5.0378885,7.656605,2.5075934,7.223786,10.041255,3.9102573,6.7579713,8.288261,3.7388246,4.080996,5.926615,5.066507,7.167279,5.62797,6.205024,3.7834206,3.9675052,4.1460867,4.858107,5.1883254,7.2928615,4.771776,7.6104813,7.7587748,2.9637942,4.859254,6.1919003,3.4310653,3.476263,5.81609,3.7668486,5.464286,4.62642,6.4156685,7.7797823,7.6133075,2.182195,6.7052493,6.5910807,5.5564013,8.599376,3.5923698,5.4897513,6.6969833,4.966747,5.659221,3.515784,6.2087274,5.936483,3.4228568,4.5119076,6.0719333,5.5475426,4.81254,3.8091831,7.1084557,0.5632808,2.4823527
TCGA-55-7573-01,1.5488033,2.4636497,9.908503,5.9155965,6.921251,2.8272605,0.915228,5.2569065,5.493202,3.8458707,6.121601,6.8577075,8.003958,8.00882,3.6699486,8.975237,3.4404078,5.1710935,7.2014675,5.675464,8.609341,7.173193,7.181377,2.08007,9.506338,9.302179,-0.5043235,7.0991445,0.43950662,5.18773,5.6257133,8.442051,5.500343,6.4456873,6.00198,5.610455,8.003833,2.28185,2.4778016,5.527609,5.9780617,6.983491,6.358537,4.96548,6.9107685,4.897609,4.809515,5.6457767,2.0062659,6.551956,6.216869,5.991261,7.4565854,4.306884,4.635185,-0.46937618,6.1264668,8.468431,5.6208143,4.8059087,5.024339,6.366054,5.7495885,4.7097845,3.8138504,6.6822953,4.8133574,7.3508267,7.828202,6.7194834,5.0785813,7.7362876,2.451875,7.434941,10.184264,3.6471024,6.5664988,8.572564,3.59541,4.4032826,5.8985925,5.299458,7.203079,5.420705,6.3361573,4.0286427,3.9187028,4.167169,4.8381567,5.075523,7.190192,4.7022247,7.7393746,7.6814027,3.101309,5.0069985,6.1909533,3.497247,3.5450113,5.8827157,3.7703125,5.4558315,4.8355403,6.320949,7.9852686,7.6644363,2.3992019,6.876052,6.8019104,5.648108,8.665787,3.713154,5.4526753,6.487861,5.1037135,5.55668,3.4063816,6.2916,5.843736,3.240384,4.4103103,5.9756503,5.5038314,4.9566884,3.7500706,7.039698,0.59088784,2.3779979
TCGA-73-4662-01,1.7409778,2.1992333,9.803947,5.599408,6.8896675,2.530967,0.9926353,4.955765,5.4045672,4.228845,5.7881737,6.613789,7.4930387,8.234023,3.3776734,8.570662,4.073351,5.5828323,7.1622286,5.567388,8.685435,7.285088,7.1903043,2.1713705,9.177862,9.151507,-0.4194168,6.8813567,0.2743668,5.4986196,5.8696437,8.721428,5.3961296,6.49607,5.603854,5.277399,8.389793,2.5202413,2.4588008,5.519059,5.806527,7.210999,6.262066,4.5709205,6.6922827,4.8623595,4.5747995,5.2935967,2.1554263,6.7894063,6.2755113,6.0727043,7.2799344,4.1936326,4.482947,-0.5067144,6.193231,8.286307,5.52308,4.9765954,4.8823576,6.2546372,5.294238,4.834843,3.8227408,6.733111,4.8076425,7.166878,7.669809,6.928438,4.74763,7.462214,2.273948,7.482158,10.100355,3.6360776,6.704247,8.369247,3.427131,4.5015764,6.196093,5.2397857,7.404742,5.7959266,6.3454947,3.8101273,3.7710307,4.229465,4.795466,4.829837,6.934252,4.50872,7.5505137,7.8026204,3.163339,4.870912,6.1068454,3.5086906,3.5495706,5.870602,3.8300283,5.247826,4.740315,6.2345905,8.268103,7.664073,2.2491097,6.7231617,6.583128,5.5654426,8.639898,3.6786907,5.4874744,6.679781,4.9631844,5.980969,3.5861313,6.473151,5.946139,3.3778703,4.748255,6.2590737,5.673945,5.010319,3.7405028,7.1149406,0.48309484,2.6470854
TCGA-05-4395-01,1.7445529,2.010508,9.98032,5.6332517,6.859508,2.4263108,1.0235195,4.9035077,5.270517,4.324166,5.672708,6.575907,7.3835125,8.206111,3.3740654,8.409484,3.915352,5.7461176,7.229952,5.6256027,8.622137,7.206926,7.137715,2.0683365,9.483329,9.039392,-0.443891,6.7389407,0.11450023,5.601205,5.8441787,8.872207,5.5756106,6.604283,5.485673,5.3537254,8.551568,2.4443028,2.5995429,5.291993,5.6997223,7.3023663,6.311039,4.458221,6.628981,4.8010883,4.643582,5.2909956,2.3095667,6.862173,6.3104987,6.053222,7.298746,4.2003765,4.4652414,-0.4511754,6.26619,8.208318,5.4649,5.003734,4.8832793,6.1442485,5.2357607,4.932872,3.808596,6.5399957,5.071438,7.193642,7.754865,6.992682,4.7827854,7.383752,2.1293547,7.4120336,10.000805,3.5368283,6.6106067,8.33954,3.3651226,4.680699,6.3706245,5.298035,7.4747386,5.7397766,6.371212,3.9622653,3.6652794,4.2652245,4.769818,4.736697,6.830568,4.510439,7.4402723,7.7222114,3.2964282,4.9459143,5.800098,3.562237,3.6587248,5.9339013,3.8635662,5.140603,4.7944956,6.210556,8.570729,7.686503,2.3675997,6.7514358,6.5059433,5.606679,8.60223,3.6893084,5.4596586,6.6214266,4.9635863,6.0853677,3.5736833,6.5830717,5.9283757,3.378917,4.7133446,6.254577,5.72649,5.100303,3.7397556,7.035049,0.6106831,2.7014391
TCGA-44-5645-01,1.653402,2.5272512,9.780599,5.7915764,6.781433,2.7399127,0.88513607,5.0868454,5.576822,3.7920427,5.774738,6.828083,7.738636,7.74209,3.4887125,8.385757,3.6473875,5.0326333,7.161788,5.4654193,8.58127,7.229025,7.2990785,2.1800816,9.172959,9.091644,-0.3404698,7.1907563,0.8164432,5.456882,5.7033467,8.612331,5.3026705,6.273649,5.7827024,5.3637886,7.901397,2.4099436,2.514935,5.4653025,6.07865,7.107689,6.0957174,4.8193884,6.8907433,4.9417377,4.6409793,5.3307953,2.4678557,6.5246196,6.099869,6.001491,7.254307,4.207237,4.4894047,-0.5501752,5.8701324,8.229077,5.470595,5.0806985,4.96212,6.474216,5.3465495,4.610572,3.7547255,6.8418727,4.7054434,7.063087,7.6440344,6.5981193,4.9384146,7.6298175,2.4887185,7.2678185,10.054109,3.8520472,6.762472,8.266476,3.6570432,4.1722302,6.084734,5.1219,7.3086605,5.731629,6.158166,3.7301307,4.0504475,4.0162177,4.867409,5.054937,7.2245574,4.654854,7.434691,7.704401,2.9244967,4.7377834,6.2792664,3.573655,3.4700541,5.8393636,3.7620652,5.508439,4.5258694,6.4366193,8.004463,7.5559235,2.222576,6.71188,6.5211754,5.4854493,8.562204,3.7130187,5.4643865,6.724772,5.0247045,5.8558607,3.6361072,6.286331,6.058827,3.530083,4.6668196,6.113901,5.5329256,4.831149,3.791789,7.0672264,0.57985926,2.5392241
TCGA-67-4679-01,1.5986717,2.6154757,9.761643,5.7630043,6.8172426,2.7474508,0.92555296,5.0587277,5.6994386,3.8348694,5.9816084,6.8631577,7.802435,7.5124145,3.5421257,8.573676,3.6057281,4.9736776,6.874197,5.476365,8.736244,7.2662854,7.3604546,2.263034,9.10465,9.064077,-0.37873688,7.2799854,0.9480892,5.4327927,5.6747055,8.596222,5.2500987,6.192513,5.97705,5.3867517,7.801901,2.3197742,2.501368,5.61861,6.132461,7.0774245,6.0306215,4.9229856,6.951817,4.973942,4.586406,5.3500204,2.6064487,6.4640074,6.0526347,6.037923,7.3334527,4.237589,4.4803205,-0.23424873,5.81596,8.263134,5.479591,5.058853,5.020069,6.4951043,5.312057,4.550705,3.7550774,6.9544363,4.6130166,7.059386,7.5811076,6.6209126,5.042247,7.660946,2.5286274,7.214011,10.038466,3.9377024,6.795084,8.293678,3.7059484,4.1241574,6.085098,5.014202,7.2684503,5.774963,6.196988,3.6026785,4.119981,3.9725661,4.8287663,4.9811873,7.410571,4.6773043,7.4291844,7.7265844,2.874487,4.7349424,6.2701793,3.4997528,3.438359,5.7898483,3.7668612,5.579585,4.539544,6.4190807,7.9373393,7.57254,2.1465678,6.69545,6.551567,5.4910626,8.4691925,3.7193642,5.4916477,6.7226543,5.064102,5.7711673,3.648457,6.195592,6.0670013,3.5336926,4.7158103,6.138226,5.530077,4.7439256,3.7953196,7.092857,0.5207965,2.5955653
TCGA-NJ-A4YP-01,1.5874711,2.619746,9.774639,5.7617755,6.789731,2.7360306,0.9312757,5.0251236,5.730868,3.8151255,5.998044,6.852983,7.772896,7.434369,3.5380042,8.544196,3.5976229,4.9640102,6.7971673,5.470006,8.741986,7.252854,7.36555,2.258712,9.107054,9.029155,-0.36971426,7.284614,0.96186715,5.4602733,5.6648154,8.62009,5.2301583,6.1736317,5.97465,5.3849525,7.7873435,2.2959912,2.5119898,5.625669,6.129389,7.0926247,5.9957824,4.9096117,6.9509997,4.9781284,4.5713477,5.332835,2.6806254,6.442292,6.0550203,6.032446,7.3255916,4.2449994,4.4538136,-0.21161553,5.8170753,8.226161,5.4647493,5.075973,5.0376725,6.49569,5.2556877,4.5440674,3.7420795,6.969705,4.622727,7.031689,7.5557365,6.6170835,5.0546165,7.6387825,2.5255709,7.1750536,10.025311,3.9656808,6.806244,8.25716,3.7196474,4.101143,6.1145005,4.9793115,7.261073,5.799025,6.1850457,3.5807557,4.120997,3.962898,4.8256297,4.976712,7.4289865,4.6867557,7.405394,7.731582,2.8666975,4.724357,6.2128296,3.4968858,3.4425657,5.7855306,3.7681766,5.5784755,4.511735,6.435694,7.944381,7.567083,2.1232772,6.6889205,6.5169005,5.4864717,8.457834,3.7068243,5.493223,6.7423086,5.050313,5.7859383,3.662798,6.1946645,6.0776005,3.5539849,4.7263117,6.148082,5.538853,4.736282,3.80105,7.0874944,0.52395844,2.6249669
TCGA-80-5608-01,1.7194809,2.1515124,9.776743,5.643659,6.8577023,2.5404127,1.0138683,4.965838,5.4071794,4.178516,5.635123,6.6303706,7.447438,8.208466,3.3771641,8.490652,4.051817,5.4914913,7.1735187,5.5785146,8.682803,7.280693,7.1451483,2.2003129,9.203182,9.161705,-0.44903013,6.845379,0.28977466,5.5858097,5.793918,8.724918,5.377637,6.481841,5.5897603,5.270485,8.382116,2.5657153,2.5381725,5.537415,5.7931476,7.22335,6.190374,4.5484915,6.5922914,4.8363724,4.561703,5.2048697,2.1658063,6.775816,6.3159914,6.0974045,7.257929,4.236116,4.405976,-0.4027629,6.140207,8.285628,5.436629,5.0162735,4.8249826,6.2115216,5.2623067,4.850544,3.8647304,6.7349195,4.8178096,7.113046,7.643557,6.872502,4.7730646,7.4495583,2.278206,7.377002,10.013478,3.664128,6.761911,8.285045,3.4268117,4.4641137,6.1860414,5.19357,7.4304657,5.782478,6.3111835,3.7739584,3.7450874,4.252064,4.807375,4.812082,6.89232,4.5658374,7.533423,7.8409624,3.1734793,4.894534,6.0503182,3.4650528,3.576733,5.861538,3.8464556,5.217062,4.657843,6.225347,8.269449,7.69385,2.2355764,6.659817,6.526744,5.5259457,8.63517,3.60764,5.499009,6.7366657,4.9201217,6.030144,3.582917,6.491769,5.9770474,3.4238455,4.78288,6.279721,5.7078466,4.9771366,3.7781096,7.110181,0.49038476,2.6600876
TCGA-44-6144-01,1.583989,2.36298,9.774972,5.8405786,6.914926,2.7454224,0.9434944,5.1667156,5.5090704,3.9902613,5.819721,6.882533,7.8508425,7.9327536,3.5814505,8.864797,3.601189,5.139879,7.108733,5.612735,8.732618,7.2600617,7.174339,2.1873481,9.300893,9.228974,-0.5206871,7.0295186,0.53906286,5.4063935,5.5995603,8.534259,5.411988,6.4076314,5.953678,5.456017,8.05971,2.4102964,2.5644674,5.6025386,5.9653707,7.0668144,6.1978145,4.88499,6.7603884,4.861965,4.6984234,5.4028993,2.1457262,6.608143,6.2163568,6.109725,7.393692,4.299893,4.508887,-0.15689576,5.963833,8.446493,5.47869,4.9381475,4.888254,6.3275485,5.601552,4.720768,3.8785627,6.74928,4.736233,7.2168584,7.732012,6.6976385,5.073275,7.6820927,2.45248,7.312024,10.030134,3.7214408,6.7260375,8.433656,3.55243,4.356149,5.9698944,5.168039,7.32719,5.5590405,6.2964816,3.798319,3.9235442,4.152834,4.8237586,4.9196405,7.16706,4.681196,7.611475,7.764946,3.0673037,4.9490347,6.2708507,3.4380727,3.535779,5.8402085,3.8037682,5.4168134,4.671889,6.270174,8.054947,7.6842613,2.2983594,6.731967,6.690815,5.542412,8.567417,3.6745596,5.4947066,6.628826,5.0532784,5.7606473,3.4986746,6.324436,5.959045,3.3681676,4.6605787,6.103573,5.576027,4.8553863,3.7866724,7.080329,0.519971,2.5223804
TCGA-50-6593-01,1.780642,2.0587437,9.878319,5.5056057,7.0316734,2.395247,1.1312631,4.925542,5.2442403,4.7130547,5.8185277,6.586879,7.481972,8.450001,3.413039,8.519138,4.1102967,5.84879,7.2559214,5.6501164,8.8354225,7.3477054,7.2187223,2.2759314,9.320254,9.075969,-0.5183144,6.797188,0.21107297,5.4995365,6.0005646,8.824923,5.603118,6.5841627,5.6660295,5.3368044,8.606169,2.5341256,2.5650342,5.4277644,5.7639,7.227716,6.3738413,4.5556755,6.7162585,4.8158183,4.5584006,5.3418636,2.138955,6.952335,6.1833534,6.113633,7.4016743,4.1377077,4.597123,-0.18591356,6.174633,8.400175,5.51609,4.9566627,4.8632936,6.102991,5.339283,4.917034,3.8774855,6.6221514,4.921521,7.2760334,7.751626,7.126587,4.758039,7.4478326,2.094765,7.566977,9.987998,3.4985185,6.6141987,8.528233,3.3307285,4.790258,6.3416686,5.3414116,7.541216,5.737564,6.4955,3.8579206,3.7360137,4.2798696,4.7066507,4.5547147,6.92868,4.428657,7.4410014,7.7053156,3.312079,4.9705677,6.0707917,3.5096936,3.587723,5.899503,3.9006743,5.165435,4.988992,6.0430355,8.61977,7.7257314,2.3538797,6.7152987,6.6605763,5.6344576,8.449739,3.8008347,5.4879103,6.4984035,5.086343,6.023142,3.59083,6.5143585,5.9151692,3.3344178,4.8255296,6.3181252,5.73372,5.074032,3.6956117,7.0997562,0.52974594,2.7203689
TCGA-97-A4M6-01,1.5297666,2.4883387,9.889196,5.935852,6.70415,2.7957509,1.0375248,5.053613,5.629086,3.796333,6.0027485,6.714573,7.7514186,7.7768426,3.6250398,8.676287,3.6728456,5.0548005,6.956418,5.662492,8.561281,7.083305,7.1225867,2.1147568,9.412036,9.146397,-0.49208674,7.0644245,0.5071985,5.4011874,5.551668,8.510707,5.3559365,6.3240266,5.8980594,5.573975,7.9170647,2.377447,2.598995,5.6026673,5.9577465,7.0726113,6.11732,4.762287,6.760296,4.863504,4.6471987,5.401982,2.300206,6.445999,6.2700863,5.908553,7.338112,4.3559537,4.4308243,-0.43863907,6.1174264,8.217267,5.444,4.9574165,5.066534,6.2843895,5.3048706,4.737595,3.8297155,6.797102,4.857488,7.1156497,7.620738,6.668716,5.0232058,7.5913806,2.3725932,7.1659894,10.028287,3.7925248,6.6896524,8.262379,3.6626947,4.225895,6.0124516,5.12498,7.237598,5.553772,6.2154107,3.9042175,3.8500476,4.2474,4.8494744,5.1198792,7.145098,4.7780128,7.600707,7.738366,3.1289456,4.9751797,6.001464,3.4548697,3.5792675,5.8710756,3.8243961,5.3193603,4.6420884,6.3631325,7.983932,7.6725597,2.2797227,6.7135806,6.5127373,5.581075,8.606036,3.5416489,5.4705195,6.6249394,4.9533596,5.7498784,3.4917076,6.3533444,5.912572,3.415223,4.4946117,6.0848694,5.6283307,4.9316244,3.826408,7.0213966,0.5728528,2.531928
TCGA-49-AAR3-01,1.6684738,2.2374423,9.722225,5.602393,6.902001,2.5050151,1.095435,4.897673,5.5168915,4.380014,5.6854396,6.693533,7.456816,8.048753,3.421063,8.689403,4.0105114,5.46112,6.8604965,5.573803,8.871428,7.358344,7.197397,2.378643,9.049911,9.0461035,-0.46683842,6.9371934,0.4872163,5.615205,5.821898,8.741114,5.314415,6.3831034,5.819566,5.2627854,8.346018,2.538214,2.6078572,5.6853538,5.8651295,7.1830697,6.070027,4.6363173,6.6115265,4.8643274,4.471824,5.1644855,2.3513064,6.7532425,6.2048306,6.1683793,7.2961655,4.219977,4.407525,0.22198662,5.976691,8.279993,5.3960085,5.059607,4.811218,6.1942277,5.192899,4.7896156,3.9000585,6.820613,4.7185035,7.074535,7.5487037,6.8718762,4.855963,7.4546824,2.3109508,7.3193226,9.897861,3.7663515,6.8307343,8.296699,3.4527898,4.4357653,6.225072,5.0916314,7.4703264,5.803203,6.3463497,3.5697706,3.8178213,4.1983805,4.775586,4.6490374,7.057111,4.5933294,7.4322457,7.853357,3.1208713,4.88589,5.9622765,3.400931,3.5370157,5.8092985,3.8631945,5.2815127,4.6657815,6.157572,8.3018,7.705124,2.1474671,6.5757914,6.5374627,5.4985485,8.424933,3.6461618,5.525794,6.742423,4.9839,6.0180182,3.6323788,6.3936234,6.021754,3.4828472,4.9592943,6.3195496,5.714272,4.8453918,3.7803185,7.1335654,0.49339882,2.8002484
TCGA-17-Z013-01,1.8811315,2.0025096,9.836762,5.380766,7.4070344,2.2445536,0.6364691,4.9298735,5.05978,4.9533315,6.23636,7.1826267,8.168571,7.958692,3.356065,8.881833,3.6617336,5.950029,7.296789,5.37743,9.266098,7.562371,7.6004176,1.9740659,9.196494,8.890816,-0.57581717,6.7355237,0.47131717,5.527212,5.897716,9.141995,5.838901,6.831063,5.739962,5.2322593,8.426495,2.126013,2.318491,5.1800847,5.9321094,7.472509,6.5797462,4.8988023,7.2077503,4.879813,4.7811804,5.595398,2.3139582,7.071448,5.928221,6.496951,7.659039,4.0391436,4.822746,-0.3842339,5.7823696,8.849251,5.6903186,4.873719,4.915827,6.474501,5.9977403,4.72475,3.6709096,6.56696,4.7642198,7.502085,8.111342,7.3060493,5.318011,7.7312727,2.2094018,7.8518667,10.206167,3.4536111,6.539819,8.938106,3.2755191,5.073538,6.47914,5.199405,7.565418,5.846214,6.654659,3.7341392,4.2087245,3.7994199,4.4850764,4.3414044,7.583055,3.9434736,7.239069,7.512095,3.0317886,4.7192945,7.452699,3.615327,3.4749975,5.856155,3.8050992,5.582513,5.0142107,6.138337,8.983358,7.578226,2.4152637,7.079158,6.940135,5.676997,8.325725,4.437143,5.540727,6.4234347,5.359554,6.1428385,3.7131956,6.396449,6.043461,3.224905,4.9103513,6.3264756,5.5337696,4.944948,3.5489347,7.1873527,0.3288627,2.6971307
TCGA-44-7670-01,1.6459883,2.0255558,9.960756,5.8236732,6.9724135,2.6392245,0.9109365,5.221635,5.245107,4.0481052,5.6728272,6.8027067,7.8615794,8.302533,3.5278974,8.739059,3.5080495,5.46654,7.4779353,5.685426,8.5889635,7.1921487,7.0863905,1.9806497,9.647639,9.279857,-0.54646045,6.817541,0.11077329,5.380755,5.7150116,8.659656,5.6809688,6.643921,5.6654058,5.4839115,8.385072,2.410686,2.5622623,5.284925,5.7584405,7.1425457,6.464083,4.7572722,6.7537966,4.7687507,4.8849807,5.5260296,1.9577378,6.822003,6.293408,6.096013,7.4320164,4.241621,4.6076174,-0.6687874,6.187047,8.480544,5.574379,4.884452,4.8615637,6.2559257,5.7619696,4.8893785,3.8481019,6.456905,5.028054,7.3952155,7.965881,6.848992,4.9678497,7.6298494,2.295236,7.4961953,10.14683,3.4273129,6.521832,8.580142,3.386535,4.6624026,6.0723934,5.456198,7.394575,5.4765744,6.3688726,4.1362085,3.7729464,4.2144403,4.818064,4.9032373,6.912596,4.5639105,7.6590285,7.668308,3.2573628,5.0429573,6.103117,3.588643,3.6374736,5.9533186,3.8136833,5.2909756,4.8333387,6.2227726,8.355407,7.6944284,2.5173218,6.8999133,6.7637806,5.630999,8.708032,3.7547536,5.433581,6.469915,5.098892,5.8180475,3.4416327,6.5245295,5.876625,3.2308574,4.5163183,6.051364,5.583449,5.107903,3.7216218,6.991648,0.57683766,2.453517
TCGA-78-7633-01,1.7549511,2.3589473,9.803598,5.6068983,6.76162,2.4844792,1.0411199,4.795853,5.506086,4.192746,5.677729,6.637871,7.2998457,7.721364,3.354529,8.203871,4.011759,5.395418,6.9242826,5.473454,8.676885,7.297131,7.2973957,2.2644606,9.124452,8.901838,-0.35039508,6.991167,0.7037956,5.715789,5.7773113,8.861985,5.302028,6.3039174,5.6210217,5.258807,8.186018,2.4620626,2.618643,5.4802938,5.9653854,7.2894125,5.988232,4.5363464,6.6576166,4.911527,4.4151654,5.061065,2.7793682,6.654507,6.151774,6.042209,7.211196,4.1993628,4.3445163,-0.07784171,5.9290967,8.060525,5.323689,5.167092,4.9135284,6.276926,4.8800955,4.7213945,3.7859213,6.866103,4.7909193,6.9276094,7.5003395,6.810528,4.820977,7.40883,2.2698565,7.166462,9.826644,3.8805983,6.8430486,8.0901375,3.5616107,4.3154187,6.393986,5.0093074,7.455263,5.965275,6.2351227,3.5836456,3.8864145,4.115373,4.7804813,4.7848988,7.126245,4.5913095,7.232287,7.7700887,3.046151,4.729824,5.933955,3.4821186,3.535777,5.8212433,3.8473303,5.3078184,4.5528736,6.317194,8.336554,7.6262,2.131295,6.541741,6.3221335,5.4717,8.422632,3.6426554,5.510071,6.8393087,4.917856,6.1441813,3.727925,6.3814793,6.0939994,3.6332703,4.8711095,6.3509064,5.720356,4.8175454,3.8148706,7.1192827,0.5733771,2.7949264
TCGA-64-5778-01,1.6747527,2.2871888,9.740106,5.6469007,6.765523,2.534012,1.0399219,4.8432817,5.5882983,4.1074905,5.649031,6.6700277,7.3609524,7.803909,3.3801315,8.432194,4.033568,5.3306317,6.81722,5.5112076,8.753321,7.2871737,7.2072654,2.2812395,9.053527,8.993469,-0.40296084,6.9547577,0.5660695,5.701909,5.7327886,8.773921,5.2312264,6.3178253,5.698628,5.2449784,8.211349,2.5131395,2.6071877,5.6473255,5.8929157,7.240324,5.9643116,4.5728154,6.6012526,4.881593,4.448692,5.081546,2.5460153,6.6462946,6.242662,6.102737,7.2175074,4.249658,4.305374,-0.0304491,5.967937,8.140617,5.33605,5.135843,4.8641114,6.2598877,5.0308642,4.7485595,3.841365,6.879948,4.739022,6.9511046,7.484553,6.7766643,4.8628793,7.420496,2.3391743,7.170948,9.888092,3.8652158,6.883253,8.119493,3.5298321,4.280455,6.258033,4.994995,7.4266553,5.896728,6.2314987,3.5489204,3.8421204,4.1685805,4.805513,4.783766,7.06645,4.6325035,7.383937,7.866297,3.055532,4.8021507,5.9487414,3.4251375,3.5382187,5.8080654,3.8443875,5.279944,4.4938602,6.29077,8.211783,7.6603875,2.0928893,6.5571923,6.3900084,5.4563727,8.491254,3.5764039,5.523483,6.853783,4.8934937,6.0834513,3.6751697,6.403041,6.0708356,3.571847,4.9113913,6.3228393,5.71832,4.827004,3.8185227,7.1210814,0.4939234,2.797795
TCGA-64-1677-01,1.6461773,1.9267309,9.830635,5.6066484,6.9432616,2.4322042,1.0790797,4.940241,5.340498,4.452884,5.6158667,6.6611996,7.471971,8.313732,3.407739,8.756879,3.8629537,5.6872025,7.0198283,5.664168,8.875711,7.27961,7.0838265,2.243175,9.309043,9.109523,-0.5464567,6.733447,0.06583419,5.6383095,5.8248625,8.820224,5.509264,6.613928,5.6773353,5.2831492,8.6142845,2.5045805,2.629466,5.5103707,5.6450047,7.2608323,6.258554,4.5346546,6.5357394,4.763764,4.634335,5.2555957,2.0725756,6.9033074,6.3364115,6.2113857,7.3336973,4.243464,4.4183917,0.010937225,6.193108,8.376872,5.4466057,4.9698415,4.76224,6.0814757,5.349815,4.9608893,3.9122708,6.573672,4.948461,7.221066,7.722515,6.9992185,4.853523,7.395515,2.1932755,7.4165606,9.984929,3.5400252,6.689342,8.404081,3.302753,4.711962,6.2790337,5.21064,7.500563,5.659475,6.4283996,3.8085303,3.659794,4.269377,4.7513275,4.567546,6.841618,4.5191154,7.5106497,7.8274465,3.3032444,5.023633,5.796626,3.4531524,3.6573524,5.881772,3.8888144,5.172106,4.765994,6.0938497,8.542828,7.7465773,2.305664,6.7090163,6.5863247,5.570902,8.542457,3.6683652,5.494459,6.6391644,4.985606,6.0602956,3.552471,6.571557,5.948466,3.3511524,4.8824377,6.295339,5.75031,5.0321865,3.748598,7.057128,0.52812773,2.7813735
TCGA-73-7498-01,1.5821056,2.4786026,9.827423,5.706248,6.7674136,2.64452,0.9588355,4.9209867,5.7357364,3.9166596,6.0534053,6.7827296,7.707583,7.408274,3.5030606,8.496971,3.6487198,5.0942893,6.6729455,5.488867,8.808478,7.22267,7.344634,2.2077878,9.164062,8.974753,-0.39450896,7.176882,0.80105805,5.5340824,5.6891108,8.715063,5.2479196,6.228477,5.891878,5.3586097,7.8935103,2.258503,2.5154989,5.614077,6.017969,7.1734495,5.99698,4.8179665,6.9326363,4.9426827,4.557428,5.319141,2.7079227,6.4859133,6.111911,6.054424,7.3382735,4.254871,4.4106884,-0.27363682,5.9279475,8.206538,5.461062,5.077161,5.063159,6.435294,5.1897345,4.6105733,3.72515,6.9448752,4.7052007,7.0286617,7.551294,6.7237945,5.0650067,7.5500665,2.440607,7.1688685,10.040845,3.928085,6.7890086,8.238578,3.6691377,4.1735697,6.211699,4.9518094,7.275593,5.8540497,6.218005,3.586869,4.0519543,3.996814,4.7855163,4.8892894,7.38439,4.63383,7.391848,7.749774,2.9367924,4.752293,6.134144,3.495759,3.4827747,5.7985168,3.7951934,5.494176,4.5180492,6.4083014,8.068546,7.5806704,2.1035333,6.723305,6.476635,5.512568,8.467264,3.6988466,5.4973907,6.7324314,5.0214105,5.8612285,3.6803565,6.277395,6.067624,3.532015,4.7671633,6.2034183,5.5959415,4.816001,3.7843835,7.070938,0.47945207,2.710873
TCGA-05-4410-01,1.7392612,2.0180054,10.006836,5.677885,6.8311806,2.4243693,1.0521894,4.8955674,5.2481127,4.327277,5.611887,6.580398,7.3212256,8.102099,3.3909256,8.347145,3.8673477,5.697778,7.23371,5.643991,8.605594,7.1970935,7.1262717,2.0840065,9.555916,9.009857,-0.46213993,6.719831,0.17582086,5.6675363,5.7599087,8.8933115,5.5977836,6.58684,5.496555,5.3942523,8.523388,2.4306679,2.689135,5.261233,5.7226024,7.319471,6.2559633,4.4384623,6.556242,4.794943,4.6184983,5.225859,2.42266,6.8328786,6.3212047,6.043628,7.2967806,4.240958,4.410495,-0.23748092,6.22807,8.172838,5.379589,5.0274115,4.8700852,6.096233,5.169607,4.934975,3.8295188,6.5308824,5.1105914,7.14698,7.733553,6.96036,4.8235235,7.37516,2.1011076,7.3017573,9.883039,3.5762162,6.6371393,8.260474,3.3877926,4.6697764,6.406065,5.2487483,7.49371,5.72496,6.358428,3.952556,3.6464522,4.280807,4.7643065,4.716178,6.836235,4.571654,7.380321,7.718834,3.3129592,4.9659076,5.7203326,3.5201194,3.6926506,5.928829,3.8819215,5.118503,4.770588,6.207914,8.615049,7.714992,2.376225,6.6856422,6.43593,5.5924454,8.559193,3.639198,5.4690046,6.6579814,4.9342566,6.1239944,3.5686045,6.5738397,5.9446907,3.429603,4.712006,6.2737865,5.760421,5.0531907,3.777243,7.030654,0.669512,2.7108488
TCGA-75-5122-01,1.7217954,2.3518996,9.719521,5.586884,6.950953,2.5459938,0.9684075,4.9513645,5.4936404,4.2938223,5.825109,6.7915773,7.6139245,7.929729,3.4239087,8.652584,3.928239,5.4141665,6.9811974,5.488975,8.849466,7.390026,7.319263,2.288024,9.02409,9.051015,-0.4179161,7.0279174,0.64281094,5.5262723,5.8235946,8.732576,5.341351,6.3717318,5.8235817,5.2611046,8.204122,2.445351,2.5001793,5.5951195,5.9825974,7.183055,6.139331,4.759271,6.7933526,4.9152727,4.51993,5.262217,2.4037492,6.7169776,6.104038,6.1584487,7.331225,4.171558,4.508042,-0.05237558,5.9042416,8.337619,5.4748197,5.037603,4.874325,6.346951,5.327249,4.693331,3.8206935,6.847759,4.650905,7.1195855,7.6293564,6.8504367,4.924237,7.5585556,2.376074,7.3901834,9.984366,3.7815042,6.7943397,8.383503,3.50876,4.406858,6.205916,5.0996823,7.42854,5.838181,6.3367677,3.585196,3.9723055,4.071178,4.7610354,4.731335,7.2147326,4.5151687,7.403602,7.7703876,3.008381,4.7802477,6.312162,3.471705,3.471558,5.8054867,3.8163161,5.4191084,4.681843,6.2375236,8.2336855,7.6315484,2.171173,6.6651683,6.606186,5.510262,8.436214,3.7832415,5.518188,6.710366,5.057406,5.9620247,3.6624472,6.320653,6.044628,3.4708745,4.8848896,6.2736692,5.622732,4.817459,3.7464902,7.1527057,0.47894627,2.7089567
TCGA-73-4658-01,1.7104312,2.377096,9.755078,5.5604467,6.9071097,2.5029986,0.9645289,4.8766627,5.5549035,4.2678175,5.849763,6.8131843,7.6244397,7.696032,3.4135053,8.446166,3.827496,5.3434916,6.86789,5.4342194,8.886958,7.385216,7.398839,2.3067353,9.021363,8.928556,-0.37937364,7.097507,0.82002115,5.6016135,5.844926,8.829222,5.3177004,6.301201,5.807465,5.2357264,8.112854,2.369169,2.534822,5.5409384,6.029959,7.227041,6.0497403,4.7783675,6.883726,4.9390855,4.4954762,5.2329035,2.6734278,6.671311,6.0161514,6.163365,7.3251905,4.146568,4.4863224,-0.05357926,5.80003,8.276146,5.4401207,5.1137795,4.9208503,6.390763,5.218995,4.6354785,3.7611203,6.8928094,4.659769,7.0506496,7.5975347,6.8288903,4.97084,7.530245,2.3752913,7.309461,9.938923,3.8624918,6.815598,8.315769,3.5599456,4.3475666,6.320249,5.0198565,7.431247,5.924375,6.2996607,3.502485,4.065051,3.9654124,4.7404337,4.6896424,7.3359733,4.500479,7.2576523,7.725562,2.946787,4.70279,6.2951417,3.5112944,3.4567096,5.792215,3.8144577,5.485985,4.6110353,6.284378,8.295659,7.583885,2.1203988,6.6643934,6.5251403,5.4893584,8.346585,3.831945,5.5129957,6.7315593,5.081301,6.0143647,3.745838,6.2919664,6.1151595,3.5580418,4.936977,6.2984395,5.6181355,4.784673,3.7457895,7.129755,0.49897736,2.7795918
TCGA-97-A4M7-01,1.5462431,2.6202633,9.8653555,5.945046,6.6760116,2.8506496,0.98571473,5.086037,5.6732564,3.653948,6.0291533,6.742669,7.7698736,7.634356,3.6205733,8.568231,3.602945,4.92233,6.999228,5.601923,8.504491,7.0885534,7.193086,2.114193,9.364074,9.1493635,-0.43181777,7.1773787,0.6874086,5.3741446,5.5337095,8.482785,5.301356,6.2481117,5.9057207,5.560244,7.7718024,2.341388,2.5543077,5.5793753,6.053578,7.0540266,6.0835443,4.81717,6.83304,4.913004,4.636471,5.398755,2.40568,6.3726125,6.2167234,5.869153,7.3110785,4.34416,4.433451,-0.5587064,6.0526385,8.184186,5.4530272,4.980567,5.1002216,6.3805566,5.2718697,4.655025,3.785274,6.8657527,4.7882657,7.0731072,7.5981874,6.589127,5.0190525,7.6310396,2.4424603,7.1335583,10.044549,3.8706348,6.714163,8.22064,3.7369683,4.110969,5.9913645,5.081326,7.192894,5.6015787,6.1610265,3.8635216,3.9421523,4.1675467,4.869808,5.207915,7.233256,4.7961364,7.5683236,7.719883,3.0301957,4.8873644,6.080622,3.4795542,3.5352619,5.852056,3.7930913,5.414481,4.582425,6.4453554,7.8684797,7.625242,2.2486868,6.708805,6.4865737,5.5552006,8.616222,3.5518875,5.4667063,6.670193,4.955618,5.7138157,3.5230577,6.285515,5.950135,3.466209,4.4633827,6.065426,5.5816894,4.8735275,3.8378255,7.033336,0.586505,2.4840503
TCGA-50-8459-01,1.5488094,2.7637908,9.776663,5.9041348,6.719653,2.8433821,0.9630181,5.0446677,5.760206,3.7003455,6.0566373,6.8429694,7.8026867,7.531776,3.6227684,8.65236,3.606654,4.874688,6.809918,5.526176,8.591167,7.1938734,7.2807274,2.2219284,9.172632,9.074806,-0.37952834,7.286071,0.9259372,5.3716145,5.5739374,8.483895,5.1983495,6.1481924,6.039203,5.5110345,7.693718,2.3188381,2.5416708,5.6914253,6.1779156,7.01809,5.9852595,4.9315085,6.8876033,4.9803615,4.5595703,5.367688,2.5446322,6.329185,6.098495,5.933165,7.305254,4.3023705,4.462521,-0.19197457,5.8596997,8.182456,5.4436884,5.0217314,5.076982,6.4542236,5.2650995,4.543079,3.7747073,6.9760885,4.629313,7.024229,7.530733,6.538321,5.070755,7.666218,2.5383382,7.12954,9.983554,3.9940846,6.799118,8.227127,3.7858787,4.0178146,5.9929013,5.004013,7.197257,5.671106,6.1583014,3.6789849,4.0652857,4.0620036,4.861936,5.151572,7.403555,4.7935333,7.487699,7.7327785,2.896925,4.7985816,6.1648293,3.4496996,3.4553404,5.7963033,3.7668257,5.534277,4.542976,6.448747,7.807897,7.589418,2.1451864,6.6565595,6.520714,5.511326,8.489552,3.6203923,5.489597,6.727146,5.000874,5.6971354,3.5827732,6.1597347,6.0090885,3.524996,4.5805426,6.081926,5.537451,4.730472,3.82913,7.088779,0.58366996,2.5462782
TCGA-97-8176-01,1.5765686,2.6986241,9.770344,5.820915,6.7615438,2.7897346,0.95026916,5.035173,5.7422056,3.777122,6.0461493,6.840914,7.7939644,7.489135,3.5794153,8.590498,3.6107948,4.9218016,6.8178988,5.4963593,8.673317,7.2288566,7.333399,2.2444973,9.132661,9.058243,-0.37681785,7.290522,0.9523562,5.407143,5.6286297,8.548462,5.2160654,6.1598268,6.006947,5.44406,7.735091,2.3081977,2.5146928,5.656899,6.158818,7.0560093,5.999726,4.9226193,6.9311175,4.9804387,4.5591063,5.3533325,2.6030111,6.3889527,6.070082,5.9790583,7.3208423,4.269495,4.46605,-0.22595637,5.843606,8.214491,5.4615216,5.043349,5.0638556,6.477413,5.2600427,4.5426254,3.7572494,6.982025,4.6163654,7.0322995,7.544732,6.5895305,5.056824,7.656446,2.52686,7.163142,10.01133,3.977157,6.799828,8.250867,3.7538965,4.0621343,6.0533934,4.9919906,7.228731,5.7437954,6.177537,3.627723,4.099026,4.0119267,4.838453,5.061784,7.424662,4.7295837,7.4466553,7.728149,2.8820684,4.75689,6.2231646,3.4739954,3.443606,5.789518,3.7694604,5.5589337,4.539873,6.4375834,7.8708334,7.577454,2.1343014,6.674564,6.523634,5.50247,8.472561,3.6697567,5.4924884,6.7272573,5.0305057,5.73826,3.6261227,6.1753254,6.042498,3.536893,4.6532273,6.1216326,5.5389204,4.7369323,3.8121867,7.0926766,0.54348904,2.5808184
TCGA-67-3772-01,1.5955278,2.3270023,9.755309,5.8157935,6.9185567,2.714386,0.9479118,5.1466546,5.5010405,4.027529,5.73757,6.885078,7.7987432,7.9305897,3.553477,8.832008,3.6304982,5.1592913,7.09405,5.597393,8.756789,7.2825246,7.174862,2.213822,9.263731,9.20606,-0.51493907,7.0116787,0.5504841,5.4584975,5.611208,8.56967,5.4008026,6.406058,5.932021,5.416938,8.099029,2.4350822,2.5864697,5.6035438,5.954746,7.0872235,6.1686316,4.8601074,6.724388,4.857291,4.678887,5.3511558,2.1842754,6.6343575,6.214727,6.1394563,7.3756485,4.290432,4.4840965,-0.0731428,5.9303894,8.434782,5.450696,4.9706407,4.850376,6.317361,5.566314,4.725853,3.8886008,6.749457,4.730306,7.1910534,7.715387,6.6978707,5.060463,7.6611686,2.4494216,7.294939,9.99584,3.730505,6.755481,8.406167,3.5334811,4.362477,6.000535,5.1505337,7.360582,5.589932,6.291932,3.7517729,3.9192133,4.1441536,4.822253,4.871889,7.1489778,4.6741133,7.5766935,7.7816515,3.0615542,4.9340205,6.2448916,3.4329915,3.5369682,5.8336153,3.808847,5.408622,4.64098,6.2584558,8.093446,7.686767,2.2802408,6.7029,6.667382,5.519615,8.545745,3.6724067,5.5008726,6.6613708,5.045039,5.8112164,3.5208213,6.3350377,5.9848886,3.3963778,4.7213,6.1308966,5.5900755,4.8362994,3.791375,7.086642,0.5192316,2.5601418
TCGA-62-A470-01,1.764308,1.9686917,9.849882,5.5751586,6.897385,2.3824034,1.0108486,4.852412,5.315161,4.4207006,5.541073,6.6312227,7.336527,8.206374,3.309561,8.545924,4.0817423,5.741443,7.106674,5.5696735,8.7468,7.3083415,7.1416693,2.1229131,9.258876,9.018501,-0.4507223,6.6787543,0.15166849,5.695777,5.854292,8.887452,5.465651,6.5804195,5.510093,5.2373943,8.59683,2.5352995,2.5961134,5.4394927,5.699248,7.318678,6.2107263,4.4541483,6.551767,4.803032,4.5594754,5.1734815,2.2856643,6.904975,6.320765,6.168605,7.2701135,4.189072,4.407975,-0.17753036,6.1723537,8.238497,5.413377,5.06363,4.7812715,6.1534295,5.2661405,4.913638,3.858605,6.6244164,4.9275084,7.1298003,7.6778665,6.991448,4.8225284,7.3736134,2.1798751,7.409158,9.957111,3.5931666,6.742098,8.308825,3.3236156,4.633871,6.336889,5.2276416,7.540249,5.821134,6.367834,3.7551894,3.6835384,4.260228,4.761693,4.64586,6.8418493,4.481745,7.4402695,7.8263564,3.234618,4.9052143,5.960867,3.493183,3.6136336,5.887734,3.8667948,5.126772,4.696602,6.169164,8.532411,7.702558,2.2575889,6.6737065,6.512575,5.536747,8.565532,3.6846988,5.5047455,6.7241225,4.937892,6.180779,3.6191823,6.57228,5.987078,3.4161563,4.901437,6.3302703,5.747918,5.0151386,3.7434673,7.102915,0.5123267,2.7942648
TCGA-55-6981-01,1.7855146,2.0576184,9.90105,5.5159497,7.01206,2.401892,1.1154248,4.931382,5.2221622,4.6607757,5.8320923,6.5883875,7.4780726,8.401051,3.4139917,8.412168,4.0688386,5.8272734,7.302157,5.6440616,8.807858,7.3256426,7.2307463,2.2421021,9.378043,9.076149,-0.5175006,6.795936,0.22804101,5.516776,5.9659615,8.841598,5.6256695,6.5920696,5.6293254,5.348064,8.574591,2.5071857,2.5717416,5.371433,5.771515,7.2520294,6.3794565,4.5472,6.723039,4.8142734,4.5721393,5.339755,2.172145,6.933479,6.187815,6.0950212,7.3995733,4.151905,4.582885,-0.27096072,6.1796474,8.400334,5.5016994,4.95472,4.8799925,6.1074347,5.323363,4.916154,3.8604074,6.610215,4.951125,7.2670226,7.769871,7.118364,4.773076,7.4481425,2.081378,7.532479,9.97991,3.502104,6.603555,8.501939,3.3471532,4.7915792,6.365657,5.319426,7.529376,5.737983,6.4831457,3.8916748,3.7465544,4.265316,4.7008295,4.575768,6.9349613,4.4285336,7.41602,7.684326,3.313191,4.9614086,6.0921054,3.5192192,3.6024144,5.9047375,3.9019005,5.173097,4.9749775,6.068113,8.637592,7.7192006,2.3717048,6.724863,6.627886,5.6379795,8.465305,3.7994485,5.4840603,6.503385,5.0752053,6.034245,3.5930808,6.521929,5.9233265,3.3480787,4.7794857,6.3192143,5.73694,5.0817137,3.704813,7.0889025,0.54940176,2.6967535
TCGA-55-6986-01,1.6311749,2.4409752,9.766034,5.6463037,6.8206067,2.5832124,0.97789407,4.894281,5.6737957,4.0724783,5.900845,6.7995033,7.6241894,7.5321574,3.4575913,8.502589,3.766038,5.1876345,6.713275,5.463604,8.851874,7.306787,7.3517947,2.2914515,9.049462,8.947795,-0.38686222,7.144474,0.8281747,5.592976,5.744999,8.759938,5.246653,6.240277,5.875429,5.289421,7.999058,2.3410318,2.5496173,5.6264524,6.027134,7.1899858,5.9777517,4.788638,6.8603024,4.9412704,4.5050244,5.234141,2.710382,6.5642,6.077422,6.1154246,7.311815,4.214376,4.4137764,-0.032101195,5.8390846,8.215398,5.4214005,5.114834,4.9696455,6.4025044,5.159757,4.619626,3.763462,6.937783,4.6633644,7.008076,7.5354967,6.745139,5.012159,7.531785,2.4266338,7.1980686,9.958387,3.9249053,6.8367844,8.238049,3.6201694,4.227406,6.252301,4.95824,7.359268,5.8892508,6.241984,3.5042932,4.04695,3.9932306,4.776151,4.7878666,7.3481803,4.6009316,7.3256598,7.767226,2.9329405,4.730806,6.1489167,3.4785547,3.4704485,5.784657,3.806946,5.482924,4.526453,6.346082,8.155998,7.5925074,2.0877671,6.6537924,6.477708,5.4792275,8.396354,3.728056,5.5120735,6.7686815,5.0301285,5.946597,3.7129455,6.276273,6.101621,3.5685349,4.881949,6.2573175,5.6167064,4.767007,3.7824428,7.1055355,0.49240205,2.7663636
TCGA-55-8621-01,1.5372311,2.6367795,9.857532,5.8786764,6.7951646,2.814703,0.9383883,5.109943,5.6879807,3.7235918,6.142262,6.8534894,7.9021273,7.5700555,3.6328,8.727835,3.5255485,4.9787054,6.8787,5.56656,8.648108,7.1753983,7.28871,2.1663764,9.295884,9.117958,-0.42543477,7.2543945,0.7962965,5.3245697,5.603232,8.521844,5.324203,6.2406564,6.027527,5.5365195,7.7787595,2.2573586,2.5098002,5.6100497,6.1044917,7.029174,6.112487,4.95376,6.960959,4.9560432,4.666346,5.483359,2.4833853,6.410385,6.1115723,5.965383,7.3861375,4.2946835,4.519091,-0.3322024,5.9395013,8.275794,5.522187,4.9634705,5.096017,6.4569664,5.4040236,4.5866146,3.75484,6.8808756,4.7128224,7.142013,7.641969,6.623634,5.0961056,7.6901693,2.5035644,7.2243633,10.086914,3.8765147,6.6987653,8.355663,3.7253268,4.165989,6.01658,5.087359,7.195689,5.6240897,6.221379,3.7879517,4.0570498,4.0474324,4.8377037,5.09531,7.388671,4.734142,7.538194,7.691926,2.9523108,4.844334,6.168192,3.4936898,3.4857275,5.8256783,3.7663167,5.542155,4.6322784,6.4271936,7.9110074,7.600362,2.2320514,6.765659,6.603737,5.5629272,8.533593,3.6883,5.4719725,6.630448,5.0648484,5.652554,3.5498343,6.205771,5.9715295,3.4388871,4.524925,6.050692,5.5181684,4.814158,3.7943347,7.0525656,0.5682534,2.510359
TCGA-78-8660-01,1.680875,2.2767532,9.721332,5.561533,6.9142723,2.4758077,1.0431064,4.8598833,5.558227,4.384826,5.724782,6.7689314,7.5234447,7.8556614,3.4096758,8.591817,3.9240801,5.4139595,6.7916965,5.4962153,8.931336,7.3956842,7.2979484,2.3759503,8.994567,8.954108,-0.42656127,7.00869,0.66770756,5.643242,5.852576,8.809174,5.296689,6.3305397,5.8367844,5.223394,8.258258,2.462663,2.5949328,5.6465487,5.9386964,7.209581,6.0237584,4.712354,6.736758,4.8972964,4.4648714,5.171935,2.5470703,6.7279754,6.096471,6.203642,7.3109465,4.1732144,4.437241,0.21097472,5.848442,8.278591,5.4005475,5.1137247,4.8403854,6.2829714,5.199294,4.71009,3.8425639,6.8661633,4.6739306,7.0480847,7.5540004,6.8538895,4.93047,7.4787207,2.348833,7.3005877,9.888517,3.827766,6.850638,8.302501,3.4921658,4.3924236,6.2905574,5.036012,7.4774747,5.8824344,6.326873,3.4746745,3.947348,4.071002,4.7516403,4.608079,7.207839,4.543172,7.3195686,7.8051996,3.0251713,4.7916765,6.103707,3.4462123,3.4903147,5.7910757,3.8440437,5.381548,4.618116,6.198193,8.328651,7.646758,2.1052964,6.602324,6.532392,5.477946,8.342457,3.747988,5.526706,6.7481947,5.042522,6.040948,3.709135,6.341856,6.0886497,3.5353634,5.022708,6.326102,5.6735463,4.795216,3.7590337,7.1354346,0.48427916,2.8422005
TCGA-38-4626-01,1.7344388,2.4665143,9.718782,5.600363,6.9098315,2.5633187,1.0176482,4.9253364,5.5174575,4.2819095,5.819489,6.7718525,7.587234,7.865833,3.444142,8.480617,3.9270182,5.3262115,6.996857,5.47501,8.7957945,7.3950586,7.357664,2.3565092,9.01575,9.003605,-0.39087707,7.112149,0.8244767,5.533732,5.836905,8.73075,5.3162193,6.284524,5.8374715,5.282695,8.102952,2.4587636,2.5449123,5.577515,6.0710635,7.1653633,6.074792,4.7697554,6.8118043,4.9405904,4.458368,5.215178,2.5501819,6.6585793,6.0296116,6.1031237,7.310269,4.159216,4.5087013,0.008460332,5.8137603,8.2755785,5.4274454,5.080149,4.903604,6.3461113,5.194537,4.6482997,3.814163,6.9055476,4.63008,7.0556717,7.578575,6.8042393,4.892291,7.5584927,2.366687,7.3228283,9.896581,3.8544724,6.818136,8.31489,3.5759475,4.328827,6.239684,5.0730777,7.4314322,5.8688025,6.303808,3.550474,4.018231,4.050433,4.765654,4.762809,7.2787194,4.556072,7.309351,7.732155,2.9805965,4.7432795,6.280095,3.4731097,3.4535608,5.7943373,3.8246777,5.44717,4.6756215,6.248991,8.214791,7.617501,2.1507173,6.598898,6.5415916,5.495052,8.358513,3.771646,5.514898,6.7199903,5.0609045,5.968002,3.6986852,6.2689924,6.074159,3.548154,4.8753138,6.287602,5.6297836,4.77054,3.7672951,7.1536694,0.5273714,2.7110343
TCGA-62-8398-01,1.8040118,2.089304,9.882837,5.4913626,6.976134,2.36451,1.087336,4.857575,5.273408,4.6163216,5.7689586,6.629944,7.462049,8.201419,3.3766928,8.258673,4.0216722,5.748787,7.214888,5.563631,8.819554,7.35598,7.30044,2.2508988,9.310266,8.969085,-0.46760583,6.843862,0.405714,5.605803,5.980549,8.926955,5.5692863,6.5171585,5.5907073,5.2879815,8.491059,2.4743695,2.592177,5.3426495,5.8339796,7.297429,6.2754674,4.563011,6.765188,4.8394933,4.5252337,5.2619696,2.40941,6.897557,6.1106887,6.119314,7.3689127,4.119058,4.552714,-0.25138283,6.0423064,8.332643,5.454189,5.0458174,4.885251,6.1693134,5.2158847,4.85001,3.8169248,6.674338,4.9122553,7.17973,7.726546,7.073269,4.8103857,7.432362,2.1087651,7.4552135,9.919277,3.594757,6.6642637,8.419161,3.3899772,4.7022233,6.4456015,5.2432995,7.5510187,5.8462954,6.4316645,3.7703812,3.8376253,4.1652226,4.6923594,4.5597453,7.04184,4.409606,7.2823796,7.667828,3.2245374,4.860814,6.123536,3.5456688,3.5691743,5.882548,3.8913257,5.2361455,4.871299,6.116953,8.652686,7.671088,2.303176,6.695305,6.5532765,5.5905023,8.391629,3.839007,5.489795,6.5688763,5.081195,6.1152754,3.6810813,6.4877777,6.0066094,3.4449766,4.859578,6.3536305,5.7280927,5.016229,3.7089803,7.094772,0.5457713,2.7642436
TCGA-44-A4SS-01,1.632997,2.2002804,9.871532,5.8184605,6.903526,2.709894,0.92587566,5.1872053,5.379804,3.945476,5.814266,6.739135,7.824556,8.270508,3.523557,8.784481,3.6976888,5.3439918,7.356919,5.6591573,8.583418,7.1858277,7.0997324,2.0516787,9.442453,9.3221245,-0.50413024,6.9097414,0.20049925,5.3416905,5.7092814,8.554846,5.509607,6.5484805,5.710551,5.4495463,8.2465925,2.4581933,2.4788542,5.4594245,5.812866,7.1006837,6.3782916,4.7433395,6.753518,4.8205113,4.7884636,5.489769,1.8985691,6.7173176,6.320168,6.0426965,7.3676214,4.2697396,4.5555735,-0.71153295,6.2201962,8.433269,5.580851,4.870662,4.9073944,6.2886186,5.652548,4.839579,3.8448682,6.616273,4.8831997,7.3107247,7.833487,6.8036685,4.897189,7.6157007,2.3548932,7.48888,10.196635,3.5424984,6.5971828,8.4964485,3.460467,4.4918175,5.980136,5.3603163,7.312651,5.5308986,6.325587,4.03665,3.785026,4.2449203,4.843533,5.010027,6.935644,4.6046944,7.7297707,7.745482,3.19461,4.998356,6.1818433,3.5317159,3.587976,5.9122505,3.8024805,5.3041415,4.772398,6.2700524,8.125663,7.6831045,2.4021463,6.846203,6.7187686,5.610494,8.757969,3.6661909,5.4523263,6.5521765,5.0217094,5.7755656,3.448191,6.4653893,5.8721194,3.259424,4.5193458,6.0769706,5.589166,5.0647326,3.7467349,7.040755,0.5179801,2.441233
TCGA-78-7154-01,1.6903061,1.9431874,9.878127,5.6495724,6.9596195,2.4645019,1.0726837,5.0112987,5.2404623,4.4306693,5.631498,6.627561,7.4579916,8.426952,3.4187827,8.7088995,3.906164,5.723097,7.2445183,5.700516,8.764737,7.2637887,7.067911,2.1813679,9.437013,9.183567,-0.55645865,6.6924834,0.006597038,5.575413,5.799754,8.774312,5.586015,6.657427,5.6281924,5.355011,8.630784,2.5218296,2.6215322,5.433197,5.654044,7.239343,6.3460164,4.515791,6.514636,4.7653246,4.658715,5.2964807,1.980027,6.9173713,6.375422,6.1478763,7.3505826,4.259574,4.451911,-0.11906551,6.2724757,8.394586,5.456666,4.9221005,4.774412,6.059872,5.414933,4.983429,3.9211578,6.5264373,4.9933524,7.2650166,7.7732024,7.013014,4.8210835,7.4277816,2.1540525,7.455843,9.989866,3.4830022,6.6413164,8.430994,3.299622,4.758316,6.2388244,5.299738,7.492081,5.6065946,6.44506,3.936541,3.6130369,4.3337507,4.7609296,4.642476,6.7763567,4.542198,7.5700164,7.8050523,3.349812,5.0612597,5.842412,3.4496243,3.677793,5.9072547,3.888921,5.126037,4.847114,6.0942516,8.5357685,7.773786,2.38256,6.7146277,6.6132965,5.6036224,8.612946,3.6435025,5.4884634,6.6066837,4.9718075,6.0244484,3.4949389,6.5813684,5.895917,3.3079023,4.7584176,6.2686906,5.7502193,5.070546,3.754703,7.0648413,0.5687188,2.6740274
TCGA-67-3770-01,1.5571308,2.274013,9.863731,5.880095,6.928666,2.7263741,0.9968853,5.1826944,5.4382086,4.0814853,5.839654,6.819192,7.806604,8.128259,3.6166096,9.026472,3.5922997,5.2918744,7.141962,5.7143197,8.691804,7.207143,7.0774446,2.157486,9.4582615,9.260702,-0.56182677,6.9349494,0.2972003,5.356547,5.6104703,8.515725,5.507362,6.5071497,5.9608936,5.5415397,8.216852,2.4096234,2.603572,5.577144,5.859914,7.045637,6.2936234,4.824627,6.6878815,4.8234286,4.7513194,5.4761558,1.9867494,6.667168,6.2973304,6.082075,7.418322,4.3235865,4.5363584,-0.05430213,6.120102,8.449058,5.5065837,4.8660636,4.8829446,6.2161474,5.6501913,4.818176,3.9134736,6.6215935,4.8674264,7.3025203,7.7813334,6.7654476,5.03885,7.6455493,2.3755493,7.373445,10.042029,3.6090455,6.6382666,8.498818,3.486164,4.4977965,5.962078,5.2709517,7.3312726,5.436432,6.359868,3.945936,3.781127,4.26908,4.827347,4.8948855,7.0261755,4.7102613,7.6967554,7.7608976,3.2011034,5.077842,6.025164,3.4300215,3.6036713,5.8828793,3.823597,5.3090506,4.798429,6.2061763,8.150061,7.735681,2.385147,6.7641854,6.7367377,5.60495,8.604308,3.6378658,5.4775467,6.5481887,5.0463786,5.721637,3.4127235,6.389426,5.865549,3.2746177,4.597254,6.0658393,5.6044593,4.947749,3.7755122,7.046684,0.5807303,2.513202
TCGA-97-8547-01,1.5215089,2.563724,9.930041,5.927062,6.806411,2.82006,0.96327543,5.1370916,5.6131754,3.7740538,6.201558,6.817519,7.934024,7.7087717,3.6753607,8.814048,3.4573598,5.0666285,6.9765487,5.6477394,8.6090145,7.1244655,7.2192616,2.0930037,9.476937,9.17217,-0.47846112,7.160006,0.59030944,5.2704897,5.580097,8.492992,5.42016,6.3336573,6.0126476,5.6248426,7.8603015,2.2333455,2.5259864,5.5575023,6.0318933,7.0218863,6.213105,4.9284086,6.9259744,4.918315,4.722009,5.5657444,2.2926714,6.4372845,6.1825485,5.9323277,7.4270267,4.329483,4.5506253,-0.42694575,6.0788393,8.321369,5.547009,4.8820724,5.1143746,6.3763905,5.506789,4.662721,3.7755172,6.7826486,4.81724,7.224568,7.7132854,6.683914,5.115857,7.684583,2.433046,7.2697277,10.107676,3.7779,6.6175423,8.420875,3.6867723,4.2744246,5.9896617,5.166952,7.181208,5.5093236,6.273565,3.943592,3.9601984,4.138376,4.8272953,5.1095076,7.297956,4.7442718,7.621772,7.672364,3.0621195,4.9523597,6.0973883,3.4847715,3.5417707,5.8630166,3.784264,5.461197,4.7417364,6.3837724,7.96743,7.6416464,2.3180182,6.8155212,6.651487,5.625798,8.589454,3.6680264,5.460577,6.54715,5.059968,5.6102333,3.471644,6.2608914,5.8915334,3.3480425,4.4232087,6.0176234,5.5389466,4.9060655,3.7842796,7.0274053,0.6005586,2.4604218
TCGA-78-7537-01,1.6610522,2.539585,9.765893,5.732551,6.7221885,2.6494374,1.0000832,4.9026904,5.648908,3.9441297,5.7906704,6.7260723,7.4886594,7.593387,3.4543366,8.377456,3.840768,5.122465,6.8494234,5.4784207,8.641904,7.251241,7.287493,2.2608309,9.097545,8.975227,-0.3481565,7.135336,0.82869,5.591933,5.680062,8.692817,5.2154,6.2119923,5.7975917,5.337261,7.95363,2.4192846,2.5842032,5.5937533,6.0576572,7.172533,5.9492,4.6969213,6.743367,4.943626,4.4675336,5.15803,2.702326,6.502449,6.13683,6.000537,7.2251825,4.2452006,4.364872,-0.12112247,5.881929,8.090887,5.3620505,5.131805,4.9693522,6.3707967,5.0165815,4.633963,3.783507,6.9373975,4.697163,6.9369273,7.4840107,6.6598907,4.9169974,7.5136595,2.4132752,7.123073,9.895959,3.9567714,6.855296,8.110869,3.665544,4.1392803,6.2085624,4.978833,7.3441687,5.8629985,6.1726236,3.5822613,3.9703279,4.0828514,4.830805,4.9510493,7.237118,4.6920624,7.3419695,7.7777634,2.956784,4.7379193,6.0190253,3.4674215,3.4923325,5.8020754,3.8075542,5.4123397,4.492363,6.3931417,8.068215,7.602548,2.1096444,6.5726337,6.3824797,5.463374,8.460854,3.6094868,5.503677,6.8284574,4.936124,5.9652143,3.6795876,6.2853446,6.078524,3.6123693,4.7807894,6.239757,5.6401916,4.7612824,3.831301,7.1076565,0.5636247,2.7010994
TCGA-MP-A5C7-01,1.7459906,2.3772469,9.814946,5.5841913,6.780681,2.489135,1.0547166,4.8030086,5.5317974,4.2317805,5.7716904,6.621508,7.35478,7.743699,3.370235,8.239582,4.0196385,5.4108276,6.899945,5.4829826,8.705733,7.293431,7.3167515,2.2814715,9.111571,8.908822,-0.35194173,7.0302086,0.7013866,5.6581144,5.8269906,8.846044,5.306919,6.2953315,5.655666,5.2683706,8.178233,2.449546,2.581322,5.4997096,5.9645042,7.2640495,6.0206995,4.5629287,6.729124,4.9192033,4.425781,5.1213226,2.7483842,6.659148,6.1254873,6.030331,7.2381353,4.179248,4.3886733,-0.13555452,5.9525247,8.080347,5.3754983,5.1476326,4.951967,6.2935014,4.903104,4.7148957,3.772978,6.8792777,4.7808113,6.9628267,7.5076313,6.8410554,4.807002,7.419982,2.2700424,7.2212543,9.88555,3.861895,6.8105507,8.147531,3.5641088,4.326051,6.382329,5.0395007,7.438344,5.9637203,6.2540383,3.5947733,3.9048963,4.109903,4.7757106,4.7816124,7.1545234,4.5705786,7.258233,7.7530837,3.0485477,4.732581,5.9596643,3.503052,3.5183747,5.8247232,3.8446074,5.323384,4.599992,6.3088665,8.324595,7.616785,2.133957,6.578362,6.364326,5.494398,8.418041,3.673075,5.5022287,6.7873406,4.953682,6.0957217,3.7281249,6.3722544,6.075718,3.6038015,4.863316,6.3361626,5.7038207,4.846543,3.7935445,7.112784,0.5496109,2.7899566
TCGA-55-8085-01,1.5653046,2.5961673,9.799042,5.764586,6.763692,2.745143,0.92398345,5.011818,5.772076,3.780323,6.0857263,6.8256755,7.809423,7.3916984,3.5462155,8.540017,3.570642,4.9503675,6.749676,5.481533,8.751598,7.2128086,7.355125,2.2084298,9.148071,9.042016,-0.37926552,7.2702117,0.8984221,5.4425488,5.6564174,8.609152,5.2188025,6.1824303,5.960137,5.3939652,7.7652225,2.2605743,2.4778962,5.6352177,6.090687,7.101686,6.0083013,4.9051304,6.989337,4.967744,4.589885,5.372459,2.6497226,6.420965,6.0888925,6.017782,7.3392825,4.2616606,4.4470434,-0.35771188,5.894843,8.233603,5.493748,5.0548763,5.0835752,6.502105,5.2800465,4.557251,3.7226973,6.978798,4.6426353,7.044403,7.5611835,6.6377,5.0762696,7.627457,2.5198848,7.178777,10.087733,3.954434,6.7861757,8.263445,3.7247958,4.0834603,6.10133,4.970546,7.2228575,5.8057036,6.1824274,3.609368,4.1078453,3.9758637,4.820706,5.001147,7.430154,4.677853,7.4512186,7.738412,2.8814702,4.73859,6.2322316,3.5045602,3.4484997,5.792652,3.7679243,5.5612726,4.505516,6.452491,7.9117465,7.561999,2.1143959,6.736951,6.521065,5.506695,8.503793,3.6925626,5.4892726,6.721,5.039691,5.760177,3.6537995,6.2194037,6.0588565,3.521752,4.698106,6.139018,5.540702,4.786987,3.7915444,7.073232,0.4817938,2.619579
TCGA-62-A46R-01,1.763059,1.9422903,9.968026,5.5824795,6.894198,2.3609,0.976936,4.8521495,5.263378,4.40232,5.6466913,6.6411657,7.4219136,8.101289,3.3351648,8.420564,3.9014127,5.779178,7.1710744,5.573446,8.714918,7.252859,7.185375,2.038831,9.426847,8.971741,-0.44509223,6.697799,0.15481429,5.6739755,5.8532233,8.957164,5.579373,6.6231756,5.462272,5.291218,8.568284,2.4130201,2.5974715,5.272306,5.6967883,7.361693,6.28536,4.4723425,6.665343,4.796973,4.6409516,5.265271,2.4074852,6.902216,6.27295,6.135966,7.3142176,4.1728115,4.462245,-0.3858356,6.1962123,8.235637,5.453431,5.042365,4.858825,6.176764,5.282285,4.9164915,3.7888744,6.5444875,5.0496173,7.1837354,7.772326,7.024705,4.861508,7.3813896,2.1316686,7.4191365,9.991296,3.5463195,6.639038,8.352464,3.338082,4.7079425,6.43099,5.25699,7.5173125,5.806305,6.3814883,3.873293,3.7206652,4.1974034,4.735425,4.651123,6.895552,4.436819,7.3702197,7.7183504,3.257863,4.897876,5.948184,3.5750644,3.642957,5.9220653,3.8620036,5.1685233,4.7526007,6.205473,8.650405,7.666555,2.337537,6.770346,6.506049,5.586775,8.553563,3.7662144,5.473223,6.640153,4.9910593,6.1665897,3.6271582,6.5903897,5.978556,3.3994124,4.807083,6.292463,5.7239366,5.077953,3.720153,7.046942,0.5663308,2.7663405
TCGA-49-4514-01,1.6920838,2.3643403,9.751364,5.6533685,6.8462515,2.6130276,1.0629288,4.970927,5.510965,4.169897,5.8315144,6.6237774,7.4990635,8.111824,3.442734,8.568254,4.076055,5.396737,7.0488186,5.5813985,8.696727,7.279211,7.1996064,2.2867079,9.108063,9.147076,-0.43382648,7.001219,0.46776593,5.4817433,5.80892,8.635484,5.316473,6.3724737,5.753467,5.3263984,8.227864,2.5457587,2.50694,5.6365476,5.9045978,7.142442,6.156243,4.628769,6.68277,4.886952,4.508325,5.2516937,2.2322876,6.6788692,6.2346582,6.0277343,7.2774878,4.231501,4.448456,-0.27392673,6.095487,8.257521,5.4683743,4.9997234,4.9119854,6.254169,5.1943417,4.7760077,3.856842,6.8405933,4.727613,7.0990367,7.573289,6.840313,4.7719793,7.497271,2.3203013,7.364214,10.023483,3.7455592,6.7636867,8.301189,3.5180225,4.3696012,6.1390343,5.1563454,7.376059,5.7753325,6.304662,3.7268276,3.8193638,4.236114,4.812737,4.872988,7.0269046,4.6086965,7.532702,7.815844,3.120641,4.8717556,6.070747,3.4486928,3.5244746,5.8365803,3.8396525,5.285312,4.7012057,6.24313,8.139678,7.677611,2.198886,6.632398,6.540456,5.5377116,8.566313,3.612045,5.5004406,6.7049365,4.954934,5.9180217,3.5881155,6.388975,5.9645014,3.442712,4.7491,6.2560344,5.6781106,4.9167714,3.7840831,7.1241717,0.4940963,2.6452231
TCGA-38-4627-01,1.6509725,2.5083582,9.765496,5.811484,6.822671,2.7247126,0.94835186,5.061916,5.537084,3.948668,5.795016,6.812272,7.7077036,7.93307,3.5249684,8.592257,3.737313,5.148128,7.1202164,5.5314574,8.591287,7.256358,7.232048,2.1969476,9.197921,9.118287,-0.40026873,7.0999813,0.6785321,5.427233,5.691714,8.577978,5.329096,6.3212686,5.8447933,5.4161763,8.004675,2.4433365,2.5457094,5.550257,6.0485415,7.087655,6.1285634,4.8087564,6.789518,4.915792,4.6028137,5.332962,2.3131392,6.5540395,6.1407647,6.0120735,7.287725,4.2335258,4.510366,-0.2884578,5.9191856,8.269479,5.458606,5.0194483,4.933849,6.3735356,5.3756022,4.6649575,3.8178499,6.8160434,4.713982,7.105582,7.645765,6.660452,4.948445,7.6218977,2.4391282,7.2944818,9.990985,3.809285,6.756605,8.317887,3.618063,4.2527604,6.051189,5.1539702,7.330031,5.663743,6.227876,3.757382,3.9614706,4.118061,4.845724,5.015695,7.1795115,4.6687074,7.4882812,7.7295074,3.0045679,4.8316984,6.2243295,3.4999993,3.492931,5.840572,3.7892203,5.4274883,4.630437,6.341487,8.041733,7.615114,2.2406824,6.6786437,6.5779877,5.51821,8.531227,3.6870177,5.4818397,6.6887608,5.0159197,5.8386126,3.5796607,6.294535,5.9986367,3.46891,4.659678,6.129371,5.572856,4.8361073,3.7888238,7.0945497,0.58076274,2.5548017
TCGA-75-6212-01,1.6945914,2.0020268,9.802228,5.5309477,6.988992,2.3879747,0.9323511,4.8760715,5.42548,4.466973,5.6909003,6.795902,7.569745,8.031905,3.353607,8.817633,3.8719015,5.6806693,6.878303,5.516097,8.964773,7.366892,7.2299104,2.1717584,9.115476,8.980832,-0.4533086,6.798094,0.2792176,5.6415844,5.8817234,8.8846245,5.432127,6.5539017,5.710188,5.1947455,8.515385,2.4117923,2.5337877,5.5287256,5.748109,7.2863426,6.2034225,4.652782,6.7358756,4.833074,4.6207337,5.289426,2.322129,6.88842,6.2066355,6.2894807,7.3446712,4.151912,4.4851723,-0.025022244,6.039843,8.361759,5.500928,5.0458264,4.7936544,6.2705646,5.4591885,4.824633,3.8214629,6.6615696,4.816578,7.1971207,7.7186007,6.9788027,4.974938,7.45319,2.3021543,7.471371,10.044885,3.6279655,6.7421203,8.45435,3.3360374,4.6240773,6.308978,5.159384,7.508329,5.8161354,6.3999887,3.6246753,3.8450837,4.097789,4.73185,4.541265,7.0522304,4.4165096,7.4270225,7.8047457,3.1178305,4.8573127,6.143254,3.5175412,3.5476842,5.8507137,3.8302386,5.30374,4.680323,6.174119,8.49812,7.648318,2.2081923,6.771786,6.643008,5.532695,8.473034,3.8354166,5.508968,6.6777587,5.062648,6.0855064,3.65628,6.485764,6.0280843,3.3834062,5.014465,6.28682,5.657758,4.9473133,3.6936657,7.1016974,0.45232132,2.8458402
TCGA-64-1681-01,1.7230102,1.9313084,9.914649,5.5934763,7.0238214,2.381613,1.0717835,4.9503474,5.2483644,4.6425157,5.6388297,6.6877093,7.509405,8.350818,3.4229133,8.653329,3.8860116,5.7890873,7.2048564,5.6573734,8.8494215,7.335871,7.1522603,2.2055316,9.427568,9.050333,-0.5332918,6.714191,0.13717157,5.58003,5.9117055,8.861154,5.622005,6.6230507,5.6778817,5.350129,8.650011,2.4754047,2.6567688,5.4009833,5.7088075,7.23806,6.3267546,4.5952854,6.652153,4.7853518,4.636397,5.334236,2.1644828,6.958355,6.2338552,6.1984982,7.404981,4.171426,4.5519714,-0.035327315,6.1357245,8.404371,5.4645505,4.988137,4.7875433,6.093265,5.476318,4.927695,3.8932908,6.5312366,4.984903,7.2807174,7.796214,7.052398,4.891191,7.449001,2.1406028,7.495932,9.931063,3.491432,6.638281,8.5112095,3.29583,4.7908206,6.3206058,5.335543,7.5626,5.6648574,6.4732404,3.8458107,3.7089784,4.255902,4.723993,4.5113435,6.9005423,4.4843144,7.4493613,7.734745,3.3050244,5.0157075,5.959917,3.4993367,3.6271522,5.90708,3.886713,5.1613445,4.896749,6.053121,8.661263,7.737482,2.3634772,6.7337413,6.6751213,5.605841,8.454506,3.7861276,5.4884744,6.5362225,5.0825796,6.0499907,3.5657322,6.5398927,5.935503,3.3268054,4.886106,6.270322,5.718964,5.049751,3.702105,7.068084,0.57233673,2.7558107
TCGA-44-6775-01,1.631622,2.2218497,9.914107,5.83968,7.041047,2.729122,0.8754432,5.314343,5.273783,4.0045075,5.904891,6.8803134,7.98863,8.261648,3.5893984,8.9343815,3.443811,5.380345,7.473599,5.6769094,8.637954,7.2282634,7.169499,2.0359411,9.577499,9.347688,-0.548567,6.950725,0.25927085,5.247112,5.670791,8.554899,5.6646094,6.605636,5.848189,5.5403085,8.242899,2.3406117,2.4815173,5.359253,5.8784986,7.0631366,6.504489,4.8950815,6.846834,4.838085,4.888518,5.6272545,1.8742146,6.752377,6.2413764,6.0799675,7.483518,4.2609096,4.669367,-0.49972838,6.142751,8.575686,5.6367817,4.7999945,4.9090157,6.3293643,5.8788433,4.803294,3.838193,6.529046,4.90242,7.444121,7.9668307,6.825436,5.0309353,7.7340083,2.3757708,7.5500493,10.201445,3.4777272,6.511456,8.670277,3.452929,4.6356006,5.9739885,5.4180307,7.316993,5.417874,6.402494,4.113697,3.8695865,4.1661944,4.8106513,4.951306,7.055898,4.580871,7.719358,7.656285,3.179272,5.023322,6.2760463,3.5461657,3.5877743,5.91843,3.7854097,5.413098,4.9017973,6.2491198,8.223546,7.6895094,2.5145586,6.916935,6.854828,5.653107,8.702098,3.7982697,5.446636,6.452243,5.1417127,5.6721244,3.4042642,6.3996897,5.850788,3.1960251,4.4434757,6.0126805,5.5213666,5.025131,3.7228055,7.0347114,0.5826214,2.3621805
TCGA-69-7978-01,1.6066592,2.3412073,9.964631,5.853148,6.7851562,2.69883,1.1186079,5.0653553,5.419978,4.0667353,5.9918184,6.578566,7.5806446,8.179658,3.5882742,8.633829,3.8226674,5.409075,7.1851707,5.746037,8.523608,7.089032,7.0799723,2.1192827,9.552969,9.187846,-0.51969683,6.932198,0.22256185,5.358914,5.693574,8.562224,5.523248,6.4748254,5.790079,5.6011877,8.22509,2.4378273,2.6021636,5.4737372,5.8389473,7.0931673,6.305644,4.6192427,6.6763167,4.8308105,4.658721,5.4448366,2.0881617,6.6183157,6.3255115,5.8710465,7.3562183,4.3206863,4.4977846,-0.43090022,6.309584,8.246546,5.4909616,4.8826256,5.031775,6.145362,5.2964506,4.870418,3.8625185,6.6426883,4.99833,7.2249136,7.698368,6.850923,4.859779,7.5224123,2.208083,7.322204,10.037864,3.6088352,6.5739264,8.365685,3.5382402,4.5034246,6.0991206,5.289076,7.308898,5.4871917,6.3335896,4.0844045,3.6907938,4.3714194,4.8231235,5.014613,6.937184,4.7160287,7.6342807,7.7078037,3.3018901,5.0698886,5.8070364,3.4750614,3.6446433,5.9243197,3.862732,5.1804285,4.867526,6.249843,8.222171,7.7297034,2.404818,6.7293077,6.560747,5.657646,8.641142,3.5592127,5.453841,6.5259233,4.9608555,5.781973,3.43629,6.453793,5.8221035,3.3247476,4.442697,6.1179843,5.68496,5.0643516,3.7957764,7.0160966,0.6484187,2.514497
TCGA-50-5935-01,1.7104753,2.2166667,9.775686,5.6427984,6.8573127,2.5758317,1.0143659,4.9767036,5.4422636,4.1572785,5.7541203,6.60714,7.4938874,8.241253,3.3982344,8.580888,4.083521,5.4948835,7.1476655,5.587995,8.66746,7.265226,7.1484165,2.194394,9.169485,9.191293,-0.43840098,6.888913,0.27317694,5.5026994,5.822268,8.67024,5.357134,6.47118,5.626447,5.2898345,8.348837,2.5586317,2.4789183,5.578036,5.804621,7.1863794,6.224793,4.5707097,6.6444435,4.8515654,4.5672708,5.267265,2.102585,6.7521634,6.311045,6.061755,7.2650948,4.228726,4.4453897,-0.49824116,6.1913977,8.286852,5.4955997,4.976721,4.871244,6.236375,5.279572,4.8401957,3.8517418,6.758262,4.7904887,7.142436,7.6396885,6.881914,4.745566,7.466505,2.295321,7.434044,10.086395,3.6580095,6.7326684,8.329118,3.4449077,4.443879,6.1392355,5.219022,7.38732,5.7681937,6.3189507,3.803834,3.7502797,4.2647605,4.815812,4.870613,6.9084573,4.5602245,7.5914187,7.8354707,3.1690848,4.8975945,6.079249,3.4763892,3.5562055,5.863932,3.8354042,5.230954,4.6997933,6.236292,8.192967,7.6820755,2.234634,6.6926155,6.565851,5.5505505,8.663114,3.6141906,5.49166,6.701704,4.9314456,5.9615006,3.565221,6.4727793,5.9426217,3.3858912,4.7358665,6.2517123,5.6855125,4.9994926,3.764058,7.1129136,0.47082627,2.6305344
TCGA-91-7771-01,1.55777,2.335133,9.974653,5.9255176,6.906012,2.7926543,0.98002976,5.2522364,5.395364,3.9429455,6.103397,6.723096,7.840885,8.254118,3.655269,9.025894,3.5899093,5.362759,7.2937746,5.774188,8.546578,7.110683,7.064824,2.0404775,9.632564,9.361721,-0.54558367,6.9477544,0.12897286,5.1886497,5.625841,8.432524,5.5747037,6.564728,5.9149785,5.656769,8.206628,2.3417332,2.5034208,5.503861,5.833342,7.0018926,6.447819,4.8062544,6.7646003,4.848125,4.82258,5.648454,1.807192,6.6306777,6.36535,5.945008,7.440721,4.349157,4.6017647,-0.48234347,6.3522453,8.446998,5.618651,4.7424426,5.002949,6.223259,5.709373,4.8446126,3.861439,6.570247,4.9483366,7.3952737,7.8431096,6.8133802,4.973588,7.6566234,2.3368762,7.4809456,10.195083,3.5296948,6.5067515,8.570825,3.509805,4.546269,5.904207,5.3776736,7.2193265,5.344075,6.387589,4.1773286,3.7201161,4.3374567,4.8433743,5.0596385,6.9611998,4.723591,7.8423033,7.720513,3.2640228,5.1304917,5.975987,3.4670632,3.6295412,5.926095,3.8048427,5.280958,4.9325275,6.260208,8.080158,7.7344265,2.4710987,6.871777,6.788067,5.6987104,8.761996,3.6149526,5.4463964,6.4606667,5.028473,5.5820537,3.3226767,6.403652,5.750826,3.1626277,4.351739,5.988404,5.5768466,5.07203,3.7581675,7.024011,0.62615347,2.3668458
TCGA-55-A493-01,1.5339825,2.256965,9.892146,5.8912272,6.9260106,2.7259336,1.0159923,5.173178,5.4545445,4.1009507,5.9053354,6.7991385,7.851905,8.167599,3.638487,9.087804,3.5875885,5.3113847,7.110792,5.74223,8.701564,7.1838512,7.057184,2.1469178,9.487996,9.262213,-0.57637215,6.9257855,0.2341474,5.323417,5.636369,8.502831,5.518915,6.5207443,5.975291,5.567854,8.229275,2.4006746,2.597897,5.593668,5.8315053,7.0306454,6.3152995,4.827118,6.7162123,4.814057,4.768452,5.5259075,1.9325248,6.6684866,6.304902,6.072359,7.4366794,4.3234754,4.5596843,-0.11908844,6.1668577,8.456312,5.5341477,4.843559,4.910383,6.1982665,5.681468,4.8364325,3.9119868,6.6076417,4.891965,7.3316417,7.7917185,6.7916775,5.042672,7.6384497,2.3577704,7.40834,10.077212,3.581971,6.606978,8.534453,3.4784932,4.516488,5.947394,5.3033566,7.3173566,5.402491,6.376351,3.9811292,3.760873,4.294511,4.8245068,4.899545,7.015172,4.706521,7.7320733,7.7534733,3.232739,5.112625,5.9986134,3.438209,3.6102312,5.8946767,3.8282933,5.2872343,4.8363605,6.1903844,8.152939,7.7399073,2.3951888,6.7963634,6.762876,5.6309185,8.61128,3.6425083,5.470044,6.5013213,5.0587645,5.6937385,3.396406,6.403879,5.8366585,3.2388468,4.5794816,6.048375,5.605324,4.9917946,3.76087,7.031388,0.5710569,2.51604
TCGA-95-7039-01,1.5835981,2.2960372,9.95593,5.906281,6.954794,2.7661064,0.9553218,5.279866,5.334033,3.9713101,5.9887633,6.810151,7.8860345,8.193542,3.6425428,8.918771,3.475385,5.338013,7.36718,5.733615,8.589903,7.1597185,7.121342,2.0548737,9.642176,9.324252,-0.5590767,6.9612384,0.24667701,5.246263,5.616619,8.50426,5.6329684,6.5603237,5.9091244,5.629577,8.197896,2.3270376,2.5457437,5.414483,5.8817844,7.0342574,6.443416,4.855544,6.7848444,4.8418226,4.8405604,5.6123676,1.911523,6.662943,6.2887387,5.9962835,7.466873,4.3219714,4.6145,-0.3870471,6.210608,8.491092,5.584176,4.789422,4.962758,6.257311,5.7443137,4.8155117,3.8580418,6.5503516,4.9454,7.394512,7.8911443,6.7990217,5.0353446,7.695736,2.3422773,7.442007,10.131828,3.529926,6.5188518,8.583669,3.5059192,4.5847015,5.965617,5.3654532,7.2782,5.3620367,6.3854485,4.137612,3.8039556,4.2479997,4.8214684,4.995901,7.035817,4.6861467,7.7333426,7.672572,3.2245133,5.084223,6.072188,3.491952,3.621751,5.9191785,3.806445,5.3481994,4.908151,6.255411,8.1795025,7.7209306,2.4989922,6.8608627,6.783587,5.6694727,8.689522,3.6923392,5.4493103,6.4623218,5.0836163,5.6364865,3.3680482,6.388174,5.8147907,3.2136898,4.390482,6.0061684,5.562128,5.019707,3.7593021,7.020244,0.6437313,2.3745
TCGA-55-7913-01,1.6088,2.2282941,9.9650545,5.809195,6.9781237,2.6956122,0.8731287,5.1995625,5.3757668,4.0081143,6.087355,6.796014,7.940768,8.15086,3.5760884,8.986222,3.560143,5.450585,7.2745647,5.682073,8.653648,7.183317,7.153308,1.9775362,9.557922,9.306015,-0.51533616,6.916175,0.1572313,5.2419963,5.6936164,8.558594,5.5868073,6.6061497,5.819507,5.5324945,8.246089,2.2856345,2.4250655,5.440815,5.8148613,7.088472,6.4712334,4.838591,6.8797255,4.850802,4.852725,5.6564593,1.9280912,6.715515,6.301541,6.0614142,7.4664445,4.276191,4.6404285,-0.6763179,6.286035,8.502241,5.6709414,4.778464,4.982935,6.3184934,5.804246,4.817317,3.7964966,6.571874,4.9130254,7.419879,7.9079614,6.878051,5.01997,7.659825,2.3582933,7.571279,10.269506,3.5087934,6.5104723,8.637132,3.4584942,4.587224,5.994488,5.373617,7.255621,5.4921308,6.406998,4.099061,3.8145266,4.2070475,4.801969,4.961044,7.044514,4.572736,7.770213,7.7006345,3.193355,5.028709,6.210986,3.5341635,3.5891275,5.9177165,3.781554,5.356241,4.8907113,6.2733135,8.168584,7.6779785,2.438292,6.957734,6.831287,5.6834407,8.745671,3.7571762,5.449839,6.4670053,5.0889874,5.663486,3.4052367,6.421611,5.813541,3.1600447,4.4554377,6.02562,5.542444,5.081125,3.7041793,7.0387764,0.5320497,2.4230247
TCGA-75-5125-01,1.6970384,1.9773784,9.863799,5.563622,6.9198995,2.4101064,0.95419705,4.8773646,5.3957973,4.3758726,5.7135925,6.66953,7.4785457,8.180771,3.341856,8.79232,3.9593894,5.7596626,6.9581795,5.5703583,8.817006,7.2737803,7.1460333,2.0888834,9.21282,9.036239,-0.43904567,6.7415338,0.072891854,5.59538,5.8924856,8.847811,5.4502883,6.6080785,5.6008043,5.2342944,8.585038,2.445949,2.501631,5.48931,5.661617,7.286664,6.272912,4.53257,6.6757383,4.8113227,4.6488223,5.317518,2.19841,6.8926034,6.3131227,6.192287,7.300004,4.173924,4.467411,-0.2923517,6.240431,8.280105,5.537296,5.001098,4.8312526,6.2235317,5.390689,4.901122,3.8149273,6.6017933,4.91681,7.2154145,7.7219133,7.003813,4.85521,7.3973727,2.2474875,7.507931,10.123349,3.559536,6.6767416,8.425118,3.316296,4.6486216,6.2895103,5.238269,7.4675264,5.7759743,6.3892775,3.7854607,3.7171721,4.2059183,4.7663093,4.660211,6.889961,4.4394794,7.525179,7.8163157,3.208579,4.911268,5.958716,3.543194,3.5947237,5.8931317,3.8333993,5.2023892,4.7188845,6.19891,8.471044,7.6614084,2.2589924,6.8008623,6.6083627,5.572811,8.604831,3.749916,5.484567,6.660663,4.9924064,6.0687056,3.5992866,6.5627794,5.953314,3.33197,4.8861,6.258657,5.682652,5.0576444,3.6997561,7.07303,0.47620276,2.7950075
TCGA-L9-A443-01,1.6149145,2.2227898,9.971795,5.7973742,6.958738,2.680302,0.87913823,5.1637907,5.386148,4.020992,6.1039543,6.7669396,7.909003,8.150759,3.5628998,8.96671,3.611426,5.4780636,7.248821,5.679852,8.646212,7.1737986,7.1481533,1.9666975,9.546795,9.289595,-0.5058236,6.8989916,0.13090427,5.2538095,5.7042336,8.570303,5.571289,6.608327,5.79208,5.5237217,8.259663,2.2894576,2.417499,5.4490786,5.7991085,7.1036777,6.4617376,4.8051376,6.872913,4.850336,4.8351693,5.645298,1.9406729,6.714855,6.3152566,6.0516486,7.4525256,4.274954,4.6287737,-0.7163625,6.315207,8.474619,5.6695466,4.782908,4.994439,6.3088827,5.7645183,4.827076,3.7894552,6.579936,4.921258,7.404612,7.8897586,6.8943086,5.0020685,7.634349,2.3419738,7.5733457,10.274599,3.5134892,6.5134926,8.616965,3.4560921,4.582007,6.0111556,5.366092,7.2534385,5.516508,6.404599,4.0959177,3.7954402,4.2230206,4.7999024,4.964231,7.0270677,4.5648966,7.7685127,7.7089033,3.2028596,5.0250645,6.19555,3.5347219,3.5916662,5.9199667,3.7848125,5.3315372,4.886493,6.276461,8.173696,7.675601,2.4232829,6.9559865,6.8107085,5.6868343,8.753242,3.7460992,5.450631,6.475857,5.0698824,5.6839347,3.4119327,6.435465,5.809111,3.1620488,4.461363,6.03874,5.5555563,5.0965886,3.7025564,7.040978,0.5229732,2.4414413
TCGA-4B-A93V-01,1.586703,2.0509825,9.968491,5.8039584,7.035083,2.646258,0.9722897,5.2578597,5.270916,4.1680627,5.8871384,6.761242,7.859078,8.396092,3.5826552,9.030652,3.4912782,5.5382643,7.3604345,5.7697845,8.711542,7.2000313,7.0616565,2.0711896,9.66221,9.360079,-0.5956148,6.8296785,-0.004036768,5.2921762,5.7386928,8.5902405,5.686053,6.6786776,5.818929,5.52905,8.437635,2.3666904,2.5354812,5.406006,5.70497,7.0774126,6.5197544,4.7892885,6.741043,4.782845,4.8826094,5.6175585,1.7484833,6.8350997,6.3469286,6.1142626,7.4876285,4.286231,4.6252112,-0.4142617,6.3144126,8.573998,5.6299243,4.7696548,4.8690524,6.179614,5.8360176,4.923226,3.886111,6.4536266,5.004145,7.4745812,7.9542027,6.9274626,4.961701,7.620247,2.2844877,7.5747595,10.191212,3.395503,6.487815,8.676425,3.355761,4.7441096,6.00981,5.4494753,7.3442945,5.3766193,6.4665184,4.1539407,3.704381,4.2796607,4.7982793,4.8132114,6.891707,4.597595,7.784832,7.719178,3.317942,5.145148,5.9671593,3.507756,3.6570575,5.9371133,3.8270998,5.273883,4.9600854,6.1472583,8.328961,7.752283,2.511657,6.916169,6.8563747,5.6853175,8.719842,3.7196548,5.444745,6.421096,5.107781,5.6947637,3.3658981,6.500303,5.7984996,3.1356258,4.516387,6.0489826,5.5983877,5.1245804,3.7118547,7.0062943,0.58306605,2.4527407
TCGA-55-7728-01,1.576873,2.732202,9.796533,5.908902,6.7587395,2.8428977,0.9413928,5.0786157,5.679325,3.7392013,6.0739822,6.8461375,7.846857,7.6722174,3.6285896,8.676362,3.6034563,4.9471307,6.9485774,5.5417337,8.554227,7.1965437,7.2720017,2.1686614,9.237989,9.119143,-0.39416853,7.2409406,0.83778137,5.32158,5.587975,8.474665,5.2664704,6.2130246,6.0013704,5.534765,7.7430525,2.3167965,2.5153253,5.630887,6.1629725,7.019369,6.077542,4.936415,6.8998003,4.967667,4.5988564,5.424837,2.4159222,6.3682218,6.1060348,5.9250636,7.3286285,4.2914414,4.5189524,-0.3134985,5.908667,8.238205,5.481413,4.9730296,5.075333,6.4441957,5.362491,4.570603,3.7738411,6.918455,4.6618457,7.0891733,7.6034503,6.5787687,5.0629115,7.6879115,2.5092745,7.2058473,10.015859,3.9217942,6.746865,8.29989,3.7574503,4.0951996,5.9752374,5.075024,7.200001,5.6252375,6.1929774,3.7679465,4.046209,4.082298,4.852061,5.1698737,7.366854,4.75553,7.52219,7.7015114,2.9338253,4.8247223,6.252032,3.4699528,3.4648495,5.8180146,3.765923,5.51906,4.619878,6.427454,7.8442745,7.5935283,2.2061052,6.7022195,6.5771275,5.5446258,8.524378,3.6592052,5.4814534,6.6729,5.0213814,5.68136,3.5526135,6.1822915,5.974269,3.4690304,4.5186286,6.0628886,5.5272527,4.7800264,3.8084435,7.0889044,0.5924314,2.4918773
TCGA-55-7727-01,1.5171158,2.4209073,9.959819,5.957937,6.8410697,2.8153706,0.9631111,5.2081814,5.514609,3.7931633,6.085886,6.80514,7.949184,7.9230914,3.6767201,8.901223,3.413064,5.1382437,7.123569,5.705769,8.573088,7.1037188,7.1339245,2.0500948,9.585741,9.253155,-0.52328897,7.0653195,0.389618,5.254774,5.5780206,8.484255,5.5109944,6.4347224,5.9557233,5.6405716,7.9937205,2.2769775,2.546734,5.4965267,5.9363465,7.0181847,6.310679,4.8954005,6.8574367,4.863592,4.8049645,5.600243,2.1030967,6.5221696,6.250862,5.9520864,7.4415298,4.3377166,4.5695157,-0.4661462,6.165746,8.379387,5.567882,4.8404694,5.0550413,6.3180923,5.6230917,4.747172,3.8134916,6.6607003,4.906004,7.3053937,7.8015137,6.711048,5.0797668,7.68354,2.3980048,7.332774,10.138937,3.6539834,6.560402,8.485548,3.6073644,4.3867297,5.95296,5.2753167,7.209323,5.415171,6.3048973,4.0646434,3.8698142,4.2003527,4.8400264,5.1005983,7.1582904,4.73838,7.6992373,7.6739764,3.1522384,5.036179,6.029798,3.5009706,3.5912755,5.89955,3.7937007,5.3987665,4.7952414,6.335077,8.034152,7.6765738,2.4079986,6.854727,6.705412,5.64781,8.658729,3.6548676,5.444844,6.495821,5.065274,5.608473,3.41247,6.3400154,5.8480864,3.2769682,4.386161,5.986633,5.547894,4.9851003,3.774765,6.997982,0.6158335,2.4173703
TCGA-78-7166-01,1.6784624,2.3463187,9.721736,5.5768323,6.9017477,2.5036337,0.99961096,4.870652,5.585694,4.2987704,5.7735715,6.81577,7.5814967,7.715245,3.4199052,8.5421095,3.8471384,5.3267865,6.782879,5.4588695,8.924563,7.3934894,7.3482785,2.3566427,8.985202,8.93585,-0.404366,7.069871,0.78719366,5.638338,5.815713,8.809698,5.281624,6.293307,5.8548713,5.228381,8.149922,2.4099212,2.5794573,5.622104,6.001092,7.212178,5.99987,4.7648983,6.800291,4.9225383,4.4738755,5.184469,2.641959,6.67495,6.054393,6.195596,7.3143,4.1734204,4.440703,0.15862656,5.7890534,8.273942,5.40074,5.1253963,4.8727617,6.345455,5.206397,4.655586,3.807836,6.899456,4.644991,7.0289,7.5568233,6.809393,4.9792213,7.5127926,2.387935,7.2680235,9.893358,3.8774505,6.8586564,8.286744,3.541731,4.334038,6.2922034,4.993163,7.448812,5.9032674,6.298593,3.4533143,4.0219426,4.005151,4.750641,4.6487355,7.2968836,4.5441794,7.2823052,7.778733,2.9634006,4.7418833,6.1979804,3.4616427,3.4693916,5.780007,3.8264446,5.4515424,4.578431,6.25099,8.284454,7.6159906,2.092966,6.615965,6.5179687,5.467833,8.330986,3.776251,5.525743,6.7642426,5.0559106,6.0241756,3.7305,6.2985587,6.1162934,3.5647001,4.998476,6.3108315,5.642938,4.756461,3.763721,7.135415,0.49071872,2.8197415
TCGA-17-Z054-01,1.8699992,1.9641728,9.87699,5.3874583,7.402519,2.238696,0.60844845,4.9360704,5.053156,4.9142537,6.251169,7.1976013,8.272376,7.94625,3.3574421,8.940211,3.6005874,5.941555,7.298383,5.379678,9.296481,7.5467987,7.603848,1.9182107,9.233687,8.878189,-0.57594705,6.7096243,0.44217086,5.53215,5.8450627,9.113236,5.8587956,6.858579,5.7355356,5.236172,8.423987,2.0818074,2.318851,5.144503,5.9018693,7.486675,6.5942063,4.9611645,7.2424674,4.866641,4.8283243,5.63431,2.2930245,7.081501,5.943001,6.4945617,7.6769443,4.046517,4.823223,-0.45134142,5.8373194,8.865641,5.7007966,4.8651505,4.917725,6.477111,6.1072435,4.734933,3.661351,6.529105,4.78949,7.525978,8.146597,7.305073,5.40391,7.731545,2.2185767,7.8550982,10.229027,3.4345503,6.5246253,8.9562025,3.260895,5.089132,6.482342,5.2022715,7.557706,5.8494363,6.6585064,3.718906,4.2013907,3.7891371,4.4818482,4.315219,7.5470805,3.9493854,7.2488813,7.5095286,3.0369442,4.731072,7.615173,3.626122,3.4885979,5.863193,3.798914,5.581947,5.0034037,6.1433854,8.944813,7.5741715,2.4278579,7.116749,6.9606094,5.6830287,8.339589,4.442926,5.5361886,6.413105,5.3660445,6.1050854,3.7038107,6.414325,6.0414286,3.2023695,4.9239984,6.3097677,5.5242677,4.9647055,3.540389,7.1726074,0.32589412,2.7003257
TCGA-05-4396-01,1.6352608,2.3742442,9.679049,5.6548276,6.7859077,2.5516315,1.0333511,4.837835,5.6670375,4.1905675,5.6499543,6.773132,7.4217715,7.6155405,3.4120042,8.549473,3.9160728,5.211891,6.653395,5.477511,8.863428,7.3416433,7.2526183,2.3802373,8.932074,8.942168,-0.40032706,7.0376873,0.7750486,5.7338686,5.6744814,8.760941,5.16614,6.2404327,5.8526163,5.2304654,8.109445,2.474898,2.6502893,5.726428,5.980262,7.2138844,5.859465,4.672569,6.6177087,4.910856,4.413213,5.0436645,2.6878972,6.5925183,6.1691623,6.1666512,7.2275414,4.2574396,4.2865005,0.36332276,5.807227,8.156202,5.2905083,5.1707983,4.8353376,6.2937174,5.0448647,4.6729565,3.8568492,6.9479933,4.639299,6.905923,7.433058,6.7050085,4.9630547,7.460198,2.4173803,7.0998645,9.805654,3.9711785,6.9575367,8.099866,3.574779,4.2003164,6.2457576,4.8882856,7.4311175,5.90724,6.2189555,3.3976767,3.932932,4.089468,4.7986665,4.71464,7.2035756,4.669504,7.314996,7.8804173,2.9674644,4.7671294,6.000481,3.3778338,3.503316,5.7618837,3.8364549,5.375426,4.4308305,6.2897553,8.185567,7.6528068,2.0269845,6.5006533,6.3895235,5.4126096,8.374655,3.597103,5.544419,6.902093,4.9237356,6.070668,3.7069812,6.3116417,6.1264563,3.631867,5.029821,6.3299603,5.6970587,4.695812,3.8355439,7.1422067,0.5027016,2.851059
TCGA-69-8254-01,1.5639349,2.7141132,9.799723,5.8448887,6.7278495,2.805526,0.96889937,5.032888,5.750118,3.7338274,6.079443,6.808492,7.7914863,7.489363,3.5924718,8.556534,3.6268687,4.912134,6.817335,5.5156493,8.636488,7.1878457,7.3171062,2.2295787,9.170793,9.056317,-0.37764233,7.2961326,0.93125767,5.3946476,5.620953,8.536009,5.2239523,6.155401,5.994372,5.4761004,7.7160068,2.3088133,2.5223403,5.643316,6.151397,7.0508842,6.003439,4.8990817,6.9330997,4.976516,4.566779,5.3678246,2.6022406,6.3666615,6.084284,5.937072,7.3153415,4.280583,4.4592,-0.3000103,5.88119,8.181054,5.4622245,5.039545,5.09687,6.466211,5.2235446,4.5537553,3.7509763,6.9746447,4.652444,7.0278687,7.537779,6.5857673,5.0416827,7.6459365,2.5077038,7.1480303,10.023497,3.9727132,6.7782826,8.232136,3.7688131,4.053926,6.054785,5.004268,7.212107,5.7230706,6.1653504,3.675074,4.0798225,4.0364804,4.8469434,5.104638,7.4056706,4.748505,7.4568954,7.7165394,2.90522,4.7727375,6.175867,3.48386,3.4577188,5.801937,3.7737007,5.5374937,4.5464854,6.4530125,7.86389,7.5789394,2.149976,6.6794577,6.498905,5.5154624,8.490986,3.6458147,5.4834604,6.712374,5.016794,5.727197,3.6146615,6.1874495,6.02559,3.5361035,4.603802,6.108206,5.545992,4.763556,3.8191178,7.074633,0.5595695,2.5668223
TCGA-17-Z023-01,1.8797076,1.9179419,9.869909,5.3538394,7.4554706,2.1978157,0.6561186,4.923973,5.0091696,4.9510694,6.2439766,7.1754055,8.135991,8.021547,3.3510695,8.909858,3.6002433,6.0576897,7.354679,5.3985667,9.227148,7.5700083,7.5912294,1.893392,9.295633,8.905012,-0.6060562,6.696475,0.35777837,5.5475354,5.7199364,9.127982,5.9035316,6.901091,5.7283945,5.228721,8.520115,2.0954888,2.3423643,5.1235995,5.8970447,7.492267,6.619384,4.83716,7.2239447,4.86649,4.7915998,5.596357,2.3484411,7.140035,5.9197497,6.5194135,7.672195,4.022771,4.838251,-0.5351921,5.8170156,8.783729,5.696127,4.869944,4.878831,6.443756,6.0237246,4.759311,3.6726775,6.519024,4.831622,7.5297647,8.138857,7.360615,5.2920585,7.7134376,2.1564837,7.890702,10.198575,3.401914,6.50047,8.975495,3.22712,5.176641,6.5216303,5.2355747,7.599124,5.812126,6.6865497,3.8416095,4.196202,3.7998874,4.4700975,4.30816,7.5171824,3.8893874,7.223055,7.4845185,3.0774555,4.7407255,7.470365,3.6362746,3.4986408,5.872129,3.8198774,5.567873,5.0624895,6.1085515,9.028989,7.5888333,2.455965,7.0925064,6.946925,5.694752,8.30623,4.4556866,5.5321255,6.3879814,5.382521,6.1833367,3.7158017,6.4272265,6.035882,3.21784,4.8544717,6.337367,5.5495677,4.9751134,3.5396445,7.168421,0.34915903,2.7149684
TCGA-J2-A4AG-01,1.6290516,2.5949633,9.785002,5.868011,6.7987328,2.7920275,0.92652124,5.1017866,5.566901,3.827271,5.8978148,6.822158,7.7739053,7.891093,3.5669713,8.62683,3.6728032,5.0724306,7.1305413,5.541354,8.530355,7.2189927,7.2339067,2.1538172,9.244159,9.153917,-0.3937706,7.1472483,0.699746,5.3547883,5.6474986,8.514224,5.321817,6.3011255,5.8824577,5.4755616,7.909671,2.4001973,2.5147655,5.5551353,6.0863004,7.0510097,6.1475487,4.8567605,6.8337164,4.933626,4.6292324,5.3957524,2.2854512,6.48546,6.1451883,5.959387,7.2992296,4.2569003,4.5301027,-0.39646804,5.9486947,8.268032,5.488091,4.981334,4.9892254,6.408801,5.4128466,4.6369967,3.7980313,6.8309636,4.7076573,7.122283,7.656449,6.621273,4.9756403,7.6604114,2.4706495,7.2878475,10.032174,3.8251789,6.730557,8.329249,3.6678855,4.2014904,5.992228,5.159132,7.2667756,5.6207714,6.2113037,3.8132145,3.9811518,4.1170363,4.860275,5.118805,7.2189193,4.7029305,7.5376797,7.7123446,2.9859846,4.837826,6.2492685,3.502975,3.4860072,5.8438506,3.772303,5.458507,4.640713,6.386245,7.9452415,7.604292,2.2553806,6.709727,6.596561,5.5381036,8.57247,3.6740153,5.473842,6.6699777,5.0146685,5.756876,3.547744,6.2613316,5.970814,3.4450839,4.5593286,6.0797405,5.5425005,4.838306,3.7933455,7.0879335,0.59343415,2.488149
TCGA-97-7938-01,1.544996,2.578081,9.879033,5.9127355,6.7513676,2.8116145,0.9952407,5.0726867,5.6411557,3.796354,6.1304307,6.752566,7.803359,7.7399235,3.6389046,8.750459,3.6022837,5.062843,6.9446483,5.6365256,8.5751095,7.127114,7.1862416,2.1147337,9.395138,9.165272,-0.46230084,7.1234317,0.5747584,5.3252335,5.570532,8.484539,5.3412504,6.3080106,5.959885,5.581002,7.873757,2.3044312,2.5314617,5.6169853,6.018327,7.044611,6.1488075,4.845753,6.834563,4.911722,4.640942,5.4637036,2.2916756,6.4227104,6.2270856,5.912023,7.3650775,4.34201,4.4867377,-0.40839615,6.104893,8.258167,5.497351,4.911646,5.0924253,6.339328,5.375856,4.6816344,3.7989204,6.8342915,4.787201,7.148639,7.635592,6.6756616,5.050592,7.63165,2.4177504,7.222894,10.0605545,3.8199217,6.6804504,8.324179,3.6901088,4.211887,5.989207,5.1174483,7.1933494,5.569543,6.244884,3.885362,3.907037,4.194238,4.8373127,5.1268935,7.236811,4.762188,7.616922,7.726668,3.070353,4.9400992,6.0708036,3.448057,3.5407414,5.8512936,3.798448,5.3970475,4.689522,6.3784065,7.9237385,7.651914,2.2610006,6.7442164,6.5805387,5.5981956,8.601053,3.5913439,5.4753923,6.617944,4.9866257,5.673578,3.487924,6.2820477,5.9022613,3.3872097,4.471451,6.0689807,5.584443,4.894518,3.8066356,7.0537553,0.5753927,2.4981601
TCGA-86-A4JF-01,1.5204198,2.2249846,10.002029,5.961062,6.766009,2.7435548,1.0476292,5.1121387,5.4618864,3.903466,5.9499116,6.679152,7.827107,8.08662,3.6407576,8.773817,3.5641294,5.251354,7.1582317,5.765895,8.541823,7.0341926,7.0126395,2.0037515,9.66673,9.225082,-0.57260317,6.8867965,0.14159822,5.364948,5.5974817,8.544404,5.547302,6.512339,5.7904477,5.6282997,8.150726,2.3787398,2.6266801,5.458724,5.7858653,7.0934,6.3046193,4.710549,6.723614,4.7752786,4.788249,5.519128,2.0144856,6.588071,6.3575487,5.9334083,7.400094,4.3571324,4.498189,-0.636051,6.2977,8.321735,5.50272,4.8698525,5.0298576,6.1757393,5.5173645,4.8829064,3.8562255,6.5829587,5.0490127,7.2747297,7.7916,6.78514,5.0110607,7.5691648,2.260514,7.3002524,10.097109,3.570815,6.54984,8.407122,3.532113,4.463123,6.015194,5.3120003,7.274631,5.4022813,6.3022747,4.1394143,3.7116947,4.3381796,4.833556,5.066942,6.9588075,4.7246265,7.699347,7.697862,3.303671,5.1222115,5.9075933,3.5028563,3.6684477,5.9431767,3.8491273,5.207415,4.789544,6.2722244,8.173235,7.7201834,2.4357579,6.8299575,6.6115885,5.6593156,8.693839,3.5726569,5.439089,6.4805036,4.98972,5.7486563,3.4062076,6.4936395,5.824982,3.2737203,4.4113507,6.0410285,5.649824,5.1121945,3.78363,6.9591517,0.5996638,2.484941
TCGA-44-3396-01,1.6260778,2.682882,9.731179,5.780184,6.8339686,2.7822948,0.94816756,5.0551186,5.668996,3.9165246,6.070207,6.831204,7.839062,7.732893,3.5749831,8.671079,3.718126,5.0339937,6.9539647,5.5077934,8.6813965,7.2812376,7.325407,2.2498152,9.095789,9.128468,-0.39196616,7.242272,0.8659365,5.334888,5.6899323,8.502743,5.2444353,6.217802,5.9917464,5.4292164,7.8121567,2.3649094,2.4585679,5.6679792,6.149785,7.0384283,6.0925684,4.9324436,6.9319663,4.972894,4.553302,5.393494,2.3913376,6.4537253,6.0690546,5.9950776,7.3392735,4.240454,4.542862,-0.2784519,5.8847003,8.304519,5.51117,4.983056,5.0340548,6.454545,5.380984,4.571455,3.7835913,6.9659305,4.5772986,7.0998654,7.5925536,6.6557574,5.0098763,7.6794953,2.5052953,7.295266,10.0463,3.907689,6.776518,8.3508005,3.7081778,4.1326537,6.003429,5.069772,7.245773,5.7258096,6.235413,3.666256,4.0745473,4.0566883,4.824454,5.0467544,7.37736,4.6709886,7.5059566,7.7271104,2.9155097,4.780985,6.3976626,3.4672377,3.4250765,5.795608,3.7735345,5.532034,4.6431932,6.3704996,7.8708534,7.59112,2.161867,6.6933203,6.617915,5.5301104,8.49229,3.7092311,5.49702,6.6749825,5.053665,5.7187467,3.6000438,6.1846795,6.0024514,3.4683073,4.6473665,6.1299243,5.536148,4.7751675,3.7813609,7.1285577,0.5097098,2.5383244
TCGA-44-2662-01,1.6517141,1.9944495,9.873416,5.8045044,7.01018,2.6261566,0.9646617,5.2252617,5.198065,4.1972113,5.6326237,6.816407,7.8054075,8.371167,3.5258608,8.769253,3.618223,5.458783,7.494105,5.7046194,8.711525,7.2405357,7.078554,2.0778687,9.568241,9.310973,-0.62256736,6.7600527,0.119368896,5.460755,5.65205,8.651134,5.680851,6.6638236,5.7140117,5.462834,8.416621,2.4776947,2.616421,5.3508935,5.760265,7.1659627,6.4283404,4.7284765,6.633439,4.749022,4.8187613,5.43266,1.8386507,6.8450184,6.327972,6.146723,7.4403605,4.2927947,4.54027,-0.37358278,6.1498747,8.572765,5.4885335,4.8723207,4.7921104,6.17043,5.754847,4.9199586,3.9239867,6.486011,4.9735727,7.363888,7.9292245,6.882239,5.0016685,7.6262937,2.2564032,7.4441595,10.0462475,3.443634,6.590452,8.5482435,3.3628438,4.714586,6.0661473,5.3623357,7.4432263,5.4467974,6.4061146,4.0522294,3.748717,4.262752,4.781654,4.7978168,6.893431,4.5701923,7.643477,7.7201037,3.2911515,5.082019,6.2301655,3.484884,3.6588979,5.9224243,3.855856,5.251355,4.8352757,6.1479254,8.403866,7.757873,2.5004258,6.806333,6.73426,5.608832,8.66389,3.7131283,5.473134,6.5158362,5.0617085,5.88465,3.4331558,6.5278244,5.8958645,3.2581644,4.590047,6.1363535,5.649269,5.050891,3.757994,7.0333242,0.5614441,2.4752178
TCGA-55-A491-01,1.6763979,2.0609887,9.980599,5.7781396,6.9786353,2.6108823,0.89097047,5.186694,5.2602053,4.0612946,5.7104697,6.782489,7.8354363,8.281778,3.5016258,8.707625,3.5395277,5.530594,7.45589,5.654992,8.561834,7.2091756,7.1264286,1.9752539,9.619691,9.242554,-0.49116543,6.8513694,0.14305891,5.3529315,5.7810583,8.685981,5.6640887,6.6282086,5.642314,5.4611454,8.400126,2.38665,2.516831,5.271764,5.7730737,7.1446567,6.47426,4.754286,6.8120213,4.7986784,4.870697,5.5445166,2.0522764,6.834094,6.2563963,6.0843434,7.4208817,4.1970477,4.644334,-0.732795,6.188831,8.43132,5.615914,4.8965945,4.886013,6.296048,5.7195144,4.8638434,3.8083653,6.472587,5.017584,7.395653,7.9565234,6.8669133,4.920365,7.6165233,2.304754,7.5472913,10.179581,3.4380465,6.508114,8.594842,3.3900292,4.651975,6.110546,5.481124,7.387475,5.546472,6.370957,4.123361,3.7924907,4.18294,4.8211813,4.9040995,6.9360924,4.5347004,7.6361513,7.653107,3.226108,4.9940176,6.0633354,3.6259706,3.6100717,5.9542513,3.795025,5.313713,4.8509016,6.2438617,8.356507,7.6619444,2.4968448,6.9205165,6.7754126,5.637397,8.698958,3.7917428,5.425084,6.469144,5.1155033,5.81072,3.468212,6.5056663,5.876669,3.2316792,4.5298147,6.047712,5.560591,5.1114564,3.6987076,7.000507,0.57632905,2.4714603
TCGA-91-A4BC-01,1.5650333,2.2775164,9.978951,5.9252915,6.9328537,2.78263,0.98601156,5.2811418,5.3430347,3.9772656,6.052116,6.732354,7.8553305,8.3196945,3.654778,9.016519,3.564221,5.388181,7.3657217,5.7884846,8.555072,7.117316,7.053757,2.0356476,9.673374,9.380667,-0.5714755,6.9162827,0.089036465,5.1956267,5.630202,8.445008,5.6240435,6.597015,5.897418,5.659772,8.251969,2.3576803,2.521831,5.462762,5.8142524,7.0079174,6.482788,4.8042994,6.7476397,4.8276134,4.8466034,5.6518784,1.7566723,6.668725,6.3684134,5.9595027,7.4579053,4.346661,4.612473,-0.48138916,6.352766,8.484806,5.615334,4.73675,4.9782896,6.203845,5.754655,4.8687487,3.8771372,6.529644,4.975255,7.4232173,7.881731,6.831379,4.977333,7.664911,2.3150747,7.4934015,10.186892,3.485736,6.4895453,8.598838,3.4823463,4.601491,5.909735,5.410718,7.2460575,5.314034,6.404144,4.209001,3.7093606,4.3437405,4.836656,5.0340505,6.9350038,4.710132,7.8414683,7.708119,3.2920136,5.152075,5.9901395,3.473097,3.6446548,5.9361067,3.813901,5.2695127,4.9566927,6.234448,8.133125,7.7482243,2.5090663,6.8779426,6.8049097,5.7028246,8.763273,3.6290164,5.4440494,6.436805,5.044762,5.594962,3.31381,6.4270906,5.7494564,3.1503677,4.3466005,5.9900274,5.5827317,5.0895433,3.7555063,7.015676,0.63314956,2.3536744
TCGA-MN-A4N1-01,1.6850063,1.9781928,9.92905,5.7443256,6.938748,2.550136,0.9467451,5.082392,5.2510056,4.194329,5.6972537,6.688246,7.6468406,8.367,3.4431717,8.788162,3.8109717,5.6244884,7.3639693,5.6828885,8.6377125,7.210854,7.055982,2.0004783,9.520327,9.249666,-0.530968,6.692258,-0.025378713,5.4770665,5.731384,8.701186,5.595903,6.682532,5.5821705,5.407874,8.513392,2.4672117,2.540719,5.3858232,5.6747823,7.2129126,6.40814,4.5886483,6.6177797,4.773284,4.766113,5.4152365,1.9180725,6.8628383,6.401945,6.1145334,7.3643107,4.2666335,4.50747,-0.5284032,6.3175807,8.412651,5.529409,4.8827066,4.8306494,6.1656456,5.6198378,4.9493446,3.8687801,6.5030956,5.0023875,7.3185663,7.856179,6.944668,4.89009,7.5083113,2.2255957,7.51471,10.121372,3.4573622,6.5914173,8.482612,3.33408,4.683894,6.12319,5.377442,7.4132347,5.571394,6.398831,4.0476966,3.649761,4.3152432,4.796471,4.831764,6.7958865,4.5406084,7.680013,7.777077,3.3054376,5.048241,6.053065,3.5069656,3.6586242,5.9343257,3.8397918,5.162485,4.817719,6.1881995,8.387266,7.732629,2.4248738,6.8279276,6.681403,5.6250753,8.743156,3.6674583,5.4681067,6.5751357,4.97926,5.941426,3.4509277,6.5760717,5.8604426,3.239135,4.615485,6.1630893,5.6733913,5.1190343,3.7346716,7.0493436,0.5349676,2.5505934
TCGA-17-Z014-01,1.8799183,1.9985521,9.900603,5.4154453,7.351828,2.2623267,0.68671125,4.9271264,5.053819,4.8254323,6.205521,7.0843396,8.139721,8.003415,3.3591862,8.92205,3.655556,5.9688416,7.32235,5.4282184,9.170816,7.503163,7.537517,1.9424673,9.262113,8.923443,-0.5586907,6.717718,0.3785552,5.5106306,5.7665877,9.065502,5.8429227,6.832559,5.718736,5.2803683,8.463862,2.1367722,2.3439155,5.1708794,5.8938146,7.4537387,6.585311,4.846097,7.1688185,4.8712997,4.7810864,5.5972977,2.2948174,7.062371,5.989443,6.4069805,7.632418,4.0608153,4.7932677,-0.50259393,5.9056892,8.721599,5.6796837,4.8686576,4.932134,6.4208064,5.9859953,4.766892,3.6819916,6.538606,4.8407598,7.4880905,8.079825,7.2936645,5.2725053,7.6876354,2.1741827,7.83227,10.198138,3.4394083,6.513703,8.888836,3.2775667,5.0620127,6.4629273,5.247846,7.548818,5.8196607,6.636761,3.8242412,4.113913,3.8854089,4.519843,4.395982,7.451553,4.0111976,7.28737,7.5270476,3.0931516,4.762274,7.356266,3.6135464,3.5114982,5.8788996,3.8123097,5.503106,5.0340233,6.1482306,8.914911,7.600357,2.441076,7.04941,6.902046,5.691365,8.374486,4.33358,5.525276,6.4285293,5.306618,6.106361,3.6748157,6.4265995,5.9988565,3.2218144,4.8539114,6.3088117,5.5606933,4.984218,3.5708694,7.166722,0.37704954,2.6815827
TCGA-95-8494-01,1.5195556,2.022105,10.019428,5.9328165,6.8675528,2.6795888,1.0444518,5.1313186,5.3727,4.0958066,5.8859687,6.7082286,7.956862,8.311875,3.6397882,8.946723,3.5517368,5.389396,7.2431192,5.8108296,8.636545,7.06592,6.9607253,1.9844735,9.715258,9.263084,-0.64195967,6.767076,-0.054208178,5.3523097,5.667954,8.574734,5.648527,6.635997,5.7664814,5.607465,8.322543,2.4152772,2.6295714,5.437329,5.677875,7.1055665,6.4096975,4.716258,6.731959,4.7129736,4.867224,5.586814,1.8086873,6.728187,6.373647,6.0332913,7.4621043,4.325569,4.571131,-0.67444766,6.3330393,8.455467,5.5526924,4.829257,4.964625,6.1197996,5.736562,4.9655647,3.893373,6.4748845,5.101917,7.3914676,7.901354,6.883766,5.032103,7.5775533,2.2139046,7.4471593,10.152202,3.4266372,6.4919934,8.557327,3.4153569,4.626654,5.999878,5.4319177,7.3367996,5.340608,6.3815217,4.194788,3.6619294,4.3737373,4.8072286,4.9478655,6.8758616,4.638044,7.758752,7.6887126,3.3910112,5.2022696,5.9980235,3.5254176,3.6911092,5.97234,3.8661475,5.1541777,4.8813496,6.16584,8.30467,7.7489057,2.5020356,6.9058423,6.7316694,5.6927433,8.697914,3.6480193,5.4326196,6.3763633,5.0544844,5.7708344,3.3780549,6.5729823,5.7912583,3.1747754,4.4708447,6.034593,5.655379,5.2056246,3.73331,6.9428387,0.54201967,2.5003214
TCGA-97-A4M2-01,1.5337713,2.6732032,9.844281,5.881884,6.7104664,2.8181324,0.97197545,5.046698,5.750162,3.6881988,6.1172743,6.7971697,7.81386,7.467992,3.615095,8.592206,3.5807354,4.908664,6.8103156,5.551977,8.62387,7.1412163,7.2817826,2.1802468,9.258354,9.07452,-0.40624985,7.264276,0.846266,5.38679,5.5785804,8.528647,5.2551484,6.1845856,5.991866,5.518297,7.7196703,2.2810137,2.5332837,5.632587,6.1092434,7.0538855,6.0256085,4.8894873,6.925998,4.9555593,4.605558,5.4027705,2.5755002,6.3572335,6.1293783,5.9232807,7.336039,4.3121433,4.4467406,-0.3745523,5.9454236,8.186941,5.4682016,5.0142074,5.120358,6.4446616,5.251058,4.583009,3.7513947,6.9390774,4.710202,7.0524125,7.5611386,6.59412,5.071295,7.6428328,2.489855,7.1313767,10.047144,3.942414,6.7463827,8.238718,3.763148,4.0758386,6.0434012,5.014884,7.1908736,5.6804304,6.1694517,3.7376673,4.0437675,4.066852,4.8469214,5.1263285,7.379835,4.766284,7.498134,7.7150626,2.9453096,4.8185563,6.120591,3.4814363,3.488461,5.8174243,3.7790124,5.507889,4.5553412,6.4581337,7.872421,7.594306,2.1793034,6.7112937,6.4999156,5.537243,8.527898,3.6209867,5.477432,6.6869903,5.0065813,5.704606,3.582161,6.216817,5.997893,3.5036259,4.5512547,6.0860853,5.553825,4.803174,3.8222544,7.050055,0.5599342,2.5505452
TCGA-95-7567-01,1.522845,2.245384,10.016622,5.9701,6.7620916,2.7553177,1.0591329,5.121475,5.4526997,3.8973224,5.97905,6.663702,7.8303885,8.105993,3.6519127,8.759575,3.5690327,5.2563863,7.185355,5.7775555,8.516718,7.020741,7.0128317,1.9988314,9.692264,9.231112,-0.5741626,6.8966413,0.13772961,5.340129,5.6027346,8.531602,5.5629864,6.5115714,5.792492,5.6528487,8.142418,2.378585,2.623728,5.444752,5.7931337,7.0831003,6.3234096,4.7077036,6.7335057,4.7772512,4.791494,5.5375495,2.0047228,6.5811324,6.3548274,5.905544,7.405464,4.3573985,4.5117517,-0.6713269,6.315652,8.315369,5.5118856,4.8590508,5.049939,6.172222,5.5092645,4.8853607,3.853857,6.578074,5.062669,7.2844553,7.796306,6.7902813,4.999204,7.5746818,2.2481956,7.306554,10.104432,3.5612876,6.5302534,8.415076,3.5408437,4.470521,6.0121374,5.331006,7.267065,5.386171,6.3047714,4.172338,3.7071044,4.3511143,4.835469,5.090767,6.956206,4.7302403,7.70639,7.682689,3.3161418,5.130468,5.8946342,3.509348,3.6711001,5.950341,3.850793,5.201633,4.8159204,6.274587,8.171131,7.721674,2.453782,6.8341174,6.6130934,5.6719093,8.699326,3.57099,5.4340367,6.4604926,4.9929414,5.7309,3.3966067,6.491985,5.810569,3.2666008,4.3750896,6.031342,5.64862,5.1250362,3.7839253,6.9542065,0.61156046,2.4654746
TCGA-86-8585-01,1.5913385,2.1977577,9.979272,5.9091954,6.9334493,2.7446012,1.0123012,5.27469,5.269589,4.0254273,5.92148,6.726928,7.8038774,8.346694,3.6292672,8.86185,3.563061,5.4195857,7.4467564,5.787631,8.55405,7.119091,7.04852,2.0375204,9.715107,9.35319,-0.59792674,6.8687277,0.08084363,5.273783,5.626861,8.513139,5.683191,6.619278,5.824845,5.6419015,8.303451,2.396498,2.5807767,5.3765087,5.7962627,7.057138,6.4844894,4.7513804,6.6936026,4.792934,4.8449745,5.585147,1.8019924,6.7136,6.361216,5.967395,7.453704,4.339537,4.585907,-0.4696278,6.315167,8.480895,5.5633483,4.778736,4.944354,6.1695056,5.695778,4.903101,3.8934977,6.4877315,5.0321813,7.405606,7.9029074,6.84926,4.9665704,7.6461873,2.2592218,7.442682,10.122971,3.454258,6.4904776,8.565118,3.456185,4.660851,5.983675,5.4147305,7.3106,5.3233104,6.399179,4.2259645,3.6998892,4.3425303,4.8228846,4.9899216,6.8999724,4.68752,7.7633495,7.6829805,3.327797,5.150834,5.9779344,3.4887679,3.673022,5.948652,3.8384428,5.240661,4.9438725,6.2128873,8.254097,7.7599945,2.5479238,6.8470054,6.7507834,5.6869884,8.733182,3.6372225,5.4430504,6.438996,5.044829,5.6828613,3.3391297,6.4740286,5.7818317,3.192525,4.360541,6.027258,5.6166263,5.097813,3.7687182,6.9991817,0.6521168,2.373001
TCGA-L4-A4E6-01,1.7137864,2.2049909,9.831596,5.670399,6.8499517,2.5794673,1.0102186,4.9935966,5.4048123,4.134403,5.7707505,6.591443,7.4956822,8.255846,3.408122,8.573352,4.0424056,5.526124,7.202565,5.6096005,8.611427,7.2309003,7.1356087,2.1427267,9.263629,9.190777,-0.4382972,6.8703485,0.22395588,5.478285,5.8169,8.673137,5.4101224,6.4996123,5.601718,5.3347845,8.365853,2.5352013,2.485455,5.513104,5.7896457,7.1867533,6.2693777,4.5549154,6.6523023,4.845074,4.6030893,5.3052864,2.103048,6.758133,6.3245707,6.0264754,7.275203,4.2307024,4.463582,-0.5575633,6.2412405,8.266388,5.5106616,4.9612722,4.8952703,6.2289033,5.2949314,4.858341,3.8396342,6.7075977,4.8550944,7.1707253,7.673782,6.8917546,4.7443433,7.4683824,2.2689707,7.4446383,10.101851,3.6207664,6.685224,8.344086,3.440875,4.481512,6.1489954,5.266808,7.3811326,5.7328987,6.3234468,3.884574,3.7246475,4.2829223,4.820571,4.9034185,6.88176,4.5667834,7.6028123,7.8057966,3.2007697,4.9192667,6.020033,3.5010202,3.577802,5.887261,3.833797,5.210645,4.7364354,6.24846,8.224491,7.68369,2.2839565,6.720064,6.5677643,5.5746346,8.688283,3.6160145,5.478113,6.6690817,4.9351096,5.94736,3.542391,6.4914827,5.9158945,3.3637042,4.672376,6.2237787,5.680804,5.0356817,3.7608263,7.091957,0.5050251,2.6015868
TCGA-93-A4JP-01,1.5918258,2.6432436,9.772146,5.7762294,6.7653093,2.7576787,0.9067918,5.0310535,5.7438774,3.7581818,5.99656,6.8504696,7.7744646,7.4176626,3.5334692,8.499893,3.577337,4.927861,6.8286486,5.4553075,8.702016,7.237191,7.3662376,2.2278268,9.112805,9.039032,-0.34956732,7.2927833,0.96688026,5.4501195,5.651607,8.603213,5.209476,6.165756,5.9501753,5.383384,7.753175,2.2909703,2.4918811,5.612404,6.137459,7.0915904,5.9933367,4.9085083,6.9635625,4.984613,4.5770535,5.337687,2.669673,6.417749,6.064502,6.011808,7.3068676,4.2469044,4.450584,-0.3252647,5.831725,8.212659,5.4708467,5.0779004,5.0495057,6.5191507,5.2659373,4.5329103,3.7279117,6.978953,4.6171904,7.020222,7.5543447,6.5917506,5.050382,7.6424804,2.542638,7.1711745,10.046361,3.977346,6.809333,8.239132,3.7368195,4.061385,6.094281,4.9755516,7.2403455,5.805579,6.1610684,3.5927284,4.126996,3.9584885,4.8378134,5.0248003,7.4230185,4.6925054,7.4192414,7.732711,2.8492224,4.7078757,6.2407856,3.509108,3.435561,5.788025,3.757726,5.5840755,4.4865093,6.4663973,7.900824,7.5518165,2.1173356,6.699737,6.5079217,5.482894,8.490399,3.6970232,5.4894643,6.7550225,5.035026,5.778924,3.6625729,6.1940284,6.07838,3.5559092,4.703839,6.1346593,5.5273614,4.7434225,3.802567,7.087081,0.5219448,2.602277
TCGA-05-4382-01,1.722448,1.9767317,10.019184,5.6999106,6.852269,2.4324985,1.0320649,4.9265223,5.236864,4.3277965,5.6180897,6.599027,7.35856,8.148345,3.4015727,8.464956,3.8435724,5.7196903,7.2457113,5.6653237,8.615726,7.1897316,7.095432,2.0470707,9.58833,9.041932,-0.48032093,6.68043,0.089110106,5.642386,5.745466,8.86918,5.6176233,6.6272798,5.5149446,5.4122095,8.561361,2.4224265,2.681201,5.273406,5.6874833,7.3048706,6.2909846,4.453635,6.550646,4.7831907,4.6589317,5.269769,2.3307393,6.851837,6.35706,6.0625434,7.3150225,4.2526503,4.423219,-0.24704853,6.2732916,8.208541,5.402356,4.9983068,4.85677,6.089952,5.2733183,4.954182,3.840878,6.4926143,5.1247435,7.1893406,7.7654047,6.968113,4.853348,7.388891,2.1108522,7.3378315,9.918064,3.5373106,6.6189685,8.3063,3.3606572,4.701944,6.362719,5.2818155,7.48717,5.676652,6.3755817,3.9864037,3.6192005,4.3030376,4.7687774,4.71601,6.804776,4.57454,7.4434624,7.7334194,3.3319051,5.004027,5.735313,3.5143394,3.7030225,5.937872,3.876382,5.10185,4.7881885,6.197222,8.60763,7.72823,2.3972023,6.7182026,6.4849668,5.6055274,8.594973,3.639291,5.468462,6.6380825,4.93932,6.0957103,3.533832,6.589654,5.917874,3.3805888,4.700679,6.2465935,5.7500815,5.0758543,3.7674422,7.0265827,0.6618813,2.6939497
TCGA-17-Z033-01,1.8360565,1.9458277,9.837591,5.3391247,7.396793,2.2420707,0.6909343,4.934512,5.1315947,4.921636,6.2448587,7.1387763,8.127232,7.9832788,3.3618782,8.892943,3.6315641,5.957648,7.2383094,5.3892093,9.262169,7.551238,7.60801,1.9423587,9.253418,8.940277,-0.5665196,6.790754,0.40749747,5.525072,5.9316716,9.170488,5.8050914,6.7978806,5.7489934,5.1966515,8.463397,2.078583,2.3335266,5.2068877,5.905678,7.4363527,6.5485544,4.885924,7.2233987,4.876864,4.778834,5.605688,2.3045006,7.082067,5.89854,6.5075665,7.651782,4.0127234,4.8158154,-0.4436284,5.8191895,8.797355,5.708562,4.908506,4.8790765,6.481429,6.016396,4.723925,3.6662476,6.5860724,4.790595,7.4894533,8.078157,7.293046,5.2932944,7.6976504,2.2179484,7.8419466,10.227529,3.455924,6.5337205,8.944807,3.270388,5.051759,6.487667,5.2131605,7.5658455,5.839717,6.632861,3.7567503,4.2300606,3.7747111,4.5062895,4.3309274,7.499303,3.9476883,7.246234,7.5130725,3.0306745,4.7168403,7.26693,3.6535838,3.4675388,5.8572745,3.8095927,5.5962687,4.9919987,6.1363325,8.955745,7.5636516,2.391396,7.078801,6.9284816,5.6648116,8.308469,4.4487567,5.5219483,6.4036374,5.387438,6.1344686,3.7431195,6.405125,6.0623956,3.25154,4.8725047,6.3173304,5.530856,4.9662924,3.5439756,7.147484,0.33637428,2.7412841
TCGA-O1-A52J-01,1.7696434,2.0072916,9.884058,5.502732,7.0288906,2.3493106,1.0781869,4.886261,5.2796288,4.6850624,5.715983,6.665057,7.509708,8.2971945,3.3890193,8.509176,3.9709768,5.806522,7.1665425,5.5952373,8.873171,7.377675,7.2467217,2.2551446,9.307754,8.993484,-0.48666018,6.7982845,0.28296956,5.5757055,6.0090322,8.9060545,5.5801024,6.5621605,5.650089,5.2873383,8.595092,2.4764419,2.5979762,5.3982363,5.771977,7.2594695,6.3057127,4.600101,6.74685,4.821333,4.57281,5.312671,2.2977061,6.9539347,6.13734,6.1860976,7.3939896,4.110586,4.5850797,-0.12652563,6.0679436,8.375407,5.4912314,5.02262,4.83124,6.1508307,5.3589377,4.876814,3.8473232,6.6176076,4.916742,7.2448344,7.759525,7.0846324,4.8347983,7.439727,2.1384306,7.5277114,9.949847,3.5395696,6.651284,8.505436,3.3285294,4.7526493,6.3911095,5.307895,7.5667744,5.78636,6.4684405,3.768002,3.7949736,4.1856976,4.703293,4.500511,6.9955335,4.4143434,7.3598094,7.700934,3.2460964,4.918709,6.0500674,3.5380962,3.5732448,5.8888545,3.8823922,5.2209864,4.900572,6.068584,8.660137,7.6901493,2.3124032,6.728845,6.650229,5.5978026,8.396532,3.8522377,5.48831,6.538095,5.113216,6.0771737,3.6438086,6.5021677,5.976848,3.3770478,4.922525,6.315762,5.7089276,5.031427,3.6832242,7.0896583,0.53427386,2.789352
TCGA-67-3774-01,1.6083748,2.548963,9.751522,5.72396,6.8506665,2.6952567,0.9257988,5.0341444,5.6746373,3.9192424,5.9286447,6.8830805,7.78091,7.5301404,3.518647,8.587106,3.6238568,5.036694,6.8429213,5.465639,8.796823,7.302315,7.3676147,2.2845438,9.077195,9.035533,-0.3868965,7.245628,0.9322263,5.479947,5.699721,8.650995,5.264762,6.215187,5.967263,5.348389,7.8721633,2.324689,2.5204625,5.6157656,6.110363,7.104906,6.024401,4.914726,6.9327316,4.9647355,4.579664,5.3233547,2.628445,6.513056,6.0408726,6.0926547,7.339676,4.2214365,4.476743,-0.11842082,5.7819242,8.283962,5.466047,5.075706,4.9797697,6.478875,5.317803,4.562601,3.7632236,6.935981,4.6142926,7.06206,7.590116,6.6522026,5.05204,7.643376,2.5152237,7.225308,10.010644,3.924806,6.808817,8.307104,3.6687546,4.175305,6.129451,5.006285,7.3093004,5.796557,6.219968,3.56061,4.120383,3.9538195,4.810509,4.895818,7.4078774,4.644785,7.391542,7.733375,2.8781686,4.730513,6.268601,3.49609,3.4420063,5.7845993,3.7740953,5.5773797,4.538612,6.3867035,8.017322,7.5776577,2.1382535,6.688686,6.5579815,5.481108,8.431814,3.7505877,5.498829,6.73106,5.078639,5.819861,3.6690667,6.2091327,6.0876517,3.5407093,4.7846513,6.1674576,5.5417256,4.73358,3.7859783,7.0990047,0.51538026,2.6436737
TCGA-J2-8194-01,1.5190839,2.6257906,9.892737,5.9061904,6.724355,2.8124948,0.9708259,5.07198,5.7116923,3.6739008,6.125923,6.8038435,7.826537,7.4680862,3.630961,8.639172,3.5216177,4.942663,6.832675,5.5843353,8.616012,7.120776,7.261742,2.147749,9.351783,9.086727,-0.43085024,7.233836,0.78032446,5.382849,5.550294,8.542912,5.3145266,6.224848,5.992441,5.5573273,7.7556577,2.2488878,2.5553348,5.5954657,6.0793867,7.0583925,6.0625434,4.888113,6.911388,4.9416695,4.647634,5.434034,2.5700293,6.3747153,6.1541038,5.926245,7.3637056,4.330896,4.448988,-0.36047977,5.9794183,8.201171,5.4719377,4.9894495,5.121498,6.4217596,5.2856474,4.6082172,3.7534826,6.883168,4.7700205,7.089154,7.600926,6.610392,5.096102,7.646394,2.468565,7.130228,10.047867,3.9031847,6.7090325,8.26305,3.7444596,4.135168,6.054622,5.041638,7.189434,5.635497,6.190457,3.7996483,4.0155716,4.0795093,4.8419394,5.116802,7.3590007,4.7760687,7.5142207,7.7018785,2.9818335,4.858138,6.042256,3.480918,3.5203078,5.8316903,3.7824423,5.4948416,4.5864706,6.451356,7.923773,7.612559,2.224357,6.7351093,6.513096,5.5576615,8.543008,3.6200788,5.4715104,6.662071,5.0135627,5.6903687,3.5520813,6.2348638,5.9757,3.4757047,4.5070243,6.0676804,5.556619,4.823647,3.8230681,7.031122,0.58669543,2.5347304
TCGA-05-4434-01,1.6440655,2.4556334,9.701924,5.662978,6.7793927,2.573531,1.0560706,4.840163,5.671706,4.171403,5.7415752,6.7460217,7.434822,7.6049786,3.4349573,8.534455,3.938473,5.207465,6.6618915,5.4881945,8.821598,7.3256044,7.2768455,2.3783743,8.959501,8.935703,-0.39491197,7.0854545,0.8166951,5.678505,5.693317,8.740472,5.1819916,6.2153077,5.8766713,5.2746987,8.0602865,2.460342,2.6320748,5.716999,6.0188956,7.1928644,5.882683,4.6825404,6.6611767,4.927016,4.402033,5.0769916,2.7179255,6.5654573,6.139012,6.109216,7.2433586,4.2497945,4.3196383,0.30911863,5.8204374,8.131335,5.314374,5.154992,4.8927197,6.3053713,4.9965024,4.6573663,3.8413663,6.966815,4.643739,6.9161224,7.4276304,6.7160506,4.943835,7.4770064,2.4014122,7.1088696,9.819823,3.975576,6.924786,8.114216,3.60817,4.1925926,6.2479997,4.9106917,7.410556,5.902182,6.2234287,3.4356892,3.948147,4.096286,4.7971025,4.7665567,7.2440367,4.674648,7.310938,7.8443036,2.9709308,4.762049,5.988863,3.3909924,3.493662,5.7676888,3.8364434,5.3851914,4.4830174,6.301686,8.160643,7.6464753,2.045602,6.5050507,6.389656,5.43587,8.363859,3.606483,5.5369816,6.865803,4.9392757,6.029776,3.702874,6.2866235,6.1056314,3.6290586,4.961428,6.3167834,5.6888185,4.7022324,3.8340626,7.13989,0.5155669,2.8233104
TCGA-17-Z031-01,1.9143087,1.998452,9.8942375,5.3569274,7.4027104,2.2292042,0.647253,4.911809,5.037797,4.9523373,6.2913647,7.1285076,8.240945,7.959202,3.3457954,8.955782,3.6309872,6.027998,7.3133125,5.3909054,9.267945,7.527061,7.630789,1.9251263,9.257963,8.89867,-0.54186743,6.7448354,0.42776206,5.486983,5.7903733,9.094685,5.8807125,6.835196,5.7228155,5.271126,8.455148,2.0449507,2.2944605,5.0969067,5.9261937,7.479586,6.625021,4.9052215,7.2661085,4.891214,4.7999926,5.665547,2.2815838,7.081273,5.923456,6.414655,7.682285,4.020199,4.8469744,-0.47584832,5.836825,8.839907,5.726937,4.868449,4.972174,6.4796224,6.098587,4.733743,3.6353102,6.5461597,4.839044,7.5211444,8.114217,7.344049,5.348215,7.714001,2.169713,7.889031,10.243803,3.4323654,6.4814434,8.965211,3.2826538,5.1042523,6.511407,5.249497,7.553575,5.865498,6.662005,3.8188984,4.1895947,3.8186579,4.488296,4.342802,7.534359,3.9402573,7.2443137,7.476626,3.057816,4.709098,7.582689,3.6543975,3.4844139,5.8784323,3.8008132,5.55316,5.0733275,6.1636715,9.005501,7.568233,2.449189,7.100374,6.937292,5.7087507,8.336741,4.443618,5.5240393,6.3925805,5.3621364,6.12707,3.7099414,6.404791,6.011763,3.2144113,4.8598413,6.3138084,5.5319686,4.982431,3.541169,7.1729193,0.35542014,2.6910589
TCGA-55-8299-01,1.5737333,2.3819742,9.899627,5.8973994,6.9226317,2.8063993,0.9078441,5.2727447,5.4433055,3.8460817,6.0003114,6.826928,7.9475956,8.120851,3.6277862,8.921119,3.4844267,5.2137117,7.2953224,5.6741037,8.578628,7.173612,7.1498294,2.070203,9.505064,9.333714,-0.4997377,7.052465,0.35804394,5.2179494,5.6499248,8.463285,5.5160623,6.484206,5.9126425,5.56526,8.083763,2.3383777,2.4757469,5.4873714,5.9260793,7.0053124,6.3854194,4.9070487,6.860936,4.8742266,4.8263297,5.6112633,1.9420404,6.6086287,6.2520447,6.002372,7.426758,4.2939487,4.619822,-0.5466203,6.1598396,8.466263,5.6190257,4.819051,4.9768925,6.349918,5.74384,4.750346,3.825154,6.641255,4.84262,7.3541846,7.8481674,6.7285624,5.006976,7.711014,2.4351327,7.461178,10.199593,3.5992613,6.5643945,8.56179,3.5500917,4.437051,5.9050913,5.339231,7.2331944,5.4311285,6.329585,4.055194,3.8756063,4.1872115,4.85163,5.0691648,7.093029,4.682158,7.7525935,7.6973076,3.1288934,5.008535,6.1670513,3.5184054,3.5606465,5.8968115,3.7734215,5.4197593,4.820065,6.3110814,8.018032,7.6687903,2.4195888,6.875199,6.790843,5.635989,8.712333,3.6976578,5.446067,6.5031095,5.084767,5.603886,3.407219,6.345122,5.848189,3.2380097,4.4276195,5.98766,5.516941,4.992979,3.7493951,7.0334406,0.58548,2.3729095
TCGA-97-8171-01,1.5611075,2.6547358,9.800191,5.8015137,6.7273517,2.7718248,0.9302417,4.99883,5.7895737,3.7362742,6.105466,6.8150516,7.78531,7.377284,3.5618541,8.533121,3.5781748,4.9192452,6.738487,5.4856853,8.697085,7.193636,7.3416142,2.19196,9.161453,9.038627,-0.36949497,7.27514,0.9068068,5.4322987,5.6206384,8.582823,5.195049,6.1624756,5.967028,5.4253983,7.7242413,2.2562823,2.485514,5.650348,6.1140347,7.0921197,5.9868774,4.898999,6.9667277,4.9761205,4.5689597,5.364316,2.653501,6.373687,6.1009994,5.978836,7.322121,4.2805533,4.4344654,-0.37981695,5.905843,8.197139,5.476632,5.0493965,5.1038437,6.495574,5.243056,4.548098,3.7223887,6.9954295,4.641705,7.0200872,7.537149,6.6105013,5.0791297,7.6249065,2.5220885,7.143845,10.06308,3.9842083,6.795198,8.226954,3.7564135,4.0411396,6.0832505,4.953387,7.200279,5.792255,6.165057,3.6226065,4.0957017,3.9974306,4.829458,5.0583057,7.4323974,4.711501,7.45635,7.7407284,2.8788574,4.7430315,6.204477,3.4885106,3.4504817,5.7916093,3.766602,5.5503035,4.4984217,6.471183,7.8708777,7.5624914,2.1061769,6.7172155,6.4968863,5.5088077,8.509873,3.6606605,5.4908533,6.7371016,5.011873,5.7486596,3.6416476,6.204189,6.04762,3.5306258,4.6577144,6.1303487,5.5448394,4.7745366,3.8049955,7.078061,0.503591,2.6057658
