,dim_0,dim_1,dim_2,dim_3,dim_4,dim_5,dim_6,dim_7,dim_8,dim_9,dim_10,dim_11,dim_12,dim_13,dim_14,dim_15,dim_16,dim_17,dim_18,dim_19,dim_20,dim_21,dim_22,dim_23,dim_24,dim_25,dim_26,dim_27,dim_28,dim_29,dim_30,dim_31,dim_32,dim_33,dim_34,dim_35,dim_36,dim_37,dim_38,dim_39,dim_40,dim_41,dim_42,dim_43,dim_44,dim_45,dim_46,dim_47,dim_48,dim_49,dim_50,dim_51,dim_52,dim_53,dim_54,dim_55,dim_56,dim_57,dim_58,dim_59,dim_60,dim_61,dim_62,dim_63
1,-0.010412301,-0.07614551,0.23950501,0.13032846,-0.034404535,0.25628036,-0.07258887,0.08776392,-0.054509133,-0.11738289,0.1043078,0.07193614,0.2685681,0.18703535,-0.16090731,-0.03215025,0.16558495,0.1890415,0.039608918,-0.054655477,0.11741407,0.02522215,0.025423022,-0.17304188,-0.2905733,-0.23055503,0.022100389,0.0010329022,0.0015496722,0.0746417,0.12603825,0.1419844,-0.0052335258,0.10352232,-0.23437077,0.08339514,0.19778171,-0.034891337,0.13468546,-0.010987819,0.07591539,-0.03458771,-0.030207654,0.11460286,0.025931893,0.0048304303,-0.041186456,-0.0123851225,-0.07067109,0.07025415,-0.063994735,0.042986654,-0.05827164,0.03752064,-0.02091542,-0.12878461,0.059709013,-0.044131383,-0.024350464,0.14790994,-0.020412425,0.022544425,-0.27565524,-0.28858316
595,0.13335194,-0.0004888019,0.18733351,0.08822978,-0.082741275,0.16614379,0.09365734,-0.0029133176,-0.05617851,0.02092746,0.042958576,0.14457253,0.25609934,0.18845682,-0.10828561,-0.10347689,-0.009301934,-0.16162,-0.055537634,-0.23965679,-0.043826792,-0.13750078,-0.31491756,-0.034402754,-0.16852148,-0.14883804,-0.110637486,0.13071907,-0.010933054,0.088871844,-0.011089719,0.038954314,-0.0063829175,0.030438138,-0.19511533,0.25498417,-0.10085004,-0.05230215,-0.13696653,-0.11195984,0.16961385,-0.13635567,-0.21293291,0.1691465,-0.07083416,0.01607207,-0.23710576,0.09762386,0.07168753,0.024079982,-0.1099634,-0.08898031,-0.058614694,0.04255456,-0.13062638,-0.057848465,0.038201123,-0.0628278,-0.1253615,0.0905397,-0.018375162,-0.016703678,-0.15330659,-0.058008224
210,0.065319054,-0.09763554,0.26185435,-0.0028330474,-0.15371127,-0.018798523,-0.115074754,-0.029788094,-0.03440377,-0.024378875,0.13876605,0.2877046,0.22338457,0.07830411,-0.09306699,0.12615171,-0.02762482,0.03695685,-0.13689451,0.0124870185,0.123639785,-0.07479175,-0.19836883,0.06963815,-0.21640103,-0.12663992,0.0016060218,0.17227083,-0.0027709908,0.11196804,-0.07067347,0.12849618,0.14496763,0.18757947,-0.099441245,0.013506628,0.08440939,-0.057872113,0.08223641,-0.018410446,0.026435401,-0.00832753,-0.18357989,0.11552711,-0.013299387,0.12074275,-0.18003055,0.12837984,-0.115766495,0.056261297,-0.06199048,-0.02023784,-0.0467548,-0.10388974,-0.18592934,-0.13771662,0.050487716,-0.12810534,-0.14285639,0.2263738,0.042539254,0.089328595,-0.18546899,-0.25484955
511,0.05870273,0.0042722374,0.28787604,0.18399787,-0.0061038095,0.10701653,0.013842417,0.1375419,0.005149571,-0.040449437,0.11565398,0.27657452,0.19333574,0.028561221,-0.069762364,0.1402958,-0.17156582,0.06500537,-0.12432974,-0.31288892,0.1574377,-0.09075643,-0.056541666,0.048793737,-0.124479696,-0.06257646,0.09402207,-0.017419768,-0.09899072,0.062094577,0.055960212,0.14307973,0.05687796,0.0999534,-0.27394158,0.14510596,0.077782154,-0.11256817,0.12387889,-0.022583935,0.1139481,-0.031722654,-0.14131577,-0.023765283,-0.0031005433,0.10676732,-0.11431921,0.04455183,-0.08207648,-0.18414569,0.0042322534,0.07717774,0.15249266,0.16997676,-0.019201485,0.0666775,0.10008802,-0.09780378,-0.031950768,0.153315,0.11994423,0.062108696,-0.15177144,-0.22280034
630,0.03540236,0.07553405,0.20583658,0.056243446,-0.09537305,-0.007022853,-0.12862414,0.11499488,-0.053559847,0.17023298,0.055553626,0.040107887,0.17359218,0.035354465,-0.17224927,0.070523165,0.099017225,-0.0868913,-0.14132148,-0.16490875,-0.066565834,-0.15854943,-0.07591646,-0.06532984,-0.036626264,-0.19057426,0.14471638,-0.035589587,0.076284565,0.006010069,0.11587823,-0.041094486,-0.02927751,0.04495104,-0.09088257,0.13235639,0.11531579,-0.1389284,0.06832274,-0.019170668,0.11761862,-0.02615006,-0.01735396,0.28635857,0.11292763,-0.027086811,0.09376574,0.10710073,-0.13105091,0.15209216,-0.033749223,-0.22555552,0.0043891636,0.12180867,-0.20702174,-0.05081632,0.28410184,-0.19452032,-0.1052844,0.19616415,0.055155657,0.045659754,-0.14579976,-0.27764064
622,0.02386386,-0.019106673,0.20678723,0.16138339,-0.024664674,-0.0066357567,-0.1968032,-0.010221669,-0.10620131,0.06371444,0.099321626,0.26532868,0.22453567,-0.017842595,-0.14888455,0.003970095,0.069773346,0.091113165,-0.063153155,-0.061912287,0.06655406,-0.07199351,-0.22085352,-0.032189246,-0.17842741,-0.09009468,-0.010009439,0.111910164,0.037321378,0.1274023,0.051595654,-0.0450353,0.083568156,0.1807263,-0.27313173,-0.028287113,0.01358633,-0.06707612,0.14646675,0.18666299,0.15927526,0.014647433,-0.07213542,0.15935342,-0.05142483,0.10335789,-0.25817782,0.18894738,0.027515315,0.12526812,-0.062999964,0.09769603,0.08770867,0.07681376,-0.09122408,-0.08852787,0.227421,-0.12083664,-0.072365895,0.11503814,-0.031985626,0.09243393,-0.21532466,-0.13643387
130,0.005917987,0.034098793,0.14222987,0.054225024,-0.0036172764,0.17221186,-0.0013217985,0.06589258,-0.14901164,-0.00041739643,0.090106234,0.22908475,0.26816267,0.13211182,-0.0816997,-0.049740504,-0.020357247,0.085493,-0.08357655,-0.11120674,-0.008265183,-0.098540045,-0.06253927,0.04382046,-0.09689438,-0.21912181,0.18532977,0.01860014,-0.1020283,0.20330995,0.0718652,0.07060052,0.15981482,0.21017674,-0.14375503,0.08032132,0.30265227,-0.08137088,0.03415009,0.069215804,0.06119217,-0.1427109,-0.13909346,0.025149053,0.030451357,0.05291366,-0.052226428,0.059613936,-0.031810366,0.13476,-0.08602966,-0.17864501,0.14770263,0.11290345,-0.059321385,0.06687733,0.12783845,-0.002556481,-0.23352481,0.09209841,0.106872484,0.027545469,-0.2500088,-0.23114239
243,0.019261898,-0.005806619,0.29923406,0.16415633,-0.15331814,0.19185627,0.011129538,-0.018712357,0.18376257,0.08667063,0.153768,0.03328391,0.20081726,0.087536216,-0.10295167,-0.006534443,-0.10938158,0.059479095,-0.1686643,-0.22567111,0.03624014,-0.12361292,0.050609592,-0.09681132,-0.058550388,-0.16864683,-0.018426478,0.0071660066,-0.105126396,0.14440273,0.015727371,0.13459128,0.14419958,-0.022842592,-0.105686076,0.14981848,0.15635811,-0.064468965,-0.014574686,0.053707648,-0.01566814,-0.062288728,-0.29477164,0.020501908,0.11679684,0.16004178,0.033447213,-0.055272155,-0.024747854,0.14723921,0.08074185,0.14899258,-0.10206827,0.14934868,-0.074077524,0.0073108925,0.190054,-0.09422669,-0.090151176,0.0570799,0.19720705,0.10615541,-0.1630927,-0.2186516
670,-0.044550184,0.001249054,0.18255484,0.24605441,-0.037475888,0.08986652,-0.08077085,0.041988455,-0.04650179,0.062041357,0.06761858,0.13485216,0.27574986,-0.018123336,-0.19562526,-0.0406915,-0.099308036,0.17815478,-0.064140566,-0.060244057,0.005877967,-0.031349767,-0.046737246,-0.090034954,-0.07025507,-0.2623758,0.22457543,-0.021190254,0.080012195,0.097655386,0.042656075,-0.0052097454,0.09701033,0.08546927,-0.06058442,-0.0805696,0.17821008,-0.11768555,0.18719229,0.14144294,0.13528313,0.05122844,0.03010802,0.23446761,-0.03796325,-0.08022902,0.030620014,0.14831784,-0.14631028,0.061170176,-0.13304564,-0.030176142,0.07582318,0.12019082,-0.1734211,0.012414817,0.10999263,-0.18138519,-0.14717734,0.10192369,0.06179812,0.020990597,-0.20782644,-0.2904823
325,0.09942589,0.044066228,0.17894198,0.1343648,0.09616079,0.13337429,-0.07120139,0.012719694,-0.15247685,0.018819666,-0.04263012,0.18404743,0.14394712,0.20207857,-0.00990103,-0.19955692,0.08896933,-0.14401682,-0.15906869,-0.12934415,-0.008541533,-0.0776129,0.14124118,-0.013423935,-0.1143138,-0.13827094,0.059898794,-0.06804011,-0.11314662,0.12659946,-0.057317585,0.09073725,0.10619354,0.1250487,-0.21670307,0.13443834,0.08074537,-0.06461326,0.007289007,-0.060151376,0.09933424,-0.07470248,-0.15957601,-0.020550655,0.07724475,0.019657591,0.11546896,0.19929928,-0.145394,-0.047356173,-0.03390203,-0.22428119,0.29624003,0.15546559,-0.09464433,0.088861115,0.23843272,-0.041744493,-0.12941,0.054185323,0.07743591,0.0056291767,-0.21682902,-0.1593863
695,0.081124246,0.0067283576,0.25402734,0.0013264378,-0.14114311,0.20751077,-0.02590073,-0.16992219,0.076911025,0.012494974,0.25726098,0.11580224,0.20804678,0.17558344,-0.04525184,-0.02622197,-0.04064056,-0.061231963,-0.11823581,-0.09540233,0.0065555056,-0.019019311,-0.006785812,-0.16662365,-0.0180713,-0.04390648,-0.04909263,0.15478207,-0.14055197,0.1921168,-0.025093595,0.08737193,0.11239032,-0.08877526,0.008646991,-0.07330632,0.08683161,-0.086367905,-0.009904763,-0.030359974,0.060508993,-0.055289168,-0.24931985,0.065839164,-0.096211195,0.024384681,-0.02483512,0.13301933,-0.20675835,0.0006641662,-0.024086282,0.07256224,-0.18226078,0.18385528,-0.19630948,0.17524797,0.17511143,-0.12793683,-0.15751857,0.060974423,0.15185711,0.16959986,-0.21789013,-0.14308175
82,0.101168714,0.105487965,0.17655012,0.18915772,-0.28126872,0.0825101,-0.094617814,0.090781175,0.056228343,0.0055632438,0.15191114,0.07779285,0.21504048,-0.015413666,-0.2030569,5.8384518e-05,0.11803078,0.09365162,-0.013455925,-0.11218731,0.03921568,-0.07054307,-0.07641492,-0.08636215,-0.03738405,-0.1182603,0.12685546,0.15867867,0.09469965,0.056237906,-0.11596217,0.062038973,0.050384108,0.16282281,0.0030715226,0.11784439,0.15454249,-0.032867685,0.06837417,0.21545953,0.10739552,0.12660317,-0.10128281,0.23516944,-0.018374855,-0.029240036,-0.06503597,0.14292897,-0.11433728,0.019248525,-0.016317463,-0.06525148,0.18045402,0.17734541,-0.0321264,-0.012722506,0.2512431,-0.10769264,-0.10331437,0.01616622,0.0650768,0.00035287574,-0.24753083,-0.2735951
327,0.009454684,-0.016691975,0.16943981,0.15401158,-0.03103767,0.0014499538,-0.01739453,0.10553184,-0.10972771,-0.0673193,0.20659874,0.114759386,0.25906336,0.122914426,-0.09375471,0.31667218,-0.091814436,-0.17869318,-0.17638378,-0.13133164,0.09566768,0.024057297,-0.21148796,0.030929483,-0.15896496,-0.15628642,-0.0062833885,-0.06853011,0.031701483,0.05545984,0.063902415,0.11583208,-0.019506095,0.032870427,-0.16540541,0.05350889,0.0027243965,-0.091264546,0.02167493,-0.18535522,0.10613513,-0.1064395,-0.04988044,0.06334818,0.09226208,-0.030842341,-0.462017,-0.030688256,-0.009221148,-0.14524923,0.019377539,-0.07895718,-0.002728088,0.049937896,-0.10520776,-0.12534678,0.07550376,-0.07371465,0.11564518,0.0057155513,0.055474482,-0.0057024523,-0.15046604,-0.12554237
661,0.07918987,0.079468824,0.25834823,0.18446949,0.005483978,-0.016550472,-0.17123775,-0.13545565,-0.14107418,0.08869159,0.19696975,0.1386521,0.14335121,0.089544915,0.07554673,-0.08411521,-0.10472339,-0.17398652,-0.25266013,-0.09911443,-0.069804154,-0.14246674,-0.06022523,-0.004855703,0.023042325,-0.2265511,-0.0025884474,0.0106558325,0.03457764,0.14261039,-0.06171934,-0.005612058,0.17972884,0.12557411,-0.06707938,0.0070509566,0.022514371,0.08515969,0.103936955,0.0021399516,-0.048422627,-0.05866235,-0.30642113,0.06413653,0.10901405,0.04734413,-0.09059302,0.15800004,-0.10283556,0.0643833,-0.013480831,0.10009034,0.1119425,-0.05013109,-0.1372804,-0.07928022,0.2524007,-0.04400652,-0.20250374,-0.07695511,0.1074295,0.023560349,-0.2345328,-0.15299992
98,-0.06952274,0.11743482,0.006410728,0.13380523,-0.060994174,0.006977503,-0.11415119,-0.10047193,-0.20900233,0.11981653,0.116915554,0.00016927718,0.09916269,0.0018051564,0.0064431797,-0.26959306,-0.12902297,-0.13374688,-0.0675577,-0.21775958,-0.14743027,-0.10503333,0.014316882,-0.0025677742,0.1316872,-0.12315601,0.17548986,-0.080069505,0.054991115,0.15783124,0.017775163,-0.091649085,-0.13613012,0.1520209,-0.0071941447,-0.042685606,0.15681279,0.032276433,0.11886057,0.056306057,-0.079510525,-0.026843863,-0.1320877,0.19695626,0.11151815,-0.09453444,0.006018941,0.26396334,-0.26691124,0.077086054,-0.13001336,0.021669434,0.30290058,0.055629555,-0.1426934,0.045720764,0.16957457,-0.14091186,-0.09073736,-0.07645827,0.13054119,0.08469573,-0.12743755,-0.024401575
119,-0.012303281,0.08566307,-0.01989206,0.033015594,0.053147078,0.043558523,-0.04737399,0.0010217621,-0.24728973,0.1294577,0.006855757,0.033049244,0.055175517,0.09683128,0.006496183,-0.20670713,-0.0032061955,-0.057489164,-0.009399849,-0.23087803,-0.17285755,-0.18572791,-0.015249251,0.075645916,0.18124355,-0.11974229,0.17726237,-0.12599735,0.049379785,0.12015604,-0.080846496,-0.101845734,-0.20578536,0.21334682,0.029747833,0.031486716,0.019007394,-0.07770095,0.045760952,-0.058598004,-0.07870656,-0.08100998,-0.21692707,0.13616104,0.07582373,-0.059648983,0.042264465,0.17254765,-0.15842143,0.16379988,-0.1603179,-0.14285073,0.37755176,0.03829296,-0.016940776,0.18137622,0.18543532,-0.1457116,-0.10140874,-0.00020488605,0.15891682,0.042563017,-0.059030414,-0.044004112
163,0.029953947,0.042492643,0.19312918,0.06696304,-0.15348285,-0.007504984,-0.16970728,0.10420916,0.017816631,-0.06354965,0.1354746,0.1965143,0.14482452,0.06050157,-0.030520743,-0.071153305,0.12980749,0.08426748,0.002755722,-0.20755744,0.00416421,-0.065749116,-0.08261043,0.007645181,0.026795942,-0.18261804,0.1703074,0.00097275304,0.072291255,0.09272953,-0.06427982,0.15644631,-0.009217075,0.25808686,-0.006914459,0.14860098,-0.015959064,-0.058306836,-0.00085352344,0.031870984,-0.051736664,0.017468,-0.22175105,0.01739564,0.09352975,-0.001396196,0.08813296,0.1151275,-0.2000532,-0.008727935,0.025390137,-0.050992865,0.26468065,0.11734453,0.02158648,-0.014592645,0.3545571,-0.1016086,-0.14163847,0.13177373,0.20371076,-0.053161625,-0.15327512,-0.26770923
551,0.14512576,-0.048451137,0.24863195,0.12679142,-0.17409761,-0.075965226,-0.22033809,0.007954588,0.053211235,0.11796481,0.18264242,0.118451945,0.14674532,0.002549763,-0.017020259,-0.15092511,0.011689518,-0.16710663,-0.15242924,-0.21548802,-0.09013732,-0.06698302,0.072977394,-0.041766804,0.008036143,-0.20043574,-0.044835683,-0.03679328,0.0851035,0.10049469,0.10744491,0.012029982,-0.19905072,0.07274256,-0.26163468,0.17927419,-0.10403424,0.048733357,0.08027348,-0.0014303692,0.06515315,-0.08918397,-0.24457613,0.2799951,0.06989468,-0.053041875,-0.06465551,0.14485379,-0.13881023,0.06731232,-0.071530186,0.050185487,-0.013239185,0.089063965,-0.099838264,-0.059857182,0.18368657,-0.15575357,-0.093198024,0.021868402,0.13682118,0.04765413,-0.13748957,-0.08147309
48,0.059004895,0.008853361,0.23553762,0.16483024,-0.17674361,0.035528928,0.06716068,0.0848021,0.028289393,0.11855864,0.081030004,0.05969931,0.26396424,0.019296585,-0.19011118,0.029721633,-0.012478204,-0.08442432,-0.040409423,-0.20100428,0.065730795,-0.23800123,0.08388571,-0.18881695,-0.108339354,-0.10990494,0.033049177,0.04850134,-0.06633138,0.04305019,0.046899695,0.06462177,0.083194435,-0.05848601,-0.16430143,-0.058571223,0.0656998,-0.12730764,-0.0063997386,-0.05116427,0.07029354,-0.057028875,-0.18315628,0.18238938,0.04171266,-0.023654683,-0.023326961,-0.00056804914,-0.17145658,0.049174167,0.09291388,0.11266038,-0.079161316,0.16323827,-0.115376286,0.15698193,0.3214792,-0.20877819,-0.09769043,-0.0014219473,0.066290595,0.032800615,-0.21217638,-0.26811644
20,0.1426781,-0.14796914,0.31752473,0.12523274,-0.12449195,0.015653394,-0.11208569,0.24469164,0.07221497,0.10111655,0.21610509,0.16073027,0.15103552,-0.03924813,-0.1422413,-0.018176947,0.04404639,0.058909032,0.0045492956,-0.21007304,0.05502098,-0.025151523,-0.04760343,-0.088738635,0.014082356,-0.1998299,0.14315066,0.008725054,-0.14602338,0.06667611,0.14039779,0.18444122,0.02188193,0.011508342,-0.2595004,-0.02203956,0.15417579,-0.05465645,0.14140843,-0.05428586,0.112892754,-0.029678982,-0.09253246,0.09030579,-0.08023175,-0.0023369382,-0.07955979,0.042997528,-0.11487877,-0.13242075,0.03366936,-0.050724413,-0.013677523,0.1181606,-0.09952821,-0.029488964,0.22544876,-0.07975425,0.08289236,0.14365172,0.1346887,-0.044939097,-0.1737217,-0.24312973
429,-0.04464317,0.12089045,0.21983738,0.097005114,-0.052339558,0.15913787,-0.091409296,0.072284356,-0.14162743,0.04656294,0.15284264,0.29880053,0.14907466,0.010142432,-0.045280915,0.20520802,-0.0059028403,0.113181144,-0.2149216,-0.16331702,0.056807023,-0.1245711,0.055375863,0.015713127,-0.17707492,-0.116895266,0.13288243,-0.0635591,0.091682285,-0.052767597,0.061859738,0.0065422864,0.0046112346,0.23020986,-0.17623861,0.23173547,0.10041286,-0.09499722,0.04928034,0.039955016,0.1491263,-0.08945068,-0.14385147,0.1266692,0.1709413,0.05605205,-0.04180199,0.075274676,-0.08992772,-0.15971692,-0.117593065,0.072924666,0.1079205,0.12323594,-0.09878086,-0.03178352,0.052092765,-0.037953824,-0.012232851,0.18012503,0.06809972,0.0905813,-0.21387279,-0.19941325
578,0.18889877,-0.07765502,0.28915513,0.24053542,-0.1565612,0.17848353,0.05757869,-0.0061794533,0.10078674,-0.07041248,0.15319124,0.13630894,0.23366031,-0.026574273,-0.18149346,-0.00018873985,-0.04620542,0.17152478,-0.00428551,-0.10273544,0.061433166,0.052008547,-0.14857273,-0.064496785,-0.12049309,-0.25489816,0.028496182,0.16855939,-2.7074702e-05,0.016623057,-0.117760316,0.02905559,0.19122875,0.120460935,-0.13772957,0.07151378,0.07808527,-0.04742942,0.17549658,0.17091304,0.081102364,0.082922325,-0.2098951,0.23592995,-0.03502432,0.06952105,-0.070654005,0.040289674,0.03842944,-0.07597631,-0.091084465,0.053868018,-0.030405652,-0.08065292,-0.06387208,-0.059932146,0.03179116,-0.08283219,-0.07489647,0.05935102,0.10386819,0.09297796,-0.15417758,-0.22365485
468,-0.0372927,-0.09167152,0.22377506,0.24841675,-0.07986605,0.12463332,-0.028490946,0.061751746,0.0026765624,0.07002976,-0.04335808,0.14050777,0.25795355,0.074881166,-0.16589661,-0.119626835,-0.069588706,0.03792919,-0.09823167,-0.13169926,0.07728371,-0.22641185,-0.12715954,-0.044389185,-0.21992147,-0.2837022,0.08560142,0.14256848,-0.19646719,0.17619303,-0.13789557,-0.0014475957,0.07734722,0.083533816,-0.2287765,0.0727658,0.1358215,-0.037689473,0.14833158,0.07016584,-0.029647032,-0.0073145204,-0.19581375,-0.016004281,0.11714847,0.012443406,0.11128478,0.113465,-0.07472068,0.10151891,0.019801522,0.0015430194,0.15995483,-0.01969765,-0.0051790145,-0.07145243,0.021510404,-0.099578395,-0.13196582,0.018983738,0.022278097,0.037536982,-0.21757819,-0.19159055
108,0.09526662,0.07471745,0.17513965,0.06392344,-0.0134119475,0.29304087,-0.029988596,0.011296689,0.043236747,-0.023706019,-0.030996889,0.021407822,0.19999531,0.29390162,-0.06767857,-0.2004668,-0.0066111125,-0.030318012,-0.19259423,-0.21348861,0.05433488,-0.007863577,0.117094,-0.049324226,-0.09476079,-0.08629235,0.06851403,-0.100910455,0.0034785788,0.2055966,0.0830479,0.19922699,0.050444975,0.14683558,-0.16472411,0.1459167,0.14949657,-0.10773819,-0.013839366,-0.010301072,0.06920278,-0.057330966,-0.20706855,0.043559957,0.10463382,0.10176236,0.077364005,0.07770393,-0.14369607,0.02859131,-0.07471087,-0.09029127,0.14521886,0.09872478,-0.114798166,0.07903413,0.15032843,-0.08094086,-0.19559151,0.13518241,0.036689375,0.046202295,-0.20407191,-0.23730433
174,0.09950749,0.018135715,0.24653651,0.11505538,-0.036147535,0.10759868,-0.26342404,0.011473148,-0.08161066,-0.03874134,0.13434461,0.27869424,0.17009917,0.014317458,-0.03319573,-0.018438892,-0.0030777077,0.104359925,-0.15025379,-0.030498616,0.037671838,-0.07955125,-0.1321262,0.0117852315,-0.12878068,-0.16756019,0.2140914,0.07267211,0.07194404,0.036170464,-0.040122014,0.13221747,0.024543924,0.24345282,-0.048858132,0.16784304,0.012120071,-0.043764535,0.17073406,0.1728348,0.03879724,0.06938282,-0.22764486,0.12649979,0.087611295,0.021093631,-0.023089927,0.09861883,-0.11511427,-0.13263968,-0.022737443,0.10492143,0.022172451,-0.093287356,-0.108490884,-0.1183382,0.22941785,-0.03050705,-0.07478115,0.13822815,0.11850492,0.038397994,-0.21900153,-0.2337976
236,0.028160248,-0.065384455,0.29752287,0.118715055,-0.18525214,0.10409915,-0.021250043,-0.040763862,0.08626321,-0.08571075,0.28488785,0.23919374,0.2603253,-0.023061216,-0.13594735,0.11260568,-0.06742097,0.13424028,-0.07532695,-0.1283063,0.090192586,0.046837963,-0.1012243,-0.08063754,-0.15713465,-0.057078436,0.008053008,-0.0008214586,0.15000369,-0.03875165,0.10486465,0.044011153,0.06362222,0.09563844,-0.17850922,0.033312745,0.03199107,-0.055253666,0.21577002,-0.059180524,0.13774355,0.046779882,-0.04591377,0.28353748,0.016524142,-0.016226983,-0.029609002,0.01039764,-0.068467565,0.031990867,-0.13576837,0.16112827,-0.06946201,0.09112251,-0.12776065,-0.1525872,-0.028605571,-0.1240946,-0.07940765,0.1612163,0.015633779,0.051285107,-0.1906143,-0.2442165
105,-0.021722738,-0.09337748,0.1753189,0.01377534,0.069882765,0.122244425,-0.011563796,-0.030948345,-0.114910565,-0.013237239,0.092630655,0.07606378,0.07702023,0.20005535,0.045193605,-0.07915917,0.028754892,-0.047131833,0.07182585,-0.22644882,-0.103877366,-0.25611123,-0.0385186,0.006172227,0.14217937,-0.15242691,0.04968861,0.14053129,-0.04719529,0.17124788,-0.22372197,-0.030144874,-0.21673656,0.12147211,0.07304618,0.040352542,-0.0456279,-0.07523521,0.037938684,-0.2283071,-0.07012654,-0.13608937,-0.3015661,0.056928854,0.026084192,-0.08234113,0.09312901,0.144452,-0.24314412,0.14422245,-0.19052608,-0.118033275,0.21310897,-0.04402655,0.020097759,0.13593534,0.044341527,-0.119564556,-0.11749344,0.062849574,0.19499764,0.03379678,-0.10757243,-0.07496573
758,0.096836865,-0.09240865,0.21319395,0.15418,0.04963698,0.00087479723,-0.24767329,0.012444093,-0.07682108,0.11141241,-0.040988993,0.2369283,0.1185359,-0.010213533,-0.106037796,-0.18020098,0.14463922,0.04009207,0.003962809,-0.041373756,-0.014075356,-0.13171938,-0.08058619,-0.0955672,-0.10000129,-0.13805725,0.15238574,0.040107843,0.13703391,-0.035351306,-0.09960525,-0.0009882011,-0.15883271,0.122757085,-0.1852258,0.15164942,-0.16131791,-0.1278913,-0.0056844465,0.058347516,0.21213676,-0.113327116,-0.13982585,0.19012386,0.005964558,-0.023416609,-0.038041383,0.17847033,-0.045375753,-0.0010075803,-0.15079582,-0.0074727414,0.13096693,0.10791658,-0.1928046,0.0465218,0.25365493,-0.13442191,-0.0520344,0.20611028,0.057357375,0.026527416,-0.19346729,-0.14410889
571,0.06465371,0.08847897,0.17739563,-0.03405349,0.17352581,0.30048266,0.11656951,-0.123482555,-0.0043841945,-0.07714781,0.20226415,0.12645681,0.2486446,0.42791337,0.02069407,-0.0066055316,0.013606089,-0.101484604,-0.088770956,-0.12634721,-0.077453814,0.041109115,-0.037990745,-0.08935545,-0.034826886,0.005419862,0.0049803164,0.085668206,-0.07152144,0.23307711,0.05599348,0.13930427,0.07700934,0.070558995,-0.10960741,-0.033409778,-0.08879953,-0.082928136,-0.08943817,-0.020936675,0.097202994,-0.13384251,-0.052147556,0.03659395,-0.12254416,0.048076544,0.031772748,0.14045258,-0.08790027,0.08820664,-0.15225266,-0.05494284,0.011145412,0.16320755,-0.15188473,0.08551738,0.18823688,-0.039079383,-0.18976451,0.0895682,-0.021503318,0.062432278,-0.19620398,-0.12802468
203,-0.13187027,0.07060051,0.25860292,0.20813656,-0.03750085,0.22978073,-0.042464405,0.13766189,0.10043248,0.03309238,0.082743764,0.09922027,0.18516333,0.19097959,-0.021029111,-0.018367466,-0.057661194,0.022535685,-0.19107224,-0.2702062,0.06833846,-0.04724356,0.07986607,-0.055425875,-0.090265624,-0.12376474,0.14707977,-0.043087956,-0.07363174,0.19045126,0.065992996,0.19524494,-0.027584653,0.07579716,-0.21280025,0.25421643,0.030065151,-0.0051619885,0.08264867,-0.03881598,0.056131393,-0.0030196703,-0.09373092,-0.037729204,0.1481538,0.072443634,0.19992273,0.06915745,-0.058812406,0.05155628,0.01614514,-0.014766306,0.16962755,0.26969326,0.013126114,-0.14610152,0.07457687,-0.039213065,-0.07833534,0.06651606,0.04266122,0.019403325,-0.1693654,-0.20751996
202,-0.12674032,-0.007527346,0.32031322,0.20031835,0.16847625,0.22545706,0.03598352,0.030597592,0.13568144,-0.1346822,0.09140665,0.12407607,0.20469037,0.29779294,-0.0028505356,0.15635628,-0.09270962,-0.007036016,-0.08997181,-0.2756721,0.078269325,0.031721607,-0.0012583487,-0.086263664,-0.09031388,-0.08797483,0.07733253,0.028929187,0.016130758,0.22603905,0.0092406375,0.17456897,-0.049601316,0.071043335,-0.17620613,0.19593589,-0.08655929,-0.06987196,0.045039915,-0.096910864,0.031081278,-0.07957133,-0.041372556,-0.054364093,0.20072871,0.063870445,0.03234696,0.03991441,-0.10475065,-0.0061447173,-0.10706621,0.089210115,0.11891476,0.13409589,-0.042883065,-0.10052864,0.08339278,-0.02768006,-0.06785924,0.12915963,0.09298931,0.060938712,-0.13879645,-0.19387223
157,0.1306574,-0.0005922998,0.18124609,0.08197667,0.035399307,0.23502186,-0.030253004,-0.16729374,-0.043376993,0.013659337,0.16881736,0.16354533,0.1824983,0.23295848,0.044110157,-0.14632921,0.05649983,-0.09829841,-0.12873057,-0.07248348,0.034345936,0.13311988,-0.19576225,-0.1756868,-0.16745695,-0.044501178,0.12790364,-0.017552018,0.03283803,0.19294435,0.027710607,0.10498442,0.03863841,-0.061408192,-0.29204944,0.14303027,0.10240696,-0.08742338,-0.042425726,0.038610145,0.13226038,-0.15634249,-0.16446787,-0.1337733,-0.11147945,0.11375327,0.05917358,0.072350554,-0.07125867,-0.17379993,-0.116102666,0.15169594,0.05570775,0.13757041,-0.05307135,-0.14665088,0.22369608,-0.05233675,-0.06105376,0.1111235,-0.08250986,0.0388537,-0.14643608,0.0011965826
176,-0.0062836106,0.110576265,0.276494,0.14336708,-0.01410508,0.1817458,-0.08079135,0.11575201,-0.06993392,-0.052692447,0.08579571,-0.00045549645,0.15453951,0.12595682,-0.046674676,0.035703972,-0.06435114,0.040396888,-0.110836424,-0.19789587,0.0016562863,-0.078304276,-0.002124269,0.012764126,0.011935988,-0.1803225,0.1613346,0.04973172,-0.029615792,0.06701169,0.0012343574,0.1123276,0.1336142,0.026704175,-0.088365115,0.36193338,0.12303713,-0.080005206,0.119378,-0.051165234,0.021934321,-0.008118446,-0.19574015,-0.022914447,0.14940222,0.18106537,0.042213492,-0.042664386,0.008908309,0.051681373,0.10966336,-0.19108693,0.13068113,0.13878193,-0.060513344,0.03950323,0.21299963,-0.03371153,-0.11318087,0.1758919,0.18322402,0.084432706,-0.1198152,-0.32348603
36,0.114298634,-0.0033774953,0.24743046,0.19021836,-0.13725764,0.16968167,0.011136636,-0.0068799197,-0.046020888,-0.04250841,0.12361259,0.10808372,0.19284087,0.15625331,-0.00837683,-0.124641605,0.00796705,-0.12573294,-0.15921198,-0.21942292,-0.017166248,-0.12641229,0.07848853,-0.13127875,-0.14033376,-0.014962405,-0.017613074,0.059843723,0.038519002,0.12189407,-0.0801484,0.065069124,0.03704473,0.013873566,-0.13496347,0.20189449,0.100738324,-0.022216043,-0.0076574483,-0.009639972,0.0728854,-0.15477218,-0.23735374,-0.02659433,0.119011045,0.022065464,0.17057626,0.12652643,-0.24144588,-0.17114621,-0.06678672,0.12133626,0.15307523,0.081494525,-0.08858053,-0.010160906,0.23855725,-0.10807708,-0.19646104,-0.002465991,0.09147152,0.030176956,-0.2516301,-0.10859647
337,0.11942298,0.031111179,0.26569515,0.13765262,-0.15175596,0.002428941,-0.07407758,0.07601627,0.14804532,0.07988564,0.13258937,0.070266895,0.22756846,0.011242845,-0.15270272,-0.11618008,-0.09866584,0.012002423,-0.11252875,-0.22305603,0.0076918285,-0.094254404,0.021908492,-0.13229068,0.0015719099,-0.07540731,0.042301852,0.034883972,-0.09813411,0.06934483,0.03911186,0.035892017,0.11668135,-0.07343483,-0.12391138,0.06460623,0.029778818,-0.119661324,-0.008308726,-0.024178663,0.029985175,-0.056272674,-0.16876802,0.09744647,0.034131713,0.012630239,0.09995635,0.009894798,-0.09756499,0.1325077,0.059162673,-0.030213213,-0.11082276,0.21108685,-0.1515434,0.19442096,0.32876268,-0.18112849,-0.17543659,0.12480865,0.22633986,0.05984654,-0.15348679,-0.27137536
478,0.04418614,-0.048364416,0.2240489,0.11230753,-0.22696243,0.14384621,-0.20284107,0.095089175,0.03178381,0.14009283,0.10386867,-0.10218787,0.17094731,0.1381224,-0.12692168,0.022560015,0.08060807,0.075602286,-0.03588296,-0.055621296,-0.012913283,-0.025934123,-0.07038593,-0.24444398,-0.07692418,-0.15042935,0.26570365,-0.09050097,0.044046573,0.1515194,0.11220943,0.15593618,-0.06653206,-0.1247029,-0.016253117,-0.05602691,0.10800324,-0.07705429,0.05395131,-0.03266861,-0.014756455,-0.02060602,-0.07230895,0.12998156,0.033655044,0.0057266196,0.091852516,0.0054788743,-0.14404786,-0.020827224,0.0063800225,0.13282682,-0.19463742,0.08065191,-0.17020042,0.057473022,0.24262488,-0.19542125,-0.045401666,0.10064805,0.061917473,0.019345246,-0.18662415,-0.33357087
488,-0.01081867,0.102245234,0.13997073,0.03582995,-0.01788919,-0.10752075,-0.09270734,0.004260677,-0.2074054,0.09902587,0.19620979,0.1964881,0.20562047,-0.0008327545,-0.060908154,-0.016983394,-0.02304335,-0.13237917,-0.06200539,-0.1741713,-0.060813904,-0.12784079,-0.019526534,0.09675288,-0.027090387,-0.09306411,0.17868601,0.0118176015,-0.03051595,0.026836984,0.00071175315,0.057294607,0.03544918,0.09813121,-0.21953756,-0.1179698,0.050251737,-0.08290083,0.18057129,0.0084524555,0.059769273,-0.0051386994,-0.044768896,0.21436575,-0.16094191,0.08221923,-0.061933376,0.2966839,-0.18621475,0.004675039,-0.0915924,-0.027184123,0.23732589,0.1234046,-0.18420175,0.103503644,0.19885907,-0.18463197,-0.10581532,0.12590832,0.07311015,0.13283172,-0.14979552,-0.21482822
573,0.11063385,0.025437923,0.28664002,0.11989748,-0.14176452,0.014337017,-0.04071796,0.1463805,0.024175037,-0.047125,0.18501458,0.055180803,0.2895564,0.06023405,-0.10216834,-0.0041237352,0.098772615,0.011082955,0.015551965,-0.25413528,0.065348186,0.12358906,-0.2593849,-0.1483035,-0.12624986,-0.19171467,0.021314679,0.10990029,-0.012250678,0.035114046,0.002195538,0.11522269,0.12001947,-0.041557208,-0.12736721,0.20206209,-0.1249346,-0.087360494,-0.080892764,0.057344925,0.056241702,0.00067425816,0.030075185,0.0023221544,-0.09930227,0.11580364,0.0390987,0.05641305,-0.03867208,-0.05949414,0.10572126,-0.12590973,-0.06327391,0.18649492,-0.069186695,-0.18060969,0.30358636,-0.092031695,0.11087015,0.09446533,0.08444534,-0.015981056,-0.12787959,-0.23153375
172,0.17522795,0.121987455,0.14853588,0.11772863,0.06335077,0.1744895,0.10823911,-0.123368695,-0.09260312,-0.05316034,-0.114672154,0.05550845,0.2522957,0.2955558,-0.030229095,-0.19247252,0.010841135,-0.30808344,0.027979111,-0.33728424,-0.09401686,-0.042152993,-0.107900985,-0.08146812,-0.112802766,-0.10521101,-0.0026440944,0.054631677,0.0072911866,0.089725934,-0.070540406,0.03868389,-0.11777944,0.14151455,-0.26493424,0.17676322,0.0005544755,-0.009562354,-0.1215389,-0.031156737,-0.053104963,-0.1690158,-0.20226878,0.07018467,-0.043981746,0.04192339,0.049595177,0.12639068,-0.12155149,-0.002132677,-0.101740055,0.06211752,0.044517066,0.035340514,0.10312035,-0.032944415,0.13446294,-0.13232003,-0.1032737,-0.033057883,-0.036641832,0.04752353,-0.11571473,-0.04321767
529,0.069581196,0.12419584,0.1754508,0.16409923,0.061291695,0.09386298,0.0063087926,0.12477242,-0.025197884,-0.057484057,0.21674874,0.17824063,0.1355483,0.06824944,-0.073061176,0.115403295,-0.092241496,0.11551728,-0.1642056,-0.20377998,0.0007208066,-0.016694933,-0.058790337,0.07718083,-0.051930584,-0.013409483,0.17198962,-0.098218456,0.060745038,0.1405712,0.0476881,0.1985088,0.16128424,0.123586,0.00017917616,0.17702879,0.23604158,-0.058424544,0.14386407,0.078745574,0.1389437,0.019749321,0.032434523,0.14298438,0.04972127,0.14598493,-0.13085629,0.081294365,-0.023206193,0.0044482304,-0.17655823,-0.0504982,0.16712585,0.15337405,-0.10515876,-0.06381921,0.21643709,-0.048516333,-0.19186056,0.16238897,0.17415833,0.09018333,-0.12289535,-0.2191534
217,0.019683633,0.072094746,0.27233076,0.017931668,0.09124207,0.16072543,-0.074408285,0.14553502,-0.042665195,0.09619455,0.058589265,0.020543212,0.19075884,0.31033212,-0.10024363,0.07689856,0.07492975,-0.06700525,-0.025503114,-0.18718691,0.061091192,0.055878833,0.07733583,-0.13934356,-0.12164587,-0.16664073,-0.01743835,-0.0036669741,-0.13229676,0.16617355,0.07008665,0.110630184,0.066055484,0.27135894,-0.2629119,-0.14959311,0.09971425,-0.038030025,0.026778955,-0.18504746,0.0832768,-0.12839751,-0.003591215,0.15583949,0.041995212,0.06725003,-0.1056217,0.16963731,-0.08846348,0.07710884,-0.10590264,-0.06297012,-0.113070294,0.025640953,-0.14628467,-0.07388163,0.026265064,-0.08255087,0.030953191,0.13484734,0.061680086,0.119314395,-0.1928063,-0.22665186
583,0.14402336,-0.017763887,0.29051697,0.07182236,0.024070272,0.26374507,-0.055238117,0.05787924,-0.022278918,-0.030895561,0.13573562,0.079805315,0.06961123,0.12613891,-0.07177714,-0.06235912,0.17425528,0.002167691,-0.06417589,-0.2831903,-0.032568853,0.12831357,-0.1436397,-0.10723841,0.046691865,-0.08240814,-0.049776763,0.11308789,-0.07082246,0.21034613,0.20381834,0.0037119268,0.01996065,0.10220847,-0.2245669,0.035095718,-0.030882573,-0.07112642,0.18599038,0.019164035,0.19830202,-0.032103643,-0.20367177,0.20733175,-0.015448527,0.11565409,-0.12864667,0.19114552,-0.044296905,-0.1029552,-0.10084632,-0.12671287,0.01857367,0.06253846,-0.07497362,0.01718351,0.20346726,-0.043413397,-0.038356014,0.14697218,0.11983468,0.1867064,-0.12895654,-0.035120785
221,-0.028642925,-0.10047504,0.34964168,0.17013362,-0.019203853,0.0446766,-0.0630066,0.039559897,-0.17352128,-0.11272742,0.16319908,0.17826188,0.17754123,0.080557264,-0.030570814,0.00528175,0.09410539,-0.113199934,0.007634389,-0.20583925,-0.024862226,-0.07417715,-0.21004519,-0.18678033,-0.10022812,-0.14063044,0.05871514,0.30866852,-0.0103157675,0.17421097,-0.06117835,-0.003840133,0.018561518,-0.112627596,-0.20209314,0.14736387,0.05299832,-0.034978166,0.019907854,-0.03842182,0.129208,-0.14048585,-0.08236031,-0.033720724,0.19167835,0.13195343,0.02574308,0.15043855,-0.06450242,-0.1291426,-0.032130398,-0.11851251,-0.020994844,0.063850604,-0.059950005,-0.15330096,0.22604936,-0.034560725,0.0055965786,0.11874433,0.07457958,0.07628638,-0.16616184,-0.03962304
410,0.02208828,0.031728476,0.27442473,-0.00012470009,-0.21565102,0.12564358,-0.04689457,0.04435672,-0.04087031,0.1460521,0.27657777,0.23751903,0.20539555,0.024751984,-0.003974069,0.0034256692,-0.07090025,0.0032696025,-0.13292268,-0.26419592,-0.037497055,0.09948726,0.067177385,-0.0009263603,0.062061507,-0.09897823,0.020429147,-3.2593845e-05,-0.025045045,0.15614747,0.12875637,0.15396674,0.019829346,0.13986781,-0.1518675,-0.059001528,0.04060933,-0.03790079,0.037052095,-0.03370966,0.039965514,-0.06289367,-0.29834506,0.17657678,-0.047763135,0.19861813,-0.09788707,0.12089685,-0.12462486,-0.039808325,-0.12115217,0.07199215,-0.12629966,0.09448006,-0.19306919,0.043644805,0.08477006,-0.081488274,0.00018511251,0.063222095,0.22450131,0.14941357,-0.13307278,-0.13136949
180,0.010504327,-0.047758605,0.19409671,0.32052642,-0.08381646,-0.009455608,-0.041634183,-0.09906558,-0.109754056,0.038914453,0.005091746,0.041616276,0.20232522,0.04015813,-0.057331607,-0.19747195,-0.057980068,-0.03349854,-0.13889676,-0.23421831,0.006298624,-0.03793125,0.040111635,-0.15958196,-0.10021357,-0.20389386,0.08940245,-0.00069502677,0.026064081,0.18097766,-0.025160726,0.15852751,0.06905519,-0.09161233,-0.25163725,-0.07259595,0.02954416,-0.08209596,-0.03729436,0.11962055,-0.07918843,-0.096568204,-0.17359407,0.0744449,0.22700387,0.15125611,0.02658942,0.03491013,-0.10650317,-0.02060142,-0.034829576,0.060449068,0.01199527,0.0702624,-0.12719542,0.08464182,0.33876228,-0.2132393,-0.06629502,-0.025382418,0.13005006,0.097172834,-0.14564072,-0.14773573
343,0.059589166,-0.07751067,0.19948728,0.10786309,-0.026347337,0.09562922,-0.12777314,0.04084211,-0.03374987,-0.14345843,0.18050414,0.16841066,0.13534531,0.107268594,-0.13796508,0.07329452,0.003871522,0.012418401,-0.05718319,0.011263912,0.08731747,-0.042928215,-0.1687442,-0.025939219,-0.2156764,-0.10661795,0.11514272,0.070265375,-0.009390208,0.11286168,0.0018984716,0.12321926,0.06097799,0.062566295,-0.10277255,0.26853418,0.261186,-0.0642269,0.024626061,0.008895813,0.19817367,-0.07516606,-0.010987195,0.052198816,0.09328575,0.020064794,-0.30729648,0.1473814,-0.037268095,-0.09326258,-0.09591283,-0.096345715,0.13083,0.067885,-0.2202328,-0.129541,0.1809411,0.0021860213,-0.045669813,0.23379283,0.08115973,0.041389883,-0.2253822,-0.16579752
737,0.09396253,-0.07030949,0.26227587,0.103863634,-0.18149853,0.06399686,-0.08390186,0.018075528,-0.04130853,0.04906473,0.13104214,-0.004931927,0.16206302,0.16369833,-0.058945272,-0.08331822,-0.14763181,-0.095364116,-0.0886713,0.010823557,0.039119035,0.013899338,-0.04256993,-0.26160282,-0.20682219,-0.097495176,0.17910133,0.15664473,-0.101830006,0.13826053,-0.14941879,0.05703698,0.05323141,-0.024290258,-0.1588387,0.023986647,0.15475903,0.062762514,-0.02048482,0.022953,-0.11342173,-0.103201024,-0.086952105,-0.10975403,0.11945482,0.06368587,0.16074128,0.11357182,-0.09915538,-0.29605427,-0.026344253,0.22240388,-0.12991172,-0.11726723,-0.18924698,-0.053769175,0.096453965,-0.09993386,-0.084614865,0.052292924,-0.029937591,0.108980484,-0.21807997,-0.19473806
346,0.1571728,0.0047110384,0.3155404,0.1461866,-0.20208718,0.12092451,0.018079357,0.034471706,0.21263853,-0.0039179414,0.07931555,0.08220493,0.21502693,0.075343385,-0.06565156,-0.17530325,-0.003343953,-0.056390215,-0.04725182,-0.3273521,0.06625036,-0.06945987,0.05697665,-0.120658666,-0.05094997,-0.12108262,-0.050659776,0.13872132,-0.0650669,0.09720017,-0.07273,0.08480143,0.08728576,-0.0046035745,-0.21250775,0.20127867,-0.15183252,-0.06521136,-0.114221476,0.010277212,0.010325055,-0.06651291,-0.26514798,0.059516806,0.09269755,0.09156307,0.15194717,0.07907527,-0.15119062,-0.0029323727,0.05646832,0.021421986,0.033498097,0.11532079,-0.10214301,0.0065292027,0.23194967,-0.10496396,-0.023620183,0.02761927,0.12821306,0.016340297,-0.15320645,-0.17636272
69,0.06042614,0.034906983,0.23367077,0.11444177,-0.114343956,0.08373923,-0.16943134,-0.033910558,-0.07704523,0.14779225,0.09622813,0.049629185,0.20207416,0.072413735,-0.104068056,-0.04293699,-0.09012688,-0.064471364,-0.23339456,-0.0024273274,0.026227163,-0.1213753,-0.08413896,-0.018557673,-0.113215886,-0.23500328,0.060931154,0.12284107,-0.12851955,0.17094766,-0.04923137,-0.009753796,0.14949785,-0.02151673,-0.10686281,0.05311221,0.17435394,-0.0395625,0.1790189,0.005973852,0.090791956,-0.008492646,-0.1199168,0.17217624,0.04466886,0.016840741,-0.07486205,0.23525319,-0.16335335,0.079949155,-0.057634786,-0.16049275,0.025686843,0.038437236,-0.2808867,-0.052982476,0.060475446,-0.12544689,-0.17775524,0.101741865,0.048575662,0.15918224,-0.23206408,-0.22128215
543,-0.057381094,0.010981396,0.3431123,0.15615024,0.06177305,0.19325346,-0.030951904,-0.060254034,0.089660056,-0.08994088,0.24511781,0.14739734,0.22707497,0.20600067,-0.08074154,0.116594955,-0.052843653,-0.026018782,-0.15610312,-0.12882942,0.006456104,0.17203368,-0.014632595,-0.12452859,-0.1198122,-0.072107956,0.20410326,-0.0330234,0.0063541215,0.12462369,0.12481562,0.1185536,-0.019924764,-0.097504646,-0.188346,0.13010442,0.05325048,-0.040180698,0.086819984,0.012873959,0.035294976,-0.07032991,0.029889103,0.09443711,0.008844368,0.14988364,-0.029468158,0.11543488,-0.007895014,-0.040410824,-0.10211392,0.109480664,-0.14958732,0.20773347,-0.04498859,-0.19502696,0.0970835,-0.1058501,0.12672739,0.11560611,0.07537222,0.21996975,-0.1458171,-0.13074033
277,0.09818476,-0.032508697,0.20486236,0.036796384,-0.35203916,0.01090544,0.016763303,-0.06444075,0.06448369,0.004245159,0.18949005,0.0831291,0.08871485,-0.032362424,-0.18530932,0.1063377,0.14769082,-0.11585705,-0.1079426,-0.20273662,0.041273255,-0.05883369,-0.2464449,-0.13598111,-0.12135885,-0.043598548,-0.112829186,0.09993596,-0.002025398,0.023771867,-0.014801219,0.014856753,0.06729658,-0.08302531,-0.112975314,-0.008711754,0.066896886,-0.10919591,0.028096564,-0.042802054,0.08597142,-0.08365005,-0.21365939,0.21021251,0.11547674,0.06603134,-0.1744732,0.06718223,-0.17266172,-0.17275311,-6.911066e-05,0.051817015,-0.088736,0.09747052,-0.18964536,0.112008564,0.14759928,-0.1759178,-0.08311989,0.069217324,0.16741301,0.21657115,-0.16537167,-0.090036646
356,0.124376655,-0.012502956,0.22336215,0.090713345,-0.014646232,0.09873014,-0.24890698,0.02927158,-0.15514499,0.04775799,0.12786981,0.19684471,0.13901733,0.039040018,-0.092891,-0.100894354,0.10366251,0.036025193,-0.044750027,-0.06449353,0.020866308,-0.08157713,-0.13623214,-0.048302725,-0.023916276,-0.14743693,0.16319045,0.16179186,-0.047977827,0.1585593,0.02802467,-0.0060889507,-0.0006819276,0.06455581,-0.21267428,0.04622165,0.18859601,-0.116150364,0.11245096,0.14353316,0.20124894,-0.14889263,-0.07104292,0.085178904,-0.029784735,-0.051961184,-0.22120431,0.20855114,-0.1384374,-0.08372701,-0.12400517,-0.124710746,0.15123859,0.15571757,-0.08130689,0.03366575,0.18268128,-0.09339877,-0.049385004,0.08739824,0.09571608,0.12350212,-0.28612053,-0.08691166
469,0.07865062,0.07968078,0.27562723,0.09140899,-0.07072212,0.09986793,-0.05362124,-0.06229335,0.08810901,-0.072000846,0.30988398,0.17651525,0.16587925,0.14411405,-0.12263864,-0.011943348,-0.10653298,-0.05150953,-0.23918273,-0.16481447,0.05628084,0.009375238,-0.06364324,-0.043648038,-0.10758353,0.10683075,0.066664904,-0.06383771,-0.028938936,0.19295022,-0.026479,0.1832227,0.18693972,-0.10543637,-0.09430517,0.10322165,0.25964394,-0.07437639,0.09311742,-0.06165679,0.046529535,-0.026565412,-0.09602988,-0.0030533553,0.025748037,0.13910976,-0.16989659,0.03134797,-0.05082663,0.01682323,-0.07757233,0.14136986,0.0022425354,0.17306504,-0.04157908,-0.053047433,0.16734454,-0.10721297,-0.068861015,0.049859934,0.20001489,0.21242973,-0.20730153,-0.12320799
87,0.19176878,0.07929903,0.2006092,0.09678943,-0.10280025,0.06961981,-0.30465242,-0.016906042,-0.15665184,-0.04048075,0.11572536,0.1308745,0.19044645,0.034461398,-0.08563517,-0.14462338,0.093567714,0.14449736,-0.10189197,-0.040090237,0.038007744,-0.07809273,-0.07925142,-0.017398283,-0.065347485,-0.22249027,0.05884679,0.111333944,0.09616504,0.096451,-0.051596005,-0.018034473,0.033440117,0.15491126,-0.12026803,0.023157127,0.028740158,-0.07052679,0.20834777,0.078654446,0.011778683,0.06847446,-0.22235495,0.21448833,0.0526625,-0.03710421,-0.070571445,0.16536093,-0.21499608,0.07367322,-0.12629174,-0.0706979,0.1673278,-0.06249896,0.032495257,-0.039339177,0.14366457,-0.15290065,-0.14368045,0.10424733,-0.0029474979,0.06495533,-0.23321275,-0.2365853
224,0.09656717,0.1874711,0.19499755,0.10633857,-0.14324076,0.00069100136,-0.08030789,0.061857585,0.034519278,0.06300503,0.14788981,-0.03467155,0.1979552,0.022334993,-0.11584316,-0.04954558,-0.02841102,-0.05645106,-0.1786752,-0.2021863,-0.023090929,-0.1039122,0.0020533192,-0.12943786,-0.021004349,-0.11243571,0.08521127,-0.014990903,-0.025901522,0.052769758,0.01882492,0.03136623,0.22601697,-0.04910451,0.05226777,0.04917175,0.08414014,-0.08467459,-0.004165446,0.08631648,0.07536396,-0.01650562,0.010341521,0.1067961,0.017446572,0.023911951,0.09987449,0.16107339,-0.19493987,0.037294324,0.029720731,-0.07577285,-0.024654597,0.2462181,-0.24280216,0.11784828,0.34361562,-0.13158555,-0.2007433,0.05640673,0.18561278,0.07330943,-0.22280954,-0.27984104
384,0.12895207,0.07603238,0.21313302,0.14861305,-0.060290694,0.07151956,-0.028168617,0.08218747,-0.1194097,0.01802818,0.03276489,0.07400668,0.23963152,0.11128717,0.0025651483,-0.3433171,-0.07380438,-0.018132571,-0.047135763,-0.4085036,-0.053888362,-0.0699863,-0.05007119,-0.040357847,0.009072804,-0.115830965,-0.10999116,0.06437597,0.0153800165,0.115512185,-0.018181466,0.118683025,0.012569501,0.018383946,-0.22961861,0.20297077,-0.1734667,-0.041721214,-0.13769288,-0.02332225,0.07117052,-0.18441468,-0.1958997,0.018772036,0.01738622,0.07745128,-0.058370028,0.034149144,-0.057777293,0.045429762,-0.08015542,-0.07491143,0.023200806,0.11428641,-0.10201411,0.12991261,0.18532743,-0.059142917,-0.16447707,-0.013715618,0.19313939,-0.032256916,-0.17216642,-0.12081068
754,0.082966074,-0.010815424,0.17975944,0.004649375,-0.11880872,0.005872439,-0.101253934,0.10883288,-0.16188999,0.009453277,0.1782978,0.22131018,0.20306678,0.015872288,-0.15273951,0.012906055,-0.024167215,0.08610245,0.047601514,-0.14499393,0.1317712,0.023233468,-0.28267258,0.008579231,-0.17196451,-0.1049068,0.039714742,0.027566079,0.04142752,0.055262685,0.08679027,0.017542033,-0.00081366545,0.11511372,-0.33351395,0.049227048,0.039592214,-0.122269586,0.023443447,-0.029197535,0.20188394,-0.074387036,-0.08688882,0.11497485,-0.12563574,0.12084953,-0.40701008,0.105857305,0.046335667,-0.043804783,-0.10809055,0.026928546,0.021302471,-0.009561653,-0.13679212,-0.046480723,0.07343275,-0.11914727,0.07587093,0.19983247,-0.006868497,0.09138028,-0.13556121,-0.13635607
226,0.13429132,-0.099765845,0.22965674,0.19521582,-0.05246122,0.16440359,0.09179257,-0.08632137,-0.1083942,-0.023839518,0.08347149,0.118031286,0.26265097,0.09024873,-0.17601104,-0.13562576,0.006316804,-0.036214665,-0.06594225,-0.021741368,-0.054451242,-0.24649885,0.14374886,-0.124030165,-0.1906566,-0.23353207,-0.01703526,0.04675152,0.01337885,-0.017096527,-0.23833679,-0.15952314,0.040298734,0.07587584,-0.109332964,0.17692903,0.16001457,-0.012323032,0.07125956,0.0029646906,0.09104959,0.022164807,-0.24814567,0.20381758,0.09846675,-0.063834526,0.07202605,0.14887163,-0.008294858,0.08920835,-0.045851845,-0.060744077,0.12573253,-0.055671677,-0.10242751,0.021011684,0.09684385,-0.071106516,-0.021312876,0.02123219,0.00739517,0.013086261,-0.260105,-0.17990755
288,0.14977561,0.0842869,0.24938722,0.040642064,-0.09987485,0.2574696,0.10807921,-0.03095657,0.11516817,-0.0148732215,0.21432382,0.20804405,0.19549932,0.2786457,0.019486548,0.102400586,-0.013527498,-0.160506,-0.22316457,-0.26660305,0.038627867,0.008483775,0.048456747,-0.07916789,-0.080695495,0.09388087,0.04821299,-0.046114054,0.014558813,0.154739,0.024037406,0.20152426,0.019723758,0.084855,-0.10210372,0.10777273,0.00020536188,-0.0391816,0.006955675,-0.065030985,0.11589027,-5.8057474e-05,-0.18357044,0.050179858,0.009335464,0.08815379,0.09275067,0.13633838,-0.13122524,-0.15377088,-0.062163264,0.11368801,0.049429882,0.22116342,-0.076068245,0.0022528213,0.15495005,-0.09671183,-0.1262619,0.061245855,-0.0015718117,0.08440313,-0.17546985,-0.14227396
580,0.03592342,0.02427662,0.16976024,0.19158082,-0.021224707,0.11426093,0.0038842447,-0.099187225,-0.07876017,0.024952924,0.01735722,0.07325631,0.168346,0.2345935,-0.02291849,-0.17183563,0.1337865,-0.104792625,-0.06949837,-0.24313359,-0.041738078,-0.034574084,-0.05663007,-0.16461341,-0.053412076,-0.17617229,0.08588765,-0.028633755,0.16070499,0.21937421,-0.022122607,0.09102103,-0.028508104,0.05413766,-0.21626309,0.0034212652,-0.04510207,-0.09041634,-0.12892102,-0.007753278,0.05778297,-0.13988549,-0.27125308,0.13919525,0.17420976,0.15409546,0.042048786,0.15159911,-0.09291554,0.013766968,-0.14650454,-0.0075354534,0.15152447,0.08963597,-0.07806131,0.00068823836,0.32931954,-0.17627329,-0.1182309,0.09972303,-0.021196656,0.046163924,-0.120717175,-0.110855624
591,-0.011002134,-0.09643959,0.25702417,0.07333423,-0.14679556,0.032409552,-0.22142181,0.09205313,-0.05321971,0.0399438,0.16609074,0.28033265,0.25717402,0.043150958,-0.09093661,0.073588476,0.020508397,0.11726562,-0.050473947,-0.041972153,0.10470446,-0.12069842,-0.121056914,0.011038523,-0.14769815,-0.19422951,0.094833605,0.1379954,-0.055950087,0.021304889,0.0072023137,0.20165657,-0.028717127,0.1739399,-0.11298434,-0.03461957,0.09176521,-0.04965373,0.15208071,0.020274598,0.04174878,0.005322895,-0.13936453,0.10653073,-0.051902976,-0.057993807,-0.09408116,0.119697474,-0.19768992,-0.033252645,-0.010838491,0.08309828,-0.03685083,-0.01614239,-0.08667305,-0.082409985,0.1578003,-0.13684505,-0.14814839,0.15186559,0.07621485,-0.009080593,-0.24522468,-0.31151432
368,0.012088662,0.021509629,0.31167373,0.13244562,0.081380494,0.17673855,-0.12704058,0.046739303,0.089888915,-0.15644102,0.05876842,0.11948649,0.14355443,0.20806342,0.011124635,-0.06963766,0.018311802,-0.009467475,-0.056164715,-0.21003444,0.087831415,0.030298254,0.07460936,-0.055007182,-0.15003695,-0.15119885,0.057261806,0.032263353,-0.013680134,0.13272005,-0.00070811255,0.135009,-0.04902317,0.06546543,-0.34322542,0.41660208,-0.086149365,-0.049634565,-0.0047628195,-0.07762915,0.07848208,-0.11630782,-0.13762735,-0.12029905,0.04776749,0.07320819,0.1115314,0.006449087,-0.09361714,-0.053105712,-0.028202603,-0.01679352,0.13117349,0.11435725,-0.03863386,-0.05535182,0.08783021,0.017991275,0.011043406,0.18422651,0.11632502,0.031960126,-0.17645298,-0.19034956
249,-0.015065332,0.026486684,0.10880283,-0.010734408,-0.030008003,-0.0010172703,-0.10061151,-0.008057124,-0.08486063,-0.0057857935,0.23983951,0.2344787,0.26785967,0.0064970353,-0.045702975,-0.18121956,-0.12686342,-0.039306812,-0.01692961,-0.18257938,-0.078763634,-0.17337336,-0.07443149,0.006314291,0.0064541795,-0.048788585,0.14336665,-0.0016843654,-0.119092576,0.19084008,0.15752994,-0.036471605,0.086329035,0.053231172,-0.21811306,0.010610215,0.049004894,-0.0795046,0.098735645,-0.06567118,-0.0048034675,-0.14353544,-0.15315324,0.08538474,0.11650093,-0.024153665,-0.01101133,0.010691934,-0.17905377,0.22556068,-0.03744223,-0.004619338,0.16619995,0.14375572,-0.1337372,0.26984826,0.21277519,0.0028675492,-0.23744653,0.03368992,0.14550893,-0.006741326,-0.18484421,-0.16936494
25,-0.12615141,0.110481344,0.23649776,0.1488623,-0.13775796,0.0663199,-0.10788429,0.113117196,0.008390139,0.03658482,0.061469264,-0.0023481518,0.24639481,0.080603264,-0.13841806,-0.074318215,0.033272006,0.061929144,-0.048150424,-0.20642652,-0.034819253,-0.14666528,0.036205493,-0.068276264,-0.004776558,-0.2244749,0.12920618,0.0795897,0.016491016,0.08592634,0.060888533,0.08447322,0.016911004,0.038157452,-0.1292363,0.1507957,-0.013340558,-0.06897322,0.025487136,0.03279194,-0.06554917,0.024611535,-0.1480054,0.12592186,0.107860826,0.03440883,0.1793969,0.011225444,-0.12591904,0.23877649,0.1349656,-0.09580135,0.0749687,0.16174746,-0.028621906,0.0017995017,0.30828235,-0.14948057,-0.12701337,0.12226081,0.101356015,-0.009527301,-0.15563521,-0.3561407
333,0.077140234,0.112629116,0.24900246,0.1780021,-0.041368447,0.2068988,-0.15988703,0.035822444,-0.10565157,-0.17460956,0.18108307,0.1008303,0.19330534,0.11670509,-0.10711963,0.025062192,0.06726943,0.10209584,-0.12137275,-0.00757272,0.036869343,-0.064153805,0.01846647,-0.036221854,-0.057692796,-0.124339774,0.13568386,0.14087066,0.024453003,0.13634096,-0.028741263,0.08695965,0.12434014,0.036650114,-0.029160073,0.11822099,0.19770733,-0.084711045,0.22886175,0.048252,0.052749943,0.06986588,-0.2069179,0.11329922,0.02483095,-0.050891206,-0.014327091,0.01522557,-0.21298827,-0.03619871,-0.0070670047,-0.097862616,0.13892989,0.04145775,0.11173126,0.060483225,0.2094802,-0.08086621,-0.16421524,0.056496486,0.120216355,0.08229914,-0.26110864,-0.29004046
610,0.027925909,-0.12031267,0.31118476,0.20085749,-0.093790546,0.19765109,0.09996392,-0.0025405353,-0.05653471,-0.093744524,0.16323096,0.09527774,0.2632282,0.08172769,-0.08715332,0.1776726,0.005632853,-0.01037262,-0.06889551,-0.116471194,0.041470498,-0.18130681,0.082873225,-0.0990087,-0.17723553,-0.24737021,-0.07434562,0.2547861,-0.08910017,0.07840652,-0.048859578,-0.05027359,0.1123153,0.06968258,-0.15384673,0.10939345,0.17021005,-0.03401127,0.06912874,0.043658026,0.019617407,-0.11539172,-0.28599083,0.0974244,0.19396846,0.044431157,-0.048987456,0.051852863,-0.073007606,-0.023179376,0.006973821,0.04079583,0.0021476636,-0.08613972,0.000117165175,-0.044670925,0.10932588,-0.02967957,-0.052824486,0.014645159,0.08642438,0.08711721,-0.23836854,-0.17549336
46,0.11262053,0.10611261,0.24148932,0.07755647,0.0358584,0.1197821,-0.082863435,-0.023059584,-0.034915127,-0.10734455,0.13121161,0.050481524,0.18457997,0.2732853,-0.03912233,-0.04161955,-0.111099154,-0.12134513,-0.1770164,-0.06433577,0.008329577,0.07369804,0.016018232,-0.020257974,-0.058548197,-0.04289902,0.014779473,0.014278263,0.102859385,0.13886087,-0.072793275,0.060061492,-0.06230231,0.0021951925,-0.10578009,0.26535967,0.10212615,-0.0638493,-0.018778495,-0.047202185,0.099095866,-0.25975144,-0.07483783,0.032917496,-0.041198075,-0.014368409,-0.21539178,0.12829117,-0.2368575,-0.21548942,-0.276945,0.012779658,0.053793862,0.10670871,-0.08337653,0.017533671,0.01482983,-0.12393889,-0.20158796,0.05921246,0.12331777,0.19206086,-0.229172,-0.12005378
204,0.12979046,0.04011794,0.2580265,0.033365663,-0.14681305,0.08355899,-0.08129831,-0.10228244,0.0026305863,0.015061839,0.15110436,0.07141213,0.17497295,0.2027166,-0.05235603,-0.010452312,-0.03554074,-0.12088128,-0.21805196,-0.09993916,-0.02512616,0.107811,-0.022503002,-0.09924058,-0.033082318,-0.015822731,-0.048686016,0.023005594,-0.032132097,0.09381903,-0.069430344,0.14954987,0.012402358,-0.09705956,0.043324526,0.029133968,0.014707339,-0.07067639,-0.008194893,-0.020317234,0.07123,-0.113419764,-0.06979023,0.07086724,-0.051686686,-0.02161702,-0.117717154,0.1731797,-0.18945138,-0.08672806,-0.111688495,-0.010334782,-0.22073284,0.19797209,-0.19386049,0.1394483,0.14813551,-0.1978201,-0.19373815,-0.03070862,0.30178472,0.27023837,-0.23160358,-0.13111548
396,0.114484705,0.0048078424,0.24524756,0.20552516,0.00051323685,0.04848088,-0.13891561,-0.055466346,-0.08042285,0.06931407,0.025561562,0.10557764,0.15361467,0.09070483,0.013338246,-0.13318251,-0.020756338,-0.1265621,-0.17619304,-0.14197749,-0.054157842,0.02749381,0.039416417,-0.08949836,0.05232309,-0.22952111,0.14538126,-0.034787595,0.10267169,0.16604598,0.085175686,0.09035057,-0.03377025,0.07821546,-0.14279898,0.07539805,-0.088529415,-0.052244633,-0.06478292,0.030874705,0.13928635,-0.19776857,-0.20980775,0.20829186,0.056158826,0.01925222,-0.18011649,0.17958704,-0.120403536,-0.08648128,-0.1403488,-0.11136321,0.0034930098,0.21690843,-0.20547502,0.055581767,0.2507797,-0.11904925,-0.08176101,0.040048987,0.15029481,0.07254922,-0.20118964,-0.106928185
417,0.06106615,0.12744021,0.16973245,0.09228696,-0.00035379452,0.09083511,-0.0907562,-0.072299846,-0.08472484,0.22556394,0.019933397,0.10594334,0.2261097,0.13341543,-0.12943432,-0.007846887,0.041250408,-0.107843176,-0.21386786,-0.024514623,-0.073739015,-0.13139644,-0.124093756,-0.12079495,-0.07522365,-0.1640851,0.010586889,-0.048088077,-0.025642537,0.1713773,0.04873872,-0.00017071656,0.19159149,0.09132816,-0.089909084,-0.0070879,0.18930873,-0.06789098,-0.09491555,0.06400268,0.090820834,-0.22438961,-0.077042416,0.116251916,0.07036467,0.08237355,-0.14696485,-0.0068712234,-0.005164923,0.23458222,-0.079601415,-0.057971023,-0.1390284,0.25642842,-0.18596244,0.034907546,0.18999974,-0.056361537,-0.16696039,-0.043085914,0.06866143,0.083868474,-0.2900754,-0.13072957
225,0.18828112,-0.11753329,0.23750116,0.12237807,-0.1536524,-0.054509923,0.11584517,-0.059753828,0.07008135,0.0306374,0.20616113,0.14317629,0.27276498,-0.04557215,-0.25508296,-0.026587134,-0.11328076,0.015463759,-0.0510794,-0.0988554,0.046586692,-0.050952524,0.028012505,-0.090889335,-0.14755836,-0.04401746,-0.037195284,0.03507174,0.035080094,-0.027136667,-0.08963703,-0.0006355137,0.11373228,-0.11359238,-0.2026194,-0.03371696,0.098182455,-0.08861337,0.12002844,0.08978018,0.05223791,0.042603947,-0.08308062,0.2674793,-0.123789966,0.17954734,-0.20244546,0.07548552,0.014834135,0.041904517,-0.08442124,0.1502486,-0.058801044,0.04229136,-0.19413018,0.15517747,0.11152611,-0.21724978,-0.033456985,0.10484734,0.05343822,0.1614378,-0.12063251,-0.22350399
757,-0.08273984,0.044624127,0.21881302,0.11054037,-0.16314559,0.09355429,-0.09500492,0.10922469,-0.005344064,0.20062049,0.09177891,-0.018169574,0.24385709,0.05123437,-0.1391476,0.023236722,-0.12721837,0.014975541,-0.041495774,-0.34598544,0.025257446,-0.19826041,-0.0853093,-0.0274654,-0.040747046,-0.26423663,0.032142524,0.078804925,-0.10257993,0.08804895,0.043428555,0.082044795,-0.108146586,0.04825009,-0.20868936,0.03783685,0.17862569,-0.029583817,0.04728243,0.02148038,0.06264967,-0.061697483,0.0062018144,0.15038861,0.07413275,0.01390628,-0.16070628,0.20349921,-0.12559377,0.15172018,0.0019542933,-0.025589261,0.013807648,0.13710792,-0.24030633,-0.110517874,-0.015637416,-0.12929077,0.06657266,0.08281276,0.07858311,0.049594644,-0.21201576,-0.21034792
496,0.09030933,0.043536376,0.297254,0.16663593,-0.24088632,0.099713355,-0.023347367,-0.037058882,0.22620006,0.012090724,0.15268742,0.12554485,0.26045915,0.034126185,-0.08381627,-0.20208208,-0.09405077,-0.14170527,-0.09348909,-0.3321749,0.0020461683,-0.095724404,-0.047865886,-0.105232984,-0.09269326,-0.14342017,-0.02238974,0.051959634,-0.01608415,0.097352795,0.026652126,0.021269275,-0.011268289,-0.066087075,-0.22165036,0.19920571,-0.018695915,0.028032055,0.03357498,-0.055375006,-0.010593639,-0.023666978,-0.24748674,0.16968764,0.003523656,-0.059654117,0.065562695,0.086170144,-0.14029725,0.016757516,0.011080097,0.19783674,-0.08234555,0.079727456,-0.04495101,-0.14477025,0.06312535,-0.120721444,-0.040854085,-0.044859,0.105302684,0.031455368,-0.19245347,-0.107402235
601,0.084439255,0.050589263,0.2681829,0.15288603,0.07610269,0.19570297,-0.012786385,0.028197607,-0.081128746,-0.11354756,0.11852662,0.14087068,0.24239877,0.26407996,0.009787901,-0.051579393,-0.12206428,-0.023655346,-0.061128337,-0.26119733,0.032281466,0.11724242,0.1491979,-0.12726663,-0.12921052,0.0009595094,0.072835736,-0.0069110077,-0.03935806,0.1486384,0.15933973,0.2449646,0.011067892,0.07845346,-0.37280115,0.116925634,0.02452171,-0.008367122,0.018029975,-0.030673003,-0.028225387,-0.037117418,-0.03505595,-0.04677176,0.066254824,0.11923854,0.07217973,-0.035968415,-0.08101366,-0.09995292,-0.003169735,0.0825365,-0.017317405,0.122796424,-0.07444627,0.019796487,0.237516,-0.07461853,-0.002086867,0.140405,-0.0022661628,0.005426343,-0.1443592,-0.23400852
416,0.211206,-0.040477086,0.26727104,0.05391105,-0.13254517,0.018539643,0.020283308,-0.0013513436,0.124629915,-0.13336834,0.2443819,0.06596428,0.31207642,0.1009203,-0.2597217,-0.063408434,-0.06674337,0.0143565,-0.04423525,0.039041247,0.0038910066,-0.02983713,0.057733975,-0.06165632,-0.10719949,-0.046971895,0.04517279,0.0686745,0.011323819,0.069997415,-0.09467419,-0.046399042,0.2266701,-0.033689987,-0.13159509,0.17335162,0.09458996,-0.060593862,0.07503203,0.020238126,0.013805935,0.09672997,-0.07848842,0.16504337,-0.09404232,0.104331285,-0.009350728,0.010275451,0.05590733,0.24574678,0.0454612,-0.12635322,0.04832754,0.07616945,-0.09158125,0.09162757,0.2119066,-0.11442885,-0.08716406,0.17705311,0.011199811,0.030734962,-0.15694478,-0.34833494
641,0.12649433,0.011853988,0.33739343,0.106539235,-0.12023157,0.19012572,-0.1898273,-0.034947287,0.13388312,-0.068748854,0.08200252,0.11780537,0.20519531,0.126764,-0.19641817,0.060938466,0.07492569,0.04800795,-0.08158697,0.08988547,0.08511935,0.011656022,-0.092505015,-0.09073975,-0.056534458,-0.1071491,0.06701639,0.30031464,0.006013911,0.07277606,-0.13343257,0.033608764,0.07226664,0.10995986,-0.011229694,0.15347974,0.10777079,-0.04591768,0.122958966,0.058106937,0.08435682,0.04973957,-0.20595662,0.20028302,-0.03229102,0.010950743,-0.21142611,0.082740285,-0.0023056315,0.052838854,-0.018882267,-0.095423006,-0.13286199,0.055196617,-0.043540217,-0.021774646,0.05833585,-0.073917024,-0.07255566,0.10522835,0.10386365,0.16370761,-0.26406518,-0.24646986
636,-0.041463558,-0.07132922,0.24447662,0.19850378,-0.10083561,0.06536839,-0.013857274,0.11773334,0.05733517,0.13545118,-0.0467046,0.23396717,0.22103982,0.01593625,-0.15645571,0.19733225,0.004066756,-0.004607353,-0.17360918,-0.11686483,0.16649364,-0.086245246,-0.2567498,-0.035804927,-0.25563422,-0.28866333,0.004381074,0.03795242,-0.094904706,0.08526787,0.0542258,0.07906222,0.13150677,0.11667071,-0.14160477,0.049484875,0.13725084,-0.08051523,0.038985644,0.028509727,0.13720201,-0.072127186,-0.06682146,0.06973146,0.04212059,0.050212856,-0.14819333,0.117733255,-0.090706564,-0.06830589,-0.022351537,-0.02396772,-0.026776664,0.09017182,-0.17620625,-0.18715416,0.04261408,-0.08149868,-0.0904562,0.079578675,0.032303948,0.010670402,-0.21521127,-0.19690108
712,0.02842526,-0.027719881,0.22734858,-0.0011521156,-0.059549596,0.27874076,0.04718392,0.011507888,-0.122073516,-0.12937334,0.22707687,0.13092777,0.20152676,0.19359766,-0.07165765,0.09118135,0.086261675,0.083448306,0.018575132,-0.12989552,0.093577266,-0.029069738,-0.25149497,-0.15630925,-0.194987,-0.1677284,0.018313652,0.12264182,-0.05925048,0.17749219,0.10214138,0.121756196,0.12351754,0.13525434,-0.11904345,-0.035695292,0.17414606,-0.09450228,0.08585025,-0.06443459,0.14539519,-0.07854835,-0.12830971,0.03880872,-0.024974916,-0.019556578,-0.14106475,0.016424973,-0.13821973,-0.11064692,-0.087760724,0.032032847,-0.11093652,-0.014368392,-0.1633396,-0.023260623,0.05346673,0.011927547,-0.07563045,0.14352883,0.0759009,0.06815607,-0.28639194,-0.18097375
18,0.0012631966,0.120284885,0.15499014,0.0060067144,-0.10277874,0.10139199,0.070970386,0.034944743,-0.03642047,0.03475504,0.15297922,0.018375657,0.23910517,0.16889033,-0.07328751,0.08528264,-0.058738332,-0.13246992,-0.18114358,-0.26978475,-0.028366681,-0.1635071,-0.2256817,-0.060420405,-0.06499385,-0.21940778,0.09020627,-0.02579108,-0.06562178,0.14972238,0.023999004,0.01264448,0.13459916,0.044020068,-0.081613235,0.07935234,-0.017113324,-0.12977937,-0.033440236,-0.09851245,0.09144562,-0.1206446,-0.09182964,0.05822022,0.09945137,-0.00104313,0.023245728,0.105127394,-0.1608677,-0.001523757,-0.06466667,-0.1529067,0.079900675,0.14096491,-0.26886144,0.16303638,0.1187057,-0.046742633,-0.2609314,0.079711795,0.085490674,0.03060189,-0.22063148,-0.2627076
746,0.17616312,0.015333632,0.3294421,0.1682131,-0.2065284,-0.06497376,-0.22792707,0.10046568,0.06575705,-0.0017704808,0.18500058,0.17404127,0.18360686,-0.08776308,-0.12094715,0.04879883,0.11844382,0.06732813,-0.067029774,-0.08379741,0.105153166,-0.041678376,-0.07583433,-0.09803403,-0.1305564,-0.19752239,0.062487952,0.1907864,0.036654115,-0.008245001,0.023182495,0.0453817,0.111286886,0.09487699,-0.17812276,0.11580401,0.094726935,-0.04103217,0.04324252,0.1305905,0.09771734,-0.036538456,-0.154133,0.15880682,-0.08045078,0.01474672,-0.031661995,0.08294378,-0.15057528,-0.059084028,-0.007951844,0.010123011,-0.078937225,0.06633951,-0.00648659,-0.13737278,0.23070097,-0.11523749,-0.0053311163,0.105404995,0.09229018,0.0150366705,-0.24199612,-0.25642312
291,-0.0014115394,0.024858797,0.26942104,0.20836358,0.026207363,0.15422182,-0.12806515,-0.093932666,-0.014865661,-0.04969868,0.22358377,0.17526497,0.15927114,0.052700564,0.018858565,-0.07909787,-0.17481448,0.036432747,-0.13962619,-0.23227352,0.064158216,-0.058202587,0.00941814,-0.020779563,-0.06402983,-0.017607955,0.14302924,0.023938116,-0.045943286,0.1469842,0.037083667,0.16902782,0.029539237,-0.010908366,-0.325805,0.034147877,-0.064237244,-0.073554106,0.24779133,-0.0061985566,0.027122803,0.04476781,-0.26242274,0.039354324,0.0070283837,0.118549764,0.033846635,0.038576193,-0.09917935,-0.08007333,-0.02253411,0.27281743,0.1502282,0.09414422,-0.033893533,0.08778382,0.13412996,-0.101766944,-0.07111423,0.11327452,0.07865303,0.13309771,-0.14173922,-0.17942926
374,-0.008829006,-0.019832524,0.16550869,0.20556013,0.12272208,-0.040557835,-0.06238576,0.096622124,-0.16804568,0.015627844,0.07019021,0.14308152,0.14321695,0.0486586,-0.11890579,0.012648724,0.02277405,0.07335352,-0.024417577,-0.17578627,-0.009007641,-0.04243659,-0.09057457,0.017876916,-0.048503347,-0.13252091,0.08303027,0.018462082,-0.0039172154,0.22019325,0.02174817,0.13640198,0.11844412,0.07827696,-0.12937741,0.011395465,0.1723833,-0.10788944,0.08276173,0.12598,0.11213594,-0.03502113,0.0035085415,0.062322795,-0.041957192,0.21258703,-0.24901888,0.17334828,-0.045059904,0.06594465,-0.111743346,-0.10750611,0.26879305,0.1486566,-0.117553,0.041654315,0.36815852,-0.13322292,-0.12960325,0.16743465,0.13693671,0.07779698,-0.10755149,-0.1836514
11,0.04751428,-0.05794164,0.24560645,0.056138687,-0.12276342,-0.13469273,-0.013537727,-0.047396526,0.015916016,0.07600887,0.0645542,0.18981159,0.18686908,-0.004324952,-0.19149822,0.11219903,-0.05998084,-0.16252686,-0.18770297,-0.098779134,0.13018046,-0.08293484,-0.1866204,-0.04055365,-0.18137367,-0.0055965385,-0.02720581,0.11880074,-0.023849254,0.09594694,-0.04840495,0.021890579,0.12231029,-0.01693561,-0.23200923,0.009666668,0.0022257606,-0.17371334,-0.008761028,-0.059697036,0.107264705,-0.08252798,-0.12273677,0.16724111,-0.0051512974,0.1902317,-0.28211617,0.12524782,-0.049868617,0.00069189287,-0.07580395,-0.03327203,-0.0019711216,0.12601739,-0.22697507,0.05526544,0.1483225,-0.20504619,-0.08723248,0.18614125,0.05521319,0.2033614,-0.13464887,-0.15716405
153,0.022991685,-0.036438555,0.25954416,0.1438913,-0.15370439,0.17205043,-0.0059585245,-0.031850144,-0.01785466,-0.09517219,0.1905218,0.0409491,0.260215,0.077639386,-0.12353385,0.07708062,-0.037716,-0.0025003997,-0.038773675,-0.113846324,0.0768151,-0.16917776,-0.13718133,-0.18044914,-0.15096031,-0.20083678,-0.054181434,0.31031188,-0.097306125,0.15871553,-0.16991025,-0.12524988,0.056024607,-0.01725069,-0.03683654,0.07579088,0.07784639,-0.06262415,0.103908755,-0.019302232,0.09256548,-0.030589439,-0.17521594,0.09389892,0.10466897,-0.13542637,-0.07360381,0.1531292,-0.25058287,-0.05806155,-0.07420095,-0.0063508186,0.032751713,-0.020726018,-0.1113226,0.051307317,-0.0040251375,-0.02289606,-0.080226526,-0.0176478,0.09086725,0.093903154,-0.30358472,-0.1628036
213,0.13616824,0.03433958,0.23244633,0.11775538,-0.23707455,0.046796832,-0.13461033,0.06580844,0.0506527,0.09152061,0.1064744,0.2147291,0.23088923,-0.058058996,-0.099665605,0.10203251,0.03505896,0.00059395406,-0.23270917,-0.13940485,0.17699373,-0.08149248,-0.05186379,-0.017782668,-0.25879478,-0.08829791,0.006703027,0.037885882,0.09044663,-0.050098106,0.072361544,0.14457317,0.040097598,0.19080275,-0.17371768,0.13276654,0.022768695,-0.024868073,0.0593464,0.13934836,0.12545343,0.016708506,-0.07822609,0.24880293,0.061893262,0.072185986,-0.1385311,0.082228,-0.116067275,-0.045976285,-0.033457186,0.100440644,-0.07644447,0.06949819,-0.1544398,-0.2330794,0.028557079,-0.057160113,0.06791648,0.025985299,-0.01984659,0.01430524,-0.25674966,-0.19181146
66,0.099864356,-0.06326471,0.15650834,0.0944217,0.08079181,0.24514702,0.06654571,-0.038344987,-0.03312262,-0.07003449,-0.13004045,0.0074461116,0.08737715,0.118361816,-0.04574491,-0.15574032,0.109463826,-0.13133319,-0.03681444,-0.09203571,0.04794771,-0.05638949,0.10932328,-0.08135015,-0.3166179,-0.09168238,-0.223121,-0.03733591,0.036294352,0.06723253,-0.029931253,0.20030038,-0.19267364,0.07788697,-0.2617857,0.26316282,-0.029953245,-0.04245422,-0.092773885,-0.041191906,0.24174045,-0.121142775,-0.2255784,0.0074871704,-0.15431465,0.05735676,-0.027777173,0.10731666,-0.08907676,-0.014581321,-0.10116213,0.1263847,-0.009682137,-0.0333884,-0.14606659,0.01927925,0.074514434,0.023572152,-0.16616388,0.19249327,0.098182686,0.08557239,-0.18336207,-0.057369668
427,0.09473609,0.115646265,0.22234072,0.13463388,-0.2203524,0.027865132,-0.020746777,-0.009339604,-0.0048754914,0.18899888,0.22418462,0.124873586,0.26159593,-0.020347808,-0.13255396,-0.01592757,-0.03460024,-0.071816556,-0.14167324,-0.24984325,-0.0003510754,-0.1938143,-0.06563571,-0.061440367,-0.057928648,-0.17484984,0.028978147,0.033105236,-0.06917539,0.13140658,-0.11703883,0.027201833,0.2131694,0.09707735,-0.15172477,-0.0976102,0.17829451,-0.036858846,-0.032139692,0.090906054,0.0642938,-0.038191482,-0.20414566,0.1335102,-0.049326394,0.15405168,-0.12959082,0.16651686,-0.046368532,0.06435598,-0.01389024,0.09454879,0.020449108,0.13308097,-0.14557932,-0.016513366,0.13917351,-0.090060025,0.042266734,-0.09559475,0.08835254,0.059670586,-0.26521072,-0.15607269
219,0.034524698,-0.038215242,0.2143408,-0.004035734,0.055389043,0.24113245,0.008222337,0.06635635,-0.023599591,-0.065763205,0.13979325,0.15292798,0.1508512,0.25534952,-0.09843719,-0.034148738,0.10552223,-0.06910163,-0.009668675,-0.13609418,0.037740625,0.054342784,0.100267194,-0.08794697,-0.16609918,-0.035199795,-0.01783538,-0.023927838,-0.033773225,0.14346853,0.090428665,0.0020975515,-0.057148773,0.1765851,-0.30863506,0.1861629,0.09696995,-0.023356972,0.11362565,-0.11726936,0.19968837,0.04997124,-0.105867825,0.13045153,0.042769395,0.09999297,-0.04024117,0.26577857,-0.041459974,-0.032870855,-0.10135439,-0.06757796,0.24951692,0.036636617,-0.13855778,-0.09218514,0.14965613,-0.0016599526,-0.0048631825,0.287271,-0.11070753,0.05608879,-0.122649595,-0.15092893
342,0.1303973,-0.11910385,0.23150764,0.24119027,-0.1645369,0.012121506,0.0897332,-0.032236405,0.15858851,-0.009496361,0.29156798,0.14191495,0.29980567,0.016888766,-0.1956223,-0.09876287,-0.07657794,-0.003916446,-0.014998395,-0.11956119,-0.04219778,-0.024630055,-0.012371805,-0.1647846,-0.07719354,-0.0967113,0.08070654,-0.033163387,0.020036936,0.11353573,-0.05439809,0.022858607,0.2047628,-0.10132032,-0.060298976,-0.031034293,0.078464866,-0.05482751,0.044855885,0.08970669,0.029239655,0.051442385,-0.08776981,0.12988886,-0.10680194,0.08457681,0.052742004,0.1048058,-0.014535976,0.10711936,-0.025060685,0.1529222,0.087067425,0.17038463,-0.12603356,0.04984524,0.34180024,-0.19793792,-0.09673961,0.003917166,0.07208493,-0.013927406,-0.14529762,-0.20827259
114,0.25927612,0.06769858,0.24050494,0.05045633,0.17650968,0.09994319,0.010363253,0.023049833,0.030282944,-0.21650851,0.15466486,0.13016938,0.22301523,0.3243746,-0.03182489,0.03911627,0.070413485,-0.20650163,-0.061937794,-0.059556015,0.09528696,0.061826188,0.0876142,-0.047882278,-0.20192844,-0.03533612,-0.05598688,0.08878504,-0.110300824,0.09934962,-0.014189495,0.15668215,0.13871275,0.059146423,-0.26626945,0.07189887,-0.01770538,-0.04500761,0.047020115,-0.059915237,0.09766771,-0.0066050272,-0.01976689,-0.010705907,-0.15080439,0.027412647,-0.013535815,0.13491105,-0.10816138,-0.050987814,-0.039795205,-0.090148084,0.057982855,-0.00034197664,-0.054505736,0.049668837,0.25330013,-0.041481007,-0.14757226,0.11727009,-0.045320813,0.05828333,-0.20025922,-0.25197792
143,0.058401804,0.13165264,0.0723221,0.044688497,-0.115809985,-0.020445418,0.11259934,-0.049414024,-0.156545,-0.03267795,0.21328473,0.106005535,0.27410057,0.14540918,-0.14309631,0.005689501,-0.15433495,-0.09885327,-0.13557974,-0.13158019,0.010965798,-0.034163315,-0.35585913,-0.0906044,-0.12775967,-0.10351747,-0.005230706,-0.010020483,0.039456356,0.08374499,-0.083233826,0.06199271,0.22156821,-0.06322777,-0.04687828,-0.013443281,0.093851514,-0.12949678,-0.17140333,-0.02753317,0.05620853,-0.09187235,-0.10817148,0.0062341616,0.09520408,0.05705553,-0.2553112,-0.00065770064,-0.073160954,-0.13317913,-0.035269257,-0.01077648,-0.014554863,0.008271411,-0.23023106,0.087897755,0.28823712,-0.097065546,-0.1997969,0.029188663,0.0053489,0.014149176,-0.15420313,-0.19312835
324,-0.024533594,0.077624224,0.19727556,0.24787761,0.0018706978,-0.02644798,-0.0882353,0.12686576,-0.096045434,0.21741343,-0.03293491,0.034691025,0.15590724,-0.024445366,-0.08009478,-0.12320639,0.030746233,-0.0059313024,-0.17241876,-0.36922646,-0.026096854,-0.16905901,0.094613,-0.03508395,-0.008472976,-0.23216115,0.022143068,-0.047989827,-0.008725532,0.121262945,0.048221968,0.08535298,0.008499596,0.096591175,-0.23520812,-0.044074725,0.03379407,-0.073771894,0.025300518,0.13131395,0.082211144,-0.14306322,-0.015312756,0.1602227,0.167,0.05562251,-0.03383676,0.1673337,-0.14543514,0.07650967,-0.14974436,-0.055402625,0.13763465,0.17356901,-0.12221285,0.02858343,0.16681403,-0.12366325,-0.09435438,-0.05314832,0.17387763,0.07436014,-0.21381326,-0.13216954
659,0.08179933,0.0021169407,0.26985896,0.1944109,-0.10615419,-0.008569711,0.020913444,-0.14454128,-0.006014894,0.086134605,0.1766136,0.18159385,0.31462672,-0.0070013423,-0.14846218,-0.019145353,-0.17289391,-0.04893377,-0.10288318,-0.12502082,-0.022594718,-0.030675363,-0.008385576,-0.08026506,-0.068616256,-0.20629425,0.08798656,0.0010908084,0.06518081,0.111801654,-0.20310543,-0.07924218,0.16122867,0.0622778,-0.2051287,-0.05193102,-0.045029588,-0.09864725,0.0655336,0.0646414,0.02115978,0.044476718,-0.27918828,0.17079495,-0.084411874,0.17003003,-0.09061588,0.11337072,0.04336569,0.053430222,-0.08630776,0.17922613,0.031867966,0.054372933,-0.11082045,0.12837185,0.09067463,-0.17974705,-0.0068143383,-0.008792322,0.07998814,0.15681913,-0.14217657,-0.20191123
23,0.16184628,0.11705901,0.3084029,0.15213184,-0.027740099,0.16269769,-0.047968432,0.026268532,0.120596424,-0.18375473,0.2123911,0.121671416,0.26622233,0.12536846,-0.20240586,0.14833108,-0.07588492,0.08811598,-0.12524588,-0.05849671,0.065170586,-0.04225823,-0.1529084,-0.019846952,-0.13527614,-0.04787667,0.06402183,0.15484269,0.007910513,0.10762517,-0.03394774,-0.0537398,0.18840411,0.022261105,-0.09123447,0.23313119,0.055033766,-0.037628356,0.1659001,-0.010925137,0.055128697,0.09043902,-0.06435561,0.22301152,0.02030707,0.023116734,-0.20623225,0.0070180786,0.054153048,0.14095013,-0.063330196,-0.06440405,-0.0153290145,0.043938395,0.068144746,-0.10542844,0.03488966,-0.0536147,-0.07092273,0.11658197,-0.0081898635,0.100611806,-0.18693115,-0.26633644
678,0.018714782,0.002741463,0.2874891,0.21394636,-0.04920711,0.30768055,-0.11985962,0.06277336,0.10956675,0.0138901565,0.085406475,0.12394134,0.14862427,0.078469664,-0.15153219,0.0047402596,-0.041353334,0.16078621,-0.1477356,-0.19382603,0.066474624,-0.087425105,-0.14620446,-0.122045666,-0.025192492,-0.12476224,0.14671744,0.09386376,0.018236676,0.15886262,0.047370955,0.14316897,-0.06084145,0.09055261,0.007952791,0.2315448,0.25299862,-0.08019266,0.14346804,0.09924301,0.105260216,0.005659517,-0.18036579,0.11349044,0.15081348,-0.03169401,-0.07235292,-0.026928594,-0.079942286,0.059500396,-0.04380334,0.02171047,-0.032067776,0.15320446,0.015066437,-0.13162969,0.09642481,-0.059144873,-0.03228228,0.08250228,0.1634687,0.07757909,-0.24078667,-0.14553936
19,0.26790386,0.02667113,0.22671917,0.083261505,0.049462907,0.15500493,0.14503942,-0.14922202,-0.07240269,-0.17693599,0.04395248,0.21801572,0.11767186,0.06024731,-0.057353724,-0.051802382,0.11241513,-0.040697094,0.014499739,-0.09734988,-0.041610967,-0.041405644,-0.1884251,-0.15769157,-0.19026394,-0.17502223,0.052792765,0.066656314,-0.050544422,-0.036628462,-0.17169002,-0.009501714,0.015957745,0.05957896,-0.30567938,0.20505111,-0.045595646,-0.09044567,-0.029834786,-0.19705893,-0.0084918635,-0.08235934,-0.30279374,-0.015005815,-0.00979722,-0.036941502,0.1414994,-0.08902559,0.072549656,0.053660724,-0.12251076,-0.063121,-0.10928704,-0.023872692,0.07610184,0.028223561,0.15689628,-0.04383493,-0.16768838,0.17533465,0.080783814,0.0970769,-0.129066,-0.113711625
366,-0.030099519,-0.07499297,0.2595137,0.16210571,0.07115785,0.2891129,-0.021581372,-0.023170272,-0.06434155,-0.16147535,0.29361305,0.17275062,0.19485167,0.18959531,-0.028276263,0.13843939,-0.013835086,0.12755857,0.047338024,-0.16646004,-0.035118323,-0.08443828,-0.11409408,-0.09637388,-0.053659625,-0.10334922,-0.017620273,0.2616497,-0.040729467,0.2624456,0.019194512,0.10338096,0.014984227,0.12586163,-0.064990066,0.12149055,0.15887783,-0.015371596,0.06963815,0.07373453,0.11763882,-0.061750628,-0.0992118,0.03579379,0.1018735,0.056439787,-0.15840729,0.1016365,-0.08410904,0.058646765,-0.11297893,0.025665171,0.09746337,0.07839396,-0.10385032,-0.08524173,0.1807257,0.02334845,-0.06363459,0.15795678,0.07991897,0.013958428,-0.20551717,-0.10866442
669,-0.06576477,0.055064686,0.17226665,0.08022534,-0.103183664,0.05789208,-0.17249383,-0.017603166,-0.02880537,0.009377038,0.08501509,0.25379914,0.15308763,0.015111142,-0.10857936,0.0164344,0.0867051,0.07096504,-0.14728281,-0.10255283,0.07446789,-0.114114836,-0.17358436,-0.049737036,-0.21518439,-0.19074912,0.026144542,-0.11954376,0.077701986,-0.036492415,0.13350093,0.008402558,-0.0034363868,0.21582183,-0.16633911,0.21124859,0.008211627,-0.05218607,0.05367309,0.004946373,0.08677402,-0.011794542,-0.1594914,0.14526136,0.20918305,-0.05278816,-0.051684394,0.0887774,-0.16862172,-0.0050064637,-0.02053672,0.09517123,0.12095858,0.10188643,-0.17753747,-0.108751744,0.24104035,-0.031003067,-0.1530132,0.20771582,0.005165282,-0.018266646,-0.23082261,-0.25274816
244,0.12232567,-0.1216479,0.14553252,0.06593473,-0.045447845,0.08969805,-0.19574165,-0.010188369,-0.091066256,-0.05400661,0.11114825,0.19597079,0.14715336,0.116542205,-0.13042763,-0.09949376,0.018553156,0.051919837,-0.097929314,-0.01040904,0.03862408,-0.050255667,-0.24685718,-0.036114946,-0.1302658,-0.040253207,0.06545306,0.13346474,-0.026313571,0.23535587,0.002153569,0.1610798,0.017541494,0.18125798,-0.049725603,0.12918398,0.16952166,-0.075172745,0.040643334,0.20141713,0.12527344,-0.0512955,-0.10934396,0.048734266,0.040417388,0.07019346,-0.33415884,0.12352435,-0.04511021,0.056308985,-0.020491187,-0.09542551,0.04445657,0.061266247,-0.20744437,-0.0022953493,0.29735807,-0.0727537,-0.08913378,0.1395696,0.14518334,0.079247326,-0.23321041,-0.09429225
340,0.17692547,-3.980839e-05,0.33039838,0.01461377,-0.14438234,0.122240745,-0.20134656,0.1036133,-0.009480821,0.045439683,0.18931924,0.06567094,0.18108734,0.09640166,-0.040387377,0.21162958,0.013006189,0.029052798,-0.19246778,-0.16992751,0.041120984,0.10464932,-0.1578723,-0.0024287605,-0.053428408,-0.099998906,0.052468065,-0.11317291,0.02241143,0.09632518,0.20792449,0.111067116,0.052407134,-0.041119087,-0.007586774,0.0403572,-0.030704482,-0.0919629,0.15850271,-0.13621329,0.11278083,0.02266677,-0.04760121,0.1585881,-0.100782745,0.061266173,-0.14996873,0.090690084,-0.09291495,0.002663705,-0.041118585,-0.07542039,-0.20963046,0.07944141,-0.19228902,-0.06569355,0.115330584,-0.13255358,0.0045332843,0.16468354,0.16278434,0.08784395,-0.15418077,-0.27410138
722,0.132239,-0.13529721,0.29013214,0.2120295,-0.09666428,-0.109432,0.009336321,-0.015748445,0.008609443,0.012591351,0.12416256,0.15831901,0.31442246,0.0012193827,-0.19911702,-0.012008942,-0.095611624,-0.03201063,-0.12841044,-0.040807445,0.112898715,-0.058853168,-0.04179395,-0.066139124,-0.2090217,-0.08181072,-0.025255984,0.15209241,0.047869697,0.11489702,-0.14674473,0.059285425,0.14049129,-0.024017476,-0.18853176,-0.019875847,0.05124698,-0.0455192,0.10852369,0.049571905,0.1231176,0.028895076,0.029130802,0.23693264,-0.06762397,0.06608641,-0.2603055,0.1551771,0.0055340515,0.11507379,-0.15972331,-0.028694566,-0.010717093,0.03195386,-0.17388941,-0.09702214,0.06004973,-0.15825771,-0.05738543,0.024800044,0.0127988765,0.09641788,-0.2367902,-0.203166
286,0.17248724,0.098692685,0.11450501,0.03120761,-0.041357003,-0.048136674,-0.14654174,0.034667738,-0.22316347,0.067178585,0.115320265,0.16065001,0.08611077,0.11182181,0.04911507,-0.15531209,0.024288535,-0.20730743,-0.22202082,-0.106286146,-0.08849437,-0.10063722,-0.047552567,0.0685921,0.08630688,-0.021493291,0.06445199,-0.079781055,0.08802794,0.07402928,0.036623996,0.0006471614,0.0794727,0.17914557,0.024910096,0.09796449,0.10110456,0.017224059,0.08920237,-0.050875496,0.039044194,-0.048129223,-0.17012225,0.092827894,0.096729025,-0.034820635,-0.08181725,0.19970946,-0.13149105,0.034765642,-0.017641792,-0.21678929,0.29813075,0.078441955,-0.11358553,0.014056824,0.35860986,-0.08338915,-0.2693415,0.0005488568,0.11524658,-0.029158313,-0.18714906,-0.13537082
212,0.11707696,-0.12004875,0.24898279,0.20561895,-0.0069877976,0.06645193,0.048880078,-0.04500837,0.00847552,-0.03689694,0.08490489,0.11219457,0.2580167,0.036334537,-0.2528979,-0.18274927,-0.1816403,0.024362719,-0.06920426,-0.04673728,-0.024240224,0.109927125,0.10143451,-0.09723712,-0.078800485,0.0022976052,0.026741432,0.11133696,-0.0174904,-0.0052677975,-0.11120607,0.019940963,0.014334194,-0.08034846,-0.19519949,0.14222029,0.16703314,-0.07636263,0.15804118,0.15850717,0.115595445,0.013823865,0.08128547,0.24955826,-0.028599866,0.052426536,-0.12788896,0.114635825,0.09733689,0.01770913,-0.06588237,-0.119207904,-0.027310533,0.16117412,-0.18640523,0.10152802,0.14209647,-0.21061836,-0.05310921,0.08823688,0.19408485,0.22830431,-0.13417864,-0.13948289
423,0.09743003,-0.16496427,0.20783965,0.11482906,-0.19144227,0.047709413,0.037957545,-0.036238205,-0.058035024,0.16155826,0.06190852,0.22360188,0.17491777,0.00214877,-0.15950347,-0.062063254,0.09559907,-0.063993916,-0.15594757,-0.0754038,0.06904238,-0.17504607,-0.016148161,-0.04524049,-0.19938253,-0.12771463,-0.08083354,0.02757031,-0.054243423,0.094388746,-0.101508774,0.037534095,0.0591611,0.08804669,-0.26370707,0.055230156,0.15000203,-0.11978581,0.05431831,-0.028925555,0.15584229,-0.06297118,-0.34478793,0.19779767,0.076485425,0.09397319,-0.14572388,0.096354,-0.011514565,0.041209154,-0.007128044,-0.053832237,0.11266098,0.08154218,-0.1521912,0.011405657,0.18572567,-0.16270702,-0.08270029,0.1080558,0.097244434,0.12243356,-0.18599948,-0.110835575
328,0.07262734,-0.09341395,0.31090304,0.117489725,-0.10215421,0.0755964,0.0292535,0.008397421,0.055308945,-0.034506697,0.18259735,0.28758523,0.3019979,0.014059419,-0.19468574,0.11606952,-0.18781821,0.0029490301,-0.089482985,-0.08656128,0.06298415,-0.053489372,-0.15320238,0.0090789525,-0.11548311,-0.21713023,0.054862615,0.121741705,-0.062798776,0.036032293,0.014207693,-0.118148744,0.09079213,0.043020308,-0.23173136,0.06358954,0.03327281,-0.07683275,0.20743237,-0.10166157,-0.001749563,0.037162106,-0.24949369,0.22423485,0.019678902,0.021232234,-0.20169522,0.0658221,-0.019986942,0.0380234,-0.060671963,0.012218196,0.022818923,-0.06539357,-0.027207833,-0.030713584,-0.04413418,-0.13135307,-0.05723577,0.137614,-0.008550822,0.0840002,-0.117342144,-0.23250823
197,0.07276076,0.027502235,0.147683,0.036341142,-0.030429792,0.12079834,0.053330414,-0.111936174,-0.09602711,-0.05746624,0.3206686,0.1612774,0.23073235,0.1584014,-0.054662324,-0.08817399,-0.17001742,-0.062031876,-0.05758875,-0.16375774,-0.08462436,-0.06624109,0.0578791,-0.064372346,0.03985426,0.043910533,0.1207275,-0.02415314,-0.029914401,0.14607859,-0.07583271,0.04530713,0.05783077,-0.032710895,-0.12601338,0.034557734,0.15638079,-0.095631115,0.12821995,-0.06736776,0.0336042,0.006774963,-0.16401066,0.03992264,0.013906391,0.039783534,-0.02284349,0.07386561,-0.08414037,0.030564046,-0.05006433,0.01923642,0.24005742,0.21979007,-0.13815297,0.3250121,0.23650204,-0.117546886,-0.22352204,0.116568886,0.12865447,0.09286908,-0.14558324,-0.21005934
569,0.12812111,0.19932963,0.13188806,0.007373523,-0.14208932,0.16368786,0.120321445,-0.03269305,-0.021959534,-0.02626711,0.20617631,0.122933574,0.29592672,0.103157245,-0.2119886,-0.021782326,-0.079206474,-0.022582177,-0.073234566,-0.1513916,-0.065137796,-0.16548167,-0.11742373,-0.05413512,-0.08328965,0.0177154,0.14625078,0.02038268,0.003943381,-0.011580464,0.025049184,-0.10162621,0.18716088,-0.10059781,-0.07024232,0.19372463,0.14867708,-0.12763304,0.064193934,0.022900628,-0.0068141916,0.05912791,-0.12845811,0.21823953,0.038660638,0.0617334,0.010929456,-0.026651919,-0.026217302,0.113277875,0.028574994,-0.006208945,0.073398165,0.099325895,-0.07160237,0.16926259,0.29050943,-0.14645813,-0.21033947,0.09144897,-0.04296686,0.08217538,-0.12640235,-0.2949371
264,0.10471631,0.06688646,0.20676364,0.08837111,-0.026964655,-0.0673021,-0.08332862,-0.10750578,-0.11253036,-0.1245608,0.007911202,0.021604935,0.16559222,0.10043141,-0.17479865,0.0096368175,0.1349955,-0.19346683,-0.037136804,-0.05940245,-0.031558014,-0.018769782,0.027834058,-0.07376203,-0.15892683,-0.097840086,-0.13107303,-0.0074236956,0.024332305,0.13476342,-0.055010352,-0.11413397,0.06439804,0.06503759,-0.27689683,0.11887041,0.12658462,-0.063408405,0.07295586,0.012732561,0.09964286,-0.08971247,-0.21019125,0.07181982,-0.11761584,0.10938645,-0.24826393,0.076823294,0.02644874,0.05642646,0.0007596147,0.009933074,-0.019209212,0.12791124,-0.029077774,0.25527918,0.23486584,-0.14275049,-0.16807976,0.10304139,0.15443863,0.2832562,-0.20012921,-0.16659267
118,0.057844408,-0.09502532,0.2651209,0.10485748,-0.15022723,0.019268705,0.063130476,-0.07483981,-0.113866836,0.06686596,0.08604883,0.08558945,0.17325878,0.1376374,-0.008254485,0.08144601,-0.036297742,-0.16531979,-0.044603594,-0.1769263,-0.027483186,0.083661,-0.026446667,-0.12291941,-0.061578237,-0.23330984,0.016727148,0.044774484,0.12858547,0.018414946,0.061162442,0.11779579,-0.057828214,0.071728505,-0.20093536,0.026526952,0.007311209,-0.023799509,-0.057017524,-0.105990686,-0.037562385,-0.18445735,-0.20076764,0.2696161,0.2195069,0.14514466,-0.14084251,0.07850492,-0.11422697,-0.12395711,-0.11391895,0.00478758,-0.16332564,-0.026402725,-0.26505384,-0.0800219,0.15360245,-0.2074408,-0.023874685,0.1668033,0.10904665,0.13272953,-0.04707786,-0.15790747
632,-0.025154594,-0.007437738,0.2770764,0.2396569,-0.02335862,0.27012774,-0.12879099,0.092106305,-0.0053933365,-0.060139585,0.12775213,0.10153125,0.17925043,0.07780394,-0.07085339,0.08640035,-0.15276136,0.09920806,-0.1928284,-0.14742418,0.055359393,-0.06855069,-0.054441847,-0.017909111,-0.101857886,-0.16400947,0.2925982,-0.06770652,0.011089782,0.09862806,0.07990927,0.12100086,-0.021135133,0.0025009126,-0.09737153,0.25686944,0.13158125,-0.07654808,0.29037634,0.0100629125,0.08618885,0.0851904,-0.123949654,0.044056073,0.16154146,-0.048958726,0.06633898,-0.03720122,-0.07508682,-0.11820715,0.041964047,0.0408984,0.07549134,0.061239954,-0.042046115,-0.06559445,0.055492435,-0.045396086,-0.026800953,0.1018392,0.12054309,0.043790907,-0.17928417,-0.2663093
606,0.14845406,0.059105307,0.23047358,0.09123357,-0.19980127,0.21940003,-0.0076254243,0.039325077,0.057088908,0.19993101,0.12610301,0.0762967,0.20109358,0.19877993,-0.07874766,-0.008115135,-0.03827127,-0.09787812,-0.31949535,-0.15010475,0.06711266,-0.016406875,-0.013948159,-0.09041761,-0.1049147,-0.09346554,0.090192385,-0.14079043,-0.03679627,0.13177946,0.03205172,0.1534069,0.040161118,-0.034342248,-0.08751296,0.11961242,0.1624669,-0.081261925,0.07628594,-0.019640664,0.11913897,0.017233213,-0.17761655,0.04377169,-0.012745633,0.046497375,0.07287025,0.14507267,-0.14849964,-0.13057628,-0.02830443,0.01605499,0.04015514,0.20446976,-0.1628178,-0.012376597,0.154637,-0.16457587,-0.13730189,0.06720157,0.025942158,0.11340089,-0.21520822,-0.21762122
441,-0.08953698,-0.117861316,0.2969286,0.19226666,0.050228264,0.17039013,0.033658642,-0.027293121,-0.094622016,-0.023227604,0.08518737,0.19546634,0.18100616,0.10022736,-0.06264792,-0.005685362,-0.0073875785,0.1440839,-0.02186277,-0.20038803,0.002758445,-0.14534505,0.037680723,-0.10769829,-0.03793059,-0.17678761,-0.04929995,0.22827613,-0.08945982,0.27494368,-0.11662805,0.05025466,-0.014920013,0.095422156,-0.13429691,-0.041481182,0.10406016,-0.08184771,0.045751676,0.043673966,0.022982832,-0.09530415,-0.31948915,0.05251995,0.0778585,0.09797466,-0.042614482,0.10796483,-0.17286912,-0.017069701,-0.14729236,0.06629578,0.058525186,-0.024841532,-0.017160911,0.1342299,0.1530667,-0.07520873,-0.12995669,0.08425592,0.19285472,0.12129642,-0.19673467,-0.13694194
235,0.09781731,-0.08373202,0.22497852,0.02983533,0.020274878,0.2521708,0.029940624,0.021307724,0.012522049,-0.046979196,0.13135658,0.20359214,0.19876437,0.23483513,-0.027220877,-0.26709142,-0.051681485,0.05716967,0.008091521,-0.24606548,0.0662951,0.08600164,0.05563218,-0.11165737,-0.12818137,-0.1368212,0.029073512,-0.023200462,-0.16236718,0.2255621,0.061679143,0.2035995,-0.01897828,0.23593523,-0.3704558,-0.034925014,0.036242314,-0.012620937,0.03351995,-0.034813397,0.033792235,-0.03677537,-0.1652018,0.020189788,0.018332798,0.085294396,0.06549931,0.14904192,-0.09244867,-0.057920452,-0.12926807,0.073929496,0.044475634,0.006159698,-0.11208025,-0.08093405,0.062233567,-0.032963492,0.0049673454,0.14672679,-0.0020104914,0.04373529,-0.16241242,-0.114933655
508,0.078356415,-0.057834063,0.30235177,0.08887615,-0.11104959,0.2329556,0.013843115,-0.078526415,0.07723825,0.02388894,0.107329786,0.110237524,0.13653088,0.19263884,-0.0062175915,0.049703192,-0.010933108,-0.0634425,-0.18848738,-0.24585444,0.020697733,0.18401627,-0.13810945,-0.09155432,-0.08884623,-0.15771013,-0.10388475,0.010697991,-0.09277257,0.16746414,0.076042645,0.1509537,0.035216793,0.07773786,-0.1643437,0.10382077,-0.027461218,-0.0398298,0.026071416,0.070396036,0.04410128,-0.090991706,-0.23475948,0.01668817,0.07398295,0.13334346,-0.075111695,0.117460236,-0.077207096,-0.20954192,-0.027214749,0.10976861,-0.14622097,0.055181116,-0.17424266,-0.020747716,0.16617458,-0.090210006,-0.114984035,0.07162116,0.2274606,0.22194226,-0.13210705,-0.08506586
3,-0.058602676,0.022183167,0.28935173,0.111165546,0.077730596,0.16740276,-0.14885415,0.046838947,0.12846702,0.05929642,-0.041269585,0.10244653,0.19956428,0.23856723,-0.21341264,0.11225757,0.022797,-0.0019478787,0.036388833,-0.15313138,0.10917149,0.12762453,-0.056322936,-0.08629426,-0.06173609,-0.21716249,0.10505311,0.0384281,-0.057252858,0.12641802,-0.046552952,0.06650023,-0.08140386,0.25628188,-0.24521253,-0.0764687,0.14438875,-0.10407914,0.0047332784,-0.024814678,0.03718856,-0.14854099,-0.036114402,0.09181647,0.023792867,0.018590856,-0.24742098,0.15430716,-0.12976548,-0.030808039,-0.15867747,0.07550509,-0.012733665,0.023750242,-0.054483816,-0.021094024,-0.032696962,-0.120272875,0.09752912,0.10736981,0.13400003,0.16693282,-0.19274893,-0.19731489
701,-0.12071648,-0.22181812,0.2635999,0.051345177,-0.1257324,0.19492157,0.09675544,-0.07121383,0.14284033,-0.20488234,0.22980934,0.021953419,0.1800859,0.1799572,-0.030212598,0.19108357,0.0005149057,-0.09805352,0.059596412,0.006075246,0.04288825,-0.0972057,0.014337906,-0.14370798,-0.070616744,-0.13136727,0.01317123,0.3504164,-0.121406294,0.15899837,-0.007918121,0.0009005692,-0.01811066,-0.042124316,-0.031210983,0.08563256,0.1541647,-0.023003941,0.0029801498,-0.14672837,-0.040211484,-0.22190183,-0.2189467,0.013886448,0.13664575,-0.10071058,0.020255366,0.010629438,-0.19616187,-0.038735706,-0.06728763,0.059491847,-0.036288664,-0.051289696,-0.0048454083,0.00792538,-0.0034095352,-0.0020050725,-0.19140582,0.04780964,0.09741417,0.06400476,-0.19830847,-0.13714728
723,0.044123065,0.015939536,0.26209193,0.16799223,0.010482224,0.20886065,-0.19363703,0.016898368,-0.112788394,-0.09852071,0.18581231,0.20382695,0.1213062,0.04664402,0.024671672,-0.1997025,0.0009769297,0.18454899,-0.03602862,-0.25849476,0.051656865,0.013556986,-0.074394956,-0.08944392,-0.09287054,-0.22058949,-0.009746371,0.036656544,-0.011384917,0.1206369,0.0054941033,0.16894169,-0.004861719,0.10132048,-0.1825756,0.12138948,0.059043467,-0.019842427,0.11051399,0.061159585,0.12026213,-0.047590412,-0.15091413,-0.016747545,0.08840794,-0.048770867,-0.016186358,0.09455378,-0.24617788,-0.2032073,-0.108364485,0.10255594,0.08637092,0.0141150355,-0.121654205,-0.080239065,0.14159432,0.019312406,-0.059674438,0.10638632,0.19727926,0.007834455,-0.24995303,-0.125559
747,0.111981384,0.050758723,0.19740646,0.2503398,0.13463563,0.004385369,0.019402364,0.06785272,-0.11761043,-0.16701843,-0.106900305,-0.014558438,0.13361931,0.039188188,-0.20749636,-0.07103503,-0.06310827,-0.06407318,-0.094587825,-0.11808176,-0.034080535,0.065334864,-0.039863165,-0.12737976,-0.018765608,0.025647134,0.086432025,0.031646214,0.0228724,0.09927137,-0.14770935,-0.08244345,0.051703274,0.19469652,-0.23090197,0.08329609,0.14999719,-0.12863511,0.15161459,-0.16016452,0.075386085,-0.046569124,-0.18298446,0.057796072,-0.15955529,-0.0033900007,-0.15856518,0.07583285,-0.1454311,-0.33004302,-0.14936662,-0.0721392,0.114842534,-0.035698626,0.025826365,0.17639197,0.17408678,-0.15761878,-0.12787211,0.076013066,0.1691468,0.11064179,-0.10495823,-0.11840399
263,0.18868485,-0.09025406,0.13593377,0.120806165,-0.11096189,0.049159877,-0.3983569,0.08653864,-0.13985083,0.073190324,-0.030682506,-0.09793439,0.124475904,0.1430205,-0.113912866,-0.13267642,0.050152253,0.0043386375,-0.09913359,-0.0068496703,-0.114500426,0.06513055,-0.19265905,0.038422104,-0.048291292,-0.12298535,0.18657747,-0.15185069,0.063373856,0.19614987,0.08367133,0.10491193,-0.14408775,0.040577244,-0.061138347,0.11190375,0.23754801,-0.028648017,0.17261136,0.042676203,0.045010705,-0.1082712,0.01480967,0.08440824,-0.024029152,-0.018980585,-0.10511987,0.118441045,-0.10674133,-0.04688679,-0.14858863,-0.10849556,0.036628522,-0.022206154,-0.15158929,0.018085463,0.13563493,-0.20142415,-0.18086317,0.08830976,0.105702,0.07694576,-0.17927754,-0.20044748
515,-0.21360396,0.030094327,0.26207107,0.20024382,0.12695184,0.1595939,-0.043156013,0.07767927,-0.03401976,-0.040460058,0.14064848,0.29225904,0.16146374,0.082026415,-0.033653248,0.14070393,-0.16317038,0.08715973,-0.17475548,-0.13324514,0.054061905,-0.03602689,-0.06283456,0.0030015416,-0.13068745,-0.07456462,0.23508869,-0.034992103,-0.07164622,0.14775746,0.09400254,0.12895873,0.08713309,0.02920298,-0.19313553,0.21489985,0.13023135,-0.050880343,0.21496305,-0.021251839,0.058467742,0.029751107,-0.055393502,-0.08369673,0.1231131,0.12010481,0.07965593,-0.0017673748,-0.031728204,-0.060972407,0.0019593318,0.09413485,0.16328332,0.16475353,0.0026612272,-0.14350761,0.13402945,0.0008811124,-0.09018064,0.163075,0.04697396,0.059761096,-0.116643764,-0.20667157
251,-0.09950491,-0.23227131,0.23474833,0.12796932,-0.19235326,0.10244471,-0.0039350577,-0.07007594,0.08157182,-0.057509843,0.10723226,0.06584313,0.14083867,0.08513722,-0.102281526,0.028729545,-0.15382701,-0.16596879,-0.012392367,-0.034375224,0.082634114,-0.12994735,-0.119946405,-0.13967668,-0.17583671,-0.039946157,-0.06628677,0.35942164,-0.13763218,0.07588317,-0.11954337,0.023917247,-0.17352,-0.108352765,0.030103324,0.1810373,0.18485527,0.050980218,0.10809305,-0.0173016,-0.046689365,0.007983075,-0.099862225,0.036364347,0.1182048,-0.090796255,0.035274774,0.1631577,-0.281241,-0.10006922,0.073969476,0.11700002,-0.06346421,-0.08761238,-0.17659059,-0.17430839,0.04005466,-0.14696069,-0.048573717,0.06318425,0.057118826,0.10286815,-0.12963916,-0.051168133
395,-0.003781408,-0.100557365,0.20556588,0.20018159,0.0043774815,-0.02020891,0.024779249,0.049620807,-0.025467012,-0.008104435,-0.06819213,0.0994851,0.15860271,-0.06659373,-0.14197886,-0.07988278,-0.1306024,0.11681038,-0.022354452,-0.24972256,0.11848892,-0.09859039,-0.08406889,-0.020271149,-0.05606411,-0.09546696,0.014766936,0.10201128,-0.13594916,0.11394712,-0.09220438,0.042951636,0.071198516,-0.011677944,-0.31189147,0.037446886,-0.12017027,-0.22132373,0.052967086,0.019228114,0.07303097,-0.07439286,-0.2550491,-0.010098702,0.014276676,0.109035105,-0.1650987,-0.06403826,0.028670872,-0.037672188,0.03993943,-0.013539396,0.11388752,0.109343186,-0.0218902,0.35375172,0.18801226,-0.13054438,-0.109617695,0.108685225,0.25082943,0.14322051,-0.08259021,-0.17934941
752,0.13180064,-0.023343235,0.24347074,0.10129348,-0.14391272,0.055780593,-0.07205641,0.102730036,-0.24167158,-0.13958253,0.2943034,0.13522467,0.22221345,0.07139487,-0.023181528,0.091904156,-0.021437827,-0.04937329,-0.079475574,-0.10421294,0.090392254,0.0071072634,-0.08588952,-0.05892541,-0.18330804,-0.071195364,0.024269713,0.10186909,0.06809296,0.085489005,0.114609525,0.12454189,0.07016783,-0.04435876,-0.10900752,0.186546,0.09829648,-0.041599307,0.21565057,-0.093631394,0.15578431,0.03408135,-0.03968463,0.12611805,0.039794922,0.018285694,-0.18303116,0.10093838,-0.16385932,-0.08520211,-0.005364174,-0.10323313,0.105214864,0.06328965,-0.16081925,-0.12052647,0.23959047,-0.11596947,-0.10011669,0.12811004,0.051920887,0.058650717,-0.1909904,-0.22008891
230,0.25150117,0.028054917,0.28381494,0.20622046,0.05827695,0.20609012,-0.05115643,-0.023035184,-0.09009552,-0.08738572,0.16606304,0.14881873,0.22616903,0.079256766,-0.059352517,-0.14398688,-0.19243222,0.026808906,-0.18013552,-0.21170875,-0.04969213,0.056917075,0.05708433,-0.064216614,-0.061167873,-0.14553101,0.12953976,-0.13652971,0.0300027,0.07814239,0.0225963,-0.049529407,0.05305782,-0.045893133,-0.23881881,0.3163512,0.100505136,-0.093072705,0.217622,-0.0029899683,0.112487406,0.009536524,-0.10576578,0.05395898,0.04860115,-0.040113274,0.11714633,-0.0379202,-0.0007554402,-0.039038256,-0.099774756,-0.0716105,0.059708625,0.07563525,-0.02008925,0.09653752,0.07980671,-0.092626765,-0.036690257,0.018951105,0.16959852,0.10031789,-0.16709834,-0.15848391
613,-0.09453256,0.048441693,0.28035328,0.17142183,0.0057083466,0.16695176,-0.04157018,0.020098329,0.00016061429,-0.07546209,0.23727168,0.2179722,0.20731859,0.15022935,0.012922789,0.13886926,-0.20112748,0.03409226,-0.22551233,-0.17914851,0.07372252,0.022708166,0.0277005,-0.018616637,-0.100757845,-0.026057072,0.099465415,0.026649868,0.0070735947,0.25735003,0.013263864,0.24056843,0.0433757,0.04893222,-0.14278993,0.23179445,0.08203474,-0.021937085,0.06978184,-0.06920928,0.080345236,-0.027586535,-0.08949207,0.017187115,0.20038763,0.15530683,-0.12982123,0.010981687,-0.030157229,0.00293555,-0.103031345,0.015861865,0.030425511,0.19156922,-0.13530387,-0.1068007,0.0567862,0.0052996404,-0.06848348,0.10336164,0.13354541,0.11169866,-0.17061742,-0.17202792
51,0.15745099,-0.10707786,0.20099041,0.019371357,-0.17963135,0.18705562,-0.12899698,-0.066614494,-0.040385544,-0.04354631,0.17232308,0.2260537,0.2862826,0.096524745,-0.14641099,-0.13124043,0.064708635,0.111453235,0.036444724,0.064679325,0.032400906,-0.0011324938,-0.03300861,-0.027608365,-0.07657004,-0.058101308,0.03948007,0.20809636,0.045976777,0.10108496,-0.09045871,-0.038466662,0.02037666,0.19497155,-0.1312606,0.016357297,0.19787993,-0.04779107,0.20542987,0.04267145,0.11498329,0.08480017,-0.18516251,0.26686546,-0.0941844,-0.025262697,-0.07443038,0.15234728,-0.048045307,0.14952123,-0.11204971,-0.13209724,0.120302014,0.013589118,-0.04917612,-0.007939608,-0.0059593283,-0.12040077,-0.1143731,0.12631322,-0.061021082,0.034150634,-0.21932557,-0.21290149
283,-0.08772586,0.03716549,0.21971463,0.16753514,0.11658586,0.007860619,-0.17277636,-0.011989072,-0.26014227,0.12883778,0.092720464,0.081565686,0.17331575,0.0062528285,-0.106631376,-0.06963215,-0.046023663,0.012292788,-0.08469888,-0.17456548,-0.04289513,-0.21762253,0.042490922,-0.07991737,-0.07869872,-0.13342014,0.0034608822,0.16981924,-0.048191868,0.19898044,-0.05958294,-0.026232002,-0.052569687,0.021316748,-0.28803757,0.093503036,0.11502456,-0.04089734,0.11222241,0.1934245,0.07730701,-0.008347818,-0.090621546,0.092979275,0.077713594,0.18064797,-0.20828843,0.18228275,-0.046719376,0.12258061,-0.01178992,0.051412538,0.15043168,0.05664073,-0.119281135,0.021385442,0.28591457,-0.060315277,0.050780065,0.09642488,0.056397557,0.14766233,-0.1895309,-0.10998965
512,0.059455596,0.03996406,0.1667031,0.19164145,0.024618683,0.11091757,0.013359416,-0.09137013,-0.1372914,-0.036484443,-0.05789561,0.040149838,0.16083801,0.14146157,0.0038261765,-0.0860618,-0.10033364,-0.14793982,-0.08233949,-0.16326143,-0.044760786,-0.054372422,-0.027661743,0.04794296,-0.1423147,-0.037362624,0.061587688,-0.062003225,0.09670029,0.06809779,-0.09193163,0.17260987,-0.040987026,0.059577696,-0.16916834,0.31203738,0.047625896,-0.06983234,-0.03846784,-0.054484487,0.10083937,-0.21983553,-0.27509874,-0.03910966,-0.20332503,0.16390575,-0.063823566,0.038952183,-0.056210455,-0.069156766,-0.09838682,0.1368031,0.15650266,0.18145774,-0.027019791,0.12314009,0.12281673,-0.15626076,-0.2925949,0.12224145,0.1360984,0.12752315,-0.11966911,-0.15625758
421,-0.0071207583,0.15729915,0.2398142,0.23021702,-0.059762765,0.11812358,-0.07472776,0.10654856,-0.11479838,-0.06414481,0.13720953,0.06935147,0.23042266,0.1059647,-0.059353173,0.120305404,-0.063976645,0.023615578,-0.18894988,-0.1698955,0.03862591,-0.047587454,-0.078241505,-0.01876937,-0.10112036,-0.14944305,0.18485959,-0.020418268,0.055182222,0.101514906,-0.024651,0.040538866,0.10387584,-4.9023747e-05,-0.14199354,0.3400598,0.061261795,-0.039761927,0.17157573,-0.022494296,0.09637716,0.061592788,-0.03304283,0.001410895,0.13612662,0.056696393,-0.036545523,0.025603127,0.044650547,0.010274562,0.061856635,-0.15588436,0.2298562,0.2606542,0.02166841,-0.067192376,0.15561005,-0.057642054,-0.109385855,0.06516426,0.052380364,0.061058305,-0.18912521,-0.28815135
321,-0.11282347,0.02359761,0.24524845,0.048373815,-0.089355215,0.0133163,-0.022785354,-0.017289372,-0.19192106,-0.12971428,0.20528585,-0.059168756,0.14007871,0.20257127,-0.0025944917,0.048150312,0.108157285,-0.12744865,0.22047381,0.0056918394,-0.04059198,0.066948354,0.03239841,-0.26298332,-0.15514939,-0.21408209,0.096664794,0.17144653,-0.0058786646,0.039055917,0.112035185,0.08500708,0.09095869,0.119041406,-0.1923854,0.005327856,0.037196584,0.11634751,-0.032076146,-0.17755195,-0.18749154,-0.20278028,-0.102836214,0.09875978,0.022577804,0.12034676,-0.021160185,-0.010973627,-0.12696119,-0.020721676,0.009800855,0.1718717,-0.21601346,0.0025270844,-0.12066044,-0.07768425,0.14094542,-0.041224804,0.043945864,0.1199973,0.060880106,0.10653263,-0.15927772,-0.24325533
304,0.033999562,0.066620395,0.27308056,0.014395985,0.12530029,0.17048568,-0.18789989,-0.028844064,-0.17056015,0.04804184,0.16514477,0.18956862,0.2130753,0.17892842,0.031087136,-0.10802921,0.071469344,-0.09058775,-0.04013238,-0.15682344,-0.11781866,-0.08086902,0.060459588,0.05891913,0.0002791612,-0.1906522,0.123489134,0.1314136,-0.2394439,0.112437606,-0.06032417,0.043589015,0.09579641,0.11927921,-0.2330491,0.0358444,0.16162513,0.0051475987,0.12993097,0.0017265354,-0.022272002,-0.08307757,-0.120510876,0.003016902,-0.11394432,0.13492098,0.064796664,0.24349023,-0.036910836,0.13949066,0.039861266,-0.17677629,0.13682105,0.13475317,-0.007577665,-0.082525186,0.09518563,0.0012562732,0.093166746,0.061486684,0.122328,0.07955244,-0.20986646,-0.14039223
471,0.24083886,-0.062892854,0.27104226,0.1536456,0.0010822347,0.22246411,-0.00031860234,0.0446181,0.08589343,0.054962583,-0.022602083,0.096469626,0.24723192,0.22668307,-0.10609331,-0.29304263,-0.024791064,-0.08422874,-0.081631996,-0.24831682,0.016207427,0.031312138,-0.090024784,-0.14857754,-0.029465217,-0.11368954,0.0071693766,-0.012603179,0.015213341,0.2336453,0.13254514,0.08241375,-0.048903313,-0.025835399,-0.22193009,0.06533079,0.03518816,-0.04068873,0.026761666,-0.061525878,0.12426278,-0.07541848,-0.23378363,0.17641118,-0.07819847,0.06662531,-0.11981202,0.15550765,-0.053668812,-0.007957711,-0.120191395,-0.010703892,-0.034965646,0.061421447,-0.060382027,-0.046865493,0.17405635,-0.14506195,-0.11593855,0.095087245,-0.050601065,-0.009578742,-0.15255849,-0.10454305
404,6.281065e-05,-0.07882784,0.2983584,0.10505774,-0.01315892,0.15568219,-0.14314057,0.02488789,0.08588712,0.03738947,0.17483205,0.239996,0.21489169,0.14869252,-0.04505957,0.09901898,0.12946089,-0.05241823,-0.035599757,-0.06730849,0.080259115,0.031976685,-0.10285153,-0.09972552,-0.100173175,-0.096368946,0.18606897,-0.0021209808,-0.047837596,0.20021309,0.22929065,0.11925465,0.088607565,-0.008811045,-0.23859634,0.062212024,0.118369,-0.0768836,0.055041313,-0.092539325,0.12349194,-0.086801514,-0.1374713,0.0078515755,-0.0695118,0.13476391,-0.061429784,0.069586,0.024021445,0.111726694,0.016952207,0.05152996,0.065311596,0.2635791,0.031289835,-0.18304414,0.26887736,-0.061711613,0.003709533,0.14269258,-0.06439359,-0.015574255,-0.16670229,-0.16810705
736,0.1792061,-0.042736746,0.29254022,0.17526689,0.10968937,0.25417084,-0.052991524,-0.03993993,-0.009877859,-0.045686904,-0.010838076,0.08671703,0.2193419,0.24501827,-0.010939065,-0.2863338,0.009190883,0.00956047,-0.123480655,-0.19852297,0.042350687,0.040164914,-0.11581597,-0.20021017,-0.075967774,-0.19415331,-0.013141009,0.082819626,-0.057259943,0.23762156,0.060346987,0.122023806,0.09056839,-0.06758601,-0.218368,0.03639968,-0.016450176,-0.07793482,0.012909743,0.006925545,0.12738506,-0.09444942,-0.15092346,-0.028785607,0.026178459,0.032006968,0.09520818,0.097103596,-0.09563866,-0.053982284,-0.07252734,-0.094323546,-0.080846265,0.09663801,-0.072679184,-0.046427276,0.19049007,-0.073198795,-0.17133626,0.11725557,-0.02073426,0.00017662742,-0.20354688,-0.121239476
608,0.1908118,0.038092323,0.20982443,0.16692106,0.17011929,0.109955944,-0.25337857,-0.05907286,-0.23668669,-0.076397546,0.13607822,0.093747176,0.10236695,0.16811691,-0.08067352,-0.24680023,0.14969975,-0.053964656,-0.012837335,-0.059787218,-0.09608209,0.042737246,-0.1776346,-0.14028974,-0.0036160836,-0.22571059,0.18844508,-0.043852054,0.020535449,0.1506313,-0.067188196,-0.03360246,-0.024284398,0.059994094,-0.19564153,0.02374953,0.103670456,-0.05830636,0.0901806,0.035501014,0.08398875,-0.15285523,-0.101230145,-0.0065561286,0.03924554,-0.09404431,-0.11510221,0.12954935,-0.043648493,-0.073303536,-0.15291539,-0.043889694,0.0953857,0.00375085,0.06802799,-0.034600303,0.26230988,-0.06441707,0.07071613,-0.05573587,0.124692194,0.12179502,-0.26638716,0.008702162
617,-0.07117526,0.035717998,0.28198278,0.094693124,-0.1525411,0.19793198,-0.011571052,0.03340514,0.014508928,0.038209148,0.16419521,0.036814213,0.15308209,0.20547713,-0.045808937,0.012215367,0.14209065,-0.05084743,-0.046163924,-0.13510138,-0.03273063,0.045138303,-0.118132405,-0.048184324,-0.064826705,-0.2732837,0.13025081,0.19518994,-0.1537296,0.21280944,-0.046525136,0.057775397,0.08954432,0.12700488,-0.25803003,0.11688269,-0.00615701,-0.001331459,0.062403858,-0.0073225107,-0.0018481747,-0.101936035,-0.28926522,0.0670691,-0.058989134,0.15940246,0.15976794,0.20139882,-0.09662069,-0.09596045,-0.070205905,-0.05553228,0.14621878,0.031855293,-0.0111735035,-0.055168442,0.046431154,-0.04583708,-0.10638272,0.06833779,0.06402382,0.16907063,-0.16209435,-0.19857474
453,-0.053975906,-0.040486883,0.29823604,0.16819191,0.08125757,0.22965387,0.066287026,0.048633665,-0.016480215,-0.03439641,0.14793155,0.109988265,0.20960009,0.21687819,0.0024058542,0.05770673,0.029290782,-0.0020223951,-0.039115883,-0.26636794,-0.010224623,0.10397642,-0.05739548,-0.1262143,-0.05966443,-0.17759806,-0.0500852,0.10190311,-0.09130475,0.31396374,0.18785442,0.06603359,0.123778604,0.12158298,-0.23795277,-0.08278349,-0.091834575,-0.014026234,0.05287056,-0.048186876,0.10969178,-0.08013448,-0.11070645,0.08903825,0.02473588,0.17472018,0.00014893089,0.21521413,-0.08829088,-0.011755805,-0.19099201,0.008317055,0.026213776,0.020056812,-0.15942614,-0.09317266,0.1505833,-0.00839534,-0.10816336,0.091366194,-0.012184426,0.05102612,-0.13888535,-0.1281115
9,0.08013269,0.109657966,0.11555982,0.14457025,-0.031329148,0.06006489,-0.015112912,-0.095107004,-0.113453455,0.1166252,0.17361856,0.19202939,0.25278178,0.025368022,-0.078482985,-0.19287093,-0.12210821,0.006518455,-0.07432419,-0.12519449,-0.076259255,-0.12945275,0.05385612,-0.05196345,-0.033941865,-0.021497551,0.16812424,0.017989045,-0.03622031,0.13780582,-0.060407784,0.11060867,0.18352832,0.04326443,-0.12091273,-0.116015874,0.06825888,-0.08043893,-0.040020414,0.19808756,0.038475625,-0.008612382,-0.17148016,0.09695654,-0.15395895,0.19527136,-0.0030306128,0.12294577,0.0054445486,0.100123726,-0.03205363,0.1520877,0.02402184,0.16395704,-0.21048962,0.20733078,0.34967485,-0.1441235,-0.084762655,0.0046960097,0.07519201,0.08666932,-0.18000256,-0.1537041
151,-0.012539383,0.039320417,0.23825192,0.20108905,0.0184196,0.06210243,-0.020032823,0.021576969,-0.044277422,-0.14045314,0.1880575,0.17015183,0.24975605,0.05213672,-0.17766389,0.10893982,-0.13120823,0.0809107,0.018838516,-0.12523443,0.1285803,0.036338944,0.020319631,-0.14292082,-0.23390189,-0.111328304,0.047674585,0.030078502,0.045481954,0.09299909,0.036512215,0.061545525,0.020381957,0.15820684,-0.26195717,0.1046881,0.08442341,-0.0003542939,0.13297535,0.047441587,0.08807151,0.055096656,0.01048626,0.21054034,0.08729489,0.10936957,-0.33605716,0.07343662,-0.03369754,0.006037091,-0.10176996,0.18046059,-0.0037707083,0.09315318,-0.14262365,-0.053200506,0.08346762,-0.054783233,0.06763752,0.115580596,-0.0013969538,0.13946515,-0.18763468,-0.2305232
178,0.19648056,0.10631472,0.23129532,0.08741957,-0.06576785,0.22232312,-0.10061122,0.06357768,-0.13764316,0.05830524,0.090740554,0.13304831,0.16916741,0.20736796,-0.016075827,-0.117327735,-0.12791803,0.007438049,-0.21850532,-0.25030068,0.0016578377,-0.04974275,0.06965117,0.023396773,-0.10005285,0.04836502,-0.0032641154,-0.13042597,-0.0035068353,0.056079723,-0.089596845,0.16012561,-0.031793334,-0.018699905,-0.12972793,0.3391386,0.09310287,-0.080454275,0.07382657,-0.113340676,0.04448216,-0.053454828,-0.20604645,-0.08059177,0.07449922,0.088254526,0.067358136,-0.028743941,-0.11758079,-0.0096658375,-0.018920248,0.0066225613,0.10977929,0.1248719,-0.049155045,0.13797505,0.12915382,-0.13935862,-0.123851605,0.10210831,0.21962275,0.10898313,-0.15290487,-0.19575006
299,0.16453937,-0.21159688,0.27705216,0.18022472,-0.11359536,0.10645262,0.045097966,0.031784486,0.19671582,-0.23143484,0.21532033,0.16591601,0.22010022,0.023013769,-0.22412607,-0.038576297,-0.0043358332,0.14008433,0.14013186,-0.09097058,0.058016893,0.04799567,-0.03106196,-0.09715923,-0.061934862,-0.18725671,0.08496676,0.10898304,-0.042565003,0.08767854,-0.19087568,0.029424822,0.11110389,0.022450445,-0.11116365,0.13664567,0.1667734,-0.08837632,0.12886721,0.071949,0.0736609,0.0926752,-0.1341945,0.043054514,-0.11246177,0.0005835763,-0.021019688,0.021032177,-0.022965228,-0.053340744,0.016533105,-0.062062524,0.20356172,0.120129324,0.07066907,0.11095491,0.101220556,-0.090326354,-0.006014942,0.119350664,0.14235844,-0.023848917,-0.12478559,-0.24064182
475,-0.015324507,0.08256275,0.28124583,0.1354791,0.066851996,0.20488364,-0.024315007,-0.01725062,-0.24893142,-0.09461267,0.10537663,0.03640011,0.2209562,0.12797016,-0.05837738,-0.009230506,-0.0027078402,0.039850593,0.039234333,-0.27234438,0.009526365,0.026463151,-0.142681,-0.13273434,-0.130297,-0.33298582,-0.01123281,0.08840719,-0.08486855,0.078371435,0.059131645,0.057426993,0.08196905,0.16145498,-0.29698735,-0.06240357,0.0820973,-0.036103584,0.065920815,-0.02469761,-0.044093065,-0.05408844,-0.20143484,0.03177286,-0.024614006,0.029067568,-0.11231413,-0.05643402,-0.051832177,-0.13005279,0.04376543,0.088046454,-0.21213675,-0.14376622,-0.0019280643,-0.03314809,0.08121826,-0.0126648415,0.099069595,0.07915504,0.14233728,0.0725122,-0.18768924,-0.20712094
665,-0.022594366,0.10839975,0.11386797,0.051781736,-0.040111326,-0.01742873,-0.023661498,-0.02466236,-0.14458132,0.12837946,0.1789601,0.0752633,0.15046434,0.03186616,-0.11387086,-0.1682699,-0.035905436,0.036106613,-0.051031716,-0.25746843,-0.103837244,-0.110306464,0.045245036,-0.059757385,0.06576655,0.011469403,0.034564167,-0.0014129622,-0.009805668,0.16050553,0.01843665,0.09480412,0.05310784,-0.05173438,-0.14007588,-0.10303265,0.15614839,-0.10747814,-0.010828092,0.12750147,0.026224293,-0.07818117,-0.08993436,0.116910815,-0.023970885,0.20613365,-0.13437542,0.1292558,-0.12376119,0.085709706,-0.10024666,0.06067331,0.10311645,0.19251505,-0.21319695,0.28628445,0.35297012,-0.16414185,-0.15939704,0.088217996,0.17266141,0.15534368,-0.13422076,-0.15967818
718,-0.059195984,-0.07794512,0.26480383,0.14507166,-0.07879906,-0.025360145,0.0077027944,0.08480817,-0.05211404,0.07820715,0.0968578,0.24628457,0.21270886,-0.031506423,-0.117096804,0.21962729,-0.08303943,0.004405302,-0.13917647,-0.14670104,0.11161453,0.028960545,-0.13919497,0.017469697,-0.17824389,-0.23205324,0.001625731,0.009089752,0.0002696059,0.09925172,0.13646145,0.09066343,0.1561979,0.14817823,-0.16422935,-0.00958671,0.102011636,-0.07284973,0.07008079,-0.0126348995,0.10187441,-0.04071405,-0.07704092,0.16408996,0.031218907,0.19057652,-0.24729466,0.13598923,-0.068883136,-0.00498667,-0.10582809,-0.010261023,-0.024872327,0.026123999,-0.25071624,-0.20535754,0.095974766,-0.10353988,-0.01805862,0.18000458,0.05981364,0.08174915,-0.11795689,-0.19908012
232,0.13967861,0.012168266,0.17048264,0.21062851,-0.07747682,0.021579914,-0.17661312,0.020881604,-0.2221773,0.19303434,0.039809164,0.02125152,0.24157692,0.14911763,-0.071665905,-0.045210563,-0.014133983,-0.026930254,-0.057839867,-0.16948378,-0.1025064,-0.024657281,-0.33864608,-0.039824516,-0.05405875,-0.22752587,0.09074401,-0.11302067,-0.024871957,0.2298945,-0.03882433,-0.06439755,0.099639475,0.021160819,-0.14262645,0.031868678,-0.05950684,-0.029445525,0.1085562,-0.040738545,0.0043148156,-0.041910954,-0.045535084,0.05244839,0.08297691,0.05541611,-0.15995857,0.13874558,0.11246666,0.16518846,-0.06741095,-0.04758215,0.12813689,0.054632664,-0.1402702,0.037220247,0.27277553,-0.17109394,-0.16893354,-0.055729765,0.069562286,0.054967232,-0.13524944,-0.1936865
350,-0.0104041435,-0.04689853,0.23419614,0.08554487,-0.06977444,-0.028502079,-0.09460311,0.024587052,-0.04384202,-0.096301444,0.16916716,0.11895135,0.19564599,0.08578246,-0.16615441,0.08870976,0.10386058,0.06100861,0.08842203,-0.12895434,0.002918135,0.084553584,-0.16898948,-0.1508206,-0.19877939,-0.19254489,0.04518641,0.033120662,0.07951434,0.0894266,0.13875768,0.12563555,0.011372312,0.13546425,-0.18858027,0.039913274,0.17709808,-0.039816163,0.028762458,0.020270295,-0.032418158,0.016173206,-0.0038922473,0.18887085,0.010662507,0.0842411,-0.058568027,0.009783992,-0.14093165,0.031100318,-0.00037222408,0.035401497,-0.12020978,-0.019595463,-0.15022609,-0.2136832,0.32943413,-0.16495526,0.045723494,0.2974745,0.052717283,0.0069032162,-0.09323125,-0.27959254
517,0.19031715,-0.08327531,0.21177472,0.07817881,-0.07617616,0.21647012,-0.15430029,-0.010089082,-0.18221128,-0.061014645,0.12093109,0.058597833,0.11465321,0.13619913,-0.103113025,-0.12152469,0.17982674,0.16100216,0.016333887,-0.0163385,0.08933444,0.069242686,-0.07988247,-0.19126503,-0.21845073,-0.2462288,-0.03789262,-0.00195574,0.018394373,0.05874584,-0.05621317,0.16730787,-0.04158761,0.217403,-0.19184469,-0.028578786,0.11346004,-0.036198147,0.13474584,-0.09689742,0.08757675,0.020934584,-0.21802972,0.13793266,-0.009908535,-0.04640726,-0.17413396,0.0714434,-0.10929935,-0.08325469,-0.12760575,0.040107775,-0.08299818,-0.10206321,-0.09688594,-0.1300977,0.06561932,-0.084716275,0.044054378,0.17205745,0.050627742,0.07135876,-0.24266472,-0.16529614
159,0.10646844,-0.08198015,0.24920398,0.15042232,-0.055014074,0.22862412,0.11450233,-0.08968766,0.051639106,-0.14020288,0.2659018,0.14508426,0.3291711,0.15409528,-0.12261714,-0.06672572,-0.23667875,0.09178991,-0.14025588,-0.08666961,0.081754595,0.05214012,-0.066862814,-0.15950526,-0.16281797,-0.06536263,0.07364126,-0.017479936,-0.0018168148,0.12117081,-0.0010622045,0.06947094,0.116127186,-0.1802547,-0.09913067,0.10574609,0.14454132,-0.10200675,0.13800284,-0.018450627,0.12782219,0.016477956,-0.01543521,0.02156856,-0.0733423,-0.066726364,-0.036015633,-0.040488314,-0.0033733775,-0.008560724,-0.08456629,0.0426873,-0.07919018,0.19779573,-0.11217716,0.08347599,-0.0012168782,-0.108750515,-0.1511063,0.07422944,0.057482846,0.07826179,-0.22928578,-0.21026061
625,0.06346858,-0.0056585153,0.26299912,0.096898854,0.050248288,0.103575885,0.11581581,-0.13027138,0.12941709,-0.094338655,0.047326192,0.04223114,0.22824751,0.19668205,-0.16662022,-0.024197813,-0.07556874,-0.11599192,-0.053062428,-0.18464264,0.04928244,0.03169187,-0.014190414,-0.125319,-0.09148508,-0.00032207716,-0.09440293,0.17218243,-0.08583721,0.09935267,-0.08853223,0.022955805,0.091311485,-0.08073399,-0.24494357,0.12138937,-0.07101503,-0.1483381,-0.019964166,0.031491,0.035058457,-0.12329687,-0.11858942,0.10355273,0.082600154,0.10826814,-0.18269777,0.038874187,-0.043695755,0.00221088,-0.016942093,0.03666559,-0.019669173,0.096134186,-0.16684599,0.23392124,0.25509515,-0.13504149,-0.16783118,0.10359146,0.18149596,0.25815326,-0.12822525,-0.17423102
733,-0.0037348343,0.15526459,0.1840776,0.023478726,0.08153416,0.11597451,-0.21394606,-0.040048517,-0.23726086,0.14390655,0.21474768,0.17593573,0.18321657,0.053845268,0.002836048,-0.14447968,-0.06876751,-0.022639101,-0.1432698,-0.103769355,-0.1601196,-0.14796081,0.04975939,0.09163815,0.021245701,-0.19696073,0.13629879,0.09229306,-0.14760028,0.16607538,-0.022338234,0.00619535,0.101938106,0.14058402,-0.26306346,0.06013423,0.17971508,0.014602493,0.17534728,0.15099235,-0.0070883064,-0.0056672646,-0.1630657,0.10479661,0.0128018195,0.17378592,0.029462973,0.18034725,-0.03272695,0.15394773,0.020407604,-0.08855826,0.1445274,0.03386843,-0.11095532,-0.050291605,0.15232718,0.005242074,-0.0039041631,0.08550751,0.07188,0.109944,-0.16386887,-0.12785819
546,0.074849024,0.09778337,0.19547065,0.09268546,-0.11725221,0.038827375,0.05312149,0.0069199926,-0.10732063,0.09372482,0.08482178,0.0872412,0.16116421,0.08001117,-0.09321542,0.05637579,0.04946534,-0.14566302,-0.117939636,-0.31034923,-0.08727729,-0.03610357,-0.3022354,0.0037177105,-0.034581207,-0.13123052,-0.1297131,0.12583396,0.044846352,0.1007879,0.039997116,0.04185325,0.015954742,0.109023996,-0.19407077,0.09324324,-0.12825261,-0.040776562,-0.036814354,0.008887988,0.159114,-0.13123442,-0.18045892,0.27825308,-0.048020624,0.1223152,-0.3012232,0.14507371,-0.0029706617,-0.07746855,-0.15544982,-0.048075072,-0.06274672,0.06957088,-0.13571882,0.014078357,0.12006227,-0.11945866,-0.20149162,0.06439792,0.0828195,0.15439145,-0.1079269,-0.06716728
58,0.14879546,0.057926625,0.18896693,0.12865366,-0.01749806,0.12415789,0.060658567,-0.12636727,-0.109965205,-0.0068191295,0.0147614125,0.06699549,0.09602593,0.045653604,-0.071012355,-0.24671613,-0.04742069,-0.15708973,-0.13562085,-0.1980256,-0.09706235,-0.050769404,-0.05801748,-0.024650956,-0.14179914,-0.031136183,-0.19233675,0.078456104,-0.03314774,0.03618787,-0.020959629,0.19795601,-0.047045905,-0.037848692,-0.23566507,0.23373802,0.017756613,0.0002514091,-0.06880314,0.09274978,0.1218045,-0.16668248,-0.25359178,0.11765747,-0.11471261,0.09785846,-0.16191667,0.0638158,-0.024236001,-0.04318154,-0.0522178,0.1256626,-0.11357468,0.044550043,-0.06896164,0.065691076,0.19098759,-0.08497208,-0.23544738,0.026275609,0.24638292,0.22728507,-0.16605668,0.009875938
444,0.09517314,0.0033833978,0.26826417,0.08126072,-0.0485916,0.22497953,-0.08607651,-0.06723672,0.03829055,-0.11609489,0.21923895,0.10172714,0.29136634,0.21531993,-0.08214704,-0.021290861,-0.0694143,0.0076982463,-0.07553177,-0.064761885,-0.00473703,-0.008269458,-0.088060744,-0.13701592,-0.11238604,-0.008730239,-0.02850762,0.19359279,-0.12145392,0.1856004,0.18001613,0.0857127,0.09308015,-0.17031434,-0.17567956,0.11030267,0.028492006,-0.062722325,0.07623058,0.055211995,-0.011092429,-0.060072858,-0.032850344,0.017468799,0.06462134,-0.091594286,0.028284537,-0.047131505,-0.21400924,0.10191283,0.06725414,0.051668856,-0.11000251,0.10563181,-0.07707389,0.07805884,0.27801016,-0.08813963,-0.21071175,0.06562424,0.049489066,0.041669462,-0.22686458,-0.22626536
663,0.27612284,-0.2093307,0.31960267,0.14186709,-0.03288145,0.057595097,-0.21637243,0.07308564,-0.1778155,0.00093808235,0.11756414,0.2270217,0.20423214,0.18124996,0.028525358,-0.010947061,0.056590192,-0.008931186,-0.07024559,-0.1348439,-0.004305422,-0.0065555004,-0.025568234,-0.06470857,-0.18984848,-0.10576302,-0.14386857,0.010138057,-0.053730022,0.13683249,-0.06813141,0.12453135,-0.07033972,0.02234081,-0.086462826,0.08477069,0.057436723,0.025029214,0.13987173,-0.061439086,-0.04297094,-0.11230888,-0.11116692,-0.13093008,0.13529909,-0.047412995,0.036847208,0.09548685,-0.26158193,-0.060044322,-0.12388284,0.14428361,-0.016440593,-0.11031371,0.027302166,-0.027775297,0.14138173,-0.10548863,-0.10458696,-0.042098306,0.1787676,0.04336376,-0.2265824,-0.11841369
85,0.13116474,0.06966768,0.086825125,0.14755931,0.043913312,0.19270822,-0.038962588,-0.13766646,-0.1731983,0.07717754,0.021746375,0.16285363,0.08889613,-0.038736675,0.026318144,0.07227019,-0.13703051,-0.008988613,-0.17093807,-0.12198065,0.04285327,0.014513286,0.09852972,-0.018421384,-0.09024089,-0.019975903,0.06576771,-0.27090278,0.012109018,0.1767612,-0.014157316,0.09995509,-0.16742392,0.15064552,-0.21985148,-0.08462416,-0.13109967,-0.10765146,0.01108931,0.033384938,0.19818226,0.034426715,-0.21789078,-0.020047795,-0.082581714,-0.04093879,-0.11313562,0.10052283,0.077877,0.040055744,-0.06980088,0.19872846,0.14698845,0.20551492,-0.043726884,0.32864708,0.17029686,-0.03690935,-0.09678517,-0.016979473,0.14275281,0.15765224,-0.19099775,-0.06658885
593,0.16196822,0.010732719,0.2671216,0.10734681,-0.034592602,0.12378025,-0.0010558158,-0.042370077,0.021429991,-0.17631145,0.27989313,0.26769778,0.21935043,-0.027971966,-0.16415052,0.07083862,-0.07644672,0.15751922,-0.0729444,-0.16955033,0.026904548,-0.054824125,0.017475078,0.024702491,-0.092635535,-0.10321751,0.061876982,-0.073166415,0.09226317,-0.053602543,0.020458268,-0.05266011,0.11935031,0.12858577,-0.24846068,0.11903319,0.13823678,-0.10218476,0.25510585,0.014349924,0.10075369,0.028839195,-0.13873935,0.23525433,0.04737976,0.022496821,-0.09781298,-0.05029851,-0.011671732,0.019044029,-0.104449846,0.06444421,0.11303503,0.0966524,0.039931748,0.08977636,-0.021348378,-0.090408124,-0.063070916,0.17395137,0.0851206,0.10156014,-0.16587694,-0.24590674
541,0.022760537,-0.10082456,0.174898,0.32602522,0.056680664,0.01550651,0.06380067,-0.01885865,-0.08037798,0.017627992,0.057090834,0.11255664,0.17714168,-0.0014838577,-0.1083016,-0.114860006,-0.0019860037,0.019326694,-0.07145675,-0.13450614,-0.16463125,-0.039272532,-0.05209753,-0.09039936,0.056091692,-0.024721984,0.08499101,0.018999958,0.03445933,0.30937597,0.019283969,0.022808561,0.16007283,0.009600354,-0.19088635,-0.1728706,0.101007804,-0.08247967,0.05927049,0.061306477,0.050460186,-0.107300565,-0.24847136,0.11357041,0.00068198534,0.17679898,-0.06639122,0.034224927,0.054109223,-0.013774435,-0.07306655,0.026585018,0.102876425,0.03641922,-0.09487055,0.20698173,0.4084175,-0.14810744,-0.20422737,0.0022363968,0.187429,0.03682901,-0.08887007,-0.06090139
503,-0.040013712,-0.07725518,0.30695152,0.23013069,-0.16176559,0.008190077,-0.054816518,0.071063295,0.23553349,0.09675934,0.17620847,0.045384943,0.17685565,0.009417894,-0.12685993,-0.058408093,0.0042870725,-0.021926781,-0.060805287,-0.22841257,-0.046774924,-0.12223889,-0.029847285,-0.16212158,-0.020324443,-0.22861616,0.21944885,-0.004626025,-0.025975088,0.18377274,0.029903835,0.10989989,0.063307375,-0.0982794,-0.102755815,0.035127,0.03633354,-0.041682653,-0.052506078,0.07902488,-0.057250813,-0.103488356,-0.17478749,0.06072679,0.06382458,0.14883387,0.20843324,0.06902341,-0.14463122,0.07420559,-0.008338282,0.19323404,-0.042540222,0.10405696,-0.0475948,-0.08029942,0.27097535,-0.13478312,0.014475149,0.0129803885,0.15411857,0.013100066,-0.13013023,-0.18707968
72,0.19215333,-0.18011796,0.2635193,0.1535575,0.061872613,0.026597928,-0.042826347,-0.08683009,-0.08619537,-0.076902814,0.1503315,0.19088656,0.2632651,0.09718374,-0.17411749,-0.053717658,-0.09623833,0.04020299,-0.01070439,0.07025344,0.06010259,-0.021225734,-0.061743654,-0.090684,-0.16345985,-0.11488663,0.08310168,0.12876372,-0.018756501,0.13659711,-0.17272842,-0.04947989,0.08582465,-0.06503648,-0.23111747,0.018825877,0.09932412,-0.14374374,0.1254711,0.07886487,0.13652472,-0.019496888,-0.06971323,0.06278274,-0.19399421,0.0831439,-0.19028287,0.15809318,0.0477917,-0.0146054365,-0.14164233,-0.01122137,0.112867594,0.05992958,-0.08278801,0.14479119,0.13690923,-0.19627635,-0.073027134,0.16056137,-0.0019122276,0.14040564,-0.18282789,-0.18126717
246,0.32665846,0.00890384,0.08288117,0.13866913,0.03320495,-0.07109693,-0.11144803,0.03762979,0.059472,0.10504109,-0.110720344,0.05017891,0.14273539,0.034568567,-0.11219172,-0.07585973,0.013064429,-0.34679648,-0.059646003,-0.19043726,-0.1227512,0.040547617,-0.30947128,-0.05920129,-0.05511869,-0.07131608,0.09177498,-0.14477997,-0.005374605,0.021100976,0.08664413,-0.0707827,-0.20301464,-0.027707953,-0.16796125,0.21822128,0.21077761,-0.017163435,-0.0036989646,-0.13079034,0.05270978,-0.15863164,-0.10179828,0.07991884,-0.18358363,-0.061375614,0.08934533,-0.013310285,-0.20835136,-0.09452752,-0.12343567,-0.07418124,-0.11777615,-0.077786975,0.0062749875,-0.0773132,0.18959369,-0.16301171,-0.012399314,-0.06658603,-0.06222193,-0.09993429,-0.031076096,0.013503141
353,0.26331446,-0.11942943,0.2881388,0.15683492,-0.13283916,0.07322451,-0.038627315,-0.086107306,0.072680704,-0.115667604,0.1372884,0.12175587,0.23700078,0.013100879,-0.20005083,-0.23906846,-0.06067829,0.08122479,-0.02379596,-0.10621078,0.06344479,-0.05732735,0.09315893,-0.13468505,-0.14857332,-0.11722467,-0.09368928,0.078930005,0.0024257433,-0.007658097,-0.13002867,-0.018408312,0.08592939,-0.105342805,-0.24233761,0.048859894,0.07137505,-0.07456755,0.18427888,-0.023794157,0.048773974,0.013740241,-0.13544971,0.1995731,0.05886911,-0.052409522,-0.033123374,0.031773966,-0.10441352,0.080113396,-0.122393414,0.047937457,-0.03600894,-0.0039032241,-0.08633712,0.17470486,-0.01237383,-0.16833691,-0.12875189,0.07398801,0.12505476,0.13731968,-0.22097138,-0.21221858
195,0.09995707,0.0597149,0.3556382,0.094344415,-0.0876603,0.18939425,-0.17454141,0.16549103,0.039491735,0.119149275,0.11223355,0.016899472,0.17037551,0.10539047,-0.09957065,0.044355344,-0.030259006,0.04311945,-0.18563405,-0.21424282,0.02325518,-0.1247631,-0.12677266,-0.037724145,0.032796912,-0.20274091,0.09174067,0.08162167,-0.04987371,0.09068174,0.07253547,0.08386334,-0.0030537613,-0.0143074645,-0.08815831,0.29487944,0.029171845,-0.0693407,0.12471757,-0.113060474,0.05991492,-0.015208548,-0.23317517,0.10903676,0.03283493,0.13005012,-0.05374353,0.014892407,0.007306406,0.18533649,0.053732015,-0.16370237,-0.076633796,0.12552325,-0.037288092,-0.10581496,0.10430101,-0.08735425,0.011197817,0.15745693,0.11843431,0.07206322,-0.16593754,-0.25178915
177,0.07577906,-0.04668028,0.24489701,0.20926686,-0.10635778,0.061441835,-0.067182995,-0.100783,-0.040102437,-0.027917275,0.17696989,0.12600283,0.29281387,0.096941575,-0.06782642,-0.021768084,0.050097324,-0.06469904,-0.057861157,-0.024041725,0.060802203,0.014673004,-0.07910409,-0.19284138,-0.18027322,-0.18630488,0.10735807,0.10738311,-0.009465858,0.19404005,0.0039353855,0.05945105,0.21337914,-0.09000914,-0.1311127,-0.019384924,0.0068383347,-0.09388697,-0.00022088156,0.11658011,0.11164932,-0.045099374,-0.14145966,-0.013774275,-0.17230381,0.07572075,-0.043567058,0.14304444,-0.06687941,-0.02562574,0.025159014,0.09156837,0.023653926,0.24167493,-0.110258825,0.063257016,0.31866434,-0.14805424,-0.106687196,0.0130333835,0.003235018,0.073153414,-0.25278366,-0.19884236
364,-0.13810451,-0.023696402,0.20380734,0.12626086,-0.1337106,0.09373192,-0.15077712,-0.20482104,0.026504906,0.04565463,0.23423183,0.051937275,0.1537879,0.02485039,-0.022347087,-0.0831471,-0.2355328,-0.054997016,-0.12634884,-0.10980537,-0.004770959,-0.07986837,-0.07493244,-0.0588599,-0.07268114,-0.22739771,-0.0026643137,0.16949591,-0.037516482,0.20759176,-0.030710222,0.030009763,-0.10812817,0.06735204,-0.15721366,0.053992033,0.07639121,0.0643445,0.112774156,0.11179638,-0.121374816,0.017611993,-0.26989716,0.1528709,0.14307816,0.04765005,-0.050423674,0.14209524,-0.21826339,0.04531542,-0.017979855,0.27656472,-0.02531312,-0.124694854,-0.19221649,-0.16682251,0.0135012735,-0.086662486,-0.0035145953,0.05257171,0.07838073,0.15559015,-0.12946065,-0.06779635
150,0.18499665,-0.1200702,0.22115172,0.0036449095,-0.102793746,0.05966377,-0.08707772,0.046024814,-0.09098662,-0.11317795,0.22586316,0.3052343,0.28563204,0.08444371,-0.14226522,0.09585662,0.074511684,0.086268045,-0.045372274,0.08148987,0.075104974,0.037209712,-0.23010522,-0.0136681795,-0.1941084,-0.101630405,0.04910638,0.027467418,0.11052688,0.0132582085,0.060008343,0.0057690707,0.12451211,0.100891925,-0.081454426,0.0710091,0.114926256,-0.11159427,0.17662705,-0.07399436,0.15565152,0.038356736,-0.04613448,0.17711882,-0.05178192,-0.05559697,-0.06884575,0.030675555,-0.047044884,0.020133803,-0.10226576,-0.1175184,0.045889042,-0.02004976,-0.056167297,-0.11876522,0.14523864,-0.11136425,-0.18547174,0.21394725,-0.07032448,-0.039773237,-0.18001482,-0.27666202
294,0.032014236,-0.07203446,0.22163907,0.2024276,0.059978507,0.22628796,0.009766594,-0.009433918,0.010720125,-0.13731138,0.29120493,0.20001595,0.22228932,0.12009231,-0.18619053,0.079430036,-0.039599612,0.17636536,-0.01965608,0.021792628,-0.02401582,0.04917244,-0.037444826,-0.077148244,-0.13556951,-0.028793918,0.112429604,-0.01902099,0.08641949,0.1357558,0.15460207,0.06582144,0.08237173,0.021358743,-0.15616427,0.16409144,0.18749237,-0.04968932,0.20273669,0.064052425,0.13845943,0.06682225,0.015700432,0.22116534,0.01338796,0.042621966,-0.11837579,-0.024659604,0.055039514,0.13448603,-0.104769655,0.058527872,0.10750211,0.108060844,-0.05943427,-0.11657311,0.23707812,-0.08523102,-0.059921157,0.19370307,-0.02753559,0.02887153,-0.13208513,-0.19898745
133,0.03372722,0.0065037156,0.15974413,0.15171905,0.0052785766,0.15281765,0.022177504,-0.01683689,0.082140476,-0.015089264,0.029582284,0.22793132,0.244369,0.1322054,-0.17001402,-0.032807093,0.016075324,-0.04061505,0.0025618512,-0.18617597,0.06609305,0.031552758,-0.21086875,-0.092206515,-0.106940545,-0.1275183,0.07550325,0.105411015,-0.11994074,0.19961198,0.04532011,0.092887156,0.06436899,0.10991008,-0.21869272,0.04882968,0.20323868,-0.08382654,-0.058993325,0.19155867,0.14969328,-0.15596431,0.09261149,0.016313737,0.058644164,-0.1038177,-0.25457606,0.13078377,-0.11367154,-0.047743097,-0.095160104,-0.045107584,0.10688811,0.2505538,-0.119340315,0.0021693849,0.16344903,-0.02425833,-0.09347349,-0.057326667,0.086162664,0.05035353,-0.2830657,-0.06338065
319,0.106962256,-0.06900265,0.3083679,0.18808405,-0.03056205,0.02435751,-0.13516274,-0.0019981342,0.16674805,-0.0056371586,0.20360003,0.23297372,0.28415963,0.02976441,-0.028354842,-0.09048393,-0.043828677,-0.08102029,-0.016449086,-0.06862736,0.02879936,-0.044325706,-0.0015364592,-0.07692655,-0.08442041,-0.059888713,0.069902204,0.28095052,-0.094294414,0.18940547,0.059938066,0.13009535,0.14917111,0.0202581,-0.22471881,0.10694919,-0.102921695,0.04572748,0.033863522,0.13089436,0.048032854,0.0023899,-0.040083766,0.1356092,-0.0068176733,0.045422256,-0.007879224,0.14377968,-0.079754554,0.15378292,0.034599904,0.04946597,0.016720228,0.11113134,-0.15080358,-0.2028395,0.3142607,-0.0051701297,-0.032417584,0.025805347,-0.018005388,-0.07120979,-0.1917125,-0.15429403
240,-0.015329091,-0.10140748,0.18512918,0.082143284,-0.13407554,-0.12471475,0.0038472358,-0.03735443,-0.020819914,0.19961992,0.019734215,0.12193739,0.18614657,-0.035302725,-0.16173452,0.06697179,-0.101105586,-0.13326465,-0.067265205,-0.19562896,0.059314568,-0.15392531,-0.1308639,-0.070688866,-0.08865077,-0.030561134,0.033069905,0.073934555,-0.003545251,0.013030458,-0.07686074,-0.021475038,-0.05773562,-0.047288213,-0.24860786,0.009044473,-0.11401676,-0.20497526,-0.011600902,-0.055955566,0.09373079,-0.1310015,-0.15077454,0.17792979,0.030261535,0.12822819,-0.2005453,0.07962321,-0.08348578,0.016430143,-0.07711647,0.06110117,0.07009376,0.16074157,-0.26240906,0.2740962,0.15511547,-0.23476681,-0.08078726,0.14848244,0.11680989,0.17197418,-0.08051954,-0.17413343
751,0.14991683,-0.16133945,0.318793,0.16053216,-0.084273554,0.15093826,-0.12699148,0.052558433,-0.13132271,0.21026808,0.1505323,0.09953634,0.15023726,0.07867628,0.016392266,-0.08168779,0.14581665,-0.058706824,-0.14023606,-0.23846155,0.010852646,-0.10587659,0.1027522,-0.1369126,-0.09842201,-0.20217167,-0.15637907,-0.028856043,-0.027450036,0.0944213,-0.043385938,0.08254921,-0.04544391,0.0063318005,-0.17620122,-0.04771113,-0.020775257,-0.030658478,0.09022402,-0.1393827,0.18548107,-0.16095486,-0.21142672,0.06608508,0.03713907,-0.035122715,-0.0059925835,0.09816772,-0.15734525,-0.0063921437,-0.17259012,0.073404126,-0.07459391,0.0037390133,-0.1425188,-0.010938018,-0.018513113,-0.04170284,0.06616166,-0.09979219,0.18367638,0.049613535,-0.28792718,-0.04445942
367,0.031006632,-0.042895805,0.14878973,0.10783282,0.03588567,0.17939974,-0.049674775,-0.07190994,0.05680445,-0.11568838,0.15828992,0.12799188,0.17618953,0.17075261,-0.1881032,-0.005055851,-0.055594645,0.08511407,0.039697528,-0.015417768,0.1020659,-0.042109195,-0.25467393,-0.10151976,-0.14181572,-0.24291968,-0.05453544,0.15178408,-0.14235362,0.19962232,-0.21189222,0.07318081,0.024720086,0.09937752,-0.095521934,0.067289144,0.29348952,-0.08289711,-0.014060452,0.16014864,0.07187572,-0.080669604,-0.11931497,-0.08356106,0.04885912,-0.07778547,-0.3373988,0.04392206,-0.13481595,-0.1149457,-0.050326277,0.08237974,0.06740499,0.010749706,-0.07497389,0.018807935,0.074489325,0.0031208266,-0.044449713,0.05575892,0.11846108,0.09033287,-0.24499218,-0.096807964
432,0.051408794,0.072649725,0.2975726,0.023055593,-0.230204,-0.01522582,-0.040380247,0.015404225,0.12993039,-0.010401043,0.19355744,0.12547706,0.23571429,-0.018937347,-0.16691571,0.10598026,-0.003692944,-0.07797812,-0.017408898,-0.10970022,0.048905402,-0.092138864,-0.050830416,-0.07641567,-0.07586428,-0.10062326,0.18207344,0.15927869,-0.03842638,0.023603141,0.012636566,-0.042533748,0.19433141,-0.029468896,-0.21862097,0.14177953,0.009922861,-0.13872203,-0.10138135,-0.005432813,-0.002408124,-0.10630826,-0.25794432,0.08336792,-0.104425445,0.23415036,0.0026708134,0.052627973,-0.04931717,-0.0025727353,0.06568894,0.061222937,0.018872619,0.18367611,-0.0649461,0.10860073,0.22515163,-0.11866945,0.001926778,0.18775569,0.030647313,0.09635666,-0.1440612,-0.29233056
673,-0.009820241,-0.17594111,0.25215325,0.09761491,-0.07775911,0.0057304134,0.0150635475,0.065652326,0.042122923,0.0033281986,0.053285725,0.20466033,0.24946189,0.04447642,-0.21046263,0.08414431,-0.059017133,-0.07607939,-0.03287952,-0.062226307,0.17244841,-0.03532087,-0.057084024,-0.009220757,-0.15767045,-0.073366545,0.071413234,0.07225165,-0.059781108,0.12276243,-0.0062469915,0.06575543,0.07488499,0.0065498813,-0.18071951,0.011485854,0.20988047,-0.18086861,0.14060093,-0.15183778,0.17601085,-0.0038338068,-0.10645185,0.1361909,-0.13220087,0.10798068,-0.24367085,0.14442158,-0.054919183,0.033825196,-0.08244972,-0.124895245,0.12588346,0.1455222,-0.17125094,0.07510186,0.040941242,-0.17633982,-0.08079221,0.2178214,0.070713595,0.11486457,-0.14385048,-0.24197046
148,0.19456664,-0.022954464,0.29526043,0.20057642,-0.042614274,0.07069801,-0.007817156,0.0410621,-0.053586446,0.08753121,0.05092299,0.2237422,0.22848886,0.015715921,-0.014217028,0.049959313,-0.092972994,-0.09742147,-0.14304166,-0.32395476,0.12832527,-0.09714751,0.06500732,0.009387657,-0.112985544,-0.15517421,-0.06960665,0.054354757,-0.15496114,0.040837012,0.0043938584,0.101649,0.11215576,0.10810297,-0.33462593,-0.077854134,-0.039063893,-0.10059328,0.03651023,-0.032589726,0.11132472,-0.1327643,-0.19201212,0.055229027,-0.041021027,0.06448924,-0.106665924,0.13031128,-0.1481116,-0.14397629,-0.059371702,0.031770572,0.043535203,0.13191389,-0.09839861,0.13339981,0.01654326,-0.12134981,0.0104377,-0.012938679,0.11286958,0.06602237,-0.21405058,-0.14220333
651,0.023930097,0.1688248,0.016607607,-0.04528588,-0.029226048,-0.010264732,-0.18421121,-0.015239432,-0.24556799,0.12206218,0.1495284,0.060322285,0.043677352,0.029652182,0.024587523,-0.28398004,0.031087365,-0.07986224,-0.10904266,-0.18266109,-0.19211616,-0.076144315,0.054180235,0.117313296,0.22521159,-0.03440493,0.14675173,-0.12890005,0.092167504,0.1041159,0.09243258,-0.038888056,-0.114451006,0.2117428,-0.025457622,-0.03399963,0.10965996,-0.014183644,0.11445117,-0.013934035,-0.025847495,-0.04218398,-0.1605394,0.23898889,0.01101707,-0.03345284,-0.025779016,0.19973987,-0.16178969,0.17682268,-0.12419468,-0.18875238,0.26782405,0.09775293,-0.048811004,0.0713228,0.1880529,-0.12518269,-0.09738151,0.025223052,0.1662091,0.08245794,-0.100315,-0.038737066
234,0.16832827,-0.0061953445,0.13716857,0.27200752,0.19389534,-0.023391657,-0.10349928,0.0062531596,0.12934381,0.025321867,-0.20160095,-0.050300814,0.076375805,0.07500629,-0.12153117,-0.18512668,0.0033171868,-0.23971164,-0.13787346,-0.05618793,0.087433256,-0.053662125,0.10454462,-0.07142025,-0.15135059,-0.012258781,-0.07570391,-0.11407201,0.088977456,0.11066347,-0.24816723,0.07401412,-0.095446214,-0.015746199,-0.34423178,0.109963104,0.012999328,-0.073762774,-0.06583406,-0.13243471,0.12582278,-0.2682344,-0.18625285,-0.09916359,-0.13535503,0.085684024,-0.19288774,-0.004721751,-0.15035401,-0.0031376497,-0.12444864,0.15855442,0.09623206,0.029302832,0.03071924,0.056095432,0.0038541264,-0.061457366,0.0089404415,0.022073936,0.11656242,0.022467226,-0.115460135,0.04247709
101,0.10257202,0.06289144,0.2280331,0.10698616,-0.051854964,0.03476822,0.007488212,-0.016084462,-0.10045233,0.04544894,0.10263146,0.073172815,0.069676705,0.09478086,-0.029028932,-0.011223026,0.020719402,-0.037203584,-0.07854878,-0.22839044,-0.06470341,-0.009859761,-0.053953566,-0.040652774,0.057474498,-0.19683893,0.041787814,-0.019683624,0.06107529,0.11288834,-0.08718049,0.15172164,0.048744693,0.10576397,-0.057012472,0.14090584,-0.028442038,-0.09008435,-0.06462325,-0.07976421,0.05287248,-0.10992682,-0.28478998,0.17464602,0.1015057,0.17092691,-0.20759228,0.11930949,-0.042137243,-0.00097378064,-0.15574734,-0.09744272,0.056991894,0.09221843,-0.18316811,0.120305814,0.31592485,-0.1309218,-0.19394857,0.14308198,0.29835787,0.17575397,-0.088948935,-0.19266644
500,-0.0571824,0.10870556,0.19983622,0.12845622,0.005651906,0.078826256,0.036225986,-0.023721289,-0.08353626,-0.08698939,0.17482911,0.15664859,0.27572688,0.09077737,-0.09471613,0.11826907,-0.14624132,-0.11730392,0.03496244,-0.26370218,0.09085315,-0.024691863,-0.41767403,-0.054510433,-0.16917528,-0.1481812,0.003918491,0.1671214,-0.05028273,0.14763455,-0.004875846,-0.0033266456,0.0638987,0.036474556,-0.3048205,0.0303404,-0.05168124,-0.07136448,-0.018908935,-0.07474851,0.13967673,-0.11860275,-0.022429984,0.052770507,0.0010400736,-0.008093062,-0.3378048,0.06370596,-0.043747373,-0.07062294,-0.059840303,0.07766863,-0.0052072736,0.023312723,-0.11944219,-0.06973024,-0.016407635,-0.012294204,-0.0062452476,0.011656885,0.0075892587,0.06737394,-0.17190066,-0.09690686
53,0.05894545,0.10516678,0.22979341,0.06750936,-0.1466269,0.023286637,-0.07571943,0.086411946,0.08196846,0.082196295,0.13403673,0.01156431,0.25091988,0.038994003,-0.16033755,-0.013888914,0.08685365,-0.06766561,-0.17833649,-0.20832169,0.022739435,-0.12534201,0.045099176,-0.06923171,-0.06476034,-0.13008791,0.023464106,-0.00015007553,-0.0003641731,0.13016327,0.12746519,0.06101498,0.20878729,0.10260287,-0.09998922,0.043445878,0.11532852,-0.097077355,-0.059110865,0.05887929,0.12369289,-0.08372333,0.0031440444,0.22370364,0.072259806,0.025122344,-0.036495317,0.083340004,-0.13441497,0.22910337,-0.03777522,-0.17620781,-0.0028308053,0.22012442,-0.1970942,-0.035838414,0.240773,-0.048980497,-0.09023123,0.04637376,0.110758595,0.0039384593,-0.2774669,-0.26115656
668,0.07914353,0.0005702955,0.242705,0.110323265,-0.14902338,-0.027056014,-0.15033302,-0.12228217,0.06370801,0.14879285,0.09601786,0.13654846,0.16569863,0.027310468,-0.13563502,-0.22438376,-0.08925277,-0.22698587,-0.2344086,-0.09583379,0.02096726,-0.06865309,-0.15307367,-0.01029911,-0.09144182,-0.06752811,-0.0060018497,0.08979823,-0.10409458,0.20335646,-0.046444558,-0.043412052,0.13627023,0.1111811,-0.15099591,-0.015768249,0.21271965,0.040005513,0.12189992,0.040596005,-0.02083226,-0.010860877,-0.22743095,0.15439387,-0.0045848307,0.08944866,-0.0673584,0.24830687,-0.1325701,0.11370914,-0.023441715,0.04140609,0.051151693,0.001706913,-0.16658872,-0.16065122,0.11440892,-0.14283007,-0.13552907,0.03344868,0.06777605,0.16107532,-0.19046254,-0.07201512
81,-0.12709837,-0.0026252402,0.28330448,0.060408723,-0.06754187,0.1943028,-0.07452883,0.075009525,0.03349047,-0.0062326053,0.2509359,0.19429328,0.11998974,0.060689136,-0.049849838,0.14850298,-0.07706224,0.0015537196,-0.11942003,-0.16439216,0.08517493,0.046882827,-0.12660176,0.01501755,-0.039116498,-0.026969876,0.13615718,0.0008526602,-0.043703124,0.15694511,0.2382566,0.116704665,0.013668113,0.019069675,-0.20004667,0.18459478,0.19536431,-0.062054906,0.27650732,-0.16668361,0.11083629,0.013652054,-0.17728387,0.104619354,0.05607844,0.13134353,-0.12751794,0.03459445,-0.09073539,-0.056847956,-0.03557493,0.046114996,0.12118497,0.12828603,-0.08534222,-0.15041128,0.06669029,-0.030752486,-0.056894954,0.22283061,0.0814081,0.13034455,-0.09566019,-0.17525947
677,0.15626903,0.13525538,0.16786584,0.12916026,0.10703055,0.11931745,-0.059231356,0.0032831626,-0.064457186,-0.13898757,0.1820627,0.11963422,0.15476508,0.13103892,-0.16238512,-0.18688913,0.054895353,0.041731533,0.07726044,-0.21741834,-0.07209598,0.11665081,-0.16091658,-0.08119642,0.069732815,-0.14230934,0.039783467,0.07635496,-0.0012243367,0.082395725,-0.045181345,0.021765409,0.024948465,0.043805458,-0.18636711,0.05856943,0.19286269,-0.084620886,-0.032485902,0.21513507,0.13487892,-0.17026745,0.061042152,0.06763888,0.085913695,-0.046813633,-0.3101147,0.10269229,-0.027052512,-0.11678859,-0.16850299,-0.10809673,0.048720274,0.16206469,-0.009908731,0.06935094,0.23057911,-0.046051383,-0.023511682,-0.0018095196,0.19957954,0.17576955,-0.19969563,-0.011103906
52,0.01113245,0.021912659,0.27023393,-0.058163587,-0.036968928,0.14999737,-0.20537105,-0.020932121,-0.2709944,0.11107346,0.16524737,0.009532844,0.1122484,0.23140365,-0.05085796,-0.120148085,0.09009132,-0.05873742,0.026702467,-0.08328047,-0.15398131,0.06473196,-0.16211382,-0.14395726,-0.04630405,-0.06966464,-0.04820636,0.12689938,-0.21582307,0.12918222,0.056628935,0.03003646,0.004120186,0.08158218,-0.30633637,0.013186062,0.19373013,0.09768053,0.19570391,-0.11416723,-0.06994488,-0.11020586,-0.09644574,0.027152315,0.074243926,0.13583869,-0.029982785,0.048648223,0.044577472,0.11214901,0.06619743,-0.010180984,-0.21451278,0.03929934,-0.07519925,-0.067589216,0.12013308,-0.030143145,-0.03015193,0.14807086,0.14427471,0.22204018,-0.15030919,-0.110096246
492,0.11980196,-0.026313735,0.18309443,0.03318139,-0.16313656,0.08524581,0.009323282,0.027418533,0.06760555,0.034856346,0.13951866,0.124828815,0.16502802,0.03192885,-0.11538239,-0.060373005,0.065417916,-0.11256864,-0.06414112,-0.15261155,-0.044841874,-0.06029926,0.10043372,-0.057107337,0.00747389,-0.115895934,0.08587725,0.017976489,0.021206914,0.036891352,0.063618675,0.0040542046,-0.060169503,0.03882679,-0.13712808,0.18191053,0.029550742,-0.16746594,-0.01149157,-0.051316176,0.1415977,-0.20177816,-0.25965178,0.23995169,0.015603498,-0.08427234,-0.020099733,0.02147246,-0.20645186,-0.028412886,-0.16096748,-0.1002277,0.034835555,0.12278942,-0.19461524,0.2863341,0.1918111,-0.12598333,-0.18089366,0.06850237,0.26870605,0.13383524,-0.18879305,-0.15844078
120,0.027444001,0.04532331,0.18253286,0.073555745,0.015968557,0.13031419,0.09123992,-0.08283605,0.04236146,-0.14168297,0.044275023,0.05155009,0.22940822,0.10225782,-0.24477604,0.07464126,-0.100353986,-0.0689864,0.028177453,-0.033409476,0.024024023,-0.0751775,-0.034862228,-0.05709616,-0.27730885,-0.117284864,0.033705022,-0.007821549,-0.06930602,0.032089587,0.018583965,-0.102687836,-0.0107517755,-0.08358845,-0.37946132,0.2882724,0.32296646,-0.08568718,0.20280185,0.033826318,0.09109491,0.023251846,-0.036607254,0.04831654,-0.12899505,-0.043142047,0.021858532,-0.049044766,0.007966809,0.03551886,0.07832099,0.10586708,0.0037401551,0.017349657,-0.060296863,0.07551657,0.055266567,-0.13330136,-0.09882522,0.20325232,-0.018202666,0.18406191,-0.14520396,-0.23964824
123,0.19825742,0.017035337,0.23999241,0.18361436,-0.034863137,0.24544138,-0.18863416,0.030395934,0.10293729,0.05988282,0.1008076,0.07709814,0.17180619,0.071194105,-0.092306204,0.040907457,0.05909245,0.09800103,-0.053771578,-0.019700537,0.023970563,-0.051043265,-0.33214203,-0.09289216,-0.08176497,-0.28104773,0.14432164,0.0769335,0.020113423,0.10261804,-0.06810586,-0.1093266,0.040281992,-0.120412245,0.059574742,0.07596207,0.0013400818,-0.09121511,0.23465648,-0.017886087,0.098437764,0.039768293,-0.21807083,0.2228409,-0.11264814,-0.11651541,0.048887108,0.052392237,-0.20462783,-0.05636771,-0.14346224,0.034406185,-0.048199035,-0.14046916,-0.013784303,-0.01113022,0.0023581285,-0.08912246,-0.13749677,0.058568243,0.029094145,-0.01817881,-0.1383825,-0.2208759
530,-0.00817393,-0.021484064,0.21683466,0.20689826,-0.16270265,0.080307364,0.08511958,-0.03835313,0.06744857,0.08622372,0.13021271,0.10695745,0.23053047,0.051272247,-0.0061415406,-0.1445133,-0.07975201,-0.06436082,-0.10659838,-0.38639364,-0.037292592,-0.059697337,0.036329858,-0.09722257,-0.021335036,-0.22042426,0.016026057,-0.018501958,-0.07964286,0.11753351,-0.011769964,0.15499756,0.12122484,0.11352298,-0.11697878,-0.08853056,0.025857124,-0.010703687,-0.022554394,0.070415884,-0.01640971,-0.12141684,-0.16712546,0.046971038,0.13442752,0.015905095,0.15838884,0.12746988,-0.17851315,-0.0127291605,-0.053400733,0.12246802,-0.0005164946,0.15642774,-0.19911224,0.054699704,0.14497513,-0.09566114,-0.17272331,-0.08003825,0.24767819,0.053183924,-0.20353928,-0.14464799
303,0.13230354,0.070791125,0.2623035,0.07450368,0.13977967,-0.026101906,-0.21197186,0.066385545,-0.14951171,0.013952801,0.16125268,0.12807971,0.14338736,0.114493415,-0.11571652,-0.08734679,0.049352568,0.00061464077,-0.16671254,-0.13450879,-0.06391702,0.018058473,-0.10259975,0.029326454,0.03330339,-0.053603344,0.0262634,0.00890256,0.04645099,0.21905106,0.093014665,0.04996231,0.095157705,0.033462297,-0.16811946,-0.045808576,0.0942248,-0.0919046,0.119905554,0.018447435,0.12613809,-0.0930114,0.0020063105,0.1572914,-0.047197655,0.13081394,-0.31597131,0.20964995,-0.017684575,0.12549476,-0.1908839,-0.1745645,0.05456399,0.07767424,-0.09331209,-0.05012971,0.23738787,-0.13663325,-0.06423806,0.14464861,0.13385898,0.17686334,-0.1905557,-0.09983417
10,0.025970984,-0.015413838,0.29711127,0.2010825,-0.1604576,0.018099034,-0.19152208,0.08130092,0.10039702,0.038975276,0.047600657,0.16104025,0.22927736,0.03147836,-0.1434751,0.04283056,0.094082296,0.11442909,-0.046340864,-0.052447256,0.08163225,-0.08754445,-0.12399972,-0.0655425,-0.09326453,-0.27000237,0.1512313,0.10667381,0.0526015,0.08572839,-0.14536685,0.01899294,0.05924767,0.20729533,-0.0965166,0.1482516,-0.10116629,-0.058768723,0.060595006,0.09260365,-0.019940546,0.09431438,-0.25745752,0.07324591,0.030340882,0.043040432,0.050227564,0.096034,-0.03837839,0.075036325,0.073805526,0.033528514,0.12428681,0.052381307,0.03383914,-0.0996887,0.25370964,-0.12188454,-0.04393054,0.11208236,0.055583254,-0.020294646,-0.18030633,-0.3241703
642,-0.08566028,0.020756455,0.15816186,0.15058021,0.060001038,0.12522952,-0.10806936,-0.15133543,-0.11626075,0.11950704,0.08908208,0.0506449,0.122021,0.056447852,0.02173185,-0.14898726,-0.1551256,0.016282855,-0.03882929,-0.2175737,-0.107627004,-0.21130508,-0.02862512,0.018138135,0.08771669,-0.2999092,0.09864767,0.05318972,-0.0171174,0.18449898,-0.15045464,-0.084119566,-0.14596021,0.1811521,-0.11615359,-0.0022645814,-0.082496375,-0.032127846,0.08016663,0.0120304,-0.14224207,-0.072411306,-0.3818897,0.15983254,0.124978215,0.015858734,0.011479218,0.11099758,-0.13561648,0.16052128,-0.1587268,0.15455468,0.14692116,-0.1434767,-0.06791893,0.05759087,0.012729876,-0.08489696,-0.0008009227,-0.017808449,0.15136392,0.10493561,-0.10289606,-0.06387744
600,0.06389596,0.023150183,0.10981147,0.08704177,0.030931795,-0.005514621,-0.052868634,0.0669338,-0.23864694,0.059253052,-0.0708584,0.21913718,0.12961926,0.09184695,-0.04642569,-0.14570217,0.07064612,-0.23624597,-0.09095691,-0.11248068,-0.057133738,-0.17019601,-0.005512045,-0.010082127,-0.018000484,0.014650775,0.13913251,0.06300492,-0.017629428,0.10347736,-0.07388218,-0.06889248,-0.0001017905,0.12552607,0.061903585,0.0926845,0.23450032,-0.05622048,0.052679125,-0.0041074953,0.063728355,-0.04012187,-0.027650215,0.055557806,0.024350507,-0.028975653,0.114209056,0.28645152,-0.2276852,-0.021683998,-0.029802809,-0.28948453,0.29908636,0.1614919,-0.07161557,0.002568914,0.32181367,-0.17140788,-0.15967418,0.022419825,0.05321383,0.016911972,-0.16293849,-0.06873006
12,0.075375624,0.04668727,0.2835612,0.08833169,0.00987578,0.10408006,-0.1302648,-0.034235682,-0.16213942,0.006333418,0.0828423,0.1456838,0.17186967,0.16563159,-0.06272996,0.08297835,0.053421836,-0.1370282,-0.18834275,0.010235082,0.04643557,-0.055652335,-0.025627872,-0.039504617,-0.109998606,-0.20173608,0.049469452,0.15326387,-0.07372068,0.12006799,-0.149217,0.03805517,0.13355051,-0.0037818588,-0.07676622,0.13445866,0.16036664,-0.1090196,0.0742252,-0.037786625,0.14636245,-0.10311141,-0.09473319,0.047423393,0.019543191,0.054324295,-0.14171371,0.2148628,-0.1579741,-0.09473104,-0.05935547,-0.25557414,0.054021165,0.14046627,-0.19366023,-0.006923063,0.13791734,-0.11785161,-0.092452325,0.08761458,0.13041672,0.19821268,-0.2593256,-0.17548881
315,-0.03888303,-0.03184696,0.3308511,0.1258874,-0.04921186,0.18885653,-0.04086704,0.0495963,0.069983244,-0.08916936,0.14984174,0.13936983,0.11540672,0.069132246,-0.08021291,0.24975936,0.074542716,0.074200265,-0.07899311,-0.27362037,0.07428472,-0.09118634,-0.12603042,-0.08224481,-0.04600615,-0.19737984,-0.032348342,0.15267704,-0.016637316,0.15323056,-0.06702085,0.080060825,0.07632615,0.20741001,-0.049834978,0.11917952,0.16202489,-0.11269446,0.029740458,-0.021513196,0.1717805,-0.109709546,-0.1607893,0.03165832,0.18920252,0.024163043,-0.138733,0.038094215,-0.09831744,-0.07185442,-0.0637243,-0.070617266,0.0014206102,0.14635034,-0.057487264,-0.06584678,0.011966301,0.013021808,-0.017440856,0.14346337,0.27101085,0.094788656,-0.22850206,-0.13955007
618,0.13837875,-0.11839772,0.2832795,0.16228104,-0.08775205,0.11397273,-0.03555517,0.0185004,0.06396298,-0.08112455,0.22043817,0.2576813,0.22415332,0.06500854,-0.20686392,0.13426456,-0.06834657,0.08468082,-0.07474869,-0.03738658,0.05414852,-0.073286064,-0.14274241,-0.0080373045,-0.08751129,-0.19080216,0.004235898,0.1464441,-0.027162537,0.0614254,-0.050636213,0.047615077,0.09653952,0.15247063,-0.09843282,0.06563142,0.24275543,-0.038555823,0.18024309,0.072361484,0.049208444,0.022714386,-0.21556528,0.15329301,0.035634957,-0.011732888,-0.27232283,0.052077238,-0.072446875,0.012628453,-0.03183697,0.012007875,0.087834984,-0.014733035,-0.017302861,-0.019206667,0.11142599,-0.09310198,-0.12065663,0.12726234,0.08631952,0.025569117,-0.21264637,-0.24154516
35,-0.015725458,0.0231535,0.18362336,0.15445209,0.083588265,0.18704867,-0.0921756,-0.043223884,0.068801105,-0.06977478,0.041088298,0.13140853,0.15529954,0.020526825,-0.24239036,0.09275402,0.085397154,0.055184703,-0.05499528,-0.02725894,-0.0022729232,-0.080757864,-0.03164388,-0.15355377,-0.23002115,-0.2708716,0.04397673,0.047472004,-0.06091925,0.027756874,0.10683356,-0.072442554,-0.027275585,0.1592724,-0.10566687,0.117121235,0.31201202,-0.04513959,0.05456751,0.19855735,0.10928516,0.017507404,-0.096410476,0.23935102,-0.044615988,-0.042782012,0.00033501774,0.11998462,-0.22992495,-0.05812845,-0.061891478,0.04766712,-0.12540744,-0.08128188,-0.17916639,-0.03873452,0.1851255,-0.007918173,0.05194165,0.17071389,0.021508288,0.014949286,-0.23767366,-0.20138735
2,-0.021643411,-0.10055333,0.2711064,0.061352435,-0.06693165,0.0422405,-0.053862102,-0.13788173,-0.016408412,-0.07603476,0.22852087,0.10360682,0.19744597,0.087287135,-0.15253,-0.072295055,-0.00083765126,-0.07702257,0.030335704,-0.09802415,0.009626987,-0.1111109,-0.27602717,-0.17637049,-0.08407724,-0.06270009,0.04942966,0.23957473,-0.023295749,0.23638591,0.017414035,-0.02538787,0.09985868,-0.13494614,-0.25161886,0.00801612,0.09468349,-0.12678118,-0.011086311,-0.025804203,0.12478942,-0.13801275,-0.17204636,0.06450325,0.059070483,0.14793025,-0.19074677,0.0747997,-0.027282273,0.07298605,-0.06409795,0.045513283,-0.04546323,0.063362315,-0.1888152,0.03935086,0.2386438,-0.08820059,-0.06837372,0.1945325,0.02156455,0.14193666,-0.17451617,-0.09222972
725,-0.0058892043,0.1339813,0.19787434,0.1922634,0.031516675,0.15122528,-0.042627282,0.11732712,0.020858359,0.0098319845,0.09966122,0.25662223,0.1351763,0.028976027,-0.07017294,0.14679302,-0.006442526,0.08474189,-0.1624467,-0.249482,0.07487225,-0.10641728,-0.10518061,0.002996601,-0.063932724,-0.07681073,0.22779565,-0.09867715,0.017071066,0.14226921,0.005344505,0.15426436,0.12506787,0.18276256,-0.07353079,0.15997136,0.23056819,-0.11136745,0.09269585,0.044039052,0.18761057,-0.023474492,-0.023764577,0.018706769,0.08269768,0.046847254,-0.060770683,0.02859031,-0.061289355,-0.07828804,-0.099080116,-0.029390285,0.21336797,0.31289947,0.0005778813,-0.045394655,0.12271009,-0.005406926,-0.09588056,0.077576175,0.14742053,0.020167451,-0.21639673,-0.18178938
273,0.11575395,-0.0013281328,0.34425244,0.16996686,0.03643976,0.22436824,-0.17603086,-0.027785316,0.08853738,-0.092003964,0.096980475,0.23644553,0.14797442,0.10398584,-0.0741792,0.061467852,-0.055785142,0.14105716,-0.12372682,-0.17736079,0.13408776,-0.056106173,-0.09365187,-0.0020746347,-0.13267851,-0.12804621,0.07211011,0.08182404,-0.02343014,0.055946525,-0.07595508,0.10934195,0.009283789,0.17212613,-0.23703557,0.21291931,0.025668258,-0.102175474,0.15525438,0.04785199,0.028837698,-0.017024793,-0.21744347,0.043219782,0.16224125,0.044974387,-0.07522337,0.026901368,-0.088761225,-0.10178305,-0.0908476,0.16162793,0.084035434,-0.01217485,0.03595627,-0.11533236,0.061310913,-0.06888329,-0.01003843,0.16920266,0.10817705,0.11768843,-0.19150923,-0.1938687
228,0.07549267,0.019006146,0.29673445,0.024428874,-0.27735603,-0.03008416,-0.036583018,0.20751047,0.017835982,0.09805714,0.12851517,0.16950072,0.16765502,-0.07390112,-0.060457278,0.16764224,-0.0024674376,-0.051410023,-0.06349471,-0.18050718,0.13110186,0.117542885,-0.10712436,0.040086538,-0.08784925,-0.15476708,0.057589028,0.015070156,-0.03570462,-0.029954156,0.20607063,0.016595894,0.11499659,0.15172155,-0.22776847,0.10115406,-0.01623894,-0.010639416,-0.025386233,-0.12890491,0.070585616,-0.118841946,-0.20554355,0.10274633,-0.23762876,0.25023502,-0.15146253,0.12600903,-0.00062482315,-0.13226454,-0.022054015,-0.009000962,-0.077527605,0.10856842,-0.07960478,-0.13731906,-0.023503741,-0.066980444,0.12212432,0.14041217,0.043136865,0.06375711,-0.1019301,-0.19034714
31,0.01579042,0.20019898,-0.04493253,-0.020977406,-0.01874253,0.032858398,-0.14355126,-0.016720416,-0.28971756,0.08987299,0.107858464,0.057354532,0.06823807,0.039911497,0.0366656,-0.2641988,-0.055002064,-0.047549676,-0.09660229,-0.18331842,-0.17880093,-0.09131166,0.09472885,0.09490588,0.17616573,-0.059204258,0.19585472,-0.1335087,0.12186385,0.09768829,0.07118425,-0.020332752,-0.15836537,0.23286967,-0.005170081,0.033807527,0.1170846,-0.02340863,0.06843974,0.057167236,-0.041555535,-0.012393443,-0.14472422,0.21597904,0.08072375,-0.028930234,0.016394624,0.18848318,-0.19485126,0.11479089,-0.112830326,-0.1586409,0.30610347,0.088443995,-0.09060284,0.114033334,0.20526169,-0.12093135,-0.09863369,0.039038114,0.11653229,0.0564576,-0.08521662,-0.06582362
125,0.082087405,-0.15945254,0.27378622,0.16032706,-0.10870863,0.019944726,-0.015892943,-0.084887855,0.078605555,-0.062842265,0.12665549,0.1284242,0.14327267,0.15071562,-0.0065073776,0.12230084,-0.14771193,-0.22426559,-0.15271308,0.008638525,0.115308404,-0.14759947,-0.19629824,-0.12758173,-0.18897626,-0.08844544,-0.13246833,0.24111685,-0.077484615,0.10584198,-0.15287153,0.029775068,0.08719873,-0.0583456,0.02436755,0.1916404,0.08352627,0.08323364,0.047385618,-0.071188636,-0.016618641,-0.036432326,-0.16099215,-0.09818351,0.16756886,-0.042680334,-0.085557766,0.11314333,-0.16798809,-0.09048448,0.10106256,0.121101595,0.004627739,-0.07245533,-0.16123985,-0.1726418,0.16070783,-0.052732673,-0.19537403,0.0034059805,0.01372114,-0.014205488,-0.19895063,-0.12106916
115,0.19736634,-0.19414559,0.2668934,0.20586224,-0.10871178,0.08232481,0.040077653,-0.07057499,0.04744897,-0.0024370484,0.19590375,0.10412271,0.266846,0.14088629,-0.08496877,-0.062435176,-0.1392174,-0.08312716,-0.13765277,-0.07677658,-0.0029940268,0.10496706,0.012038199,-0.06054889,-0.10143123,-0.13588078,-0.027313212,0.004647692,0.04070202,0.19453219,-0.002443373,0.15278327,0.13766184,0.018904746,-0.13163611,0.01990082,0.051407747,-0.045758247,0.109136365,0.027328523,0.089131966,-0.012243679,-0.18451913,0.19198051,-0.0034310701,0.10838152,-0.12053784,0.14058422,-0.050759036,-0.013525059,-0.113907605,0.032226432,0.02762897,-0.003092649,-0.28334638,0.02616192,0.20250994,-0.16798757,-0.19219895,0.09096433,0.13724488,0.07723716,-0.12399458,-0.19988902
60,0.10892766,-0.014566969,0.20401084,0.13797,0.03216965,-0.07460961,-0.14118901,0.07033724,-0.074159734,0.022894876,0.09519196,0.17906347,0.15689537,-0.045250498,-0.16196235,-0.11546355,-0.028829614,0.07846127,-0.12802522,-0.11237842,0.031861965,-0.04641309,-0.08311243,0.04085503,-0.06874993,-0.012759125,0.028385276,0.13514382,-0.019052822,0.18436833,0.014207801,0.12883995,0.11499267,0.077591576,-0.17275846,0.039505504,0.14021903,-0.08733413,0.124538675,0.18523367,0.15070833,-0.016905466,0.00030574264,0.23325266,-0.03421094,0.12761964,-0.33241928,0.14441302,-0.031477332,0.09193523,-0.14283748,-0.13681498,0.08037213,0.0832732,-0.15159406,0.016466301,0.25490174,-0.09600927,-0.13614067,0.13619064,0.18681318,0.14891936,-0.1772001,-0.14351855
624,0.050661642,-0.07314604,0.22562777,0.1861886,-0.048586592,0.03273695,-0.15572454,-0.04015618,-0.13194194,-0.06877642,0.10184734,0.19889703,0.26044467,0.07201557,-0.0956346,0.048699353,0.096298255,-0.00043778092,0.0057240534,0.0123551665,0.08432667,-0.06350614,-0.08144749,-0.09732343,-0.15993229,-0.08002838,0.054748125,0.21699342,0.08570207,0.16760239,-0.003677022,0.0065178894,0.08558857,0.101394646,-0.15626723,0.07229075,0.07221326,-0.052489445,0.14419755,0.050828993,0.1448936,0.031803984,-0.14370576,0.17800422,0.0539018,0.06998392,-0.2299059,0.14793894,-0.06480093,0.095541336,-0.06078822,-0.029214356,0.17470992,0.07198556,-0.083925284,0.01665827,0.31011218,-0.090745196,-0.19873577,0.1253798,-0.056069765,0.030813076,-0.2118218,-0.24772938
486,0.08392738,0.042034503,0.17255373,0.27900293,-0.09938642,0.05870821,-0.15228021,0.10031648,0.11641222,0.09026968,-0.108513184,0.050792374,0.15645368,-0.02882457,-0.19852659,-0.090406,0.028025994,0.05984312,-0.21608366,-0.2462054,0.12283344,-0.09835699,-0.09439285,-0.07011242,-0.17743036,-0.22460145,0.025977382,-0.036977924,-0.003438806,0.079778604,-0.04898815,0.1551195,0.0659251,0.21635486,-0.16474132,0.008066558,0.13869886,-0.1091134,0.025042485,0.18510988,0.06580113,-0.066027485,-0.068835236,0.115614675,0.19634789,-0.040577583,-0.059472986,0.082589194,-0.22567917,-0.0915902,-0.10900983,0.050915297,0.09498049,0.06686248,-0.0797982,-0.08060803,0.07537355,-0.103484794,-0.09053961,-0.002900279,0.15197374,0.019766584,-0.25489923,-0.16129577
493,0.055395648,0.029852211,0.30132714,0.05873798,-0.19146815,0.120452784,-0.047270447,0.07626453,0.109945886,0.1773424,0.23007454,0.18013634,0.1441212,-0.03993077,-0.04256525,0.20962007,-0.043711048,-0.07842708,-0.25083828,-0.25795457,0.059898417,-0.005035044,0.022513188,-0.013363645,-0.05511403,-0.09515664,0.0704574,-0.105745286,0.058478635,0.019078013,0.14107157,0.080558024,-0.022566572,0.08975345,-0.15521318,0.1546709,0.0112609025,-0.051497024,0.12568499,-0.043064196,0.13624515,-0.02839074,-0.17972843,0.23278393,0.062095642,0.16703005,-0.09857333,0.079000205,-0.07225947,-0.09593374,-0.11485297,0.14981465,-0.09577335,0.12325225,-0.17036343,-0.13092814,-0.053389065,-0.039207455,0.12533586,0.055474374,0.12699555,0.15171513,-0.1341298,-0.117548555
165,0.063268855,-0.15326501,0.049193185,0.07511032,-0.19663054,0.061136875,-0.014200861,-0.016499326,-0.23416558,-0.1270103,0.050851367,0.04497912,0.121332005,0.13648832,-0.073963895,-0.030559972,0.03887356,-0.18426827,-0.051171813,-0.06175893,0.011305241,-0.01164802,-0.09589885,-0.061675593,-0.18409753,-0.0020318427,0.063958,0.07311963,0.004219663,0.02911521,0.008579609,0.12507308,-0.1919693,-0.018887984,0.080003954,0.1868901,0.26646957,-0.04475421,0.08469541,0.035452593,-0.05377074,0.034737144,-0.019561589,0.050835494,0.09170554,-0.109122135,0.0038584722,0.1403319,-0.31265295,-0.20477216,0.1230481,-0.17195503,0.15509696,0.0047182078,-0.16007304,-0.069433615,0.3696545,-0.26034847,-0.03338853,0.080298014,0.09331128,0.048408326,-0.112730786,-0.09713038
572,0.12837799,0.0020213139,0.24383014,0.02472714,-0.13421628,0.12207793,0.0061236857,0.0268609,-0.13487609,-0.09363873,0.24301888,-0.03224645,0.22047606,0.14521202,-0.1182809,0.028939296,0.08126312,-0.014487888,-0.058004685,-0.115794994,0.072346844,0.031045575,-0.15446132,-0.13297884,-0.2247909,-0.2074938,-0.06779705,0.028627157,-0.06335959,0.05375667,0.15852094,0.12462135,0.20532306,-0.035135906,-0.24265215,0.0010009534,0.10774947,-0.065367855,0.13947225,-0.1105873,0.101733536,-0.035222985,-0.01933607,0.13292642,0.017073385,0.027724564,-0.1326897,-0.0014777747,-0.07236397,0.009716003,0.02522831,-0.09940366,-0.15788214,0.018212814,-0.24305771,-0.092955574,0.14075321,-0.076758966,-0.049604144,0.1609563,0.04454089,0.11237499,-0.23466764,-0.26378953
358,0.18662672,-0.124336325,0.27757215,0.10657035,-0.12740408,0.183882,-0.13202111,0.0039177695,-0.17466071,0.007676983,0.20962855,-0.018462844,0.2480492,0.23198076,-0.048984688,-0.18146172,-0.028633738,0.08861002,0.027165562,-0.040060066,0.0026390464,0.1284128,-0.021407342,-0.27228478,-0.1965101,-0.18200102,0.0852228,0.024917267,-0.0775416,0.12843813,-0.12376971,0.09130321,-0.006713693,0.052735858,-0.29968792,-0.05395712,0.042108215,0.05482461,0.1560874,-0.023282563,-0.030415295,0.010706566,-0.00849847,-0.04961193,0.024734864,-0.023664635,0.096760295,0.084205076,0.037507653,-0.09101683,-0.03566554,0.10992634,-0.0995989,-0.017539686,-0.1403955,-0.046856374,0.026985649,-0.086800255,0.051812384,0.0459092,-0.0035948595,0.06405221,-0.26608813,-0.22541653
467,0.06710439,0.038893223,0.25700873,-0.018821064,-0.00927176,0.18344139,-0.13659707,0.106277876,-0.19031326,0.07495648,0.2701476,0.08803833,0.23454134,0.10728429,-0.10740922,-0.07586096,-0.04462939,0.03988316,-0.080304,-0.14075291,0.022394849,0.026609045,-0.21897024,-0.004851692,-0.048647467,-0.1741842,-0.04979441,0.070123084,-0.14213856,0.07550551,0.21454695,0.0508702,-0.002140293,-0.1180213,-0.31706217,0.026022216,0.17815462,-0.06016504,0.22278547,-0.11495932,0.0880754,-0.019613499,-0.10191727,0.10325399,-0.15346193,0.058388244,-0.24996062,0.04098058,-0.01714562,0.035234097,0.013924444,-0.08500094,-0.10245763,-0.024617117,-0.029772876,-0.17002127,0.029377962,-0.063849226,0.08524467,0.1410572,-0.0077403635,0.0792018,-0.1539119,-0.13499323
554,0.27394757,0.060440954,0.258168,0.023446573,0.022343071,0.1995985,-0.08544894,-0.041492008,-0.057250697,0.03464485,0.18775491,0.022265133,0.15354407,0.25492322,0.060053058,-0.13789813,0.041455258,-0.038348675,-0.19128962,-0.18129772,-0.067600206,0.008427665,0.08188759,-0.035799615,0.0425764,-0.14048569,-0.06104506,0.023516554,0.0057507697,0.2421684,0.06268283,0.13482599,0.09790911,0.04415444,-0.11465501,0.007618284,-0.054473273,-0.06284292,0.042272784,0.00390053,0.083315015,-0.087857544,-0.2566383,0.14838775,-0.067588456,0.15582271,-0.0029304642,0.20124115,-0.16022563,0.050781254,-0.17323378,-0.080117464,0.0067192474,0.020408167,-0.13743779,0.058884967,0.20131217,-0.12022603,-0.17933394,0.10845266,0.088984385,0.11864402,-0.15965998,-0.14896964
309,0.12552832,0.06338504,0.15007281,0.11965369,-0.045903634,0.1016928,-0.038095485,0.072326295,0.12206258,-0.09431309,0.15233853,0.058279097,0.14256719,0.045119114,-0.18459037,0.001363445,0.20388308,0.0038226286,0.03739676,-0.10427081,-0.061640933,-0.13187858,-0.042430487,-0.0811564,-0.094704464,-0.08846472,0.022976657,0.07219043,-0.047197625,-0.00417858,0.12245985,0.028290002,0.17883891,0.09894302,-0.06218324,0.21185979,0.11286685,-0.030989775,-0.06939802,0.19549479,0.13123624,-0.04065332,0.07640332,0.19689766,0.08430506,-0.052851655,-0.013845413,0.11829778,-0.1383232,0.054899197,0.037265196,-0.115898624,0.15165494,0.16911387,-0.185067,-0.030027054,0.45418462,0.026804185,-0.07629551,0.11755862,0.057030447,-0.10806886,-0.21742131,-0.21452472
310,0.15858296,-0.058230754,0.2060365,0.10819009,-0.094469704,0.07813504,-0.045178726,0.0060540778,-0.025499472,-0.05248538,0.1574417,0.12412062,0.18233849,0.075149,-0.14126909,0.10461696,-0.021119578,-0.034487847,-0.16947101,-0.08670409,0.040663864,-0.08494279,-0.19284505,-0.017485777,-0.15701815,-0.21362714,0.061155308,0.0911918,0.02147212,0.16517547,-0.060977403,0.16268665,0.13129501,0.18563624,0.04695904,0.06993383,0.22079274,-0.06527045,0.039402176,0.12016218,0.1131838,-0.022996642,-0.11876994,0.18969047,0.090853505,0.058112998,-0.2625073,0.13859935,-0.122651026,-0.034817368,-0.113642156,-0.10333083,-0.02141393,-0.048344597,-0.26504067,-0.10336205,0.12395312,-0.040473092,-0.059561063,0.09243785,0.15280297,0.07226047,-0.24471042,-0.17375596
67,0.13686498,0.011269533,0.28339818,0.17394343,-0.062156472,0.21982893,-0.033932045,0.0020156447,0.06705094,-0.020092666,0.104749605,0.10158793,0.16863853,0.047864087,-0.21499038,-0.039943118,-0.02126166,0.1383483,-0.03215904,-0.19514239,0.018933563,-0.09757892,-0.26616374,-0.058584377,-0.061328907,-0.16409555,-0.0316879,0.2584911,-0.12538666,0.15770356,-0.10145865,-0.060404968,0.092587836,0.06767688,-0.19943859,0.054288622,0.08403342,-0.0760854,0.16495799,0.060183708,-0.006911291,0.022752386,-0.31473547,0.1949339,0.05108077,0.027676063,-0.17470056,0.009755778,-0.020881338,0.022004677,-0.102283545,0.07307768,-0.00911222,-0.17061698,0.1230736,0.021023711,-0.00282571,-0.068652324,-0.05055698,0.024909688,0.117471226,0.15518098,-0.15664616,-0.11655946
73,-0.0068626176,-0.15677981,0.2456768,0.23425765,0.16274182,0.16492525,0.038818948,0.0048963646,-0.09282488,-0.13185123,0.1269627,0.08366856,0.16463098,0.15023221,-0.1025333,0.0071861944,0.114710644,0.0064514205,-0.000967893,0.035353202,-0.015845334,-0.048840422,-0.08855507,-0.15303063,-0.1627199,-0.16522811,-0.08226531,0.08364506,-0.08320955,0.24695,0.10819706,-4.3170567e-05,0.23571032,0.046202518,-0.20310907,-0.04182406,0.14868142,-0.0071972683,0.13500763,-0.14631543,0.16284046,-0.09750977,-0.16381219,0.09593241,0.0022811836,0.037001643,-0.24349944,0.08687718,-0.003971149,-0.039482147,-0.0788115,-0.017361812,0.06686352,-0.06290948,-0.18379623,-0.019851187,0.21960035,0.05790005,-0.13840696,0.11481166,0.03648174,-0.021683594,-0.2125903,-0.12526706
398,0.06863526,-0.012517155,0.3505372,0.1228535,-0.14374086,0.16175634,-0.055051096,0.15546231,0.13050115,-0.006346709,0.2174584,0.13117759,0.2691731,0.08550953,-0.1646119,0.07179294,-0.15563422,0.09191221,-0.092882246,-0.06522168,0.09562384,0.06511162,0.039079245,-0.04580435,-0.058329675,-0.001837696,0.17485195,0.0652236,-0.0017746708,0.040851068,0.08968592,0.096595064,0.05600329,-0.0056623383,-0.18294945,0.22199202,0.12641938,-0.04786978,0.13654925,-0.14347607,0.114320606,0.0024173064,-0.053698476,0.17709692,-0.090880476,0.09176317,-0.09483326,0.0034749687,0.09024428,0.055376302,-0.050925527,-0.067483775,-0.07690503,0.20774202,-0.074526906,-0.084789015,-0.04881914,-0.090961345,0.05383646,0.19369677,0.056806825,0.079969235,-0.16661626,-0.29095408
99,0.0036447123,0.013360436,0.13156709,0.2458602,0.120712705,0.02821443,-0.0917915,-0.03493217,0.019133499,-0.095453344,-0.0454649,-0.053484056,0.18264657,0.12066392,-0.17117429,-0.09091385,0.004566709,8.628065e-05,-0.076639295,0.0030137396,0.08043862,-0.05936532,-0.16112325,-0.08720656,-0.2540421,-0.3077326,0.021633083,-0.10921943,-0.10214646,0.109736644,-0.15971942,-0.03068132,0.040784832,-0.011054522,-0.33565074,0.20461343,0.21464694,-0.08392856,0.09386321,0.029480461,0.08867481,-0.11999912,-0.065593414,-0.22324187,-0.11488572,-0.13833971,-0.12057532,0.03537051,-0.11118486,-0.11036119,0.024929402,0.10090356,0.13768671,-0.01576065,-0.042566504,-0.022288412,0.15631378,-0.089948155,-0.12485759,-0.004142129,0.06419982,0.050121054,-0.22641253,-0.1435128
433,0.10846403,0.00012608936,0.1729909,0.003714818,0.03517474,0.05646626,-0.2785235,0.049811542,-0.26002148,0.03354789,0.060601324,0.2206881,0.17005518,0.057762504,-0.07734611,-0.08806504,0.05929447,0.06009009,-0.07078276,-0.0036069287,0.0016977345,-0.12864166,-0.08582661,0.027056362,-0.07771877,-0.09380277,0.24876226,0.09217852,0.07229881,0.11717946,0.05880501,0.06658369,-0.007563119,0.18610752,-0.1374392,0.1191052,0.17904319,-0.13603364,0.09482092,0.15362108,0.11768922,-0.07387892,-0.12943494,0.11550761,-0.006848652,0.108920425,-0.16693725,0.13532944,-0.08091081,0.022750482,-0.09776376,-0.10333073,0.14213817,0.003013909,-0.124219514,0.045342956,0.28017187,-0.09009722,-0.08831892,0.2028749,0.044859145,0.072044805,-0.22188796,-0.20594928
633,0.1518012,0.06357107,0.13841048,0.19932675,-0.16645563,0.031082198,-0.25126013,0.07094781,-0.04865455,0.0836678,0.16021122,0.0829514,0.25103393,-0.048117053,-0.06484339,-0.034403343,0.022567492,0.09511396,-0.006801799,0.09471176,0.07155897,-0.020719532,-0.27228442,0.004407739,-0.12095131,0.005144326,0.08908307,0.1910671,0.031386293,-0.028260682,-0.13753352,0.0030710513,0.15862003,0.017145446,-0.17324397,0.23759273,-0.117195256,-0.059285738,0.11663641,0.06483651,0.06485779,-0.005584675,-0.16779831,0.019283192,-0.26471344,0.0049636085,0.0070908256,-0.08952831,-0.10432098,-0.012775208,0.1731284,0.059050277,0.23763862,0.061113644,0.009473285,-0.021223199,0.2426558,-0.09257324,-0.041141383,-0.019951893,-0.036665864,-0.14604983,-0.12555894,-0.23520608
568,0.032243036,-0.025485234,0.30196896,0.13804083,-0.20341459,-0.0871539,-0.06163412,0.29757756,-0.037140604,0.0894374,0.1359074,0.008993618,0.25346017,0.0063869394,-0.1534174,0.055504557,-0.017040893,0.05165212,-0.021287782,-0.24382891,0.0892057,-0.03544939,-0.06017196,-0.07520531,-0.11310674,-0.14774029,-0.030309167,0.06528984,0.010447775,0.08290642,0.10909011,0.13849217,0.09377676,0.08705813,-0.25514817,0.017342554,-0.0045703514,-0.0126256,0.10482895,-0.17446727,0.047436025,0.0028775346,-0.064828314,0.18134832,0.02199713,0.12182135,-0.17927313,0.047189306,-0.040534414,0.13064726,0.018759243,-0.02845946,-0.05781925,-0.012964419,-0.12771378,-0.14789864,0.16529472,-0.14093187,-0.050446354,0.13472103,0.08344526,-0.015272756,-0.12450275,-0.32268944
71,0.017186508,0.036881868,0.2110109,0.1862085,0.12879851,0.16108988,-0.014542342,-0.05838182,-0.048621148,-0.092585735,0.072303325,0.038462814,0.21625373,0.23160152,0.0203213,-0.052485175,0.038465355,-0.067589186,-0.036317855,-0.183311,0.011122092,-0.0069200327,0.14618553,-0.0989528,-0.0338028,-0.21051317,0.12641686,0.010889934,-0.05334326,0.21095729,-0.0015218259,0.120168,0.10305482,0.021896675,-0.19665715,-0.07554986,-0.048461895,-0.1291232,0.054809492,-0.0133405235,0.04031084,-0.11730231,-0.18668348,-0.020701122,-0.04005355,0.022223711,0.09871763,0.110718854,-0.1946158,-0.044247385,-0.0709742,0.025595132,0.18828657,0.15212722,-0.010140209,0.27078658,0.2245626,-0.10876824,-0.21232387,0.022181718,0.119169556,0.09140021,-0.19660577,-0.23890772
132,0.2739232,0.036061566,0.22777307,0.15559253,0.09059525,0.111366406,-0.15257117,0.049302552,-0.024147289,-0.11615676,0.14509228,0.09058037,0.12712951,0.0572529,-0.06763963,-0.0030599935,0.089791596,0.019573748,-0.026102044,-0.14299592,-0.058286536,-0.03599163,-0.075775824,-0.043245956,-0.03334863,-0.21270601,0.004920907,0.13420227,-0.041034635,0.15052432,0.11358121,0.06953932,0.15066588,0.04408631,-0.101017386,0.19380042,0.18093167,-0.08217493,0.09670639,0.12566744,0.15445364,-0.08829502,-0.049802538,0.13401414,-0.03088524,0.060913317,-0.09129993,0.10913357,-0.16528063,0.02506162,-0.11571557,-0.19757332,0.028608754,0.049315576,-0.17075728,0.006003963,0.34583184,-0.07169004,-0.15061042,0.16204597,0.16450334,0.04108449,-0.17741656,-0.15744004
41,0.118008144,0.019190963,0.24494192,0.042027496,-0.10799852,0.18932493,-0.20937368,0.102368735,-0.023721129,0.024230218,0.3021714,0.256943,0.1978526,0.08193168,-0.014228182,0.034628563,-0.048674237,0.14151299,-0.17048414,-0.11260685,0.08094501,-0.094416484,-0.12000343,-0.01589511,-0.14597555,0.07718449,0.09543352,0.04266695,0.026644481,0.059308082,0.059749246,0.16531542,-0.023932805,0.09391375,-0.07070451,0.2178463,0.14491534,-0.012211415,0.2189078,0.01575539,0.19462508,0.07347318,0.007985078,0.08471294,0.0020139061,-0.012646402,0.044065688,0.09019826,-0.04823145,0.062626034,-0.10002617,0.06732751,0.016539887,0.15062512,-0.07167081,-0.23590131,0.08534764,-0.039962545,-0.13139828,0.17411877,-0.019835308,0.0007122079,-0.23854758,-0.19641104
446,-0.044890724,-0.059351083,0.24999392,0.054623824,-0.06324488,0.11351985,-0.022485305,-0.0013516295,0.0548199,-0.011818521,0.059721075,0.19968909,0.20631033,0.14781424,-0.1547691,-0.018975865,0.019200055,0.014937432,-0.17365144,-0.049992803,0.15196274,-0.036957208,-0.06773141,-0.052857496,-0.27323532,-0.10348845,0.0016312691,0.12892096,-0.05753421,0.11952581,0.050764244,0.14416403,0.05820774,0.029326048,-0.31253746,0.078674845,0.09656267,-0.12930402,0.017189581,0.005467507,0.11816803,-0.09715017,-0.109237805,0.11231829,0.027710099,0.0750536,-0.11429663,0.14138502,-0.15315701,-0.12824145,-0.1278408,-0.014824092,0.0524012,0.04405597,-0.2240172,-0.023330607,0.051268995,-0.0955016,-0.16506661,0.27570632,-0.0017623481,0.11946495,-0.23027095,-0.22838221
329,0.008573164,-0.068968244,0.29102778,0.1068177,-0.16277386,0.062215142,-0.06164904,0.029573476,-0.13150358,-0.0355213,0.14824982,0.17101018,0.09238352,0.04083298,-0.08716578,0.064230815,0.20016322,-0.15043463,-0.038152944,-0.16214354,-0.012194101,-0.09557969,-0.24276978,-0.16086677,-0.07087988,-0.16023608,0.15403841,0.20057997,0.074208304,0.02713717,-0.05306854,-0.02930564,-0.076799065,-0.038699124,-0.1736896,0.17886023,0.039208274,-0.0994328,-0.019527381,-0.12791833,0.1562784,-0.15477788,-0.21516705,0.10821762,0.19142579,0.08269277,0.021014264,0.13122506,-0.077645,-0.18685338,-0.07214366,-0.17031841,0.040772602,0.112867214,-0.040508192,-0.13752428,0.17200103,-0.0961118,0.068477936,0.17865701,0.036640055,0.08942605,-0.14644809,-0.040219557
536,-0.014075941,0.07379765,0.2534492,0.23464449,0.026755812,0.15425017,-0.023582002,0.062072475,0.0050847623,-0.05798419,0.17393853,0.12552714,0.27290392,0.14382431,-0.13491769,-0.019775715,-0.24817598,0.04141654,-0.15866725,-0.067892544,-0.021687804,0.077688694,0.10116043,-0.056382015,-0.024335789,0.008624845,0.27340302,-0.034886163,0.056619022,0.09648325,-0.0075569814,0.078364216,0.035409484,0.007256229,-0.0323648,0.23125924,0.10610872,-0.020855652,0.19775309,-0.036051568,0.093578316,0.1060939,0.062440593,0.16837668,0.0016895361,0.012471576,0.052652493,0.11177603,0.019649949,0.07886653,-0.0819697,-0.107705325,0.08685424,0.246369,-0.14088826,-0.01490262,0.14522256,-0.12678555,-0.10551405,0.13141827,0.09173799,0.09155888,-0.15131538,-0.2837406
520,0.11421274,0.18150584,0.22809492,0.116301805,-0.060409613,0.13067622,-0.24365522,0.09246514,-0.0127383405,0.09361705,0.23570885,0.16408274,0.1487047,0.0233263,0.0021258886,0.04360057,0.01567107,0.09267436,-0.22499844,-0.21035275,-0.024524074,-0.085055925,-0.08126687,0.028665775,-0.011580878,-0.05654244,0.19245254,-0.11587861,0.06835313,0.004329206,0.08502667,0.109063774,0.08922421,0.1638009,-0.05029963,0.1584607,0.09725265,-0.01884955,0.23650727,0.061018568,0.15391567,0.034738973,0.0026237043,0.15908913,0.0874652,-0.021058787,0.06601747,0.10491258,-0.03537117,0.04713922,-0.09826175,0.028200932,0.08825995,0.21737881,-0.05122885,-0.14500225,0.16026315,-0.044885907,-0.18709911,0.07752409,0.10581114,0.04393918,-0.23012687,-0.23295824
189,0.005989338,0.10695189,0.2653924,0.08467976,-0.17407173,0.07601375,0.024499126,0.053800873,0.040425334,0.1177605,0.2134386,0.26304576,0.24920115,-0.0037138998,-0.08931271,0.14586896,-0.1546761,-0.009317145,-0.24055745,-0.21435413,0.091290735,-0.0830891,-0.115230456,-0.0066374033,-0.09133523,-0.05084953,0.07742478,-0.07688173,0.03031029,0.036893558,0.13953502,0.102886625,0.15554541,0.0023006252,-0.124596976,0.12187922,0.108380854,-0.086927556,0.08017434,-0.087575324,0.087968476,-0.032446336,-0.21135393,0.10947647,0.00057499006,0.155312,-0.12802584,-0.03668344,-0.04538471,0.019154284,-0.028622486,0.14379364,-0.055576414,0.18543184,-0.1310661,-0.0025677355,0.11602188,-0.08794792,-0.157171,0.09385499,0.08733469,0.07592016,-0.17498372,-0.25610298
447,-0.0267446,-0.07605559,0.31280175,0.19577947,0.015074911,0.20886278,-0.014461895,0.077667445,0.015436077,-0.052164447,-0.00037843158,0.10725648,0.1836406,0.17470576,-0.04272693,-0.02519851,0.07522564,-0.0058451844,-0.10649339,-0.27093863,0.057606332,-0.10132001,0.05530428,-0.1155901,-0.1601969,-0.23151061,-0.052870054,0.16661507,-0.1269663,0.21103908,-0.029737795,0.0762534,0.07942108,0.13945809,-0.19984326,-0.025528407,0.027935345,-0.04270361,0.069142185,-0.014098157,0.049001426,-0.092296824,-0.15274782,0.020017756,0.17582548,0.07464423,0.2181308,0.20534642,-0.22888184,-0.068815,-0.13564111,-0.0249078,0.06193391,-0.049068317,-0.06483616,-0.077903315,0.019037578,-0.0468154,-0.12662092,0.06337068,0.05228362,0.04729314,-0.22162966,-0.15581737
209,-0.039231945,-0.2071954,0.32094583,0.027948359,-0.17615677,0.06742475,-0.14153068,-0.13296324,0.20396373,-0.024801156,0.23278402,0.0799032,0.09415842,0.03947293,-0.06356829,-0.01507098,-0.08881914,-0.10230074,-0.06039801,-0.04107687,0.075682566,-0.086971425,-0.16161372,-0.059053957,-0.06243907,-0.046181086,-0.15339604,0.3468311,-0.1421295,0.14556019,-0.050156683,0.0067481846,-0.08871097,-0.05808797,-0.11580195,0.056444637,0.06910804,0.055387545,0.15349425,-0.098838106,-0.03820679,-0.03983548,-0.20152144,0.11894393,0.049617913,-0.05460331,-0.11491809,0.101339824,-0.17866969,0.07073026,8.795829e-05,0.13272722,-0.16837317,-0.116983525,-0.09363617,-0.24153724,-0.12381731,-0.07227028,0.018791271,0.08336819,0.11286211,0.14538693,-0.13935357,0.0031028474
558,0.08246746,0.065845534,0.1280879,0.25419688,0.051598024,-0.027132198,-0.19526327,-0.059740767,-0.0532336,0.01799256,-0.029443048,-0.01134839,0.15216672,-0.02643299,-0.14736575,-0.117613815,-0.058280572,0.10096098,-0.09093677,0.029339734,0.033005048,-0.028476303,-0.008206401,-0.05547515,-0.113640144,-0.10610667,0.15221365,0.055968482,0.0007405963,0.06473055,-0.060505208,-0.01698587,-0.025423259,0.039902,-0.28064737,0.13449545,0.10560673,-0.0832798,0.1414548,0.27118427,0.091300316,-0.01830015,-0.07772259,0.09121562,-0.2035208,-0.022439474,-0.22378281,0.17998046,-0.12003367,-0.12900582,-0.059517507,0.1348117,0.10146031,0.01841078,-0.15664057,0.121915124,0.32616648,-0.19497229,-0.124356695,0.061953705,0.05974559,0.14297608,-0.17442438,-0.18361959
399,0.08328365,0.12176457,0.17685376,0.11158096,0.14441325,0.06460887,-0.07473082,-0.15900299,-0.070801884,0.12352623,-0.005276354,0.065437816,0.19657275,0.207671,-0.113451,-0.12778465,0.048420258,-0.1302371,-0.025680084,-0.10384436,-0.0938127,-0.069223516,0.14788228,-0.09946286,-0.04249805,-0.1431899,0.018015463,-0.11266886,-0.030784851,0.03754114,-0.082863875,0.0073197354,0.07350449,0.112036094,-0.23211466,-0.008934605,-0.005518685,-0.086023286,-0.10485351,0.034987204,0.01623848,-0.2068065,-0.14776616,0.103793874,-0.016242512,0.09196659,-0.11436896,0.05656665,-0.028549597,0.16598302,-0.08081963,0.105161935,-0.0073742555,0.20507425,-0.15820038,0.31504765,0.26522583,-0.10995653,-0.0803671,0.029254423,0.1597082,0.16189677,-0.20082839,-0.18974577
313,0.018194014,-0.15815796,0.21136905,0.3538578,0.087333634,0.118106835,-0.06553756,-0.07490667,0.15648273,-0.0042417566,-0.11964853,-0.027067406,0.107852936,-0.0022999262,-0.094334655,-0.08024241,0.0861458,0.053027105,-0.1088966,-0.041784786,0.079087816,-0.042215616,-0.14619379,-0.14138697,-0.063295394,-0.096170925,0.0021684084,0.1470093,0.014439745,0.29534793,-0.1487911,0.03365798,0.07441732,0.13107575,-0.3288522,-0.016731793,-0.114097044,-0.15485148,0.08045422,0.0035103587,0.122155175,-0.15160033,-0.36390203,0.036893364,-0.064774685,0.079255655,-0.027530376,-0.048572227,-0.14434844,-0.108753905,-0.03298325,0.09544022,0.20022684,0.045991533,0.052581,0.022700131,0.10848861,-0.08915707,-0.07819235,0.039042104,0.062363114,-0.02338359,-0.08809363,-0.011055016
734,0.080089465,-0.07567437,0.33771163,0.12209308,-0.03497787,0.07723709,-0.12915212,0.06301378,-0.11209824,0.035237342,0.0537589,0.0898435,0.11653898,0.07364369,0.0047311997,-0.25606188,0.09089066,0.006190683,0.042346966,-0.32538852,-0.040770177,0.0053993193,0.035149068,-0.21668404,-0.048094824,-0.10500316,0.006652682,0.04210327,0.007135599,0.08248408,0.019949272,0.21673153,-0.059271786,0.058603276,-0.32821205,-0.027793264,-0.061234888,-0.0005607282,0.043750826,-0.1022016,-0.00029038492,-0.11265335,-0.1421258,0.0065626116,0.12640616,0.040685277,0.16448154,-0.019768285,-0.13698168,-0.060749926,0.015933868,0.10031015,-0.1610678,-0.0042154267,-0.16426875,0.01849927,0.22101462,-0.06129022,0.0042798202,0.11790227,0.250585,0.005043616,-0.18617259,-0.16384357
647,0.21204083,-0.038980443,0.21750048,0.04024768,-0.030704565,0.058534537,-0.19027501,0.094075255,-0.25156802,0.04191908,0.25680557,0.19609877,0.09603482,0.02826883,-0.038888413,-0.013743336,0.21096915,-0.044043537,-0.118225366,-0.19280815,-0.103902765,-0.025437988,-0.33986133,-0.029278804,-0.019825108,-0.19750524,0.105561316,-0.057088442,0.060273338,0.096915305,0.15909319,0.0045130723,0.0019184268,0.036598325,-0.06931676,0.10197189,0.10815971,-0.053474456,0.19189085,0.028041814,0.20167886,-0.083103396,-0.084107816,0.11229654,0.022601036,0.009663392,-0.16416772,0.11553055,0.024305912,0.032906838,-0.07952431,-0.1630109,-0.021973679,0.06924406,-0.0027745792,-0.124502845,0.20929068,-0.04262975,0.022756455,0.032483477,0.17338935,0.10334764,-0.19009683,0.011012606
323,0.033834364,-0.06231628,0.31520352,0.13476545,-0.04282268,0.12650973,-0.04924196,0.08272693,-0.21427391,-0.15446618,0.28592074,0.16787289,0.21782494,0.14237157,0.020675136,0.19639637,-0.016607517,-0.006235834,-0.14934917,-0.12813617,0.08515059,-0.08975966,-0.020111086,-0.08049635,-0.16732427,-0.06817264,-0.06685888,0.19139448,0.031121586,0.20069054,0.021265835,0.14078066,0.078224145,-0.053904455,-0.03407045,0.11304457,0.10043558,-0.0656056,0.11127204,-0.12029899,0.144511,-0.050484627,-0.12502472,0.0051532956,0.076980494,0.10009198,-0.13201372,0.10488323,-0.17577554,-0.08061846,-0.07378967,-0.06692533,0.003959061,0.033291478,-0.13000281,-0.07843776,0.1540122,-0.063996315,-0.077959724,0.12674537,0.106592536,0.062656015,-0.23158643,-0.17142941
152,0.15137926,0.14328825,0.17084485,0.058251496,-0.038984887,0.13057348,-0.079903975,-0.009811933,-0.15951627,0.10482666,0.16646312,0.028427858,0.21305119,0.106482044,-0.05618164,-0.26255307,0.022985104,-0.034580857,0.031858586,-0.23543788,-0.14120835,-0.033791296,-0.0789385,-0.15684636,0.048356317,-0.06684849,0.0048421323,0.046920847,-0.13600129,0.09120604,0.06407525,-0.037131093,0.14074202,-0.041612893,-0.149765,0.104481965,0.025462292,-0.036975984,-0.039822415,0.09102167,0.008029644,-0.108062334,-0.16818987,0.008881446,-0.10949361,0.17220844,0.03789954,0.036843218,0.0034044527,0.10513319,0.08017715,0.0005484485,-0.037842877,0.24849401,-0.1154556,0.2623319,0.39548835,-0.06391395,-0.09869879,0.025378237,0.12387813,0.082484365,-0.14703326,-0.15793212
179,0.1059497,0.036658294,0.18225546,0.09367536,-0.18635327,0.20819081,0.16924909,-0.0961295,0.058314692,0.13096659,0.10820203,0.11687926,0.28514576,0.097392336,-0.16592112,-0.07918118,-0.15381329,-0.04876924,-0.09854716,-0.2179605,-0.017760247,-0.19143067,-0.118955694,-0.11000224,-0.09207782,-0.16720413,0.013370782,0.067215696,-0.105218686,0.09079782,-0.09111429,-0.009396555,0.12884,-0.0557428,-0.08160413,0.08847625,0.13579266,-0.12841877,-0.09865297,0.0612447,-0.053176478,-0.041769657,-0.37564567,0.10575044,0.041973423,0.11664443,-0.017929513,-0.007773598,-0.032383982,0.07538451,0.03996535,0.14245607,-0.065454185,0.010653992,-0.101452515,0.107497744,0.21022746,-0.16564536,-0.095784485,-0.011551721,0.061113976,0.082535625,-0.12804429,-0.16026829
208,0.10044831,-0.023877993,0.2826325,0.16321567,0.0028496955,0.13649997,-0.10444166,0.043163687,-0.12002807,-0.035985168,0.201973,0.19922169,0.28177905,0.107806124,-0.08911668,0.09864861,-0.021185072,-0.059190627,-0.13542971,0.05888931,0.07740113,0.004329346,0.042506464,-0.09736827,-0.12831646,-0.046677217,0.04342961,0.12848365,-0.030869355,0.14358711,0.18081062,-0.0024584876,0.120836735,-0.0047366163,-0.16904525,0.09378048,0.10944341,-0.020795623,0.20838052,-0.03220051,0.15872818,0.04336636,-0.09287045,0.17633355,-0.011906786,-0.010812202,-0.19081427,0.112561174,-0.10555176,0.012624538,0.0044858186,-0.07444283,0.059839457,0.10382314,-0.110817984,-0.047754396,0.30026445,-0.05098301,-0.114087634,0.10181264,-0.08906131,0.015285416,-0.23523775,-0.24847691
134,0.15757085,0.014613831,0.32417136,0.047803424,-0.33319768,0.021600926,-0.092925444,0.1400467,0.24625178,0.17546543,0.26325312,0.055716977,0.1955731,0.027914748,-0.11440593,0.064920284,0.03792977,-0.09878557,-0.16863605,-0.2294434,0.074724555,-0.01993492,-0.08424412,-0.08321661,-0.01698239,-0.08511956,-0.027362214,-0.0004617075,-0.095301636,0.06221045,0.02366418,0.14284413,0.079452395,-0.05920492,-0.07021443,-0.013585585,0.0278906,-0.024083652,0.00842874,-0.096231334,0.07518358,-0.0026676634,-0.14205697,0.084485404,-0.17857043,0.05101788,-0.020709712,0.15221767,-0.14132485,-0.04966793,0.04567992,0.0744851,-0.14133157,0.18375741,-0.09937475,-0.1005129,0.114794336,-0.12966003,0.047169477,0.019262442,0.14613542,0.0320729,-0.20095684,-0.1933008
480,0.0001445643,0.03956561,0.29268688,-0.00035799373,-0.10097717,0.06742025,-0.0825356,0.08013175,0.09990904,-0.06667185,0.10455976,0.20239425,0.25332764,0.12914066,-0.14656946,0.1080746,0.12576734,0.0075504687,-0.074894965,-0.19699278,0.071718924,-0.13334385,-0.14103073,-0.08101494,-0.14622726,-0.07803186,0.038794678,0.13669117,0.03319166,0.13086534,0.06971354,-0.035604216,0.071348734,0.23784842,-0.14220195,0.10289263,-0.119358994,-0.11056178,-0.03109215,0.006806505,0.07537042,-0.012756532,-0.112434305,0.16491058,0.05595866,0.036792062,0.06532936,0.16114157,-0.19839703,0.08818415,-0.01770296,-0.04805735,0.047585532,0.06321203,-0.11170438,-0.056560494,0.22876982,-0.07719455,-0.08332684,0.21852459,-0.01852781,-0.019471778,-0.22121486,-0.2967678
714,0.08184755,0.049447283,0.28456077,0.08966908,-0.06260924,0.04402775,-0.16936086,0.059511434,0.07361097,-0.019165255,0.053603504,0.08053763,0.120376356,0.13096769,-0.05322382,-0.07574755,0.20032574,-0.1246558,-0.1206304,-0.14373766,0.04097054,-0.055583466,0.02494952,-0.0700062,-0.090773255,-0.1729343,-0.00060107844,0.03824518,-0.044881236,0.08930076,-0.06245395,0.08631663,0.11109207,0.13120471,-0.17895268,0.27089095,-0.0988019,-0.03206728,-0.10241756,-0.06873357,0.13514264,-0.04959458,-0.144475,0.040973727,0.062701404,0.07400565,-0.0019361041,0.18968616,-0.06173832,0.024669405,0.09265831,-0.26316062,0.15330914,0.2501805,-0.16299263,-0.093098134,0.25497195,0.018213112,0.05493049,0.14145546,0.10722359,-0.034834806,-0.22437757,-0.2040349
631,0.13253269,-0.021767737,0.2515594,0.0670798,-0.0354861,0.10883208,-0.09115016,-0.07842361,-0.12339195,0.022691566,0.23848031,0.08440663,0.24837261,0.14185315,-0.09765293,0.052148245,-0.004815747,-0.026449323,-0.13872072,0.040541306,-0.005059802,-0.09643836,-0.13341163,-0.07470806,-0.16632755,-0.15380712,-0.064203456,0.18236566,-0.061432816,0.20245142,-0.0049124267,-0.0075714695,0.21764447,-0.107465774,-0.16082504,0.071085565,0.12934852,-0.047338895,0.180203,0.0073604863,0.055984635,0.016192773,-0.14838888,0.10538307,-0.0005309641,0.18847549,-0.113511585,0.10494248,-0.018409047,0.1933491,-0.02652921,-0.036814615,0.013130024,-0.022387167,-0.17143263,-0.049768604,0.21288702,-0.097612076,-0.19242266,0.16564642,-0.063587576,0.12141014,-0.17640331,-0.21479885
463,0.09970539,-0.100203045,0.37839118,0.11663465,-0.074012905,0.07678489,-0.12406611,-0.074491054,0.2149297,-0.028537681,0.16638353,0.054957986,0.07941579,-0.03139413,-0.046277348,0.028605284,-0.116993256,-0.042357434,-0.15915604,-0.17912266,0.052563995,-0.05370872,-0.06773379,-0.026171518,-0.052128013,-0.14913152,-0.19951989,0.26630294,-0.12850355,0.06829995,-0.011291978,0.008039001,0.12028339,0.059979018,-0.15244769,0.11053876,0.033823214,0.022482678,0.09819536,0.066748664,-0.0010267083,-0.08847285,-0.19332942,0.14737403,0.1841686,0.0804074,-0.10951596,0.056718957,-0.068454154,0.0072495285,0.011445467,0.09058331,-0.24834535,-0.114422396,-0.13928872,-0.21304591,-0.037373792,-0.019075334,0.01486006,0.09551493,0.24114847,0.18010901,-0.12116497,-0.035825383
639,-0.0115593,0.013585991,0.15803152,0.1427162,0.04989696,0.14645067,-0.12532744,-0.06771906,0.06808414,-0.0044528604,0.071102545,0.19155265,0.14168464,-0.016253132,-0.19587575,0.058870994,0.027800543,0.07543621,-0.04890511,-0.010349402,0.00039514003,-0.06254963,-0.07316496,-0.12136686,-0.21635424,-0.28986427,0.10845963,0.022162318,-0.017758125,0.022452034,0.05955994,-0.033982523,-0.11689176,0.1688982,-0.13340445,0.08996173,0.231577,-0.026334198,0.089458846,0.15629487,0.11171227,0.058063637,-0.13918012,0.27635732,-0.105058976,-0.04627181,-0.011366932,0.17667076,-0.23024897,-0.08753294,-0.14524116,0.11636269,-0.09969896,-0.11588192,-0.23699681,-0.06100381,0.09316962,-0.02679425,0.061886743,0.19472443,-0.00478205,0.015163137,-0.21032259,-0.18659526
586,0.15531576,0.15076602,0.14339043,0.02470265,-0.0045126546,0.13603006,-0.056830343,-0.036077727,-0.17476447,0.0929873,0.20455432,0.16494897,0.28477308,0.10695195,-0.047364034,-0.18900669,-0.14294559,-0.014368629,-0.13116427,-0.09626927,-0.11116945,-0.1297271,-0.029403051,0.02634257,-0.017117498,-0.021763414,0.09718199,0.10097928,-0.07294991,0.1099059,0.07687777,0.05703553,0.20999743,0.064289905,-0.1702623,0.07264888,0.08687426,-0.04707591,0.030918239,0.12138614,0.0434052,-0.047040693,-0.113403216,0.1404029,-0.031389832,0.16654344,-0.033390827,0.08191532,0.02578834,0.23060282,-0.04514422,-0.08893229,0.03647318,0.09868226,-0.25268644,0.09340712,0.28940248,-0.04820451,-0.20311847,0.09893197,0.006570153,0.036454517,-0.18915863,-0.20608163
516,0.14674897,-0.07808891,0.21227361,0.09364153,0.029699065,0.16440041,-0.093821466,-0.015795575,0.06608229,-0.033742357,0.09559532,0.16719443,0.17883618,0.2498146,-0.09280066,0.10145926,0.08194416,-0.09877388,-0.04045019,0.021749442,-0.025591513,0.038463686,-0.14279397,-0.03461985,-0.084389575,-0.07840345,0.09806519,0.19306162,-0.1313042,0.14042671,-0.0602263,0.09532316,0.086754784,0.20742208,-0.062895104,0.08775235,0.16497217,-0.02485994,0.009755191,0.12916704,0.07504234,-0.16000125,0.00912394,0.080290146,0.06922107,0.05384895,-0.15604337,0.28303108,-0.097997546,-0.13087137,-0.16182698,-0.091688626,0.12158096,0.06284127,-0.20606251,-0.050189007,0.24750566,-0.06740494,-0.19871764,0.09068552,0.03879767,0.091944724,-0.21819165,-0.14387351
262,-0.18828566,-0.054960057,0.2802096,0.06354382,-0.111121714,-0.06081597,-0.0977939,-0.009214919,-0.07231946,0.03788997,0.14998643,0.030333413,0.15786663,0.113327764,-0.10735739,0.0965263,0.016599592,-0.0070264298,0.03884576,-0.0931609,-0.015307345,-0.02593326,-0.11270418,-0.04746432,-0.09812826,-0.14190952,0.075456984,0.28870308,-0.06641103,0.089617945,-0.101234,0.103729546,-0.0832372,-0.08211612,-0.23473538,0.19470707,0.034687582,-0.03803771,0.047256667,0.04469559,-0.030439924,-0.09608022,-0.04408147,0.036532745,-0.07072137,0.2135791,-0.10112856,0.21045841,-0.08441138,0.0081416555,-0.004517932,0.00034673585,0.1045287,0.15419732,-0.15237646,-0.0128860185,0.17465465,-0.17968544,-0.06771217,0.2744332,0.11770144,0.24065453,-0.10605139,-0.2506204
579,0.17644514,-0.1666799,0.29555136,0.1839176,-0.08567724,0.00321009,-0.17819345,0.0606121,-0.10042968,-0.06284668,0.051611077,0.053147927,0.19069245,0.1611824,-0.16362607,-0.04083943,-0.009805553,0.050410748,-0.057778403,-0.022514971,0.039564144,0.025252167,0.000103906255,-0.043369494,-0.19261502,0.017037803,-0.15044041,0.13367304,0.022652155,0.15916677,-0.20672306,0.031552672,-0.03740616,-0.024935618,-0.21418808,0.20451929,0.14988708,-0.04769564,0.14655885,-0.049896218,0.020993056,-0.12143364,-0.11202318,-0.040249467,0.03316059,0.094009496,-0.18044427,0.051968228,-0.11126794,-0.0008052831,-0.1858243,0.03469666,0.119330615,-0.030821603,0.020660369,0.12080166,0.03889634,-0.18430828,-0.20221782,0.11678263,0.1647602,0.18116485,-0.17853753,-0.18872236
104,0.036712077,-0.10039273,0.31200194,0.13527897,-0.002551776,0.066991396,-0.067379795,-0.050620105,-0.05215712,0.054602325,0.03816735,0.09055864,0.18964028,0.1944628,-0.08240937,0.14965634,0.003491239,-0.118877485,-0.05604275,-0.06657321,0.042233475,0.04602338,0.044512566,-0.08785813,-0.07507415,-0.1823412,0.039589506,0.07279331,0.062151995,0.15274818,0.041222308,0.09448175,-0.04249648,0.073359236,-0.21648714,0.048956472,0.0049876375,-0.07992861,0.022264741,-0.034501694,-0.0073398924,-0.13224131,-0.24630916,0.16258332,0.027710907,0.19782303,-0.27801284,0.118551046,-0.14251791,-0.090462044,-0.1063026,0.10797155,0.016444461,-0.023288533,-0.17622945,0.08564806,0.25038216,-0.185785,-0.05154105,0.1737388,0.06943875,0.16125849,-0.12019066,-0.24019511
355,0.1308149,0.034257293,0.17239183,0.11849115,-0.0065483036,0.14997037,-0.2307546,-0.25767338,-0.08110376,-0.088524975,0.1548449,0.11069926,0.13068062,0.14536008,-0.110685706,0.037987377,0.14571209,-0.015150485,-0.007354261,0.11142262,-0.12695192,0.3029919,-0.18548232,-0.21184716,-0.013202486,-0.12933287,0.09793451,-0.08805365,0.15417324,0.16980489,-0.058293235,-0.18761232,-0.031849958,0.13391998,-0.10001684,-0.008996041,0.1262582,-0.022225013,0.15018411,-0.059659228,0.12136621,0.07454051,-0.12576127,0.1845604,-0.20143554,-0.012722611,0.01556192,0.08774508,0.1400316,0.010173598,-0.07316197,-0.07491288,-0.096078835,0.13698173,0.03438529,0.0031644544,0.128419,-0.1985271,0.059216436,0.075121135,0.018103536,0.13509552,-0.10648022,-0.03726382
753,0.1263664,-0.027363973,0.29945374,0.17773406,-0.118264556,0.12954305,-0.059522152,-0.023728885,0.022002341,0.14966558,0.0703946,-0.06506445,0.16319567,0.05431401,-0.059120104,-0.050921787,0.03606536,-0.13118435,-0.19054063,-0.2251973,-0.08029731,-0.15198603,0.054357585,-0.11272119,-0.024079686,-0.30324835,-0.05946653,-0.015345986,-0.0016073369,0.11571495,-0.03613171,0.077436,0.013624423,-0.014616796,-0.031291123,0.039442632,0.09264505,-0.034101613,0.07809177,0.013078871,0.013274383,-0.09634274,-0.36204267,0.16006444,0.013364218,0.0774339,0.028761825,0.12719916,-0.17974728,0.046342965,0.0077744597,0.12086495,-0.105515175,-0.0092144115,-0.08161765,-0.031973418,0.21533574,-0.16154139,-0.12727068,-0.0024682987,0.23495756,0.122695,-0.18577786,-0.14800678
68,0.30381313,-0.06996797,0.17727698,0.18702608,-0.0056236465,0.12917987,0.10435851,-0.11977622,0.14140001,-0.12048862,0.025324218,0.1305242,0.23740035,0.04585528,-0.14637916,-0.28999996,-0.008682661,-0.043767627,0.02500451,-0.21093619,-0.016633352,0.05651451,0.15133828,-0.17495506,-0.12875831,-0.043021593,-0.07225936,-0.020303592,-0.008837963,0.14104792,-0.088560596,-0.07826678,-0.056606267,-0.030074866,-0.44224218,0.10152947,0.13253696,-0.03140032,0.09344807,0.04366837,0.02092783,0.0440895,-0.12744278,0.018652929,0.0017729747,-0.095411606,0.15284474,-0.00054473046,-0.08217701,0.07875319,-0.10306039,0.078950495,0.097851396,-0.04597901,0.058506463,0.14519429,0.12037739,-0.098457724,-0.09738073,-0.052166488,0.0016521811,0.020100908,-0.137883,-0.061052345
14,0.023078954,-0.044356156,0.26621458,0.22090502,-0.01720679,0.12390608,-0.021499272,0.037381094,-0.1385472,0.014110301,0.19088963,0.2602527,0.1152072,0.06363944,-0.05161464,0.19924419,0.0028306195,0.030855212,-0.19002856,0.03918054,0.09426817,0.029015515,-0.06285854,-0.05588134,-0.2026268,-0.11950053,0.17379074,-0.08199118,0.0068712006,0.06742987,0.011053509,0.20073867,0.053197872,-0.035040237,-0.16049676,0.21191569,0.106644586,-0.045691688,0.17565003,-0.100872874,0.08083191,0.08534495,-0.18862599,0.041183703,0.031032957,0.1470329,-0.1010743,0.0017708205,0.05079269,-0.11907488,0.0019522964,0.037305262,0.096278526,0.11628023,-0.03620355,-0.18520452,0.2920306,-0.088585846,0.0035788629,0.1769768,0.025045339,0.09465003,-0.12011985,-0.21504824
691,-0.03788268,-0.07412077,0.20747094,0.12994209,-0.023174128,0.08988288,-0.04830258,-0.024733795,-0.036355995,-0.038730826,0.0037736262,0.17556193,0.19994144,0.11638729,-0.18591325,-0.037305225,0.09810429,-0.12911688,-0.038982198,0.07319343,0.05184479,-0.22295976,-0.08231366,-0.075296685,-0.3095927,-0.17104825,-0.00011156141,0.18249461,-0.10867783,0.03423369,-0.09660512,-0.049193155,0.09876092,-0.022653697,-0.21326734,0.22699964,0.20386164,-0.015772477,0.11027001,-0.03578634,0.09229425,0.011933696,-0.07584107,0.094279915,0.14143108,-0.0031936364,-0.022513686,0.19294792,-0.10854742,-7.398358e-05,0.041609515,-0.09583751,0.19182917,-0.018595368,-0.19989742,-0.12248607,0.13508242,-0.025730884,-0.104650825,0.15769535,-0.10005009,0.0139812045,-0.23144884,-0.2009943
658,0.029443363,0.026698662,0.31348437,0.23723057,-0.08681485,0.17496565,-0.08477898,0.02639651,0.039714653,-0.06873811,0.21161775,0.14447545,0.19727202,0.048797052,-0.09839205,0.08128307,-0.14129665,0.053086467,-0.20938931,-0.115161166,0.08858362,-0.044946566,-0.035027277,-0.009581521,-0.14857441,-0.089071006,0.06749575,0.10635578,-0.022096766,0.094417274,-0.0062728645,0.038983934,0.07783847,0.033285495,-0.21319686,0.31766856,0.13115472,0.0069573773,0.26901776,0.059451763,0.06355309,0.082042776,-0.15942085,0.11602844,0.20535399,0.06904425,-0.1013362,0.020940281,0.024941767,-0.0057774214,0.018698975,0.052238505,0.112368956,0.07098937,0.0052806875,-0.16863924,0.06706295,-0.035965536,-0.07695949,0.08831964,0.06810528,0.14693391,-0.17219907,-0.20282595
138,0.09024124,0.0504041,0.26194224,0.18188305,-0.09321225,0.13522607,-0.017927261,0.28039938,0.0133259995,0.09345062,0.15655525,0.008477772,0.18902798,0.06179004,-0.093860954,0.09394232,-0.19429375,0.008505211,-0.15110801,-0.39801368,0.09053603,-0.06491478,0.034267623,-0.0533043,-0.114072494,-0.083301336,0.05027019,-0.12441663,-0.1262211,0.059192088,0.13626266,0.18555483,0.0578677,0.034861565,-0.22641353,0.09701341,0.2330547,-0.0022155691,0.1401253,-0.11938261,0.06586434,-0.035014104,0.07095805,0.03938537,0.19481033,0.041893322,-0.061558966,0.009466827,-0.07334973,-0.07713857,-0.04124875,0.07874796,-0.01587345,0.05527155,-0.064261355,-0.14363816,-0.017061424,-0.042616226,0.068288036,-0.0027755538,0.11240145,0.020089533,-0.16787715,-0.20162864
643,-0.08748962,0.10211428,0.14727952,0.18579958,0.17450187,0.11456457,-0.08169161,-0.08773995,-0.10520692,-0.21787158,0.16132839,-0.09972006,0.19185446,0.11270629,-0.11494722,0.063666485,0.07919465,-0.017669795,-0.018398115,0.051503476,-0.109549075,-0.07816126,0.128072,-0.09296117,-0.06499673,-0.12915716,0.21750021,0.047643762,0.033504475,0.14168014,0.028845562,-0.12029766,-0.040000882,0.044562165,-0.28416932,0.17515852,0.19502535,-0.0662531,0.20466402,0.045387693,0.062050458,-0.060764104,-0.124871664,0.08857826,-0.12486852,-0.1038429,-0.053782817,0.07864592,-0.1629856,-0.046209823,-0.05519864,0.07316732,0.19225135,-0.032107607,0.0065780827,0.080242686,0.31178012,-0.050174847,-0.09509562,0.06202659,0.004066588,0.07853972,-0.19826156,-0.19813013
450,0.05314943,-0.107159816,0.24572411,0.17682084,0.090159364,0.11440013,-0.017401075,-0.025224803,0.105797626,-0.11301267,-0.06591292,0.14350934,0.16418873,0.19066459,-0.14802721,-0.078479744,0.031042283,-0.04029821,-0.019770946,-0.083488375,0.090465,0.09052803,-0.14368823,-0.13574417,-0.087520115,-0.017024018,0.053349875,0.20677267,-0.03915745,0.34106994,0.01602354,0.12961747,0.0812524,0.035257112,-0.23153652,0.029309914,0.089567035,-0.12901187,-0.047770977,0.1103467,0.14955038,-0.10737732,-0.07426438,0.03750703,0.0476614,0.16685604,-0.1957855,0.139634,-0.045798462,-0.082410105,-0.08882895,-0.121306635,0.07295589,0.14852662,-0.13881351,0.064944185,0.2512597,-0.09979635,-0.13817823,0.16797781,0.037737314,0.11236514,-0.14449817,-0.09920335
107,0.183999,-0.1532033,0.20099524,0.25978544,0.05146609,0.089798555,0.06469613,-0.01757208,-0.07934041,-0.12899962,0.13539091,0.22772315,0.27832583,0.09721862,-0.13874753,-0.041773878,0.07490592,0.014414534,0.012760656,0.09868491,0.0011210385,-0.05812379,-0.0057961107,-0.08425769,-0.26338914,-0.16803874,0.008594806,0.08163956,0.007124208,0.021252867,-0.12111689,0.04830379,0.24410416,0.013226765,-0.115060806,0.12813507,0.09488558,-0.024962507,0.06317975,0.06882402,0.20041442,0.01908737,0.010264412,0.13500153,-0.08968039,0.043308005,-0.07736168,0.13895124,0.08497269,0.042644456,-0.09981679,-0.1268605,0.15155663,0.07851488,-0.17357074,-0.050719943,0.2269009,-0.036094762,-0.11195795,0.06385874,-0.049304493,-0.084044024,-0.22535387,-0.20494172
173,0.14799702,0.09367442,0.052280102,0.17418502,-0.020395424,0.010146268,-0.033571567,0.038912956,-0.32935652,0.035737768,-0.019685,0.15164827,0.13142133,0.11722431,0.04713923,-0.03980858,-0.11051768,-0.17782381,-0.20469673,0.0064556636,-0.039171,-0.16028142,0.021104397,0.0025626863,-0.08168792,-0.06576226,0.10008964,-0.05636213,0.10212061,-0.076300584,-0.058219574,0.030856343,0.05804089,0.075176634,0.12035361,0.23851907,0.103866026,0.04226297,0.018519176,0.073044226,0.009330521,0.015998268,-0.11244815,-0.022843488,0.15466471,-0.049029164,0.01836334,0.11482181,-0.08701128,-0.10714735,0.12657829,-0.09740898,0.2363237,0.031535834,-0.14827275,0.034197778,0.42693296,-0.09887588,-0.23420836,-0.08701193,0.0030191953,-0.09461513,-0.17863943,-0.18703263
703,-0.02489286,0.08725989,0.1512014,0.06867289,-0.13753703,0.08219794,-0.17190489,0.06086863,0.0029208458,0.040224295,0.13654713,0.2247899,0.20699961,-0.00055172,-0.09423286,-0.16237986,0.037353985,0.13538204,0.039560102,-0.2362255,0.007252679,-0.063178554,-0.010023159,-0.034299288,0.032400187,-0.12373507,0.19041194,0.08522468,-0.03090163,0.1915767,-0.0059349593,0.12359564,0.002603466,0.2688433,-0.12114839,0.066001,0.1355812,-0.07152024,-0.058535296,0.2012704,0.043310978,0.006831304,-0.14102158,0.06914301,-0.046394244,0.04464439,0.0014558034,0.14098813,-0.17093767,0.11280084,0.025974236,-0.06372461,0.20345284,0.27087784,-0.041123338,0.033901393,0.2730645,-0.063948646,0.022845432,0.0951571,0.14198273,-0.040904295,-0.19974573,-0.19361427
732,0.102557346,-0.12716238,0.3075384,0.18359968,0.043290637,0.2622403,-0.027640615,-0.004269577,0.105485775,-0.002880762,0.07653646,0.09012107,0.21176924,0.19265065,-0.106178045,-0.08794416,0.110837005,0.041986812,-0.000897982,-0.16961662,0.048004746,0.050721582,0.08067368,-0.1145724,-0.06172077,-0.20058277,0.069235064,0.11716088,-0.0006727139,0.2032437,0.041678783,0.19063596,-0.09876556,0.13129017,-0.21131602,0.07166505,-0.0033273287,-0.05342713,0.096846655,0.16802539,0.060226124,-0.006843684,-0.23112534,0.21740918,-0.052787445,0.10150001,-0.08054279,0.12545271,-0.10901814,0.036070626,-0.07710572,0.08081407,0.021116534,-0.02147385,-0.055350773,-0.061741006,0.22909288,-0.090670705,0.071150765,0.07431441,0.08298003,0.09687726,-0.1780963,-0.16904
526,0.07407592,-0.022474116,0.23157161,0.14717002,-0.14261279,0.045424223,-0.0397019,0.031069303,-0.070515364,-0.14232692,0.13540468,0.023920445,0.13008745,0.036972415,-0.19374697,0.09043124,0.161088,-0.031825796,-0.023221293,-0.07107053,0.034030154,0.078087606,-0.19399972,-0.04832949,-0.1177915,-0.05722662,-0.0695176,0.23277019,-0.0558361,0.07780175,-0.11116132,-0.042475455,0.14583279,-0.052619465,-0.24869002,0.18268591,0.03947521,-0.064956926,0.2511909,0.028064867,0.15497814,0.059908777,-0.074393906,0.14379933,0.086246535,0.08482173,-0.2730251,0.04817752,0.115113325,-0.070019655,0.08710613,-0.2148385,0.13030033,0.08984042,0.013181156,0.06407466,0.15987994,-0.08189614,-0.10288609,0.052498553,0.15313587,0.25761393,-0.12085116,-0.14446515
419,0.081689715,0.020415492,0.26398733,0.069946945,-0.027784279,0.20917903,0.047032826,-0.05524943,-0.1722666,-0.10796438,0.21141076,0.073599696,0.13347957,0.13718438,0.019304054,-0.07306644,0.11349051,-0.10166091,0.07730267,-0.3285874,-0.06351248,0.19938582,-0.31080317,-0.16451211,-0.018859854,-0.124879405,0.029953757,0.14363812,-0.019481659,0.112366155,0.11656651,0.04883495,-0.014289823,0.03533794,-0.32359618,-0.07683803,-0.12867878,-0.016115874,0.09112968,-0.102640025,0.13670112,-0.08476832,-0.09151504,0.13360588,-0.04286592,0.01842319,-0.02521406,0.11783203,-0.013019428,-0.22251713,-0.07608753,-0.05346377,-0.122756906,0.02278979,-0.097803384,-0.10211299,0.07801555,-0.039842527,0.06842926,0.07912233,0.07067116,0.12802179,-0.115039006,0.0017649689
535,0.007921171,0.06229012,0.16569547,0.11867949,-0.06488842,0.14636226,-0.03359621,0.12006962,-0.07296276,0.12384207,0.028139774,0.07674379,0.1721638,0.103099875,-0.09996677,-0.12236456,0.13349167,-0.05515199,-0.11753864,-0.25003466,-0.0789309,-0.20777372,0.025304215,-0.06701513,0.0021380913,-0.22756773,0.17382778,-0.054786365,0.0007313458,0.19026998,0.046033945,0.09481915,0.06753986,0.079944186,-0.017471699,-0.014209065,0.24419579,-0.12317271,0.020261263,0.048491757,0.06785931,-0.115755804,-0.14963345,0.104029626,0.120488964,0.04826679,0.17233793,0.13001315,-0.22499837,0.053324193,-0.09699632,-0.1336984,0.14780238,0.12802541,-0.11697128,0.06890801,0.2164883,-0.117913164,-0.16888987,-0.012347066,0.13941388,0.022310356,-0.23409273,-0.1772633
495,0.1698935,-0.08591828,0.27352333,0.014180489,-0.23116146,0.1299575,-0.17843992,-0.017262442,-0.06570313,0.0017333966,0.20667852,0.16845602,0.20733082,0.083520085,-0.14857432,0.09659063,0.05202782,0.09351983,0.00045423844,0.0032760524,0.064276986,-0.02823679,-0.09650472,-0.009194865,-0.1238386,-0.11953185,-0.039576005,0.16076253,0.010609662,0.04289783,-0.11671725,-0.04108191,-0.03620855,0.22237274,-0.19927867,0.067366086,0.06854471,-0.002862566,0.22139665,-0.018030819,0.021126626,0.11170157,-0.29684836,0.20746624,0.0037153387,0.05533858,-0.22817402,0.104303256,0.005796618,0.06932589,-0.0064580073,0.06317819,0.011989283,-0.15019952,-0.03675414,-0.007190397,0.027813362,-0.10994814,0.011907626,0.13715927,0.017190982,0.117781185,-0.1796684,-0.24289991
363,0.021619188,-0.073528565,0.28880417,0.10951649,-0.07375121,0.2846225,0.005218885,-0.036272194,0.05963787,-0.13120928,0.17621662,0.07601133,0.2734182,0.1230566,-0.25085875,0.058765642,-0.050255533,0.009753665,-0.07524515,0.040673226,0.06446403,-0.16562574,-0.007136336,-0.15621358,-0.18396933,-0.02007864,0.010754751,0.22458974,-0.03962367,0.13587654,-0.050258,-0.08856902,0.087251306,-0.031990517,-0.10405707,0.18836167,0.35651755,-0.065806486,0.17440297,0.011154,0.11224822,0.050103378,-0.13059783,0.1258602,0.07719824,-0.016476005,-0.028150516,-0.04417467,-0.028236695,0.10203441,0.05209594,-0.009363777,-0.038071375,-0.0034337256,-0.025141297,-0.04326266,0.016262904,-0.019095981,-0.0069965906,0.10354048,-0.024138965,0.06428202,-0.26465428,-0.19449592
91,0.049061783,-0.120773315,0.23575202,0.14048737,-0.10451811,0.08624419,0.05778308,0.026074817,0.10888105,0.032736376,0.12684076,0.12117272,0.13438483,0.06385122,-0.138944,0.22950372,0.019723734,-0.0077140625,-0.104715824,-0.099715255,0.087500736,-0.0036417998,-0.15604301,-0.010898264,-0.16829312,-0.23343626,-0.057185765,0.14176036,-0.09118549,0.17100728,-0.094697796,0.14175303,0.18361108,0.14739153,-0.043059114,0.036413524,0.2096568,-0.06671714,0.030500459,0.08067837,0.14686875,-0.061800554,-0.09134591,0.15955795,0.052356582,0.1411083,-0.19867365,0.17476238,-0.10132593,-0.08336619,-0.16781114,-0.0629489,0.014727233,-0.014791791,-0.26134533,-0.115599,0.044016283,-0.055511307,-0.12755542,0.1392539,0.14628924,0.12736401,-0.14108567,-0.15884477
412,0.21477513,-0.1916366,0.2926847,0.21351483,-0.012146063,0.15492903,-0.26591924,-0.035724115,-0.062361524,0.08803327,0.089344315,0.14202334,0.19765532,0.10904834,-0.07404738,-0.015128999,0.0061426745,0.077859305,-0.13663699,0.10366132,-0.026730679,0.059675295,-0.18493918,-0.16286254,-0.06396363,-0.1773187,0.1391776,0.07312308,0.015983151,0.22940412,0.017716842,-0.008927435,0.03401827,-0.00760153,0.0010741907,0.016959503,0.004757143,-0.05084938,0.18308645,0.12980224,0.14454307,0.0020038977,-0.09022406,0.11437514,-0.0038128768,-0.05110163,-0.07647545,0.15187748,-0.0030053917,0.013389336,-0.10280354,-0.02490602,-0.12624681,0.019363148,-0.20080501,0.020083662,0.23711698,-0.121668,-0.12954552,0.043966614,0.07505482,0.073492505,-0.2346706,-0.16383803
194,0.17258908,0.14294966,0.21041866,0.18400477,0.04255587,0.19358973,-0.00267873,-0.09861991,0.12741223,-0.07711293,-0.06575462,-0.0081663905,0.04651649,0.11297265,-0.07295772,0.11309703,0.095308155,-0.25068218,-0.1287157,0.021764604,0.023197448,0.11028124,-0.066055775,-0.10637523,-0.113070376,-0.01916442,-0.0993836,0.16849405,0.12499582,0.25895038,-0.21013726,-0.03568533,0.01426479,0.0917843,-0.14800568,0.11607879,0.021646895,-0.047527015,-0.12792896,0.009798954,0.1771097,-0.12002088,-0.35167274,0.039048754,-0.09376577,0.18918519,-0.08806299,0.139854,-0.041332763,-0.08532997,-0.18340233,0.0525553,0.049029294,-0.09219106,0.015910402,-0.04006024,0.14559409,0.012107905,-0.15658925,0.10516218,0.04498435,0.16464964,-0.1258942,0.0040199454
77,0.08105024,-0.098583214,0.38499215,0.08669888,-0.07702925,0.14409187,-0.12877356,0.066642486,0.02994831,-0.10376996,0.22016484,0.16679129,0.15676408,0.06837414,-0.016542753,-0.0061675436,0.1112889,0.03596935,-0.03077566,-0.19801958,0.04545891,0.07194344,-0.17688097,-0.099018335,-0.05414225,-0.2046402,0.11427964,0.14171246,-0.018664643,0.10203812,0.073062845,0.18613116,0.08067165,0.04285234,-0.113989815,0.14052086,-0.06274533,-0.084369846,0.12579775,0.016540013,0.10018873,0.001719034,-0.16801235,0.00018693517,-0.07924515,0.0790678,0.073895074,0.06767775,-0.092090316,-0.106905974,0.075599544,-0.05577672,-0.074311234,0.11293122,-0.11125683,-0.14863014,0.23556533,-0.053537033,0.04018145,0.21360554,0.20923431,0.055181146,-0.17510588,-0.19551723
33,0.07443149,0.07176311,0.30334795,0.08514875,-0.15087232,0.17139715,-0.13831702,0.019355137,0.038025543,0.086988844,0.04063415,0.2065251,0.22244184,0.047037687,-0.12225453,0.061854597,-0.03252117,0.05820292,-0.17836729,0.021672659,0.102411926,-0.03361251,-0.044606984,-0.058106273,-0.15325995,-0.19133253,0.12828824,0.24207255,-0.1320349,0.051944967,-0.08019171,0.0129115665,0.120204955,0.1059219,-0.11781572,0.1368814,0.105788976,-0.0799122,0.00695254,0.09413626,0.09951573,-0.09395139,-0.17046966,0.109303094,-0.117530584,0.039282314,0.0069511808,0.14625077,-0.124254726,-0.107101664,-0.059258766,-0.09767651,-0.13883594,0.16462359,-0.12478087,0.014966987,-0.0668456,-0.08063039,-0.04925871,0.13960785,0.09037792,0.16701047,-0.27399972,-0.22705826
239,0.057668947,-0.058466554,0.28149888,0.087696664,-0.005596822,0.26215672,-0.116471894,-0.043004043,-0.06985398,-0.08912265,0.16675492,-0.066173784,0.148193,0.13623482,-0.03141753,0.043627977,0.061055265,0.047785573,-0.04070445,-0.031476207,-0.04890355,-0.18271153,0.024600318,-0.15370145,0.071717635,-0.21193041,0.008657138,0.3023293,-0.02134269,0.15953355,0.06652342,-0.07456523,-0.039141525,-0.09439238,-0.0030535327,0.062852524,0.13644864,-0.08377508,0.10208423,-0.11922617,-0.031069618,-0.2241072,-0.3189108,0.14183971,0.1378683,-0.077240735,-0.038986165,-0.038066577,-0.1816465,0.14770943,-0.10426103,-0.06866018,-0.09658705,-0.057697184,0.094113104,0.06799515,0.059960295,-0.07311174,-0.14150707,0.046699636,0.11268174,0.09808473,-0.23784028,-0.12426882
137,0.26007295,0.11055274,0.1981951,0.04309685,-0.024136268,0.16961612,-0.0066439626,-0.07469348,-0.17949669,-0.06213361,0.13594659,0.17419635,0.15653056,0.15225415,-0.023238767,-0.08348051,0.13769674,-0.08171461,-0.23251528,-0.17211705,-0.04947745,0.06863362,0.066406146,-0.038631022,-0.078904726,-0.041488893,-0.054968413,-0.022386609,0.020988738,0.061503563,0.039748188,0.12989947,0.13639066,0.23024732,-0.21988168,0.012716391,0.029854406,-0.079466544,0.019646034,-0.0075813774,0.091903746,-0.12071833,-0.20146886,0.17988664,0.12928014,0.05453126,-0.12427505,0.09698582,-0.0949645,-0.05942027,-0.13403428,-0.17393993,0.0023696132,0.13491665,-0.14603098,0.062648974,0.19182025,-0.056673493,-0.11777278,0.06969322,0.15780358,0.16210988,-0.23598449,-0.0963434
70,0.20653883,0.09420805,0.20393579,0.08705344,0.08682584,0.12634423,0.0002800331,-0.10338817,-0.04023379,0.07192412,0.10149662,0.111429505,0.20373908,0.27456033,-0.030472826,-0.11563397,-0.038216736,-0.13511503,-0.10794189,-0.12442563,-0.08344367,-0.0063398406,0.09017675,-0.04795254,0.037872247,0.008519069,0.07719349,0.06757531,0.02337977,0.16658038,-0.057848427,0.115772724,0.0013024969,0.05330457,-0.17260756,0.056555778,-0.13308707,-0.0687091,-0.08805478,0.10365023,0.07583993,-0.12357283,-0.15420179,0.15610811,-0.10243087,0.13697003,-0.16786301,0.19275193,-0.03505031,0.036398664,-0.16794601,0.016925596,0.07805444,0.14765342,-0.17694338,0.20653827,0.30685815,-0.150705,-0.13294475,0.012046336,0.04630442,0.15495677,-0.17255582,-0.13781421
576,0.27803102,-0.09962092,0.29342893,0.2563386,0.12496993,0.03800394,-0.0842702,0.11404418,0.05921923,-0.021108896,0.19517791,0.14429651,0.19614889,0.13560459,0.0011570333,-0.121654876,-0.14989074,-0.111159846,-0.14066224,-0.18051715,-0.060897592,-0.08125484,-0.06824845,-0.028442644,-0.04385641,-0.00026079224,0.10046281,-0.17332883,0.105022095,0.14695556,0.01682121,0.09244075,0.052672878,-0.055369157,-0.061869655,0.27873874,0.07301126,0.05593039,0.10045015,-0.13735129,0.10912364,-0.15131426,-0.11822091,0.07400177,0.09320496,0.10215137,-0.13089041,-0.0017951884,0.06470315,0.03921689,-0.16561536,0.12677506,0.007608827,0.016283154,-0.042572733,-0.13511012,0.21344683,0.016657192,-0.12480659,0.048982896,0.1436576,-0.08277634,-0.11872662,-0.111671105
381,0.092527054,0.15810305,0.16762163,0.10419396,-0.1486407,0.1468249,0.013244357,-0.039907895,-0.11685513,0.017334264,0.23480427,0.08956666,0.26611575,0.18240203,0.041139156,-0.06736746,-0.15966694,-0.0979456,-0.17573756,-0.29679555,-0.085183784,-0.068194725,-0.119967505,-0.042036496,0.020455563,-0.10459811,0.0933461,-0.008221085,0.09775716,0.18914345,-0.008916675,0.15875557,0.004052354,0.01909362,-0.072623394,0.14001913,-0.073964216,-0.058422558,-0.07025681,-0.040083382,0.07798099,-0.122330606,-0.24603909,0.12037412,0.044986114,0.043412596,-0.07325164,0.041863415,-0.14111923,-0.04211326,-0.13274612,0.018236522,0.034033574,0.15245657,-0.13636586,0.12063458,0.16532211,-0.10360084,-0.23620851,-0.029777449,0.12120635,0.043429665,-0.18535088,-0.17636846
666,0.09975242,-0.08074652,0.2959227,0.05778484,-0.10893797,0.1263871,-0.15897763,0.061815284,-0.14550824,-0.0195466,0.19874673,0.20034066,0.17895882,0.06410168,-0.020193754,-0.04211149,0.14122993,0.09298413,0.00830488,-0.19496657,0.025831264,0.08812482,-0.34728977,-0.14952943,-0.030998794,-0.19422106,0.035105426,0.09914375,0.048350833,0.15500039,0.20917627,0.058062565,0.006221496,0.028680867,-0.19747593,0.02796644,-0.056330312,-0.10170656,0.10038415,-0.10009762,0.17547156,-0.103780046,-0.16150759,0.080877155,0.017492762,0.021204565,-0.09407634,0.045471374,-0.036239855,0.028075153,-0.075760186,-0.10657366,-0.09540353,0.13665913,-0.04412011,-0.13064945,0.19751738,-0.10221422,-0.070435114,0.16972713,0.070904,0.04525088,-0.1697344,-0.09821716
479,0.29712898,0.10342562,0.29287124,0.07584238,-0.045363415,0.18738905,-0.2138042,-0.16813949,-0.10932893,-0.05301437,0.18045788,0.20715806,0.19818106,0.13865085,-0.078707494,-0.05289814,0.032567408,0.067856126,-0.120228484,0.02247973,-0.06354113,0.12345111,-0.27646843,-0.049331464,-0.101770975,-0.088276245,0.054448254,0.11072649,0.017449832,-0.023044769,-0.09464303,-0.035687868,0.06344164,0.04308873,-0.10120892,0.039915793,-0.043747276,-0.03606653,0.17441174,0.06319346,-0.009843036,0.018399663,-0.1417758,0.17942064,-0.10305161,-0.029204404,-0.07038542,0.11430762,0.04462984,-0.010588635,-0.113884166,0.041711107,-0.21131949,-0.03347744,0.022547567,-0.10178047,0.095774285,-0.18310677,-0.05738687,0.061360143,0.096743405,0.22992292,-0.20129308,-0.11773818
175,0.10270483,0.03447447,0.2042551,0.043412335,-0.22669825,0.015651204,-0.032613225,0.006295651,-0.08124239,0.13947745,0.09363572,0.12203521,0.15074801,0.04012171,-0.119010046,-0.009782566,-0.051122766,-0.10985552,-0.19585122,-0.1976947,-0.001689881,-0.06336185,-0.030625407,-0.02448863,-0.0082234545,0.00076889124,0.027997945,0.047678877,0.012719373,0.073901,-0.118889906,0.11016497,-0.0025608654,0.020910352,-0.076747485,0.1741293,0.05941901,-0.14431697,0.00029934602,-0.008234448,0.07731347,-0.022670358,-0.29092327,0.13356745,0.047174938,0.18405053,-0.16835697,0.08554362,-0.04473696,-0.044810902,0.020279821,-0.08575273,0.04162091,0.18189646,-0.18147981,0.20861258,0.27705324,-0.21248014,-0.120941155,0.11278855,0.2542321,0.22703682,-0.10988448,-0.16895592
261,0.1149519,-0.002202705,0.23743579,0.14249948,-0.08428618,0.10917111,-0.25168997,-0.058153633,0.048900615,-0.01345609,0.0437502,-0.020228652,0.07720338,-0.045489307,-0.23895139,-0.12101058,0.07263904,0.1620358,-0.038260315,-0.041757975,0.085942164,-0.08526268,-0.18675762,-0.09838353,-0.030400649,-0.16106553,0.002305324,0.21196754,-0.0042558047,0.12189965,0.01035989,0.0223888,0.03065699,-0.05306779,-0.2012956,-0.041856915,0.14289089,-0.14409326,0.20693843,0.12472643,0.08890945,0.0026757866,-0.2568377,0.2200155,-0.033948116,0.03977674,-0.22669126,0.031430878,-0.16334108,0.025309894,-0.04688132,0.04905031,-0.031201692,-0.035126846,-0.03359545,0.11937557,0.10003069,-0.15978089,-0.079653054,0.1744176,0.09122836,0.19077396,-0.19816479,-0.17220505
231,0.01296629,-0.1670948,0.30201232,0.0804758,-0.11237825,0.1847665,0.08806911,-0.076845385,0.1514549,-0.15698566,0.15568742,0.0728351,0.22165142,0.16289824,-0.083248936,0.14776535,-0.03955786,-0.11450964,-0.016885847,0.04841621,0.062329877,-0.14785767,0.022721253,-0.12736383,-0.1275271,-0.11726469,0.026630495,0.3594867,-0.139028,0.14422548,-0.08023504,-0.037135072,0.1073803,-0.013351976,-0.064486764,0.10885481,0.1873075,-0.020187862,-0.008033278,-0.09368706,-0.032376926,-0.19754805,-0.26849112,0.020048935,0.10722235,-0.02391439,0.03521402,-0.00012398235,-0.1134968,0.001230771,-0.028651172,0.04635638,-0.08523575,-0.07070524,-0.011007895,0.019688591,0.0051452527,-0.014728909,-0.20996276,0.058709834,0.0466559,0.07887319,-0.2256687,-0.17578234
318,0.111303076,-0.07095919,0.21962379,-0.12089371,-0.12115301,0.13549006,-0.20729071,-0.017365046,-0.042072903,-0.039515402,0.26943508,0.19811887,0.19713908,0.14829057,-0.07820817,0.06931428,0.16494288,0.122622095,-0.0038493646,0.086463034,0.004595913,-0.06519844,-0.15146805,-0.00019058796,-0.10236448,-0.03723543,-0.022035895,0.21988347,0.017295333,0.08183815,0.035917867,0.036326822,-4.5402758e-05,0.13777775,-0.05418063,0.049090542,0.08520064,-0.049404453,0.17780621,-0.0018617929,0.094303854,0.055747043,-0.09960377,0.22258781,-0.06926166,-0.021533128,-0.0002630204,0.13949879,-0.12423254,0.19474027,-0.07326081,-0.08602905,-0.024316661,-0.043444194,-0.091900066,-0.14440301,0.15000255,-0.10127386,-0.18056078,0.29235178,-0.06405089,0.04022208,-0.17843649,-0.24716054
322,0.064819366,-0.18949245,0.19782728,0.16503897,-0.1781136,0.036348883,0.027897216,0.18669698,-0.0932847,0.00016190062,0.14927553,0.039886337,0.111550964,0.0022169088,-0.11533189,-0.067957625,0.04114908,0.0051952596,-0.040837508,-0.27632537,0.05161209,0.010786636,-0.03232907,-0.04905604,-0.09239389,-0.15356058,-0.04386913,-0.08916405,-0.07955207,0.031795517,0.13182619,0.22927147,0.07460638,-0.049442608,-0.17797244,0.025179945,0.19612314,-0.106413566,0.14713113,-0.09574566,0.13352497,-0.12128157,-0.13660146,0.046309274,0.094080865,0.05971845,-0.15343551,-0.00954492,-0.0963017,-0.15715589,0.028600553,-0.057117913,0.047818687,0.07795228,-0.17161629,0.11205671,0.23667279,-0.1508329,-0.12655145,0.091929786,0.3170639,0.10431107,-0.12268403,-0.16795877
727,-0.14145355,-0.14294565,0.286108,0.20051174,0.03754742,-0.039261308,-0.041986912,0.05563137,0.033903077,-0.07551439,0.1085735,0.22862585,0.25952238,0.061876986,-0.05758607,0.10969244,-0.032014884,-0.06409488,-0.035616465,-0.14277537,0.045679983,-0.08843838,-0.11710245,-0.12494507,-0.16453095,-0.1708593,0.04112309,0.08839571,-0.13044387,0.25212893,0.09446444,0.07801154,0.22533365,-0.053766478,-0.14003865,-0.03369331,0.068233244,-0.05179665,0.067857474,-0.091744974,0.04381154,-0.12937537,-0.00709176,-0.09405252,0.1474132,0.08841571,0.048365276,0.058334664,-0.16743366,0.067283675,-0.0055936817,0.03616109,0.017222917,0.15200393,-0.14343072,0.020936798,0.2204869,-0.021867134,-0.24901061,0.05855712,0.10503436,-0.02915183,-0.183998,-0.22061662
326,0.20411663,-0.039822344,0.21274722,0.10510831,-0.08175336,-0.02573272,-0.12095197,-0.08999491,0.060388252,-0.011013893,0.27018932,0.19518472,0.17755577,0.095044315,-0.062340736,-0.14421953,0.0013362174,-0.18700264,-0.028028486,-0.11354515,-0.07219579,-0.016150633,-0.035798695,-0.23699944,-0.026034009,-0.006176384,0.18835415,0.007317751,-0.00873222,0.10054408,0.06134022,0.06951274,-0.0036117479,-0.15473245,-0.124988206,0.02674176,0.13846044,-0.05050284,-0.008319497,-0.06786751,0.06281775,-0.053437445,-0.12136925,0.07124339,-0.002382498,-0.025158793,0.19819665,0.079210006,-0.16365875,0.06273813,-0.026631942,0.045731876,-0.11634119,0.20341565,-0.09060419,0.06171904,0.43839878,-0.18564433,-0.10412052,0.119273916,0.057475995,-0.001401036,-0.11586478,-0.12351306
124,0.17292054,-0.19319862,0.26360795,0.3686762,-0.009474434,0.08477248,-0.14915048,-0.06029425,0.06055697,0.026817486,-0.07386346,-0.20893861,0.2110538,-0.04890336,-0.062053647,-0.19287366,-0.03339673,-0.037296426,-0.19061907,-0.06548702,-0.043244574,-0.078257315,0.035306364,-0.2311503,-0.05939758,-0.16359086,0.08793112,0.006307435,0.06816396,0.20965682,-0.0072429953,-0.000498753,0.015188346,-0.14766927,-0.15364303,0.07498757,-0.020838208,-0.080030285,0.16364664,0.05097914,0.068920776,-0.04703764,-0.15500353,0.0976907,-0.019169051,-0.08888688,0.13352174,0.006996877,-0.19570531,-0.026121095,0.04371507,0.05515907,-0.009930495,0.007929186,-0.08175064,0.010878374,0.24156074,-0.13486683,-0.10067147,-0.07007322,0.11634715,-0.08138235,-0.16072825,-0.13252012
519,0.015173764,0.15978411,0.25699323,0.09465522,-0.11335885,0.18295495,-0.15446782,0.072826065,0.06441147,0.03394662,0.08915869,-0.01915499,0.21897377,0.16144204,-0.042506386,-0.069143824,0.05181185,-0.027640166,-0.1169625,-0.1703741,-0.0076448596,0.0039567277,0.15772922,-0.10786037,0.054815188,-0.20082225,0.1663227,0.088352524,-0.064492375,0.15606305,0.05761552,0.019211398,0.035087746,0.09950318,-0.12034955,0.14917225,-0.043804552,-0.060691155,-0.03182796,0.01033535,0.051152524,-0.06508256,-0.13697115,0.117681935,0.03494273,-0.015979793,0.14468609,0.19245577,-0.16143242,0.079152785,0.017994232,-0.22603202,0.09277706,0.29958048,-0.078664444,0.06274449,0.19071229,-0.07657462,-0.0641013,0.070474446,0.09948416,0.058131546,-0.23006625,-0.26932937
681,-0.054177474,-0.024224546,0.24155883,0.07877785,0.0028586106,0.0998644,0.012937357,0.02333447,0.04878333,0.008762413,0.012753092,-0.019995702,0.22067402,0.29002762,-0.13333698,-0.058315076,-0.03318077,-0.005545733,-0.098734856,-0.17226896,0.06788974,0.017484084,-0.011048093,-0.10342983,-0.10704341,-0.079560176,-0.022626074,0.103238076,-0.05293679,0.25933298,0.0088077085,0.1839441,0.030002754,0.015009628,-0.18090701,0.0864602,0.021748574,-0.087559536,-0.039970204,0.015484237,0.07966232,-0.019056184,-0.018291598,0.04056539,-0.004972604,0.18738416,-0.08458583,0.1953152,-0.050040524,0.1488223,-0.057762645,-0.13434954,0.05977783,0.16714993,-0.24839623,0.030218164,0.23716846,-0.14773507,-0.18860175,0.2547421,0.022103405,0.122022524,-0.14904325,-0.27976447
524,0.23159556,-0.28853935,0.2597091,0.13266642,-0.060970426,0.18766241,-0.19483931,-0.06681421,-0.021749599,-0.031137306,0.14185755,0.18096463,0.2220429,0.11469258,-0.1287348,-0.12535822,-0.003114153,0.11971231,-0.023769015,0.046218462,0.04283715,-0.04873027,-0.12031593,-0.08959118,-0.20320864,-0.2006696,-0.01879977,0.06268227,-0.028765416,0.052217968,-0.25646412,-0.078265145,-0.070483625,0.06768773,-0.135942,0.10145713,0.0679461,-0.051578335,0.21684286,-0.022390235,0.0053179753,-0.011753277,-0.26931614,0.013576159,0.0024336793,-0.081348814,0.0017476004,0.037290502,-0.03732707,0.024763139,-0.107614584,0.13500543,0.06404428,-0.21648204,0.067102775,-0.0031925754,-0.08698945,-0.10511471,0.017418772,0.021607574,0.056255475,0.027062392,-0.20992978,-0.11797684
623,-0.016473651,0.045835953,0.30196142,0.19660807,0.014791101,0.02649892,-0.16951804,0.062331486,-0.068066254,-0.07843541,0.119330086,0.2607593,0.23785079,0.07470893,-0.0026602605,0.022849033,-0.02670737,0.16020437,-0.12087471,-0.192694,0.02170887,0.004119056,0.019329002,0.008648951,-0.034561638,-0.19469959,0.13388981,-0.06270436,0.1763739,0.11246097,0.031468246,0.09597671,0.07129203,0.22149394,-0.1412711,0.1217585,-0.05125297,-0.055291224,0.10569017,-0.023635436,-0.0065253847,-0.015454642,-0.1514778,0.08013292,0.21066105,0.087325275,0.009148126,0.033206906,-0.048128847,0.08837534,-0.108768955,-0.0041231606,0.13466418,0.10356998,0.0099421935,-0.07267665,0.19343951,-0.10102809,-0.18360412,0.15471822,0.12918667,0.006440773,-0.15431747,-0.30554932
470,-0.0029069174,-0.07917566,0.29728928,0.11801273,0.0140209505,-0.0335473,-0.15382141,0.06446538,-0.017315935,0.10961511,0.1009743,0.15051994,0.101395376,0.0068245037,-0.11435064,0.07835637,0.07396357,-0.058022954,-0.1375295,-0.17216283,-0.0020782058,-0.15636237,-0.07471921,-0.0900413,-0.10073348,-0.2801549,0.008222223,-0.05208765,0.051436022,0.06836499,0.015580906,-0.060320765,-0.033043176,0.13531974,-0.14695583,0.22493099,0.02280344,-0.10488388,-0.027637295,-0.109421045,0.15689343,-0.095932424,-0.19028959,0.15738367,0.17571948,0.061881226,-0.09610122,0.14081676,-0.05074948,0.10363339,-0.09418179,-0.114220135,0.03193988,0.048040938,-0.25084853,-0.1361005,0.22581895,-0.0512741,0.078238375,0.24976419,0.15275985,0.02213932,-0.15440823,-0.1587179
205,0.0020747068,-0.094227225,0.27764517,0.12612537,-0.04008206,0.17646907,-0.11309844,-0.023047382,-0.07028005,0.023582062,0.058453415,0.29216382,0.28534123,0.110548876,-0.057804503,0.06243117,-0.029719621,0.07190757,-0.10603732,-0.056459457,0.09791971,0.12857683,-0.16933739,-0.082902014,-0.18492915,-0.21697442,0.067699514,0.07616989,-0.066586874,0.16551304,0.14718373,0.06654825,0.110683516,0.18709488,-0.14810428,-0.03540121,0.002988975,-0.07998575,0.088539965,0.057416428,0.11993866,-0.010342345,-0.10068177,0.07054307,-0.07064699,0.06775562,-0.061735183,0.18821599,-0.060431983,0.0050739916,-0.03935066,-0.03468598,-0.110402495,0.12881531,-0.212641,-0.14574601,0.1509581,-0.12597176,-0.06365494,0.18522178,0.0007183185,0.07433123,-0.19496644,-0.19113293
302,0.13057564,0.0038001651,0.2780463,0.10223672,-0.04372687,0.13805224,-0.015505382,0.03765194,0.18948205,-0.004270992,-0.009975066,0.01817971,0.19612497,0.23719096,0.015113162,-0.14481544,0.03405445,-0.10747927,-0.09463172,-0.32128313,-0.008406868,0.10718922,0.16021435,-0.11529714,0.034850445,-0.10258065,-0.07677239,0.033928137,0.009857371,0.25508854,0.07067174,0.19196984,-0.025181731,0.10545872,-0.13995993,0.07011236,-0.13531299,-0.005745714,-0.16309991,0.0700713,0.08298694,-0.12517287,-0.10551039,0.101239346,-0.00068945304,0.109490596,0.0033185077,0.2178152,-0.16736807,-0.049111754,-0.10297103,-0.064470366,-0.038895387,0.20086521,-0.1594012,0.04186114,0.18633501,-0.070554815,-0.116838016,0.031334892,0.118643045,0.012154818,-0.1610531,-0.14445725
220,0.27642497,0.009726994,0.17814107,0.05555815,-0.07534718,0.16033952,-0.022328699,0.046486706,-0.10023452,-0.04787406,-0.044047136,-0.12623265,0.14235134,0.047113065,-0.13238652,-0.07487785,0.15884894,-0.17438917,-0.14085159,-0.006976894,-0.03579216,-0.11038211,-0.046520792,-0.076259084,-0.25503564,-0.16489899,-0.11780573,-0.048862815,0.07708167,0.01991491,0.030034874,0.08313671,0.005395156,-0.098876156,0.036935676,0.26480252,0.11125295,-0.07049821,0.0019372819,-0.036871757,0.22951308,-0.078230076,-0.118695185,0.18186253,-0.1574039,-0.07390516,-0.09417939,0.062046584,-0.14232755,0.030552935,-0.056028087,-0.11044977,-0.19287136,-0.105498575,-0.1691238,-0.0064680623,0.15703252,-0.026075067,-0.19633995,0.043415386,0.18949755,0.074111275,-0.25630277,-0.15453757
570,0.073423505,0.0033893245,0.34323254,0.2042393,-0.110856235,0.11389806,-0.0487205,0.009074885,0.16788143,-0.10160338,0.1470368,0.014215528,0.27872193,0.04075052,-0.24927229,0.114699714,-0.056649037,0.008485214,-0.11033883,-0.111118704,0.055412736,-0.124976374,0.07098593,-0.12772481,-0.080003545,-0.101533234,0.06235093,0.1377253,-0.061416026,0.06770654,-0.07063277,-0.08297012,0.11658383,-0.032694384,-0.14031732,0.1186615,0.08904312,-0.08676795,0.17828594,-0.009210903,0.080565356,0.06450097,-0.08815935,0.21959698,0.08864533,-0.08600509,-0.04876636,0.018705934,-0.036937337,0.11957663,0.077684544,-0.06368294,-0.023051094,0.17454576,0.012941559,0.08506262,0.12809473,-0.12258526,-0.06798711,0.08148502,0.110429496,0.114856675,-0.23536175,-0.3110114
103,0.10650901,0.09811486,0.21748877,0.11303868,-0.003762261,0.1508331,0.033862993,0.0057194238,-0.044358518,0.066883236,0.1568906,0.22663237,0.23280597,0.17517301,0.037128527,-0.038295195,-0.14177987,0.0061664735,-0.26375467,-0.3029011,-0.055873767,0.033886902,-0.083072804,0.011942143,-0.044504862,-0.079728365,0.025092978,-0.15509695,0.0021825423,0.16493626,0.15891038,0.15065391,0.12087596,0.10691503,-0.13961753,0.10214568,-0.024932053,-0.03922761,-0.028124873,0.0397474,0.07795982,-0.17824468,-0.06235772,0.0560593,0.083122194,0.08921348,-0.035667688,0.06871112,-0.07643767,0.022800751,-0.18440385,0.020064456,-0.02517135,0.19215523,-0.1811105,0.019424431,0.15893528,-0.0661207,-0.2460586,-0.0064457636,0.171658,0.07586569,-0.19769602,-0.14709935
269,0.010127881,0.17589247,0.099324204,-0.04656722,0.063978575,0.040564485,-0.20456362,-0.12499722,-0.3020111,0.06765439,0.0659815,-0.019364847,0.07654268,0.23295093,0.007709341,-0.21376821,0.17709316,-0.14951882,-0.024246456,-0.004606702,-0.25009146,0.0008276641,-0.03063507,-0.110656396,0.07299448,-0.113511324,-0.042063832,-0.06663177,-0.034082502,0.104915485,0.09195735,-0.104112,0.021524739,0.18124612,-0.057124294,0.02772473,0.15583418,0.09593925,0.056748055,-0.10189477,-0.09532167,-0.19061624,-0.102521576,0.096111715,0.017513426,0.04442268,0.03063933,0.08017256,-0.04376453,0.265982,-0.07825,-0.105700314,-0.06520711,0.23976743,0.04103808,0.060929533,0.20186062,-0.06433234,-0.2582484,0.054661836,0.102638595,0.1698061,-0.15765205,-0.07898879
607,0.30092227,0.07310858,0.16655484,0.090427935,0.07986588,0.053545594,-0.13917284,0.014207309,-0.11124649,0.034040987,0.029795736,0.07968593,0.20760253,0.3325186,-0.047872096,-0.118926644,-0.055101342,-0.09883239,-0.0064060176,-0.1533534,-0.05270365,0.07284132,0.08466472,0.021596748,-0.028784955,-0.065960996,-0.052080154,-0.13621779,0.021148885,0.11847772,-0.21089566,0.12918575,-0.06913158,0.04492106,-0.15872242,0.096827224,0.04674737,-0.06434634,-0.041923493,-0.045690037,-0.107218295,-0.18615703,-0.06857071,-0.11659969,0.08732117,0.023320768,-0.10529474,0.032037854,-0.21943557,0.011241628,-0.20787688,0.095657974,0.15523712,-0.021420714,0.013350565,0.25094834,0.14129075,-0.17678206,-0.14216715,-0.06380581,0.17969188,0.122454524,-0.13438591,-0.16986461
708,0.17226419,0.0040537706,0.31508616,0.20061035,0.034670934,0.18999866,-0.12724671,-0.12054826,-0.067560546,-0.106369786,0.08891843,0.033282563,0.18380642,0.14897275,-0.08692315,-0.20434268,-0.024522092,-0.11968483,-0.07016742,-0.19901992,-0.030808313,0.01867783,-0.053273857,-0.13954511,-0.055855118,-0.14119017,0.05075493,0.15668498,-0.10996068,0.00024863455,-0.06365072,0.11349147,0.021653479,-0.036814988,-0.20511723,0.19621639,0.08747468,-0.031714898,0.00070444844,0.08966585,0.06933945,-0.13959298,-0.078573205,0.040792037,0.107064,-0.036587693,-0.14235836,0.08368674,0.0018186667,-0.029120913,0.081715494,-0.10796977,-0.09834151,0.17293301,-0.10073059,-0.056480367,0.22259326,-0.053917788,0.13065311,-0.027080739,0.23931734,0.1407218,-0.2746952,-0.06415797
170,0.19695139,0.0004930363,0.28806818,0.09766983,0.04604001,0.25977728,-0.057589408,-0.002572718,-0.136081,0.011894611,0.2099097,0.24621913,0.14728647,0.17524531,0.07486228,0.039699916,0.17681965,-0.084887296,-0.1668496,-0.22618297,-0.0098765325,0.1148659,-0.061498847,-0.083566956,-0.109314874,-0.111724354,0.05483176,-0.08627817,-0.0132955285,0.08375759,0.18526383,0.06852039,0.029821767,0.08192567,-0.24202894,0.09270977,-0.099247865,-0.030204682,0.19247483,0.009531704,0.17527033,0.007883459,-0.10920519,0.03310446,-0.043426033,0.0475174,0.09349841,0.16592276,-0.032380935,-0.1741547,-0.023081334,-0.0017458668,0.052800126,0.19272678,-0.041103333,-0.123128414,0.20287721,-0.043813337,0.053721808,0.08162012,-0.016411379,0.08670746,-0.17657922,-0.055027977
42,-0.013162442,-0.029771416,0.3181323,0.07987447,0.015704464,0.15744539,-0.18835504,-0.048211437,-0.24252737,0.068706885,0.1990384,-0.008981037,0.14414448,0.12530765,-0.04175287,-0.10133662,-0.049753528,0.004240149,-0.03236057,-0.13072707,-0.10147671,-0.016216297,-0.14136079,-0.14533618,-0.025074825,-0.20633972,0.01244718,0.2087797,-0.0973314,0.13052675,0.066416025,0.07095673,-0.005884484,-0.06700788,-0.2540997,-0.016489446,0.16217111,0.027349733,0.22737385,-0.06982277,-0.0847543,-0.07322576,-0.17794545,0.12575291,0.08938946,0.14844663,-0.06849251,0.03724215,-0.067805864,0.05070483,0.03029878,0.04070982,-0.20427893,-0.109064385,-0.12431207,-0.15295127,0.11218639,-0.09581563,0.056255557,0.19128764,0.11758995,0.15584645,-0.1227915,-0.1246548
434,0.117818125,-0.18413435,0.14258626,-0.008441109,0.076955415,0.07898236,-0.15968865,-0.101709925,-0.10386476,-0.1256631,0.06334203,0.26909244,0.088446945,0.17131448,0.015033332,-0.11334033,0.029739864,-0.06319449,0.039681725,-0.05326481,0.02978307,0.11413397,-0.20002827,-0.14844546,-0.12696117,0.04064177,0.17028858,0.07316954,-0.006410813,0.094501406,0.025017329,0.021699121,-0.3030199,0.05311505,-0.24086145,0.13416848,0.09510729,-0.09121363,0.048291635,-0.04433635,0.17487805,0.0018975245,-0.03415078,-0.15239389,-0.146882,-0.12908547,0.21655719,0.08245909,-0.04328779,-0.1384739,0.045285705,-0.15530063,-0.08367342,0.13546637,-0.06559451,-0.01749585,0.14506564,-0.1698091,0.121605024,0.30312088,-0.051599592,0.03450636,-0.077685,0.01645885
518,0.04304788,0.028561378,0.21509881,0.07226288,-0.040034164,0.14287622,-0.098844364,0.0031293388,-0.03491882,0.085738555,0.028282348,0.09118921,0.19970381,0.21247041,-0.067711554,-0.016591748,0.030978817,-0.11891062,-0.2073491,-0.025863584,0.05927826,-0.029206103,-0.06773564,-0.06625573,-0.14872105,-0.17037246,0.043883793,0.12345851,-0.14109187,0.2575632,-0.020133479,0.019713327,0.11790442,0.021766681,-0.14722256,0.06747617,0.10883788,-0.06340343,0.10017778,0.0013183433,0.14951089,-0.03018127,-0.026643747,0.093406565,0.028860603,0.024234196,0.02435183,0.31115174,-0.19881928,-0.000684567,-0.07159343,-0.25164306,0.12001269,0.14025673,-0.23320931,-0.07799783,0.11095166,-0.11645522,-0.1959583,0.11442611,-0.04300153,0.12814763,-0.22174625,-0.18343791
420,-0.045762945,0.057286724,0.21567228,0.13771941,-0.1489152,0.21146508,-0.04135844,0.11741155,-0.09510368,0.06907141,0.20785859,0.017298661,0.1357345,0.11825694,-0.10460804,0.12925653,-0.045895208,0.051341724,-0.10582376,-0.3107014,0.03709667,-0.05356285,-0.054284766,-0.113952376,-0.16636133,-0.119194545,0.1445396,-0.122349605,-0.019956471,0.119146466,0.0820517,0.22369395,-0.07015574,0.07078385,-0.21928006,0.14336556,0.2550983,-0.043924358,0.09554855,-0.026734935,-0.0014001012,0.04878154,-0.09915388,0.007639615,0.08550636,0.10511824,0.03382083,-0.058547232,-0.10570627,-0.14114456,0.043228783,0.19722329,0.017954828,0.013889509,-0.032690626,-0.17794795,0.16904166,-0.12715375,0.18120801,0.097622395,0.05352057,0.053100735,-0.1417178,-0.19748455
359,0.13608433,-0.09410805,0.24887113,0.021861382,-0.1276073,0.04217384,-0.12801795,0.016915027,-0.09745446,-0.15653697,0.18605544,0.17200175,0.18784444,0.08643702,-0.10692967,0.20719992,0.11711642,0.06216757,-0.13316657,0.02285377,0.11347892,-0.036891673,-0.14441592,0.036613233,-0.24288216,-0.11247839,-0.012167582,0.10502354,-0.0021252702,0.092058964,0.046643015,0.18100958,0.20106454,0.111494154,-0.07376081,0.066941924,0.15266357,-0.10469219,0.09492375,0.027853465,0.036802843,-0.007172693,-0.12642778,0.08924165,-0.01236401,0.11031711,-0.19033639,-0.018409815,-0.11110171,-0.0016284956,0.06881132,-0.096686885,-0.075153105,-0.07286105,-0.0800453,-0.12054817,0.24874093,-0.12101171,-0.040921,0.20023502,0.10772893,0.06493912,-0.19370188,-0.26571882
694,-0.114965506,-0.116913386,0.23259562,0.39811283,0.095024854,0.039965212,-0.05624425,0.023374852,0.043796577,-0.017401105,-0.008735699,-0.07651624,0.15608291,0.019056043,-0.10104204,0.04606554,0.0422491,0.0028088659,-0.18158388,-0.07568477,0.029223105,-0.01968655,-0.17547151,-0.15325254,-0.12934399,-0.17431186,-0.03508699,0.06403199,0.0022734758,0.26549113,-0.07897526,0.05382555,0.16557904,-0.045014597,-0.14184648,-0.07679859,-0.04402389,-0.14714749,0.15496354,-0.04303391,0.16634242,-0.12489098,-0.1952859,0.014200402,-0.090371184,0.04258924,-0.07299856,0.046028703,-0.14403462,-0.15433323,0.0013401969,0.05161803,0.13192172,0.10540154,-0.10312957,0.07784432,0.1687711,-0.12156328,-0.20588301,0.04066916,0.23474027,0.04556986,-0.14104651,-0.11011064
271,0.02484195,0.15230456,0.26454043,0.118936755,0.028769169,0.20104158,-0.124496296,0.072906785,-0.07933198,-0.1421162,0.23357983,0.07660305,0.2294637,0.15410721,-0.00919141,0.09237826,-0.06537431,0.023727499,-0.15811197,-0.05464092,0.009757002,-0.14366142,0.123582475,-0.06261447,-0.03710657,-0.04524571,0.17278244,0.093494914,0.0058561047,0.08633185,0.12175402,0.038332876,0.0904598,-0.028422048,-0.07606861,0.3238419,0.11472089,-0.030528072,0.109961726,-0.022877574,0.06283281,-0.06362589,-0.070423186,0.033123303,0.14582321,-0.059905544,0.0082646785,-0.048187725,-0.115963496,0.07513994,0.05468802,-0.0871749,0.09601679,0.1971271,0.02698667,0.017570002,0.24568279,0.036176648,-0.13534148,0.053686958,0.0572441,-0.0060725072,-0.28067702,-0.29680794
116,0.07126454,0.09854076,0.17393327,0.1231692,-0.049849186,0.06859568,-0.058252696,0.082143,-0.07043833,0.2263148,0.107711524,0.15981631,0.22012246,0.07876163,-0.100695506,-0.14709364,-0.010860748,0.05613585,-0.19223166,-0.23232514,-0.012908302,-0.15566637,-0.08774143,0.045271326,-0.0653404,-0.18052329,0.13297927,-0.2270786,0.0020356944,0.18380709,-0.0022157452,0.0648907,0.14759564,0.070269994,-0.19534895,0.07293561,0.12299176,-0.12237054,0.034839507,-0.034319226,0.05898185,-0.06245659,-0.16079466,0.08574414,0.008226644,0.18622343,0.032750167,0.05376212,0.061553232,0.23937531,-0.115946904,-0.04775088,0.20229247,0.1709545,-0.061509963,-0.07443296,0.1817772,-0.14998923,-0.09686047,0.058159087,0.048742335,0.04198154,-0.15115957,-0.19151047
406,0.107372314,0.03293041,0.18143032,0.10370165,-0.012588459,-0.086476535,-0.035877664,-0.15943475,0.04204808,-0.1635474,-0.075745344,0.09377435,0.19804546,0.06253992,-0.1596018,-0.02664106,-0.09164343,-0.23232245,-0.005647191,-0.030279309,0.040254377,-0.00021315427,0.14918399,-0.029418508,-0.21357761,-0.11705793,-0.058865488,0.05862536,-0.029056445,0.097566456,-0.027859326,-0.060806636,-0.024665417,0.005750761,-0.3241256,0.2137857,0.14984582,-0.06119862,0.024491068,0.053530876,0.040012788,-0.061970685,-0.15471901,0.09672999,-0.142771,-0.0008769422,-0.14334774,0.108164586,-0.17908005,-0.04401426,-0.048253868,0.06525581,-0.034010608,0.007450748,-0.16504608,0.23897891,0.16295345,-0.1807475,-0.17493595,0.126004,0.084243655,0.22663191,-0.15326887,-0.20406751
83,0.189401,0.084457986,0.29841566,0.023505848,-0.024261693,0.108418636,-0.044470202,-0.07941949,-0.023732904,0.05703908,0.13773306,-0.032943048,0.18017788,0.16963789,-0.018227106,0.058101177,0.16542298,-0.28263453,-0.017842982,-0.11698709,-0.096113406,-0.010044499,0.1345743,-0.23755564,-0.082937725,-0.13530661,0.07624675,-0.0315648,-0.016353786,-0.04359433,-0.036142945,0.12287266,0.025237013,0.058519427,-0.08057465,-0.07566891,0.04126261,0.009434557,0.022610286,-0.11934797,-0.040956993,-0.10001989,-0.099055864,0.14108242,-0.0844199,-0.03310916,0.0110681765,0.11861957,-0.16825041,-0.012102735,0.019580794,0.18633594,-0.30905858,0.06180593,-0.15251158,-0.013949828,0.2254179,-0.091084555,0.038010776,-0.041254774,0.20834468,0.13443722,-0.24028552,-0.19435401
289,0.112892136,-0.019579342,0.32439345,0.1354642,-0.15986417,0.074597016,-0.124622345,0.04975219,0.15931481,-0.17183849,0.18685018,0.06900967,0.24776317,0.055190343,-0.1733056,0.07573922,0.11459808,0.025781965,0.01595136,-0.038957,0.100361355,-0.046457835,-0.07463122,-0.09461025,-0.13399255,-0.091391884,-0.06758667,0.2956808,-0.053062733,0.12383679,0.036744345,0.010931462,0.2273213,0.020937108,-0.17037304,0.20419909,0.063404456,-0.018784828,0.06383064,0.08415168,0.06922041,0.0076074284,-0.058844943,0.09944209,0.06357546,0.04295528,-0.114512384,0.0065910164,-0.0714198,0.14623788,0.09716934,-0.08903001,0.02808403,0.111897446,-0.030137913,-0.075107925,0.22880046,0.0024216808,-0.081195354,0.08870481,0.031099379,-0.0003300208,-0.23858792,-0.2740401
92,0.082731426,0.12945504,0.23268388,0.04481846,-0.032079015,0.1989546,-0.0094315475,0.019008044,0.06506159,-0.05967262,0.11597334,0.090485804,0.17513162,0.23638074,-0.041715108,-0.11691698,0.09938858,-0.028623987,-0.080063246,-0.26481602,-0.005315272,0.013464394,-0.053882685,-0.05979245,0.002348695,-0.12072993,0.13409653,0.031999107,-0.004185617,0.22861983,0.011321628,0.13470928,0.09288246,0.09951972,-0.18347073,0.15600927,-0.03036056,-0.11678394,-0.06681068,0.08069544,0.055537794,0.0023004145,-0.19231406,0.013607931,-0.014612915,0.13836168,0.11916281,0.15991642,-0.11403524,-0.053177487,0.04500908,-0.123648636,0.2146722,0.17656277,-0.05636423,-0.00933777,0.35484543,-0.094805256,-0.05963418,0.16470237,0.05353926,0.036144096,-0.1414159,-0.21175933
567,0.04715525,0.006080671,0.25544187,0.030590743,-0.035410017,0.15482454,-0.024902798,-0.095571116,-0.14903413,0.027734468,0.24098982,0.20757654,0.2017829,0.08704092,-0.06561746,0.04071299,0.13794263,-0.008070255,-0.08923606,-0.07792313,-0.038271256,-0.1494127,0.019497886,-0.09768327,-0.14517717,-0.11906196,-0.17002614,0.13655429,0.004581484,0.11325962,0.05382308,-0.053107932,0.15849206,0.110064745,-0.26900062,0.0013294893,0.02282525,-0.06368896,0.020616727,-0.037315555,0.1617485,-0.1332454,-0.21427001,0.20170204,0.106846385,0.15152858,-0.10242544,0.08030405,-0.027062539,0.14647144,-0.17400952,0.011978367,-0.036909044,0.037077393,-0.23973924,0.046475843,0.114393786,0.0070989393,-0.11917648,0.13604312,0.0014555891,0.10875145,-0.25271085,-0.12498026
292,0.13356684,0.050146796,0.16051826,0.07019195,-0.056803778,0.001433753,-0.15420038,-0.054618984,0.07269466,0.083321124,0.13178523,0.15698479,0.12917736,-0.015760679,-0.09444925,-0.22288488,-0.09114006,-0.06517085,-0.10059144,-0.08279688,-0.028207839,-0.10156019,0.004501487,-0.17203446,-0.043042738,-0.06651418,0.16346256,-0.07556033,0.06599886,0.07287788,0.15812376,-0.057454575,-0.12892918,-0.15639324,-0.23225677,0.25672773,0.13358338,-0.104969434,-0.105284676,-0.02622811,0.1573131,-0.17839657,-0.13527222,0.17801361,0.07705879,-0.086452164,0.009403279,0.047295928,-0.21564664,0.009831343,-0.14047596,0.016357832,-0.046262763,0.18480086,-0.21901353,0.0976861,0.2740907,-0.11531451,-0.084889054,0.16893528,0.051440597,0.0071051894,-0.14801979,-0.09599239
482,0.071409814,0.0130986925,0.3100613,0.008292316,-0.14105098,0.16415565,-0.07273359,0.051962167,-0.08572622,-0.086340874,0.21590418,0.08298336,0.11017458,0.042045023,0.008170431,0.002854112,0.011466252,-0.0039340025,-0.08357833,-0.18197973,-0.036426254,0.07980698,-0.28597805,-0.08033938,-0.07725195,-0.22557123,0.17497706,0.1554712,-0.0024735874,0.02614027,0.1394783,0.058563985,0.027550595,0.06793252,-0.13792072,0.313697,-0.06367908,-0.037647046,-0.030333895,0.10002746,0.021491798,-0.1899136,-0.20740958,-0.008217037,-0.07759793,0.11683885,0.038350064,-0.020696998,-0.02021369,-0.24893795,0.012293676,0.012777278,-0.19864303,0.0137331,-0.06137502,-0.12309394,0.0601673,0.022956405,0.09774492,0.11261696,0.20667262,0.13851656,-0.17852841,-0.09058621
687,0.17282392,-0.068709336,0.25205213,0.116863556,0.015885828,-0.028073339,-0.12828255,0.0646654,-0.17634071,0.0055662873,0.06415281,0.17979148,0.2127203,0.03278786,-0.13758965,-0.08721693,-0.076997325,0.056901436,0.043440353,-0.19091243,0.13411553,-0.054196462,-0.0703945,-0.045569774,-0.16447394,-0.027450794,-0.008948168,0.10539472,-0.016780362,0.09595105,-0.029158762,0.13321562,-0.01885212,0.0734087,-0.35717356,-0.0014594544,0.047132876,-0.1083709,0.051412072,0.022616055,0.1345512,-0.020941133,-0.08147457,0.08124516,-0.13783641,0.18847296,-0.34017473,0.122954056,0.00070435746,-0.007912609,-0.027074337,0.04948535,0.03733432,0.046753775,-0.13407266,0.05181338,0.2028722,-0.18283525,0.09648509,0.20815134,0.03876421,0.085570894,-0.14937,-0.1736582
332,0.07749903,-0.0002949127,0.17685784,0.09954246,-0.03522674,0.21122147,-0.25420684,0.04862116,-0.25316605,0.07477376,-0.02392996,-0.09641866,0.064780176,0.09298854,-0.101335,-0.13365276,0.12306704,0.10650252,-0.1547543,-0.05109959,-0.004498095,-0.08736154,-0.13730738,-0.15859663,-0.007043431,-0.14718315,-0.09540994,0.17251486,0.025472451,0.08705874,0.1261339,0.050190322,-0.1438496,-0.23001654,0.10489218,0.08004569,0.18328498,-0.11479309,0.1815491,-0.04075296,0.029519916,-0.017020915,-0.1883964,0.13983601,0.010598314,-0.0038781012,-0.03456494,0.043674838,-0.24026626,0.13577826,-0.006392888,-0.19727492,-0.103841744,0.016295211,0.03765964,-0.061890047,0.20462587,-0.24161787,-0.0903565,0.10074418,0.040133502,0.109129824,-0.16047812,-0.07999875
448,0.09322538,-0.14547917,0.2419002,0.065065004,0.11421668,0.17977916,-0.101422675,0.12404508,-0.13370164,-0.016968003,-0.011944228,0.1178882,0.023795554,0.08652586,-0.026535908,-0.14317432,0.14876194,-0.15809639,-0.05797247,-0.13646081,-0.1086682,-0.06527896,-0.023711357,-0.1345262,0.037786655,-0.13246389,0.23701072,0.082662396,0.021278989,0.0427289,0.05892599,0.10608905,-0.10337324,0.05237599,0.25826073,0.19830434,0.13353997,-0.07304362,0.08329954,0.090455964,0.16064434,-0.026125586,-0.09978661,0.07906843,-0.054242544,0.014677733,0.19749467,0.17278911,-0.17811038,-0.14578895,-0.057919536,-0.21109593,-0.06520246,0.01999023,-0.16667414,-0.031589516,0.30155474,-0.02257563,-0.0015208296,0.051449012,0.20244665,0.022617837,-0.16359682,-0.05418585
39,0.14270788,-0.04230863,0.20342559,0.17216492,-0.066473916,0.09735218,0.016311523,-0.087252416,0.01754053,-0.039241534,0.18500318,0.045448646,0.26483178,0.09811683,-0.1647804,0.029857995,-0.044305082,-0.021839067,-0.026419288,0.064642526,-0.03244642,-0.08738124,-0.054527335,-0.12162466,-0.025962355,-0.061332952,0.20293505,0.11224211,0.09343699,0.07704375,-0.13413195,-0.06136103,0.12656234,-0.08268335,-0.10353834,0.16639143,0.029895112,-0.17009243,0.060233306,0.0040401747,0.07739742,-0.10415282,-0.20407772,0.122727886,-0.06433555,-0.02683957,-0.08540102,-0.061349586,-0.070897534,0.021668345,-0.02283657,0.0028639329,0.19938348,0.1509608,-0.1164463,0.26947257,0.29413906,-0.16282587,-0.20482786,0.07197802,0.05358713,0.037842188,-0.17446984,-0.27720532
84,0.12926671,0.18023041,0.10830272,0.090270974,0.06301774,-0.10624951,-0.21091622,-0.042416587,-0.23772493,0.06849124,0.056877285,0.18462953,0.21990705,0.081485994,-0.12815073,-0.07704861,-0.10456765,0.020414568,-0.062854856,-0.07315218,0.079473436,-0.06426323,-0.23284103,0.050889537,-0.10931972,-0.053609475,0.09894289,0.014255757,0.088071726,0.12189312,-0.20434906,-0.029479561,0.10278621,0.11609816,-0.25006428,-0.05392952,-0.02030341,-0.1887036,-0.05172068,0.034582965,0.062110186,-0.12249015,-0.14341553,0.04242801,-0.05903107,0.11642889,-0.30973136,0.045464657,-0.05825014,0.090186104,-0.16883151,0.02993363,0.18158448,0.011880905,-0.024739979,0.16108176,0.14421135,-0.1761195,-0.05053589,0.086438656,0.011272415,0.1242735,-0.14538811,-0.17532338
454,0.06966725,0.12539074,0.2755411,0.09059688,-0.11170384,0.134586,-0.23668443,0.11255468,-0.028523186,0.16569543,0.12975924,0.041195326,0.1315539,-0.00030741128,-0.044087477,0.0019825487,0.044200424,-0.0737343,-0.23378834,-0.25094447,0.0020784284,-0.16212218,-0.021880237,-0.08262002,0.022729471,-0.18516319,0.13682272,0.012639841,-0.013215991,0.08625869,0.059337772,0.017047554,0.0050056227,0.040788043,-0.039173923,0.17762493,0.11458898,-0.092314996,0.091322616,0.011829448,0.19784886,-0.073137745,-0.05029001,0.14539476,0.09181959,-0.06192476,0.01133559,0.16096817,-0.1942194,0.004611727,-0.031179342,-0.18826024,0.034955826,0.27537355,-0.16640984,-0.07973581,0.08678383,-0.04799803,0.03422217,0.03069577,0.17746185,0.06015424,-0.28443497,-0.1471016
728,0.017175825,0.12571935,0.20934784,0.13008441,-0.073753886,0.059242632,0.016321061,0.09680615,-0.13609038,0.101382375,0.05646979,0.046160486,0.22987127,0.08316722,-0.13590945,0.012255247,0.033021417,0.06430564,-0.052798796,-0.23832488,-0.057428215,-0.09988146,-0.1874445,0.0094553055,-0.049169354,-0.2657213,0.11961174,0.073155336,0.014138836,0.09990326,-0.06597595,0.08456909,0.18383868,0.06465167,-0.042641338,0.013780737,0.10259821,-0.09915392,0.088541865,0.014613304,0.0645427,0.014616206,-0.08956072,0.21926677,-0.048139926,0.15783815,0.010647902,0.15296029,-0.050246652,0.12857409,-0.11487587,-0.17933866,0.053844962,0.02203929,-0.17141543,-0.0020356008,0.17816891,-0.17296217,-0.24067773,0.14309132,0.106989205,0.10306305,-0.13083512,-0.3291446
311,-0.07981242,-0.036561582,0.3292816,0.14837642,-0.14305285,-0.0066114683,-0.03778402,0.04085153,0.028507175,0.11456187,0.052405816,0.11177045,0.194474,0.02226832,-0.13443103,0.045683883,0.053122733,-0.007239242,-0.1503462,-0.20965324,0.025568489,0.02104845,-0.14152387,-0.14662436,-0.09726315,-0.21217118,0.036316928,0.06311742,0.03781455,0.15830739,0.09383747,0.10403686,0.13575202,0.0021678335,-0.20203453,0.0010994386,0.06510119,-0.12048582,-0.11445573,0.04425703,0.08564642,-0.21656781,-0.108208045,0.08647696,0.09237634,0.22078945,-0.070843615,0.053316407,-0.03459595,-0.002363313,-0.08137865,-0.029885847,-0.15873194,0.20546257,-0.20342664,-0.07451134,0.16446334,-0.12884867,-0.060930654,0.1369993,0.16742834,0.13355371,-0.1899047,-0.17285399
458,0.011234627,-0.025112903,0.21288016,0.10097676,-0.19262938,-0.03503182,-0.056189194,-0.060512237,-0.003886688,-0.0973725,0.11557385,0.20892024,0.23706825,-0.06264858,-0.2024911,0.16491939,0.051683147,0.04299878,0.021794014,-0.032408036,0.16051486,-0.10831146,-0.15402655,-0.045673367,-0.24802335,-0.123184115,-0.011182944,0.23194654,0.021678092,-0.025863845,-0.07352896,-0.026260417,0.09823598,0.08714054,-0.22811012,-0.037971362,0.030637834,-0.10186243,0.15135343,0.063556015,0.113910764,0.05089926,-0.092077054,0.21978773,-0.05272299,0.011011703,-0.1837898,0.12428796,-0.16380012,-0.05601748,-0.047783926,0.094049565,0.046586316,0.03577967,-0.116225734,0.05987964,0.030183265,-0.1458132,-0.12135262,0.16230886,-0.04285231,0.12713164,-0.21304615,-0.2735223
560,0.16688444,-0.0146646565,0.20241468,0.027843507,-0.15443115,-0.021082768,-0.121755,0.13314256,-0.23747392,0.13650742,0.10947862,0.14875627,0.10699974,-0.09360372,-0.0132896695,-0.18865183,-0.009075553,-0.014794141,-0.108525254,-0.22569482,-0.012898714,0.0023621414,0.026807731,-0.024885738,-0.012926571,-0.010705753,-0.032849055,-0.016808873,-0.0027645535,0.032894578,0.1916727,0.07184029,0.035321005,0.30332083,-0.29708904,-0.02215522,0.09583504,0.029537808,0.17988989,-0.1153469,0.00987817,-0.06984482,-0.3046708,0.2063782,0.09374292,0.09627997,-0.2013381,0.017935613,-0.06475134,-0.009987168,0.054554645,0.025572145,-0.07187409,-0.04132827,-0.12666246,-0.09034624,0.22489949,-0.10581116,-0.04921084,0.10574578,0.17258766,0.07156683,-0.087803856,-0.07092448
272,-0.09327285,0.05923941,0.17199786,0.15066355,-0.053406693,0.25837862,-0.007606979,0.070032455,-0.051761165,0.14855374,0.011162107,0.17192242,0.21537174,0.100764595,-0.07915242,-0.0104629295,-0.061936107,0.08751559,-0.20525618,-0.13075106,0.022349294,-0.1501631,0.098965526,0.0031276506,-0.05328762,-0.22892727,0.24183296,-0.060114574,-0.05612529,0.14698243,0.07327195,0.08352718,0.015500039,0.20309722,-0.166283,0.13088794,0.21233153,-0.10564169,0.04308967,0.025753682,0.048875205,-0.11374378,-0.27405784,0.09090536,0.14619696,0.032589,0.078962006,-0.020615209,-0.028232777,0.103459574,-0.068057604,-0.07668792,0.123457156,0.18090478,-0.0127591165,0.06082617,0.0420016,-0.052819252,-0.14421421,0.053809557,0.088932626,0.062093798,-0.2215087,-0.22321089
111,0.341537,0.104987524,0.31012598,0.008439527,-0.010595415,0.17325613,-0.05176461,0.00080208696,0.16838683,-0.07058316,0.09422301,0.0986819,0.22687994,0.29596382,-0.027124234,-0.1277912,-0.06497099,-0.19455257,-0.22311373,-0.29368702,-0.028872501,0.075876206,-0.019432735,-0.01405301,-0.021920275,0.050621282,-0.017839978,-0.020654282,-0.0064443657,0.16245322,0.04274143,0.09597976,0.024049684,0.07225881,-0.12943971,0.15146293,-0.11680333,-0.037184697,-0.022878759,-0.06509517,0.05122728,-0.084032275,-0.08897703,0.15076548,-0.060164925,0.016094103,-0.03717694,0.2008144,-0.12813117,-0.022825185,-0.15499796,-0.06320514,-0.061861847,0.09731374,-0.03299499,-0.044381943,0.07120749,-0.11782504,-0.09754133,0.048003048,0.10736396,0.09103264,-0.17928357,-0.11580267
455,0.013153112,-0.122088686,0.073757775,0.21521738,0.055577815,-0.1106128,0.011987731,0.11847546,-0.049058795,-0.11668105,0.06844714,0.24880272,0.1154787,0.013112281,-0.060275793,0.16655207,0.047939267,-0.013798539,0.014825526,0.0008593778,-0.01085891,-0.12219876,-0.20320027,-0.07146487,-0.09981281,-0.075929545,0.3088815,-0.24860935,0.04674021,0.13561961,0.0009617392,0.13700356,0.07137957,0.17379168,0.018081954,0.017910773,0.11312796,-0.029502153,-0.043309163,-0.20276189,0.029593963,-0.15253326,-0.044760045,-0.037620306,0.213022,-0.019052643,0.012700171,-0.10298147,0.043869015,0.0038505986,-0.050642103,0.008353982,0.18489923,0.18119372,0.11774049,-0.028632345,0.3657128,-0.022973368,-0.1899067,-0.0072447862,0.041791104,-0.161756,-0.1216732,-0.15384534
4,0.012003396,0.007643588,0.25682265,0.23189782,0.11153246,0.11015502,-0.17948632,-0.053710576,-0.09859629,0.035721067,0.14461398,0.24819322,0.26259205,0.009447929,-0.03881334,-0.03228916,-0.06608416,0.11927451,-0.08778636,-0.050051883,0.016924568,-0.069998935,-0.025431104,-0.0663875,-0.11031288,-0.21731974,0.027861154,0.1603233,-0.02273811,0.2283231,0.096034564,0.008878445,0.19971754,0.15297274,-0.19568889,-0.060160097,0.044566642,-0.026874965,0.08470799,0.21160986,0.100840054,-0.03540518,-0.11926643,0.135979,0.0037724546,0.099562466,-0.14544317,0.14187469,-0.07045438,0.14177819,-0.10719579,0.10672054,-0.016815512,0.014677753,-0.14793974,-0.10866908,0.21776628,-0.012427242,-0.061061118,0.05997493,-0.00074579846,0.011961587,-0.23214157,-0.14876276
238,0.0791284,-0.19238143,0.28188467,0.31927648,0.003793376,0.094843276,0.028920898,0.010871379,0.13770862,-0.08412329,-0.008819195,0.13977075,0.21197987,-0.0062874076,-0.27328396,-0.097124435,-0.12032485,0.079132736,-0.03941212,-0.13872983,0.08879699,-0.025318524,-0.024624633,-0.10740616,-0.14903958,-0.13678654,0.025317471,0.10076198,-0.13306315,0.07484361,-0.06468081,0.019561632,0.08360283,-0.048795786,-0.22161017,0.020619672,0.17273156,-0.13090087,0.19809861,0.15852994,0.075462386,0.008122077,-0.11522263,0.08513771,0.0133096455,-0.030839697,-0.09472023,0.030348232,-0.010194139,-0.055477377,0.025969328,0.07754942,0.011775636,0.0750592,0.02079566,0.16041286,0.13390614,-0.19375245,-0.10188086,0.06372993,0.22108696,0.17507476,-0.1568071,-0.15945181
721,0.09071299,0.005637988,0.16905108,0.17487052,0.019395012,0.08860044,-0.10901599,0.032761592,0.058756515,0.08206952,0.0069294185,0.1439325,0.23479167,0.19012834,-0.049761135,-0.07400632,0.05653295,0.006098271,-0.034948714,-0.10344402,0.006237282,-0.03653182,-0.079086326,-0.09506088,-0.029968198,-0.16824892,0.21699345,0.07731554,0.008865561,0.24121404,0.033314086,0.12494463,0.013557594,0.16993654,-0.17458451,0.012566503,-0.082280725,-0.038720313,-0.09529727,0.14517486,0.08879507,-0.118073106,-0.073096685,0.13624996,0.040427677,0.055346318,-0.12959269,0.23076062,-0.047287177,0.0145545155,-0.20542715,-0.011821054,0.16774629,0.14239931,-0.14064857,0.034155518,0.30709243,-0.06875598,-0.22375648,0.033636015,-0.10469084,-0.045699365,-0.21998419,-0.2184369
131,0.09714579,-0.105325505,0.13323928,0.1532952,-0.13144223,0.06346845,0.09318695,-0.023083484,0.023327695,0.044283308,0.07713901,0.034719553,0.24617235,0.023212548,-0.20124128,-0.11292629,-0.04705838,-0.05513621,0.008414234,-0.20777982,0.049118634,-0.02338863,0.03200642,-0.1761481,-0.2212527,-0.13448218,0.016153688,-0.08864436,-0.080527246,0.041757643,0.072537094,0.053011928,-0.062943034,-0.064584486,-0.26891762,0.013764596,0.27457848,-0.081381895,0.08651703,0.1157405,0.048549246,-0.014929748,-0.07315296,0.1217685,-0.08804321,0.0832092,-0.0588116,0.156342,-0.18159077,-0.10616673,-0.048603415,0.19320415,-0.013506474,0.014838595,-0.3199305,0.090868235,0.23210616,-0.19279699,0.037570238,0.060315236,0.039722204,0.10029237,-0.16151078,-0.17617336
704,0.37038863,0.05130914,0.20413171,0.059893366,-0.08232889,0.10624307,-0.14280868,0.17129709,-0.20441788,0.13088247,0.10972612,0.06367989,0.21739374,0.1604114,0.010902609,-0.28535563,-0.07538184,-0.049346954,-0.03401033,-0.30325878,-0.13136302,0.011992407,-0.013909323,0.016327772,0.016567023,-0.021256091,-0.034125466,-0.05457672,-0.06787428,0.09336054,-0.06334875,0.06573977,-0.034906954,0.016841257,-0.104683496,0.28711978,-0.01582368,-0.013285494,-0.0053249784,-0.0011478175,-0.04644445,-0.102314204,-0.182889,-0.100620285,-0.08138751,0.10628968,0.11459788,0.026534839,-0.11361849,0.015106355,-0.04595767,-0.02202369,0.06825626,0.011250883,0.006089104,0.19672093,0.19276999,-0.09329602,-0.04490311,-0.05490281,0.22385502,0.026540825,-0.10275282,-0.130789
436,0.12203924,-0.058541317,0.33684614,0.12939404,0.0040856586,0.15738565,-0.036270063,-0.01762482,0.18987204,-0.1474943,0.1946224,0.24656759,0.27464807,0.10160097,-0.22945191,0.14507526,0.0080535915,0.0029347828,-0.031007608,-0.019209966,0.084261835,-0.042528875,-0.02494524,-0.02390219,-0.18489064,-0.05545232,0.087868385,0.12622459,-0.05288963,-0.0022186127,0.048247527,-0.043059364,0.09113338,-0.0020147238,-0.2564136,0.15804967,0.1472159,-0.06248621,0.22740361,0.025463188,0.025360093,0.0728379,-0.039214354,0.20703343,-0.036306135,-0.002053023,-0.08385335,0.033788238,-0.02517227,0.0746408,0.045856033,0.046213478,0.061530076,0.087878965,0.09057126,-0.1370834,0.06671596,-0.108030714,0.07040248,0.16158068,-0.067407526,0.06548218,-0.1648692,-0.24649449
385,0.14356662,-0.086241454,0.23746158,0.105495036,0.07381478,0.10441497,-0.1632058,-0.09717024,-0.18400137,-0.20092717,0.26167786,0.09192501,0.061975054,0.1120566,0.0076592644,-0.12696892,0.09757877,-0.12312662,0.00893996,-0.104181126,-0.12997147,0.095988065,-0.10938397,-0.10427933,-0.0291207,-0.14911084,0.05628756,0.061572783,0.013439,0.18009675,0.13871768,0.057074722,-0.030268982,0.059425447,-0.2084493,0.18885577,0.078424826,-0.008532906,0.10399013,-0.059112098,0.14439178,-0.09921968,-0.13929665,0.11415699,0.020467516,0.017802633,-0.07218376,0.10715256,-0.08474915,-0.03728385,-0.08199,-0.17321882,0.0041118567,-0.002789217,-0.21393453,-0.11095678,0.34337845,-0.033044912,0.059061132,0.17333725,0.17548276,0.07156116,-0.14840403,-0.0049553253
62,0.0064973123,0.042551704,0.23535931,0.14985411,-0.038314708,0.14415139,-0.115529135,0.017299158,0.067472324,0.11011682,0.005483379,0.08662954,0.17566553,0.048405968,-0.20090538,0.16904524,0.1153407,-0.15302402,-0.19416633,-0.12012493,0.11102468,-0.13163452,-0.1529784,-0.05349658,-0.18892741,-0.102404475,-0.006337483,0.07897189,-0.05298002,0.07705573,0.0075837593,0.020246603,0.11039213,0.062319864,-0.1788334,0.084073715,0.25395733,-0.1283114,0.108261764,0.036797676,0.23507996,-0.120070994,0.0207636,0.17239152,0.117794536,-0.03278866,-0.2580496,0.032511085,-0.07966348,0.01595824,-0.009041163,-0.09991894,0.029790105,0.2138588,-0.13548426,-0.11940182,-0.038345084,-0.025722003,0.036219914,-0.01226902,0.09436025,0.11794287,-0.29451883,-0.10478345
744,0.079362646,-0.12557355,0.27201372,0.15999395,0.007995695,0.07628728,-0.057049844,-0.13393071,0.04162467,-0.068492234,0.10576371,0.22375146,0.19995542,0.16036281,-0.05093051,0.009228546,0.052730422,-0.095678136,-0.031236589,-0.14949362,0.017713442,0.11103137,-0.19505274,-0.17170966,-0.10404604,-0.05609354,-0.09528407,0.17013623,-0.07161669,0.14858139,0.062213838,0.049218852,-0.041581422,-0.10081993,-0.20425288,0.121160634,-0.12647983,-0.020159332,0.07273092,0.04577715,0.12111637,-0.08211811,-0.04052323,0.08596297,0.07899259,-0.0077853147,-0.24100985,0.13962604,0.01440058,0.03583895,0.0188707,0.011683251,-0.08004651,0.26974502,-0.08823309,0.043282226,0.3037604,-0.1372633,-0.19185905,0.040468812,0.11165094,0.17804213,-0.14422292,-0.050443523
408,-0.11114512,-0.115990974,0.35082036,0.2396999,-2.5308196e-05,0.162046,-0.062067542,0.024993183,-0.07139859,-0.0070476257,0.102524705,0.068017,0.27540374,0.14684518,-0.08153816,0.11342596,-0.0057825153,-0.04617482,-0.09427587,-0.11841585,0.025327375,-0.022646734,-0.081672065,-0.16847436,-0.19919269,-0.3168565,0.024804106,0.15647246,-0.1257574,0.16129069,-0.0006106916,-0.009168925,0.10776865,-0.0014710762,-0.15197873,0.1251012,0.06291631,-0.012536899,0.12504059,0.01872267,0.07239359,-0.0005730184,-0.049566776,-0.08091453,0.06566824,0.06920687,0.09554684,0.17642662,-0.036169674,0.03651051,0.10037829,-0.053915367,-0.013770631,0.12351557,-0.14500646,-0.19799931,0.15023999,-0.046380483,0.027976055,0.12191362,0.034601517,0.057784148,-0.21543798,-0.2016345
28,0.08888359,-0.016507566,0.291417,0.08960243,-0.07098328,0.10121509,-0.07469875,0.08904842,0.00051082333,-0.040701445,0.24517949,0.22095296,0.21036164,0.082055144,-0.11628941,0.18291752,0.04438899,0.029007053,-0.19752064,-0.042592827,0.122350566,-0.08876111,-0.1745714,0.0075388537,-0.23168418,-0.087911576,-0.042737167,0.035471547,-0.016346263,0.078027,0.17738219,0.0625337,0.15475295,0.00083915354,-0.22141185,0.19419722,0.15522441,-0.018861063,0.1874511,-0.011885692,0.0969285,0.023751246,-0.08605749,0.084984,0.046205003,0.07264192,-0.1610872,-0.0043591294,-0.04067931,0.025120461,0.052200276,0.032600608,0.039712615,0.0127230445,-0.017647158,-0.24679027,0.17500621,-0.014228073,-0.05610137,0.15515697,-0.06549428,0.005738353,-0.2129578,-0.23053849
320,0.20891403,0.008516325,0.18549547,-0.035457045,-0.16038266,0.13655706,-0.06899435,-0.06146174,-0.029911637,0.10619678,0.1888501,0.24130553,0.30710846,0.06351061,-0.10329203,-0.09806352,-0.17528802,-0.031196095,-0.023090823,-0.0831713,-0.009973154,-0.10698627,-0.42354375,-0.014802091,-0.125951,-0.08698034,0.0374185,0.24820288,-0.08360176,-0.0037374767,-0.13856702,-0.13173825,0.061035715,0.00022298867,-0.20394924,0.14181446,0.023612594,-0.061830636,0.032988288,-0.038725555,-0.024807625,-0.07525545,-0.24441059,0.13157587,0.01809654,0.03514689,-0.047958054,-0.008811897,0.00781469,0.029331477,-0.06521702,0.062499627,-0.049758933,-0.17027412,-0.060521472,-0.09851782,-0.05022039,-0.0805348,-0.10029498,0.08347669,-0.13403913,0.0048757927,-0.09671699,-0.12547766
96,-0.036766756,-0.010457243,0.19676018,0.055733107,-0.038071096,-0.028265962,-0.14578821,-0.045643542,0.013081672,-0.11868738,0.14424522,0.08215001,0.09248219,0.02044578,-0.10721687,-0.14121209,0.04480017,-0.072519116,-0.0413494,-0.068445064,-0.038854085,0.108692594,0.052165195,-0.049389593,-0.14177838,-0.049571164,0.061458807,0.10703338,-0.035285227,0.043704517,0.06563277,-0.022049053,-0.043530602,-0.038533196,-0.39198294,0.19856243,0.02284905,-0.10896345,0.058284674,0.027306098,0.17244348,-0.21030226,-0.06866028,0.09952168,-0.16291082,-0.0040335017,0.0030999638,0.16226858,-0.17582393,-0.21575016,-0.16991997,-0.011926786,0.064305276,0.12806803,-0.18642387,0.1714609,0.089614324,-0.12237547,-0.15380007,0.22580872,0.18368362,0.2443583,-0.15293054,-0.10438436
599,0.110196166,0.0827161,0.20729838,0.20512153,-0.06307773,0.15025757,-0.095307834,-0.017908396,-0.24666579,-0.08173342,0.12497904,0.11302287,0.27063653,0.053696066,-0.11644918,0.015622125,0.0049212864,0.06877685,-0.04798114,-0.18232803,0.09869618,-0.05909478,-0.19657218,-0.085975386,-0.16193436,-0.27172148,0.052521534,0.12674156,0.10809465,0.05266568,-0.06863935,-0.04964401,0.06426433,0.12526062,-0.16376075,-0.04160164,0.017631961,-0.15657246,0.09039149,0.11477607,0.14030205,0.010966238,-0.23296168,0.12759905,-0.04555531,-0.010318182,-0.16112548,0.13077591,-0.15352646,-0.1612967,-0.07860161,0.045305323,0.07550854,-0.07219192,-0.015161628,0.026167532,0.1085951,-0.15279052,0.030801399,0.04915371,-0.013146476,0.07400431,-0.23429945,-0.18773493
382,-0.013116509,0.07162185,0.23956175,0.1342785,-0.09048374,0.17117715,-0.1620097,-0.002228653,-0.008266931,-0.052338883,0.19515416,0.30404863,0.18464407,0.08556413,-0.049383238,0.21383716,0.041491378,0.137104,-0.144287,0.017464709,0.12841913,-0.038195435,-0.13729852,0.007689297,-0.18071148,0.0014678937,0.16331899,0.10037802,0.09257295,0.08858517,-0.071394674,0.13669585,0.06674689,0.15991066,-0.109833755,0.19702345,0.08253069,-0.037997607,0.21304767,0.052529473,0.103431955,0.13652277,-0.17341672,0.07729794,0.017818497,0.099196345,-0.07675442,0.029718842,0.00088612904,-0.03877402,-0.020227654,0.13447523,0.13880119,0.09750354,0.08304687,-0.18044147,0.10579644,-0.049616355,-0.09003392,0.1194165,-0.05450845,0.060669076,-0.19009568,-0.24050744
597,0.1961784,-0.024743974,0.36055708,0.17101939,-0.13652839,0.12779023,-0.15550035,0.1167264,0.110099986,0.04487055,0.1500292,0.17256689,0.23930532,0.074637115,-0.1679469,0.0634355,-0.064023964,0.1333948,-0.1432636,-0.034376368,0.12404671,0.032955714,-0.080489695,-0.079661086,-0.0049434025,-0.0935249,0.041795585,0.10398167,0.028017731,0.03702856,-0.011691855,0.11777604,0.049632836,0.07742323,-0.08685932,0.1350228,0.06124344,-0.041372273,0.11698911,-0.03620909,0.082680896,0.06580003,-0.21742722,0.14320324,-0.07124747,0.012417953,-0.27011135,-0.015069471,0.06881981,0.057397027,0.05690775,-0.0531501,-0.10939796,0.14175187,-0.009197825,-0.04327616,0.14368497,-0.10897635,0.0059771813,0.12637533,0.10807105,0.007226692,-0.22492702,-0.29320738
587,0.038756736,0.052502576,0.28424808,0.18859226,-0.1686197,-0.07683188,-0.19507734,0.12306497,0.04986096,0.1119704,0.048121132,0.28573394,0.23776683,-0.085311584,-0.07403193,0.02478029,0.03441265,0.059182685,-0.12975357,-0.17629191,0.11259077,-0.11490506,-0.029254215,-0.009399917,-0.1293062,-0.22882678,0.1019085,0.030307483,0.044154465,-0.0055587543,-0.013082279,0.07648363,0.109179385,0.2613928,-0.17752889,0.08478882,-0.110832274,-0.034977023,-0.02801866,0.111674935,0.0016614507,-0.013962686,-0.14559275,0.08577339,0.058549255,0.060936153,0.045426115,0.1150921,-0.14151394,0.0048589977,0.008805444,0.08350183,0.06970938,0.11161007,-0.05941364,-0.16037422,0.21094143,-0.09113506,0.0021298707,0.05181756,0.057805624,-0.07020912,-0.22074328,-0.26844993
689,0.25695542,0.024694491,0.32578856,0.12318619,-0.26208115,-0.016439442,-0.09940343,0.19361235,0.11067411,0.01722624,0.22343934,0.022097439,0.19750181,-0.043283395,-0.10103949,-0.12251545,-0.0064251022,0.050209828,-0.058126137,-0.32321998,0.105512425,-0.026678484,0.08406945,-0.08252245,-0.051215865,-0.14912651,-0.014553588,0.015314941,-0.037027527,0.023237217,0.056565616,0.15706547,0.15517558,-0.0018073054,-0.22070421,0.05319749,-0.034798265,-0.038311787,0.046644203,-0.048113745,-0.0043074917,-0.013934757,-0.14614475,0.1493679,-0.000693477,0.14602181,-0.008632537,0.07243223,-0.17188908,0.0061818026,-0.011826729,0.037885007,-0.047064885,0.04337543,-0.093333565,-0.04462284,0.15006857,-0.12122061,0.08988297,0.052070726,0.16815443,0.028742405,-0.16707626,-0.26673692
440,0.11561307,0.13725908,0.13823555,0.1590965,-0.05989332,0.07522725,-0.007967788,0.061307315,0.057300758,0.07934479,0.012440916,0.038483113,0.27029118,0.17044869,-0.06688072,-0.18487939,0.045829605,-0.20418668,-0.10898903,-0.2557224,-0.055534974,-0.1475181,-0.24175276,-0.065868765,-0.04584874,-0.0690523,0.049630065,0.09018353,0.11468716,0.13880877,-0.11003566,0.048659395,-0.00964388,0.062382907,-0.15227106,0.08650072,-0.26712382,-0.08942266,-0.09107691,-0.1264233,0.089445464,-0.17951868,-0.22998092,0.20336585,-0.094459325,-0.04593936,0.03923938,0.00555448,-0.16376048,0.05852735,-0.18352343,-0.0011241351,0.11328498,0.06390327,0.09301777,-0.026913233,0.01175064,-0.11233466,-0.18841185,-0.13661699,-0.04924613,-0.09796989,-0.1554365,-0.081137754
481,0.1274643,0.14558497,0.24922682,0.1256668,-0.10558673,0.18251255,-0.18692325,0.069285244,-0.11828884,0.055210117,0.13065152,0.03615588,0.16839662,0.09412126,-0.0012820145,-0.15587424,-0.039576802,0.12844859,-0.16006197,-0.3315239,0.006948772,-0.065080926,0.027325176,-0.019201897,-0.054690592,-0.11464405,-0.07577577,-0.041275542,0.019881647,0.08465051,-0.1083497,0.19281635,0.06574631,0.082294285,-0.19397976,0.2617753,0.03912903,-0.073524706,-0.024524642,0.03409292,0.070032924,-0.078581445,-0.19115166,-0.07960064,0.13165477,0.103890926,0.018925441,-0.0703444,-0.05799766,0.07090774,0.022181356,-0.015329381,0.06628344,0.11926468,-0.079360776,0.05345406,0.15576933,-0.018785547,-0.03251812,0.052514106,0.30084628,0.025971703,-0.22958352,-0.20473152
501,0.13227597,0.053483307,0.29103485,0.13474663,0.054114275,0.15651542,-0.0708434,-0.044976763,-0.0354641,0.0031515013,0.114189416,0.17834838,0.273702,0.22316079,0.01546107,-0.050453003,-0.005883934,-0.21321763,-0.16639687,-0.22068097,-0.14732075,-0.056729134,-0.21790136,-0.041301377,-0.06316725,-0.14404921,-0.0004462515,-0.04291709,0.0056845667,0.1684709,0.14265738,-0.02634971,0.03820367,-0.0022617378,-0.113095924,0.18435127,-0.093513116,0.030543169,0.05188569,-0.113086656,0.10661006,-0.1972445,-0.15013768,0.09209863,-0.08970375,-0.044842843,-0.020295296,0.077065654,-0.028257195,0.13277279,-0.09972834,0.028288864,-0.10784416,0.18085481,0.050682206,-0.05448466,0.10610236,-0.045394022,-0.26411083,-0.044250235,0.087819,0.017596452,-0.21569332,-0.083314426
306,0.028231101,-0.008319841,0.15570456,0.14063887,0.016069548,0.2035703,-0.12462477,-0.02751916,-0.022259606,-0.059466623,0.07948544,0.06493189,0.13326003,0.18155627,-0.19479373,-0.1973739,0.1339198,0.08218984,0.0971118,-0.03360424,0.00078658183,-0.0027987158,-0.19067068,-0.14510103,0.05085569,-0.21081583,0.15425941,0.08773867,0.033272047,0.19270228,-0.054373708,0.11397544,-0.088144824,0.055385437,-0.06929495,0.04312527,0.32759005,-0.11070476,-0.009699431,0.041207384,0.1475139,-0.12539455,-0.15883562,0.10618972,0.034838956,-0.10981743,-0.24329358,0.039329033,-0.10461717,0.031103302,-0.1140422,-0.15717775,0.09681458,0.16842537,-0.0075744647,0.034011863,0.21021107,-0.08503825,-0.07420704,0.10271367,0.1142389,0.05415717,-0.23928183,-0.11575601
296,0.24251404,0.09025659,0.27802902,0.18478975,0.021550907,0.05919664,-0.06465308,-0.1265266,-0.14044563,-0.04267789,0.0046381666,0.13807985,0.16517046,0.13071816,-0.06779477,-0.26515493,0.039990064,-0.10686174,-0.106265835,-0.30056125,-0.02782974,0.0072335964,-0.1524293,-0.14784545,-0.099482775,-0.06674619,-0.03904321,0.03495841,0.027306208,0.038769163,-0.124656335,0.07280381,0.017059444,-0.08717659,-0.28492966,0.119478196,-0.026083067,-0.09223195,-0.05902981,-0.021175588,0.028124554,-0.15612315,-0.1892321,0.008495008,-0.0062580723,0.121739045,-0.0368579,0.08069983,-0.094753735,-0.083161965,-0.13433589,0.03845575,-0.05989601,0.105679154,0.025065787,0.014008294,0.2649869,-0.19077112,-0.03952536,0.030740073,0.13643529,0.1561428,-0.17940018,-0.03507204
605,0.04551906,-0.04285834,0.354449,0.08896086,0.07650901,0.0813307,-0.17539154,0.0019174011,-0.18835324,0.071626544,0.15654366,0.1991723,0.14646994,0.14965387,-0.06099771,0.053563867,0.13888301,0.0009835175,-0.12058236,-0.1517626,-0.029251197,0.100511305,-0.14745432,-0.071995765,-0.099265054,-0.16857009,-0.036745228,0.050610688,-0.018448621,0.18347806,0.030737879,0.08744187,0.03993774,0.023082504,-0.19277455,-0.02059275,0.061549455,-0.0632799,0.14227141,0.02389803,0.1106888,-0.083747886,-0.05398532,0.056310244,-0.014419265,0.18609974,-0.20508932,0.19860297,0.02090508,0.033075172,-0.11126988,-0.021898631,-0.13451314,0.06367129,-0.12744023,-0.14792399,0.15805209,-0.11850347,0.06324318,0.09903305,0.195145,0.26123685,-0.19129092,-0.06432283
477,0.1693592,0.023676125,0.19292659,0.16691019,-0.120569386,0.18802091,-0.04318268,-0.02750738,-0.0099409735,0.10038572,0.045373887,0.07915099,0.19027427,0.12915449,-0.094879,-0.29106024,-0.017189542,-0.036390383,-0.14465766,-0.20174506,-0.028715702,-0.13042219,0.12307854,-0.078788124,-0.06123999,-0.13738607,0.0278604,-0.043574024,-0.076583736,0.17942059,-0.0595742,0.15839948,0.07348452,-0.03645679,-0.1281521,0.051213626,0.2421508,-0.058056176,0.020669494,0.07202718,-0.02614353,-0.028748484,-0.30089793,0.023832526,0.058807597,0.07514887,0.14419287,0.07641739,-0.19087131,0.068886615,0.032136865,0.05230364,0.09472455,0.063771956,-0.03879039,0.071972385,0.27737108,-0.17671105,-0.12777098,-0.016113618,0.13311204,0.061248556,-0.19565183,-0.15070502
29,0.12929207,-0.15743697,0.3401843,0.25293455,-0.041745882,0.1818927,0.043724716,0.06299589,-0.008569003,-0.053333428,0.21668328,-9.656311e-05,0.26188648,0.1364694,-0.17643075,-0.09238955,-0.055246074,0.09566146,-0.010275415,-0.09268266,0.024387956,-0.047364067,0.11656233,-0.2052946,-0.12376391,-0.31211168,-0.031918857,0.0027240664,-0.11970215,0.12098367,-0.063506335,-0.0017814174,0.13526791,0.01296149,-0.26168042,0.036008798,0.12365933,0.0077383984,0.16087835,-0.074399516,0.0086236475,0.008404201,-0.19051902,0.045805782,0.037628714,0.02774236,-0.014318351,-0.028491719,0.0858171,0.12940289,0.039920576,0.0134121375,-0.035857484,0.023274811,0.0006712587,-0.004415219,0.072969355,-0.06903867,0.07800175,0.031598095,0.08255133,0.03154617,-0.22285968,-0.23661439
88,0.13868964,-0.020121332,0.23785856,0.059862748,-0.096051075,0.18546315,0.03516812,0.030044677,-0.00621967,-0.10582054,0.20522405,0.12978059,0.24474064,0.17870465,0.02037269,0.0041956515,-0.09095156,-0.029553298,-0.06954697,-0.17451347,0.014118777,-0.06733092,0.1599763,-0.066940024,0.038030043,-0.01391458,0.097567976,0.123364925,-0.017061777,0.16920564,-0.0030320978,0.120745435,0.0320302,0.014652528,-0.0894647,0.08486515,-0.032288954,-0.1288418,-0.04832781,-0.13227677,0.027615696,-0.19701579,-0.28514308,0.036905985,0.093962826,-0.01241274,-0.018666226,-0.023333311,-0.18382314,-0.048894845,-0.13829665,-0.036678553,0.061292354,0.110072754,-0.06521427,0.32845894,0.12989882,-0.055558164,-0.20010805,0.011025097,0.18945749,0.04349338,-0.22096749,-0.21306673
145,0.026091555,0.022147026,0.07559423,0.12382118,-0.011292615,-0.077283174,-0.15369453,-0.03889778,-0.095309086,-0.021158293,0.045467243,0.26701206,0.20907912,0.030164918,-0.09313796,-0.11387942,0.059676006,-0.08098579,-0.01690086,-0.027827201,0.026725113,-0.10031115,-0.06416293,-0.02414376,-0.19295749,-0.09197259,0.1355766,-0.040477496,0.053282473,0.03244618,0.036430508,0.085253604,0.031894315,0.18717511,-0.16518454,0.088996276,-0.04967599,-0.058026236,-0.011709733,0.11383058,0.09941452,0.0067118183,-0.06329573,0.13879044,0.02185655,-0.04079132,-0.117268845,0.21929717,-0.1693506,0.0044066375,0.0022203668,0.04201579,0.24785917,0.12970728,-0.2515166,0.07677371,0.4330509,-0.084038675,-0.15038714,0.112043984,0.004947148,-0.060234018,-0.21204132,-0.22113252
418,0.11297409,0.081336536,0.24345936,0.12315499,-0.15534139,0.09751497,-0.08766646,-0.0420106,-0.01889642,0.009779834,0.23227245,0.002382725,0.16948053,0.06893041,-0.02010407,-0.0098095555,-0.08235245,-0.081204504,-0.2608993,-0.2245987,0.013276052,-0.053925313,-0.024045838,-0.07200895,-0.03445862,-0.18419689,0.014316161,-0.07476375,-0.003550302,0.15115929,0.0029633716,0.12186269,0.19928257,0.020011831,-0.035672847,0.0848183,0.12950617,-0.09356662,0.05231164,0.009606535,0.07342556,-0.08981938,-0.24423933,0.027149273,0.14891572,0.053406056,-0.09454236,0.042281173,-0.16751428,-0.075111315,-0.0003078119,0.027839504,-0.005746999,0.13870396,-0.19861959,0.09487237,0.19325437,-0.060109787,-0.15132987,0.002683569,0.30068815,0.13112421,-0.23920836,-0.19468814
336,0.14245093,0.04817516,0.30660078,0.05434196,-0.031233305,0.18356161,-0.18051437,0.14952084,-0.10487157,0.050933745,0.16927336,0.0738524,0.18547526,0.134837,-0.08316835,-0.17269225,0.037556875,0.07594453,-0.07257451,-0.13869475,0.09292121,-0.077497765,-0.046866056,-0.15487322,-0.100763574,-0.20554478,-0.07744933,0.076904,-0.14667729,0.14388,0.1768213,0.080210604,0.039374635,-0.059578825,-0.30105087,-0.030964658,0.07945363,-0.025023,0.18021953,-0.18245517,0.09560311,-0.059519906,-0.13541971,0.10037659,-0.05295997,-0.01896905,-0.09092033,0.08516009,-0.18718407,0.058914993,-0.008074868,-0.052291986,-0.12910579,0.034086067,-0.08405104,-0.088409156,0.056344103,-0.092264794,0.0024995524,0.12422604,0.012183938,0.047824476,-0.26712295,-0.18151738
504,0.09082049,0.10170906,0.2094551,0.0062812655,0.012393615,0.14862558,-0.15927547,0.040953614,-0.15581901,0.06179724,0.23526795,0.0936649,0.14643253,0.05983876,-0.0168921,-0.13095209,-0.08961261,-0.035301168,-0.12549843,-0.22928853,-0.15316172,-0.12224646,0.058864623,0.09147432,0.061106637,-0.13367665,0.057343457,0.13200116,-0.18276463,0.08554796,0.024353469,0.030276554,0.06780011,0.14603686,-0.18545677,0.16052891,0.23330595,0.0038751366,0.17724591,0.12232776,0.028551973,-0.062341057,-0.10003462,0.14482091,0.12701865,0.10039574,0.0020281507,0.19529265,-0.09361194,0.089919396,0.010388747,-0.19977848,0.119216844,0.05530833,-0.17362148,-0.02076,0.1530721,-0.0057468754,-0.050204627,0.13257109,0.21963592,0.13694704,-0.15359052,-0.12382901
405,-0.053724527,-0.038921144,0.19561732,0.097008765,0.1132297,0.11464452,-0.205903,0.10188239,-0.14694272,0.05919527,-0.023225352,0.14857033,0.16218036,0.17835563,-0.10281965,-0.21442847,0.03082469,0.15995635,0.026173802,-0.20480806,0.05284365,-0.172911,-0.040185552,-0.0012343712,-0.10479479,-0.18265063,0.07228465,0.03040012,-0.043207984,0.1062182,-0.16955175,0.14874916,-0.13013335,0.16221529,-0.22982498,0.020088095,0.11240401,-0.1395398,0.02885876,-0.05476186,0.032024965,-0.1703052,-0.13278134,-0.044422045,0.016173545,0.033566117,-0.0061396523,0.10885048,-0.1839463,0.11624408,-0.1731109,0.000106225,0.2022733,-0.040063094,-0.042556368,0.03210745,0.06186752,-0.11966152,-0.033945404,0.18317693,0.17006782,0.02508301,-0.22246994,-0.19729386
594,0.056466494,0.056668457,0.15205951,0.1551247,0.06502058,0.14176947,-0.17700924,-0.048685294,-0.0808789,0.13670422,0.10674463,0.06942482,0.12189946,0.06421672,-0.02987122,-0.15574135,-0.09911117,-0.115882516,-0.22563846,-0.049591474,-0.017509887,-0.06722571,-0.06905625,-0.12697804,-0.089718305,-0.054086573,0.22425394,-0.12663661,0.07478697,0.090727635,0.16157952,0.042811785,-0.14593323,-0.13627371,-0.21303059,0.33635253,0.26504964,-0.0567459,0.10398767,-0.03777364,0.10900438,-0.09677441,-0.15226887,0.08045109,0.058182314,0.046751432,-0.03341064,0.064302504,-0.18034545,-0.03073645,-0.07275229,0.085843846,0.11985394,0.14395207,-0.09535806,-0.16439453,0.2614467,-0.08794021,-0.031418733,0.17074269,-0.027013969,0.007980564,-0.095425986,-0.04600511
365,-0.025524165,0.01635416,0.29296407,0.12405305,-0.19695233,0.025129158,-0.123144604,-0.058341384,0.022568101,0.011873224,0.19945806,0.087544866,0.2086177,0.093890846,-0.13432543,0.102364555,0.11115503,-0.067604706,-0.10366749,-0.054756343,0.012972141,-0.08382465,-0.17187741,-0.21785474,-0.12591599,-0.22830805,0.058902383,0.0985607,0.055473868,0.15045063,0.00042239105,-0.036286112,0.12191382,0.028379139,-0.1639882,0.11242007,0.097153425,-0.01567951,-0.020626154,-0.03527834,0.022174142,-0.024128087,-0.24806951,0.08702773,0.19284691,0.14187446,-0.022227816,0.017238736,0.02627474,0.1533756,0.054103587,0.024356015,-0.11094854,0.07510498,-0.08940887,-0.1250563,0.31543067,-0.057725962,-0.06777065,0.13256083,0.0004100359,0.042747624,-0.19951174,-0.23887752
257,0.056793164,0.097995095,0.1473733,0.030901695,-0.14434397,0.13313167,0.009049855,-0.061110556,-0.12591891,0.026816051,0.33563238,0.12684894,0.23793404,0.105779,-0.10124157,0.011912713,0.12104247,-0.059585683,-0.12230746,-0.15458553,-0.097116105,-0.20045036,-0.0064130146,-0.101199456,-0.034632243,-0.011683938,0.009568503,0.018718977,0.019765155,0.17384778,0.08004509,0.03214335,0.18398532,0.089964084,-0.010546117,-0.11514402,0.20100372,-0.080055006,-0.04313187,0.05807613,0.068520345,-0.078838184,-0.18530184,0.15826368,-0.0064914725,0.075546816,-0.057310045,0.08846,-0.13671611,0.14893779,-0.05014675,0.0530549,0.032120578,0.13415037,-0.12364863,0.07877849,0.37261373,-0.0788999,-0.08473365,-0.023257129,0.07748897,0.029273374,-0.28680083,-0.13670819
21,0.08962252,0.04668304,0.17077619,-0.06198657,-0.014117417,0.13396451,-0.20187104,0.0510117,-0.21530728,0.111115195,0.15392157,0.034351483,0.11621881,0.11711498,-0.07208003,-0.06755721,0.12103656,-0.011734031,-0.13481563,-0.06528705,-0.06285584,-0.120162874,-0.08773661,0.067873806,0.015460312,-0.14278254,0.035156466,0.068565436,-0.022907222,0.17559515,0.112314485,0.028194213,0.039409604,0.010631519,-0.12879969,0.04117443,0.26625353,-0.113540925,0.2339712,-0.09307196,0.089841336,-0.066024125,-0.17073208,0.21284205,-0.008708767,0.11652968,-0.10395353,0.13785678,-0.14909053,0.19379355,-0.10698713,-0.28246644,0.15434906,0.00053267006,-0.11025012,-0.027504865,0.08588968,-0.11827888,-0.12656938,0.21105255,0.05469935,0.13194914,-0.15183905,-0.15762831
75,-0.07667864,-0.094243765,0.30953994,0.09958361,-0.054983087,0.19737665,0.052095044,-0.009711675,0.013298984,-0.029165283,0.075179555,0.25259316,0.24286343,0.17074805,-0.055819217,0.12645587,0.070290536,-0.02656758,-0.10632057,-0.12601905,0.08437336,-0.1323362,0.007081268,-0.07314636,-0.17342824,-0.2341947,0.01104871,0.1914589,-0.072969876,0.18936984,-0.0119953025,0.012622898,0.06389462,0.20746438,-0.26066428,0.02743124,0.03445006,-0.08408156,0.009212335,-0.05524417,0.04362138,-0.14068936,-0.2910241,0.060461696,0.16637753,0.05097199,0.059889257,0.107875094,-0.12265762,-0.017176233,-0.08673819,0.0002348504,0.06297678,-0.0048259986,-0.032562766,-0.07548489,0.012420359,-0.041183587,-0.103753366,0.107712306,0.006500302,0.069278955,-0.23667581,-0.17170799
638,0.09800712,0.19065548,0.16119225,0.10048286,0.0008853534,0.31746748,0.009650849,0.016737226,-0.12221957,0.029715156,0.10089198,0.16148408,0.23052351,0.14805827,-0.0376758,-0.15262495,-0.18317938,0.16164465,-0.18950896,-0.3222596,-0.061058927,-0.09222162,-0.24595346,-0.005077364,-0.02229112,-0.19219764,0.17494419,-0.10254298,-0.10596879,0.123533845,0.05469384,-0.006612985,0.042227693,0.022676788,-0.1130812,0.15566419,0.10743909,-0.10175776,0.07596862,0.07406412,-0.013261777,-0.07892497,-0.14796376,-0.04153872,0.068431355,-0.10876069,0.0792337,-0.03530597,-0.088500455,-0.029013036,-0.067827135,-0.016138107,0.032083355,0.10384824,0.07252789,0.09112122,0.013391472,-0.056775704,-0.13555355,-0.053146865,0.15225261,0.062395774,-0.2197174,-0.13883357
699,0.21647996,0.037656996,0.20059673,0.10227614,-0.07406473,0.0064584967,-0.042480137,-0.11996903,0.0582376,-0.20920466,0.14397268,0.07959735,0.20105295,-0.0038408337,-0.13312276,-0.10319192,-0.12041524,-0.22055906,-0.019033099,-0.05733795,-0.06088718,0.0038710414,0.15821764,-0.041142754,-0.13194467,-0.09968321,0.031255547,0.020131132,0.06301072,-0.0956276,0.04558165,-0.1470325,-0.064469926,-0.062229723,-0.25597456,0.32486343,0.120231986,0.0035834394,0.19913113,-0.013058342,0.064700946,0.021901622,-0.11473837,0.24867646,-0.1533881,-0.14852028,0.040404193,0.04295959,-0.15882914,-0.073101535,-0.056245696,0.03219525,-0.024643209,-0.0119402595,-0.10436026,0.18421367,0.033847414,-0.11982509,-0.13721572,0.077504076,0.07930677,0.12267298,-0.15526974,-0.21268396
158,-0.19820566,-0.029404994,0.15666433,0.12136562,-0.15301445,0.017007887,-0.18142065,0.028181562,0.012182938,0.13165528,0.0017887377,0.11056564,0.20174019,0.07245983,-0.13333727,-0.059014775,0.005760803,-0.01533946,0.04506518,-0.1552632,0.023838548,-0.024395365,-0.12601855,-0.18410519,-0.15718511,-0.11966717,0.2634157,0.11560922,-0.1016425,0.1357489,-0.009516578,0.10602554,-0.18892862,0.09251184,-0.2779623,0.13459958,0.22439015,-0.028849782,-0.09502324,0.10119372,0.08346294,-0.08418791,0.019144151,-0.060153417,-0.043920115,0.034005985,0.12773155,0.123878375,0.00019142231,0.051666077,0.09017558,-0.021166515,-0.06301736,0.31957856,-0.13620196,-0.054517243,0.11310605,-0.11890409,0.12232814,0.13454565,0.035794437,0.056495752,-0.19378918,-0.15251094
349,0.01494915,-0.09225143,0.25259018,0.122623585,-0.07311678,-0.0747514,-0.12172831,-0.03725826,-0.1431588,-0.0011388847,0.2067175,0.2001599,0.07680894,0.048200693,-0.013931408,-0.15411457,0.22681339,-0.04037424,-0.038713668,-0.12296261,-0.044524543,0.0077961558,-0.12689322,-0.1680362,-0.1225282,-0.10074915,-0.080807105,0.067612074,0.113547795,0.132943,-0.05229862,0.017170046,-0.029565413,-0.047433328,-0.30447075,0.17955022,-0.035097346,0.0101612415,-0.02082214,-0.08369203,0.10805927,-0.1849702,-0.20179325,0.052761868,0.18889195,0.2289515,-0.06390639,0.11891595,-0.00026135924,0.032905634,-0.17149392,0.012503418,0.078190506,0.1056467,-0.069990225,-0.1218479,0.29549745,-0.050504923,-0.113283984,0.17007399,0.090895385,0.10720632,-0.110762104,-0.0037534446
548,0.14808834,-0.20713745,0.35858992,0.15907009,0.040443774,0.09597754,0.067649655,-0.032582186,-0.050595447,-0.11607419,0.31622887,0.18911693,0.22978401,0.10360066,-0.105843164,0.028343255,-0.11140526,0.069631025,-0.03263011,-0.104949005,-0.009929289,0.077291735,0.04681625,-0.12288281,-0.10033852,-0.14935504,-0.08738056,-0.0055405474,0.01007149,0.09405466,-0.02937634,-0.0005872242,0.15186451,0.08646979,-0.21296027,0.02934174,0.044086248,-0.015573346,0.16077167,-0.1397724,0.11357904,-0.02418116,-0.11890888,0.16961458,0.066089526,0.08579974,-0.21279986,0.03714979,0.1299459,0.08880054,-0.16881566,0.012210178,-0.068051554,-0.007957864,-0.15704013,-0.04972076,0.071954206,-0.056664024,-0.007368947,0.1581303,0.12897684,0.09784579,-0.14775012,-0.17044368
281,0.07919097,0.10006442,0.13456392,0.046259135,0.032797087,0.23074323,-0.27723995,0.016883818,-0.01947539,0.039670967,0.076728925,0.08063823,0.10112012,0.13078469,-0.10886549,0.09896663,0.2246978,0.039654773,-0.05804825,0.05945536,-0.041240823,-0.117923975,-0.19993448,-0.039634034,-0.046596754,-0.13131481,0.17801905,-0.08739066,0.14129491,0.06948806,0.030126473,-0.12677798,-0.0684544,0.017658303,0.07873163,0.19260211,0.10202854,-0.12172309,0.18103759,-0.108497985,0.162785,0.0011817081,-0.17381002,0.28111306,0.008609177,-0.13420619,-0.050108306,0.027075104,-0.2081607,0.055899587,-0.121320024,-0.10373933,0.13973053,-0.0052779145,-0.06921586,0.09049937,0.15863685,-0.028957063,-0.13972309,0.16852851,0.026501447,-0.053190045,-0.17194813,-0.25578558
531,0.116439,0.17330578,0.19216187,0.1572586,-0.08010434,0.027215216,-0.08554127,0.14573054,-0.017575815,0.034742102,0.11347469,0.09725288,0.22077036,-0.0005214701,-0.15752135,-0.015072996,-0.057064865,0.11842298,-0.13287172,-0.21527012,0.030408388,-0.07184761,-0.13515794,0.030272715,-0.052385136,-0.120669276,0.1669311,-0.012115466,0.042167567,0.14424026,-0.0070063868,0.12755212,0.22869344,0.08813334,-0.026368981,0.12750496,0.18040667,-0.0904075,0.041603066,0.11009042,0.12768936,0.03917123,-0.0113817975,0.15705837,-0.04943872,0.14420502,-0.15046512,0.09570838,-0.007916793,0.13021256,-0.08109842,-0.15804726,0.100837946,0.17344593,-0.1342413,-0.02819963,0.2246252,-0.08539566,-0.13878888,0.13081442,0.13241011,0.02981306,-0.18478948,-0.2950257
660,0.14741644,0.10609006,0.2894945,0.097203344,-0.09650485,-0.002451498,-0.1637146,0.11523817,-0.0029329585,0.015146711,0.24849087,0.045113962,0.1448614,0.018874682,0.018962963,-0.08394609,0.062163834,-0.020357799,-0.08787784,-0.29846463,-0.07461464,-0.007748911,0.0511669,0.03679827,0.07868821,-0.14488451,0.060553603,0.04614109,-0.030582026,0.085089356,0.060652316,0.111818485,0.16379169,0.112494744,-0.17733426,0.14872022,-0.11052139,-0.00044476613,0.068948336,0.053648658,0.039008126,-0.0021796091,-0.12548453,0.12021898,-0.008360895,0.17710036,0.0802833,0.17237756,-0.053729374,0.09296347,0.059119847,-0.15905607,0.13852277,0.18309446,-0.13174413,-0.0398665,0.3219859,-0.044823203,-0.024398949,0.14047645,0.20302579,0.03126503,-0.11978531,-0.23835924
187,0.020762246,0.02468762,0.26971406,0.062213797,-0.19585632,0.1502991,0.008654308,0.07149341,-0.051694956,0.11492287,0.19116211,0.08119464,0.1929661,0.11121879,-0.058444936,0.12408942,0.10809363,0.019432511,-0.07740831,-0.2520603,-0.0003466635,0.008847247,0.075521365,-0.15040626,-0.080335304,-0.20036191,-0.0491869,-0.002618843,0.044357233,0.09344334,0.11460439,0.19209357,0.003632582,0.15264688,-0.10315441,-0.07332963,0.036808904,-0.042773254,-0.011907325,-0.017728886,0.024476497,-0.09149811,-0.20706454,0.24331775,0.07801977,0.17291838,-0.07883165,0.055451278,-0.14116547,0.004792498,-0.06180644,0.100824356,-0.24977702,0.078803405,-0.20806319,-0.025781438,0.12277521,-0.1311808,0.05325043,0.053514175,0.18629839,0.14333153,-0.17794788,-0.1957916
168,0.07101411,0.08744868,0.09349702,0.088397875,-0.1196114,0.14645296,-0.06388888,0.051225185,-0.14900476,0.019140264,0.14578745,0.17262514,0.26494774,0.17796412,-0.11339462,0.0674792,0.0020807222,0.030655589,-0.025475677,-0.095558606,0.0046111587,-0.07239634,-0.31343976,0.012969265,-0.03540829,-0.15956007,0.17246127,0.113085404,0.08894012,0.1403011,-0.11708941,0.011304868,-0.044619028,0.27612853,-0.06153708,0.018244447,0.05064125,-0.09305665,-0.0143427905,0.026315028,0.058264177,-0.047850184,-0.24942952,0.17183483,0.036336772,-0.013124814,-0.24040785,0.14022651,-0.09185563,-0.08249108,-0.18611594,-0.046984512,0.22128545,-0.08162018,-0.028592868,0.029517135,0.13683827,-0.09968498,-0.13503723,0.030248802,-0.06550415,-0.022955144,-0.19114852,-0.20219013
64,0.083420895,-0.10066079,0.2932966,0.27189344,-0.005440516,0.18315625,-0.02061192,-0.020440608,-0.015705518,-0.06671257,0.120985806,0.01271445,0.27334985,0.053339858,-0.20924726,-0.06287888,0.07117003,0.14236166,-0.021198176,-0.07323235,-0.045284886,-0.1012485,0.04655409,-0.15274398,-0.09413088,-0.30603963,-0.0059306514,0.09490223,0.08561078,0.09404317,-0.016533496,-0.07374322,0.116741054,0.016219229,-0.090655506,-0.012836418,0.15649046,-0.06866715,0.21935482,0.085650526,0.06666318,0.028026672,-0.13246809,0.28863373,0.041804597,-0.025904663,0.089282274,0.042729966,-0.06945259,0.20079564,-0.1029512,-0.01852709,0.005527728,-0.0661425,0.011928528,-0.05004504,0.11402692,-0.14721209,-0.09934351,0.04033357,0.04649757,0.031878073,-0.2166621,-0.23809251
634,0.13778107,0.097071216,0.27561706,0.096359976,-0.03132302,0.21801959,-0.10387943,-0.053613126,-0.11151355,-0.036626674,0.24237871,0.12716809,0.19252443,0.108039945,0.025590103,-0.120969154,-0.15043975,-0.09900272,-0.17884466,-0.21944338,-0.058414944,0.020972123,-0.034134794,-0.03159018,-0.07127493,-0.101410285,0.07335182,-0.009618123,0.075701654,0.07290743,0.1734528,0.042952288,-0.099319175,-0.064876065,-0.17018454,0.35356128,0.07937405,0.008699336,0.19164766,0.044043172,0.1301547,-0.039783794,-0.16876145,0.12244864,-0.15182485,-0.009978736,-0.043418426,0.07432294,-0.12031145,-0.15280843,-0.07957533,0.13720101,-0.09826551,0.114737906,-0.07434665,-0.091793485,0.026817791,-0.07156757,-0.032450937,0.07022511,0.09242825,0.1523604,-0.18422428,-0.07822061
760,0.06469084,0.0029067982,0.21961576,-0.025680985,-0.11546846,0.13861747,-0.12865454,-0.054186836,0.080705784,-0.07221449,0.1551463,0.25567237,0.0714076,-0.030290585,-0.049122278,-0.05797037,0.26960856,-0.010376994,-0.026453778,-0.092687115,0.05169452,-0.025593715,-0.17366084,-0.104760066,-0.16156258,-0.0839163,-0.047407784,0.14448614,0.058450386,-0.018023204,0.1627063,-0.008634964,-0.14753868,0.098923065,-0.32982394,0.15109484,-0.16139595,-0.026692776,0.04745173,0.0012469185,0.24722299,-0.06006266,-0.14510961,0.24977201,0.06632443,-0.06524971,0.021087127,0.16988118,-0.0928191,0.0017123852,-0.11983279,0.023437154,-0.08584811,0.061935063,-0.090909675,-0.1863336,0.08969984,0.02215284,-0.09254399,0.2153633,-0.057008572,0.09707671,-0.18969794,-0.02543087
100,0.21696238,-0.08708889,0.16139671,0.0931278,-0.016809123,0.031049563,0.16390403,-0.045387145,-0.022279123,-0.05780873,0.17998295,0.14887626,0.34953377,0.0842364,-0.2410695,-0.1471173,-0.23540735,-0.026422488,-0.009499699,-0.023501398,-0.037395556,-0.054944493,-0.08495443,-0.039192487,-0.12920742,-0.023041112,0.11919563,0.02370975,0.020868853,0.053102292,-0.1205511,-0.08636213,0.15991524,-0.080324225,-0.12933135,0.004441832,0.09480293,-0.12820071,0.14488356,-0.03381311,0.080317974,0.062607944,-0.012228254,0.2567408,-0.18195988,0.046016417,-0.051947176,0.10349386,0.08481013,0.14970614,-0.15419202,-0.06814253,0.0652066,-0.01633863,-0.18126996,0.14946589,0.059292722,-0.21399829,-0.14130309,0.11722681,-0.020747116,0.07091835,-0.10102888,-0.2191532
407,0.10777049,0.016334984,0.19576915,-0.060723826,0.083778284,0.24033637,-0.00070596015,-0.059737686,-0.19996624,-0.105302535,0.28143755,0.07900438,0.15277402,0.30412722,0.04342357,0.000834941,0.13080592,-0.10839671,0.07381049,-0.023885235,0.032176167,0.1382722,0.068331674,-0.23646317,-0.09606232,-0.08053323,-0.036521528,0.026829291,-0.09615986,0.11576405,0.22415322,0.12214378,0.044448372,0.14222883,-0.1915252,-0.19126815,0.02292573,0.026827956,0.114163496,-0.19837378,0.06773256,-0.051859315,-0.08185365,0.10886992,-0.11727919,-0.105200514,-0.16269706,0.024538636,-0.104384534,-0.012871285,0.029412258,0.031742267,-0.22150744,0.10935891,-0.10114989,-0.00035025144,0.13450791,-0.01697951,0.07381692,0.060124077,-0.008507945,0.067757115,-0.21949148,-0.104960516
563,-0.033006802,-0.016868534,0.352153,0.120898955,0.18220544,0.2780631,0.013247627,-0.0077001215,0.06929539,-0.11383719,0.13504209,0.11908925,0.2083184,0.29684496,0.011304678,0.15579215,0.037631042,-0.060575195,-0.06405654,-0.2744714,0.048156854,0.059619464,0.0840657,-0.11987285,-0.12244164,-0.107633635,0.055926025,0.03817846,0.036472686,0.14069149,0.043079473,0.115702026,-0.1089209,0.11791271,-0.18632211,0.2269544,-0.0787859,-0.030936094,0.08058952,-0.045524538,0.0667776,-0.046272546,-0.06776714,0.0635376,0.07316245,0.15939212,0.0013997008,0.14217784,-0.05233756,-0.0011996478,-0.09770795,0.0922004,0.030202873,0.10691962,-0.061748065,-0.15447271,0.05674272,0.0060914094,0.12915999,0.15132241,0.057869114,0.118100695,-0.15188769,-0.16078393
680,0.14795797,-0.057913553,0.28346834,-0.0062489463,-0.12264559,0.08803878,-0.06729498,-0.023675699,0.16352455,-0.041289836,0.12822042,0.11781336,0.12152169,0.12816,-0.14449073,-0.031640217,0.19366984,-0.16000156,-0.03514914,-0.18440923,0.059693433,-0.11248221,0.026857771,-0.13852896,-0.176511,-0.10560413,-0.081535004,0.06579407,-0.06298806,0.10162873,-0.013684454,-0.020030873,0.05054926,0.16125657,-0.3262057,-0.03722894,0.0643622,-0.04442219,0.042996895,-0.17499867,0.03263766,-0.08711733,-0.27674818,0.16841006,0.09453632,0.064711034,0.1145021,0.15038134,-0.2639274,-0.0332699,-0.117187366,0.11563878,0.05685526,-0.10364336,-0.048028693,-0.041167606,0.035977405,-0.06674548,-0.018600484,0.16688213,-0.047551733,0.04961556,-0.19173622,-0.15270321
106,0.058008015,-0.0774279,0.2572251,0.18877693,0.003053505,0.10718904,-0.090098284,-0.013891437,-0.16463333,-0.078212865,0.12027241,0.22402687,0.18238504,0.05518978,0.07233655,-0.3669309,-0.00023061609,-0.022851288,0.025825683,-0.2980456,-0.026384857,-0.082703866,-0.06619066,-0.1531084,-0.019614168,-0.10724407,0.09402715,0.1895031,-0.023831049,0.14047158,0.037194025,0.11917259,-0.07162743,-0.08110437,-0.32272714,0.054909356,-0.09301064,-0.008234794,0.02393572,0.017761257,0.098965734,-0.13680032,-0.12698846,-0.039379265,0.1154103,-0.032636046,0.16110751,0.09347416,-0.14576852,-0.10299469,-0.05023327,-0.013699271,0.05880216,0.113472626,-0.050051317,-0.018464362,0.21472737,-0.032837667,-0.06423628,0.026232209,0.05319393,-0.05109954,-0.20454313,-0.017209314
498,0.04048192,0.16776441,0.30934685,0.1893538,-0.025103139,0.097950734,-0.1625524,0.054329917,-0.045380116,-0.056150135,0.18765615,0.024936732,0.16628522,0.060352404,-0.001386672,0.020364204,-0.19355151,0.036054138,-0.23876227,-0.21189982,0.04666722,-0.0011098892,-0.03247603,-0.0041519785,-0.0041992865,-0.13124752,0.12444435,0.0050779297,-0.006876586,0.12060483,0.014536967,0.08740727,0.18670352,-0.015753616,-0.11592108,0.3330681,0.009466265,-0.04733034,0.12736923,-0.03896927,0.06841364,-0.0065222625,-0.109809294,0.0022614503,0.16132459,0.12400672,-0.097980194,0.010375394,0.0033325753,0.030629326,0.033644658,-0.11767231,0.05511383,0.19932906,-0.11920379,-0.041534483,0.16875967,-0.018187122,-0.07806485,0.105050355,0.21596411,0.13097076,-0.16785842,-0.25922206
637,-0.028795362,0.052454714,0.2587353,0.24175614,-0.16216238,0.09120438,-0.017355029,0.01522187,0.0908232,0.18093467,0.104360655,0.17308342,0.18929963,0.00027751017,-0.09105718,-0.013702982,-0.08177459,-0.018460693,-0.20648426,-0.21063983,0.05106792,-0.15443346,0.014318964,-0.034290884,-0.14758147,-0.22046186,0.13581352,-0.051423874,-0.07696371,0.08104787,-0.059147228,0.09150252,0.14524646,0.04926627,-0.24227545,0.16882478,0.062211014,-0.03770317,0.05111456,0.08199528,-0.0139976805,-0.016181346,-0.23473845,0.039609347,0.13443577,0.18504049,0.15394925,0.06257707,-0.060308427,-0.006756123,0.03138666,0.17334145,0.12346701,0.14531855,-0.115586445,-0.08707932,0.15277953,-0.11033515,-0.036448818,0.021234652,0.06815418,0.09123902,-0.15537508,-0.20782337
415,0.04157221,0.07929669,0.25390574,0.075256996,-0.16603719,0.15012953,-0.025769409,-0.004336225,0.09553018,0.1676252,-0.036225397,0.0054171574,0.20938136,0.10098048,-0.20509753,0.13873607,-0.008656589,-0.2266067,-0.20625702,-0.17427067,0.056215797,-0.15065166,-0.13904867,-0.0858584,-0.15832011,-0.16595918,-0.0015557613,0.13871069,-0.18000296,-0.0101414025,-0.11566223,-0.091605335,0.0771019,0.016982732,-0.13688578,0.15291514,0.1315012,-0.09948175,0.06482465,-0.05065186,0.114260085,-0.059113726,-0.04405718,0.149158,0.12444339,-0.027760873,0.011466591,0.16956078,-0.109630086,0.008872714,0.04756619,-0.16075748,-0.03158059,0.16668786,-0.19283858,-0.045685817,-0.04165116,-0.12786815,-0.05653875,0.05223598,0.05798471,0.17870118,-0.21543975,-0.17875338
248,-0.06275514,-0.049274802,0.20306419,0.16107477,0.008072019,-0.032438286,0.022639291,0.0046900013,-0.035012495,0.009627761,0.058661878,0.06583154,0.22916257,0.1210834,-0.13281432,0.06252307,-0.10150455,-0.023081439,-0.16723447,-0.10122495,0.006114851,-0.023790564,-0.113847114,-0.07980832,-0.1455453,-0.1212163,-0.024475371,0.061793704,-0.01852704,0.14743795,0.042633276,0.1414903,0.1728829,0.0072122696,-0.035649676,0.035613064,0.0768214,-0.08503382,-0.0035924807,0.0633818,0.055082284,-0.07255145,0.03784941,0.096769795,0.12407446,0.13962238,-0.14540215,0.12847798,-0.071830615,0.10320339,-0.06495736,-0.08740057,-0.029291175,0.12084764,-0.34331834,0.004134383,0.3322296,-0.13919926,-0.29010013,0.18824962,0.14089225,0.10332354,-0.15351404,-0.26087308
582,0.08207775,0.06829476,0.19583206,0.011384604,0.05716491,0.22831169,-0.14865965,0.060542073,-0.2919674,0.04860504,0.21370597,0.13814987,0.12750453,0.062452897,0.020156082,-0.14677984,-0.06564316,-0.033510946,-0.063699454,-0.2154527,-0.1819821,-0.07046037,0.006356923,0.00235293,0.037209913,-0.18201116,0.2095258,0.078336254,-0.11017322,0.069645286,0.08705211,0.07261519,-0.040898267,0.15350424,-0.11092268,0.19086404,0.15161806,0.00047373847,0.18571755,0.14976805,0.053500157,-0.010709143,-0.1334224,0.12331618,0.05204571,0.113934785,0.08457142,0.17103004,-0.09611373,-0.045934662,0.017821116,-0.12048965,0.045358714,0.009288563,-0.22332668,-0.025557565,0.23357047,0.013587999,0.061412696,0.117985286,0.17328578,0.10531926,-0.1474954,-0.099708445
265,0.017441157,-0.019696215,0.25598684,0.11797212,0.021977065,0.2701422,-0.08578147,0.05792776,-0.1581596,0.105000734,0.041553427,0.08878665,0.07393592,0.06878269,-0.13396618,0.084287256,0.16159856,0.12779264,-0.0851355,-0.19486383,-0.021869523,-0.10386832,-0.23740579,-0.1229197,0.0050090635,-0.26175532,0.05215633,0.10245355,-0.030895513,0.21250358,-0.005319356,-0.05780347,-0.015601873,0.13685364,-0.07386582,0.06042124,0.15724018,-0.15568408,0.12255811,0.058975443,0.1836731,-0.09041926,-0.27764654,0.09894198,0.053491496,0.043224312,-0.16000809,0.04087701,-0.05924011,-0.08145277,-0.14272672,-0.08767759,0.003892429,0.006225394,-0.024730666,0.14169563,0.06533039,-0.01861619,-0.025968896,0.068829976,0.20214006,0.16939735,-0.22422054,-0.08951102
713,0.049815968,-0.1264427,0.20354581,0.024355112,-0.07590011,0.2724323,0.114073955,-0.10430041,-0.1106771,-0.18821059,0.25435665,0.096245304,0.15794984,0.18372789,0.06646352,-0.018919555,-0.023531726,-0.012991221,-0.031659238,-0.22452423,0.049978413,0.20669843,-0.3513169,-0.14139563,-0.14505717,-0.16991058,-0.022186272,0.06467192,-0.048502084,0.113968454,0.14340451,0.14040492,-0.026885334,-0.061556026,-0.115243405,0.036644455,-0.042210367,-0.06129187,0.06682331,-0.020427138,0.083472304,-0.076058716,-0.07332461,-0.1095829,-0.106690444,-0.09127527,0.012707412,0.028990295,-0.13896109,-0.312605,-0.017325915,0.053066175,-0.13598791,0.034009926,-0.113195434,-0.13381645,0.0300665,-0.05355001,-0.00054094597,0.08058292,0.09633732,0.08085496,-0.15004355,0.004182419
164,0.2437319,-0.014514582,0.26535505,0.120237835,-0.07476715,0.16563183,-0.10810568,0.017801465,-0.016837906,0.06886108,0.0762398,0.15658574,0.1726342,0.12876941,-0.054181043,-0.18136626,-0.06416346,-0.061690718,-0.20794931,-0.15100099,0.021437319,-0.09922532,0.107132316,-0.016567346,-0.020119188,-0.033377137,0.10311142,-0.13377754,0.10882958,0.12945876,0.018581863,0.12969449,0.0016553894,0.092566535,-0.17879719,0.23886001,0.14579576,-0.061553407,0.0686045,-0.13017519,0.13940485,-0.09196278,-0.33954903,0.14416207,0.072242096,0.1116987,-0.104204565,-0.014214857,-0.0083059445,0.080937885,-0.11501798,-0.03723532,0.06992978,0.13725021,-0.06805785,0.06148296,0.116989076,-0.079927154,-0.11015689,0.13131985,0.106818855,0.029385578,-0.19380434,-0.17719172
112,0.030276746,-0.028684106,0.17651692,0.018782731,0.040070184,0.19669813,-0.012983543,0.0650891,0.13597225,0.03574338,0.05363518,0.038770974,0.22244394,0.33246565,-0.040042065,-0.085258044,0.09811748,-0.04182196,-0.123813,-0.12266805,0.043876912,0.04834323,-0.027607717,-0.06652316,-0.11470246,-0.05413917,0.06273233,0.019811781,-0.10087305,0.3177512,0.07323673,0.22501236,0.10076339,0.15921238,-0.17120492,-0.097034946,0.055728313,-0.043374248,-0.03919749,0.0031092702,0.14418995,-0.058292106,0.045293964,0.04661341,-0.090005726,0.10917223,0.08058446,0.26819086,-0.041627973,0.079681695,-0.20561486,-0.120265916,0.08210172,0.10648557,-0.15650854,-0.14045574,0.09103862,-0.018139038,-0.1958581,0.12304989,-0.1166194,-0.024749907,-0.21224692,-0.18477222
191,0.12403919,-0.062646426,0.2819267,-0.012765305,-0.15008909,0.03290351,-0.02075143,0.3197009,-0.006063487,0.1337952,0.10591078,0.19291253,0.16277957,-0.06802381,-0.13269326,0.10775956,0.0012704966,-0.06469559,0.004785499,-0.23553573,0.1118463,-0.0016986231,-0.07289545,-0.01476716,-0.041656155,-0.10506958,0.025772028,-0.0028716172,-0.0010222398,-0.02095169,0.282829,0.0026185433,-0.056907825,0.10691822,-0.14405137,0.098632425,0.09689363,-0.0529086,0.10414251,-0.15477298,0.19481705,-0.023618305,-0.093198024,0.24924642,-0.1658191,0.13182414,-0.21262851,0.15172452,-0.08765898,-0.04958656,-0.051118717,-0.07755143,-0.08368236,0.015330417,-0.16643952,-0.14454332,0.05187122,-0.08860685,0.14150932,0.15602009,0.033244476,-0.0027790188,-0.08850239,-0.15311046
227,0.20604101,-0.116554365,0.26978174,0.054836366,0.045556832,0.18233909,-0.21398306,0.0037923583,-0.13433652,-0.03294494,0.24978498,0.26168978,0.21210037,0.16163513,0.077696584,-0.09446846,0.082934245,0.07814384,-0.0038351181,-0.06525753,-0.08298704,-0.06353292,-0.059155606,-0.102090426,0.0072408537,-0.074935816,-0.0017094781,0.25017688,0.025154578,0.1871736,0.05084792,0.11864605,-0.019143319,0.17141922,-0.010327323,0.031598356,-0.05506549,0.007792728,0.05569081,0.09294218,0.12627468,-0.077837355,-0.12296616,0.099116206,0.0055075497,-0.0013102666,0.019584926,0.16490887,-0.11701261,0.13328455,-0.16651027,-0.044331975,-0.051620983,0.027694646,-0.14058688,-0.08459315,0.2599179,-0.012413533,-0.15421432,0.08773671,0.018625967,-0.06652577,-0.24733166,-0.10673182
540,0.1243113,-0.036676116,0.32496586,0.023413388,-0.025506118,0.10523003,-0.15107077,-0.018126419,-0.12623392,-0.08510004,0.20584375,0.17669967,0.1621949,0.15708503,-0.009019362,-0.033052232,0.19155115,-0.107310124,-0.0027760647,-0.06701705,-0.059125673,0.11197455,-0.20745285,-0.13442892,-0.052812595,-0.14253321,0.20500214,0.21148403,0.042163555,0.048925422,0.043945488,0.032566525,-0.027699947,-0.060139585,-0.22989833,0.15068823,-0.0046405448,-0.06414381,-0.046112094,0.044740997,0.13931026,-0.2570873,-0.018955106,-0.006528936,-0.044919267,0.075082704,-0.017396292,0.1540677,0.022937352,-0.17240973,-0.11507354,-0.13044874,-0.11761347,0.17690529,-0.029107079,-0.14830072,0.12581229,-0.054396696,0.08321429,0.123461515,0.05261703,0.14625289,-0.21591978,-0.018976888
740,-0.074485,0.07336574,0.1575605,0.19294035,0.078976676,0.1298499,0.023483962,-0.0066865613,-0.15585239,-0.022715276,-0.02221754,0.15039705,0.25242937,0.20442012,-0.03446954,-0.15934634,-0.008328518,-0.087214656,0.045151986,-0.31723464,-0.07338437,0.027990531,-0.16503608,-0.13630565,0.045213923,-0.16162115,0.22925311,0.092080764,0.111269295,0.1655903,0.0405413,0.032827493,-0.17207375,0.08115086,-0.25255775,0.030728811,-0.11172651,-0.10801803,-0.09761914,0.013065948,0.09528011,-0.14197533,-0.10789074,0.10742171,0.12669362,-0.04497009,0.05188165,0.09815144,-0.09160884,-0.05485075,-0.108309254,-0.14083448,0.095006675,0.13059421,-0.06985712,0.08093531,0.27020365,-0.13560973,-0.093345486,0.07044724,0.007039202,-0.0024966947,-0.11461198,-0.11367115
282,0.09993678,0.05097379,0.2953076,0.069445685,-0.1902932,0.06514134,-0.054461442,0.023643235,0.29253152,0.035231084,0.10871607,0.17869177,0.19504689,0.11173662,-0.07815851,-0.1438265,0.10671893,-0.12580158,-0.11772389,-0.22967112,0.06634902,-0.054675646,0.0182563,-0.08479493,-0.06044729,-0.090607494,0.10668661,0.10198771,-0.10121106,0.17919308,-0.07210289,0.12175207,0.12673958,0.13520606,-0.2417642,0.02016971,-0.08567327,-0.026025752,-0.11722405,-0.034724817,0.004450599,-0.057515807,-0.1956514,0.07846313,0.0037437174,0.07810564,0.25469223,0.17357445,-0.15082279,0.05659736,-0.028181847,-0.04078746,0.08447844,0.20023371,0.0033871578,-0.14497249,0.08706356,-0.06508552,0.006169221,0.025491469,-0.009449497,-0.023744475,-0.2031614,-0.15038776
76,0.05527763,-0.039223645,0.26504448,0.03816467,-0.16792841,0.061800975,-0.058404945,0.17844564,-0.1359402,0.21718752,0.098716155,0.09207028,0.17877685,0.0005535739,-0.09449819,0.117739476,-0.0049819658,-0.013312029,-0.07557461,-0.23058118,0.05702003,-0.11459851,0.009712385,-0.032228246,-0.1110937,-0.16238235,-0.10427105,0.08378808,-0.05343366,0.042548228,0.06214868,0.016477242,-0.024017064,0.2548705,-0.3308661,-0.017489018,0.10500423,-0.0027781415,0.10949674,-0.15617172,0.06592028,-0.070349306,-0.23104563,0.21893188,0.12587096,0.11499302,-0.23040898,0.09486813,-0.055170696,-0.0076334095,-0.02370054,0.04364486,-0.07492105,-0.14281729,-0.16378424,-0.1380378,-0.029930493,-0.074921,0.09533109,0.1172452,0.047168877,0.064277895,-0.129231,-0.14646615
109,0.08171525,-0.15348347,0.31172907,0.08625126,0.05823767,0.099956125,-0.073835894,-0.048220504,-0.009577039,-0.097699106,0.16804577,0.108586565,0.1599182,0.08407592,-0.27342758,-0.019670011,0.069358654,0.08483664,0.0031170414,-0.0015015702,0.01656125,-0.11832337,-0.043604616,-0.1280138,-0.13702598,-0.07130727,-0.11457497,0.21897957,-0.04853061,0.14285873,-0.09293751,-0.08491767,0.025711399,-0.012024477,-0.18750685,0.12581095,0.18918255,-0.06978099,0.14070754,0.06443655,0.1447882,0.0012260516,-0.09680047,0.19052479,-0.010978932,0.07007455,-0.32338238,0.08122165,0.032196797,0.15599719,-0.100022875,-0.033271663,-0.033925865,-0.031975053,-0.08520893,0.05299988,0.14483309,-0.052546706,0.002255716,0.19963905,0.08823082,0.1770057,-0.21875297,-0.14092638
400,0.014916919,-0.12552984,0.301715,0.026078805,-0.20312746,0.14109047,-0.03391072,-0.0025854663,-0.067589216,-0.08250589,0.29806453,0.16878916,0.22161332,0.18920426,-0.010568758,0.103445604,0.12927333,-0.075128205,-0.07700177,-0.008653579,0.029930279,0.057283293,-0.13497685,-0.02028089,-0.1590406,-0.2311457,0.11230564,0.1806253,-0.07831175,0.08963664,0.027315818,0.16482951,0.052852172,0.02988963,-0.14422949,0.12223126,0.07448739,-0.034730952,0.103644155,-0.05335787,0.0046615405,-0.08576059,-0.25814787,-0.023244143,-0.16243055,0.07052835,0.069350116,0.12547997,-0.11711153,-0.11331323,0.037388265,-0.05869691,0.037972055,0.08715138,-0.002853954,-0.1379383,0.08552044,-0.10048859,-0.043322787,0.15379901,0.07983817,0.1081166,-0.20318638,-0.20084445
590,0.16754377,-0.07157964,0.26549947,-0.025188394,-0.0029179368,0.2621687,-0.07906175,-0.062511615,-0.023787735,-0.099457584,0.30565557,0.13170668,0.2596035,0.2153158,-0.0638939,-0.04965769,0.09490034,-0.0009557904,-0.045911346,-0.0076575284,-0.0502633,0.001011769,-0.058405913,-0.12656507,-0.08344469,-0.01855069,0.035849713,0.16534716,-0.09283126,0.17966264,0.17646681,0.1271969,0.13737452,-0.024348624,-0.09466897,0.09416944,0.08261125,-0.066309124,0.021891283,0.093493335,0.086239435,-0.05086336,-0.05950266,0.046904985,-0.12440989,0.057083666,-0.003501836,-0.0054891636,-0.01978611,0.18382873,0.06966799,-0.091251746,-0.14682114,0.15695955,-0.13206255,-0.04574663,0.33391368,-0.016268777,0.008684132,0.13949215,0.029572874,0.009863645,-0.24096066,-0.14922617
592,0.19361724,-0.14353038,0.27014217,0.068231694,0.08758498,0.09917795,-0.06644207,-0.07418784,0.07714902,-0.108610846,0.09003336,0.111063406,0.22723085,0.21180852,-0.26982185,-0.16685088,-0.011069121,-0.038176753,0.08303342,0.029574038,0.08783767,0.026138872,0.035502985,-0.11166685,-0.17147578,-0.06163301,0.009250537,0.038561363,-0.06081203,0.058144923,-0.2265866,-0.044478312,0.010604869,0.06227577,-0.37640774,-0.0017419861,0.1321548,-0.11717125,0.15688047,-0.10026782,0.05956123,-0.0079619,-0.14968432,0.080893785,-0.11933734,0.028243504,-0.14304426,0.06636288,0.04488927,0.07566979,-0.0575177,0.07055191,0.12740329,-0.049189072,0.037890825,0.122679345,0.0074875066,-0.157918,0.04873276,0.16619124,0.017710606,0.14094606,-0.1648602,-0.19328986
160,0.04552233,0.13885134,0.20388417,0.09428781,-0.22358318,0.1609567,0.003608064,0.05121606,0.049019665,0.15295558,0.13157582,0.051042296,0.192905,-0.00013061566,-0.14811078,-0.02318719,-0.04840579,-0.014845167,-0.20725313,-0.31457862,0.0087422095,-0.17904018,-0.15265176,-0.109208,-0.029587124,-0.1792721,0.15537448,-0.06363038,0.008761294,0.061117947,0.050278682,0.057704438,0.10455759,0.0038647826,-0.07097723,0.17401838,0.12120857,-0.16832954,-0.056384005,0.08615528,0.10275911,-0.072590195,-0.20746195,0.09090808,0.108651094,0.05463843,0.013689983,-0.023348011,-0.08713326,-0.019823838,0.036963757,0.011895213,-0.003144726,0.21486728,-0.17585951,0.07595182,0.21532863,-0.09183664,-0.05543342,0.030907918,0.1757983,0.06265442,-0.22431247,-0.20651542
97,0.04618974,-0.16726975,0.28361642,0.09411891,-0.06739477,0.14518477,-0.061078556,-0.037104826,0.015117935,-0.04480563,0.1993989,0.13758418,0.14784178,0.14164232,-0.099727884,0.05621272,0.012451389,-0.04592273,-0.11618106,-0.019526344,0.0383886,-0.012384509,-0.09875871,-0.07875274,-0.10057243,-0.023400791,-0.091336295,0.27886692,-0.0784398,0.257843,0.052126087,0.04462301,0.03455615,0.012950731,-0.21783936,0.105540864,0.0475925,-0.05846807,0.07079605,0.016308768,0.15469173,-0.14619903,-0.16528668,0.15287603,0.14412329,0.08479383,-0.3074236,0.117338516,-0.0313343,-0.012342742,-0.13167784,-0.06851893,-0.020016406,0.016626026,-0.23964539,0.034389053,0.11374529,-0.03765786,-0.12133668,0.118345074,0.10732636,0.19644298,-0.20871945,-0.060878377
284,0.018674988,0.08422311,0.13001111,0.097999215,-0.04784379,0.038587786,0.06796186,-0.14118187,-0.05088942,0.08954997,0.18570179,0.13239846,0.24403386,0.09819251,-0.1332866,-0.18901153,-0.09404858,-0.04325081,-0.035072967,-0.19880733,-0.08660255,-0.059499998,-0.10224955,-0.14906986,0.028860375,-0.041862868,0.07677492,0.037902564,-0.05818546,0.16796525,-0.074222006,0.08830987,0.14942338,-0.04415082,-0.104832195,-0.15238498,0.12362736,-0.10401845,-0.077716745,0.07193095,0.03285576,-0.06505943,-0.13408336,0.094363764,-0.0163864,0.10060573,-0.06999737,0.11217402,-0.08680395,0.024904057,-0.083613016,0.086172074,0.004616335,0.20150773,-0.24120782,0.2279546,0.35348415,-0.15466906,-0.21827647,0.04651833,0.08739659,0.11495072,-0.16082945,-0.16669802
549,0.11973756,0.05204113,0.27229717,0.055412374,0.046506166,0.3092811,0.0003180765,-0.047733016,0.022247342,-0.12172321,0.3294985,0.22088397,0.24069734,0.17963156,-0.007955965,0.024176981,-0.19152945,-0.013608031,-0.13456768,-0.20095874,-0.008257714,-0.0031718158,-0.21985522,-0.0059181387,-0.13649543,-0.027700556,0.12843724,0.06904045,-0.094926745,0.075037,0.08455146,0.030321313,0.02168211,-0.10722995,-0.23500371,0.28019348,0.02593209,-0.023528872,0.2483466,-0.053230442,0.030760577,0.052959803,-0.07493473,0.037713166,0.026772942,0.0042209593,0.01401662,0.009499362,0.04333902,-0.038161963,0.015894169,0.08739052,0.00797637,0.062397473,0.035533983,-0.2180559,-0.03498308,-0.02433363,0.040349904,0.12943543,-0.043076906,0.09104667,-0.10517934,-0.07932438
717,0.0702721,0.055565156,0.20547445,0.142181,-0.1044904,0.073390655,0.057558727,-0.04266522,-0.07497333,-0.090696596,0.21119048,0.13261008,0.2939841,0.16131297,-0.14875896,-0.023470385,-0.016966503,-0.11920967,0.047128476,-0.14508104,-0.010626421,0.030629933,-0.38771862,-0.17805828,-0.064421654,-0.06844683,0.07248689,0.25123316,0.067993976,0.13525254,-0.03328837,-0.051158905,0.05051278,-0.10536042,-0.18461622,0.08690052,-0.0153170135,-0.07012224,-0.053020876,-0.02322282,0.145987,-0.11247442,-0.04230497,0.14966041,0.08122504,-0.013811583,-0.2496011,0.095056124,0.002097764,-0.031549938,-0.12186604,-0.07292732,-0.0057852487,0.09173797,-0.09321194,-0.028207012,0.23253317,-0.111389905,-0.14822668,0.020564584,-0.047363307,0.07299545,-0.1652683,-0.09650632
649,0.030057294,0.012087443,0.044449393,-0.053818967,-0.053229325,0.03849548,-0.052708086,0.029146347,-0.1870884,-0.035911553,0.12429439,0.07135846,0.060563,0.14537056,0.032737613,-0.18847434,0.042331345,-0.14930476,0.009817468,-0.19817154,-0.11402339,-0.13013926,0.02434673,0.016445993,0.15633564,0.03902777,0.10641011,0.042806678,0.029185966,0.12736167,-0.023007132,0.0055123647,-0.19721977,0.123508036,0.13133106,0.045235142,0.1691488,-0.02949781,0.062532134,-0.15665828,0.01174683,-0.07578727,-0.07800378,0.11678894,0.024899494,-0.14972441,0.063602954,0.25243846,-0.33788574,0.05743359,-0.14558387,-0.2744777,0.30705002,0.13281395,-0.0613014,0.09998794,0.16509554,-0.14819925,-0.18316264,0.06444023,0.15281978,0.017150208,-0.12685083,-0.052713204
47,0.108955756,-0.056981847,0.37432873,-0.046214744,0.013029218,0.13525888,-0.11558805,0.10929511,-0.16086832,0.033216648,0.2239809,0.07999718,0.06673719,0.0849894,-0.06995888,-0.14375553,0.085216686,-0.017786678,0.037964866,-0.22174276,-0.061437886,-2.9468865e-05,-0.19729927,-0.18170342,0.030517435,-0.066938244,0.050193626,0.15803479,0.026595509,0.10667308,0.12732685,0.028168246,-0.06584381,0.030341037,-0.2201733,-0.0071171047,0.069721214,-0.02347329,0.18303718,-0.15540732,0.11469245,-0.07418934,-0.16110222,0.20113565,-0.035111897,0.09492768,-0.08240887,0.021690907,-0.0055709514,-0.031650376,-0.049641967,-0.011272795,-0.27837175,-0.13076112,-0.093596004,-0.16794696,0.07634878,-0.05535936,0.14306426,0.1949283,0.16044231,0.12590796,-0.127991,-0.04716625
553,0.09333981,0.12806915,0.18310642,0.17088151,-0.11162143,0.1772692,-0.0074745915,0.1014323,-0.12406869,0.21282363,-0.010288911,0.052490927,0.28098434,0.1219639,-0.087732576,-0.086083174,-0.09409323,-0.0940088,-0.13420558,-0.27370912,-0.07123009,-0.15040825,-0.06536503,-0.0133232875,-0.03531243,-0.2713834,0.15284654,0.034413822,-0.1268973,0.03077718,-0.056638364,-0.045581996,0.038939495,0.058071658,-0.17768589,0.16777985,0.0022534097,-0.07073214,0.05083147,-0.0072479197,0.0063525317,-0.026029384,-0.14181544,0.12940888,0.07096932,0.016400661,0.12465055,0.1777465,-0.04469268,0.058818772,0.019567845,-0.22416341,0.17802383,0.15538125,-0.1407231,0.052067284,0.109450676,-0.1563491,-0.07954169,0.018435197,0.022174362,0.020600239,-0.15457079,-0.23726743
37,0.107754335,-0.041615453,0.26004025,0.0008331728,0.07029915,0.21167985,-0.08880436,-0.026202686,0.0029759738,-0.044030517,0.20154767,0.23362313,0.22567101,0.22907814,-0.07822555,-0.019632405,0.08279608,-0.045036133,-0.021142047,-0.021545937,0.05337951,0.034480426,-0.11891584,-0.17329554,-0.14097998,0.027167391,0.09135208,0.09617356,-0.041690577,0.191865,0.2489855,0.033326432,0.041762475,-0.005653127,-0.33806255,0.073559314,0.16296616,-0.08419796,0.04329651,-0.05009872,0.18929872,-0.11374468,-0.034691624,0.059585463,-0.012695311,0.027656911,-0.041886877,0.013908728,0.0075269756,0.07980084,-0.04309328,-0.023541216,-0.07017499,0.17343217,-0.052622028,-0.114326194,0.23313525,-0.039750956,-0.052744705,0.21723536,-0.1513737,0.008908603,-0.19266544,-0.119098134
93,0.05073289,0.09849018,0.27646846,0.033439327,-0.09643962,0.08147,-0.16619982,-0.004307447,-0.0921896,0.020353647,0.11846097,0.0528859,0.24774095,0.2249339,-0.14525935,-0.04365312,-0.007078509,0.0129164625,0.024120256,-0.0751749,0.015685951,0.03329984,-0.08029448,-0.29013157,-0.19470061,-0.16461031,0.123125516,0.06492921,0.009600704,0.0014973548,-0.16936038,0.07972717,-0.08643814,0.13216226,-0.16775222,0.009189421,0.04395148,0.0095988065,-0.021481965,-0.07274943,-0.047789123,-0.04422726,0.036084283,0.10689167,0.08554026,-0.010775824,-0.051134802,0.16875504,-0.058439992,-0.0604729,-0.07573478,0.1382575,-0.2225287,0.072627984,-0.19816715,-0.11955736,0.0983362,-0.16131909,0.03459798,0.13351722,0.02758903,0.14903322,-0.27976307,-0.27433112
301,0.071149535,0.15774128,0.2405349,0.038545758,-0.027460748,0.09468801,-0.17564057,0.049069654,-0.07883511,0.0006263506,0.3237235,0.10397283,0.18666635,0.06382679,-0.11034211,-0.018273652,0.08342623,0.0794437,-0.16787031,-0.15962255,-0.06874275,-0.103090435,-0.04158753,-0.040150832,0.019092275,-0.015342702,0.05496454,-0.016694274,0.054476574,0.2013702,0.17020154,0.06796096,0.17356727,-0.028513564,-0.052911863,0.037586946,0.15744491,-0.10622721,0.07265733,0.02636162,0.061627258,-0.017597338,-0.13289568,0.15463646,-0.04906756,0.15875846,-0.105068825,0.031668674,-0.082408465,0.2430419,-0.017134424,-0.03542556,0.020652115,0.15871155,-0.011664187,-0.05401916,0.3851122,-0.097311005,-0.024794485,0.13126625,0.12337952,0.06020524,-0.20192498,-0.18437627
379,0.1898019,0.115739204,0.24031192,0.06426968,-0.14663468,0.10938948,0.08328071,0.2121461,-0.00033931405,-0.003998791,0.1445952,0.056533746,0.28851593,0.14426471,-0.11685027,-0.041474134,-0.015883632,0.024511999,0.006717167,-0.3204151,0.07519322,0.14038816,-0.23084685,-0.032147214,-0.07866964,-0.13770527,-0.005594851,0.11527921,-0.050419588,0.13184425,0.041448954,0.027659534,0.15719496,0.09345575,-0.24517412,0.12057582,-0.1066563,-0.06022612,-0.1252025,-0.031127648,0.092353374,-0.08749183,-0.10797838,0.13407765,-0.13636293,0.21738409,-0.15994185,0.12083304,0.025841312,-0.076144576,-0.13625115,-0.15845366,-0.02439911,-0.013788414,-0.08800141,-0.031073986,0.04689638,-0.03714059,0.039282978,0.05766028,-0.008275129,0.034041118,-0.102415144,-0.21029064
439,0.077230364,-0.046889413,0.16093546,0.06224634,-0.17697002,-0.019217104,-0.035460345,-0.09115618,-0.029919043,-0.09700278,0.10645176,0.12874635,0.17441094,0.08530123,-0.17831281,0.03972409,0.083217405,-0.090310626,-0.10293453,0.02487132,0.0766459,-0.077475354,-0.23722532,-0.11395197,-0.25904274,-0.08807627,-0.16212593,0.060515277,0.024204995,0.023312451,0.00066711725,-0.041864414,0.10347057,-0.04827189,-0.15091766,0.20726782,0.05381396,-0.016767701,0.05159464,-0.026374431,0.12745216,-0.0342891,-0.06000423,0.09592661,0.2117242,-0.057997968,-0.3079599,0.06533435,-0.05430334,0.025585065,0.035244428,-0.039990257,0.03011669,0.08112746,-0.2724868,0.0655498,0.22441426,-0.033522498,-0.2582625,0.09954564,0.026122507,0.08668528,-0.2575674,-0.19612108
626,0.04625736,0.18556304,0.022000762,0.09681525,0.050062165,-0.0048629344,-0.13131398,0.021183098,-0.3181461,0.1562466,-0.05979378,0.18516442,0.12573776,0.005102044,-0.03242349,-0.21489708,-0.018889174,-0.13302736,-0.16987193,-0.108494185,-0.11988221,-0.12873574,0.059708763,0.061841466,0.021311095,-0.06824878,0.21098739,-0.09432107,0.06934449,0.078990236,0.0157732,-0.08112179,0.009228824,0.21879496,-0.049490567,0.075389184,0.17735945,-0.04672143,0.05826202,0.16351779,0.009768553,0.01135796,-0.09172715,0.14889944,0.07276053,0.06181426,0.064971335,0.22205229,-0.113154516,0.038558356,-0.01520415,-0.18213764,0.29470903,0.11674632,-0.09480965,0.026930992,0.33243456,-0.14211655,-0.08641758,0.00515235,0.03315924,0.05098385,-0.119634315,-0.07712897
233,0.08279756,0.009700981,0.24146554,0.084362134,-0.036749754,0.18362007,-0.012530714,0.1949474,-0.11300781,0.14721186,0.054079928,0.163556,0.15703703,0.07383113,-0.18011022,0.062319476,-0.004177253,0.14680947,0.038674887,-0.24083889,0.020731062,-0.110471465,-0.20546816,-0.030822102,-0.07469489,-0.18779667,0.12922524,0.13774021,-0.11736382,0.11142806,-0.06554478,0.077630356,0.0008639858,0.23502205,-0.26417083,-0.067888655,0.1962057,-0.09188011,0.13379744,-0.001961312,0.07588584,-0.058821354,-0.15699232,0.17559172,0.017835524,0.08095388,-0.10752462,0.075699635,-0.079608686,-0.13527402,-0.13314219,0.007896984,0.0049601975,-0.14584973,-0.08252595,0.022654494,-0.008300393,-0.09550774,0.006352158,0.173225,0.110143624,0.087390356,-0.14413619,-0.19944982
386,0.21060716,-0.14315408,0.22265239,0.27040026,-0.03201205,0.042578366,0.05081644,-0.061749432,0.06604136,-0.09293925,0.14675151,0.15391023,0.23569506,-0.04480186,-0.22243854,-0.055538915,-0.07481307,0.0631962,0.040567804,-0.104060054,0.020795802,-0.04497099,0.0014451576,-0.043069206,-0.054585338,-0.24992196,0.096142106,0.018860647,0.035426132,0.031564567,-0.1512128,-0.06472331,0.09829811,0.13703807,-0.16727576,-0.064646296,0.13146529,-0.09319968,0.20836793,0.13932683,0.06613491,0.050183896,-0.20918489,0.24288265,-0.07718313,-0.044743203,-0.14667155,0.09607261,-0.03780817,-0.025440026,-0.12637885,0.09134099,0.19649573,-0.01910797,0.03010214,0.16346431,0.064198606,-0.15991731,-0.0503642,0.0012774058,0.111619,0.07088924,-0.16290039,-0.19278717
129,-0.09836315,-0.0840727,0.11668184,0.09500358,-0.1613528,-0.09518094,-0.063080795,-0.00734782,-0.090540506,0.1902906,0.0827497,0.05421431,0.11646469,-0.15814616,-0.11643719,-0.18022378,-0.07205184,0.09881806,-0.106236,-0.17117509,0.02751276,-0.16761634,0.076441646,0.075055905,0.06102901,-0.017965544,0.005752008,-0.0326781,-0.039133366,0.1418598,0.0776917,0.06051613,-0.049564894,0.051417615,-0.3692821,-0.24012956,-0.0022464867,-0.11516248,0.15347783,-0.06473724,0.058064144,-0.016106501,-0.35503873,0.23564655,-0.06757689,0.07146359,-0.17326814,-0.040286295,0.0079023745,0.1965117,0.0069755767,0.052978847,0.10441127,0.08581917,0.020459605,0.18076786,0.098711304,-0.17372872,-0.06500501,0.06781691,0.099469855,0.100449584,-0.082847565,-0.123023465
86,-0.041726973,-0.029980255,0.2595424,-0.0054029985,-0.20702338,0.14129575,0.05465648,-0.01445539,-0.057587564,-0.14587013,0.21112715,0.10328725,0.15131244,0.13188797,-0.06469437,0.119007036,0.22612146,-0.06473147,-0.049106333,-0.2295092,0.030975925,0.05618094,-0.15666689,-0.09467855,-0.15865672,-0.08972325,-0.10498724,0.1913344,-0.021957727,0.019529449,0.1402188,0.035608463,0.015869623,0.033921767,-0.2766859,0.098256625,-0.071389176,-0.08087481,0.045369875,-0.04897286,0.15220398,-0.15458022,-0.13010006,0.122762695,0.019252738,0.04059892,-0.026792396,0.12959002,-0.13290532,-0.19767608,-0.03392671,-0.07702447,0.0024982153,0.15841967,-0.11710764,0.044446513,0.07495022,-0.070567176,-0.12332005,0.17516027,0.09252879,0.19659717,-0.2093794,-0.14264698
739,0.06703262,-0.15542743,0.23020482,0.18384692,0.002344243,-0.01865945,-0.256152,-0.095299855,-0.031059092,0.0033631464,0.19544359,0.23582433,0.18476754,-0.040541176,0.018455632,-0.20143291,0.070183836,-0.03872729,0.098501705,-0.16777025,-0.03373855,-0.047752544,-0.20883782,-0.15917654,0.015176122,-0.10811234,0.1668295,0.12762953,-0.023078892,0.15220177,0.13777332,-0.011462222,-0.048463084,-0.0059523988,-0.2644265,-0.11039114,-0.17023239,-0.025428321,0.14272273,0.005514398,0.18272388,-0.08514253,-0.089612916,0.15517887,-0.007044851,-0.11659133,-0.015352789,0.15560363,-0.05531046,0.105188556,-0.07721367,0.080490656,0.012164479,0.22151935,-0.033372853,0.011837635,0.23982087,-0.07434007,-0.082834326,0.025721518,0.0015151976,-0.017641446,-0.16811083,-0.031497564
258,0.009979494,0.008632738,0.20518468,0.09518216,-0.15915374,0.10627851,-0.004934143,0.056211617,0.103865355,-0.0568484,0.16869907,0.17315087,0.1610745,0.03887514,-0.14842832,0.03256702,-0.014456899,0.06866418,-0.08743545,-0.26215196,0.028110541,-0.0024109697,-0.48414597,-0.039572205,-0.09631063,-0.1504171,0.0011707023,0.11537273,-0.08190395,0.13299777,0.098614804,-0.0026489575,0.060803782,0.08614969,-0.21624514,0.13659164,-0.0970714,-0.05644301,0.13304687,0.05548613,0.060705896,-0.03889758,-0.15623717,0.12985153,0.118661806,-0.022457967,-0.16179876,0.052432574,-0.073240705,-0.12324815,-0.03867021,0.05561154,0.03171229,-0.021823972,-0.083180554,0.029047884,0.12023676,-0.04260163,-0.2423105,0.07385154,0.14238244,0.10359156,-0.149645,-0.14254887
522,-0.019955471,-0.06663039,0.33737546,0.10220104,0.01021924,0.15821181,-0.084462225,0.0043925303,0.11412137,0.05461904,0.024189161,0.10432618,0.2520921,0.20008007,-0.08316661,-0.025613675,-0.03090405,-0.04159691,-0.17617692,-0.20355798,0.05276596,0.013711178,-0.02547772,-0.06819051,-0.101880096,-0.23090069,0.033824094,0.06768964,-0.078814425,0.20932163,0.053831693,0.12974927,0.068568245,0.17365016,-0.14870979,0.014777513,0.032687936,-0.0534963,-0.025887502,-0.03437598,0.08028468,-0.11964367,-0.053741734,0.12512264,0.066731416,0.067603715,-0.056284305,0.17771786,-0.0308931,0.21119246,-0.11815486,-0.15147309,-0.13656324,0.1242659,-0.20792499,-0.21554217,-0.04696492,-0.04582753,0.032396305,0.09693293,0.11472186,0.08496306,-0.24717836,-0.1698265
761,0.21894014,0.03349902,0.3104685,0.058798116,-0.09576824,0.1095985,-0.043809805,0.094954014,-0.029376127,-0.073990986,0.2756738,0.15661907,0.27261835,0.13772224,-0.07677508,0.041707005,0.025121259,0.017567167,-0.17324115,-0.11694565,0.047047548,0.017040879,-0.24226782,-0.007466234,-0.20139559,-0.11311747,0.08646409,0.07835978,0.009801845,0.06107559,0.12801072,0.102470145,0.17888832,-0.11345049,-0.17090316,0.19778366,-0.012898229,-0.06866022,0.12754583,-0.054371923,0.042060386,-0.026858207,-0.08570224,0.0932209,-0.16613027,0.13809112,-0.02170535,0.041337825,0.015864922,0.043037616,-0.043172274,-0.06606162,-0.06054198,0.062907554,0.02933932,-0.2230122,0.09445853,-0.121623136,-0.038728647,0.17277448,-0.0393131,0.06402097,-0.16875848,-0.2172739
276,0.08716148,-0.096338496,0.153234,0.056062907,-0.03596552,0.18826169,0.088552505,-0.037024327,0.022362178,-0.12505333,0.07691058,0.03252942,0.20181194,0.26888034,-0.08195832,-0.16138867,0.014943741,-0.08449141,0.015907474,-0.17172232,-0.010641419,0.05949776,0.12530299,-0.05253287,-0.09979896,-0.03264469,-0.10251314,0.023621434,-0.012289334,0.13300003,0.049862344,0.10214439,-0.10420629,0.009159114,-0.23257275,0.19753087,0.038407378,-0.10206682,-0.0035433625,-0.028716836,0.025589086,-0.20622769,-0.22076507,0.084165365,0.050504897,-0.013739746,-0.07480568,0.030641163,-0.2034833,-0.024045002,-0.09329331,0.030914284,0.15233113,0.027602268,-0.09964999,0.26325378,0.2241757,-0.13448928,-0.24828872,0.10801804,0.2142448,0.1449321,-0.13680488,-0.1496576
442,-0.0446378,-0.17779072,0.19405437,0.07546389,-0.10509207,0.10558602,0.03401894,0.21841967,-0.24191941,0.06993016,0.20495255,0.14474176,0.21138635,0.08350398,-0.09369412,0.04496913,-0.047877725,0.08499029,0.08050534,-0.2393178,0.046289198,-0.12448614,0.016944453,-0.082608186,-0.12467331,-0.18686822,0.05399903,0.016982028,-0.13499042,0.12156037,0.069960445,0.1613751,-0.10241578,0.15654133,-0.27185228,-0.13520476,0.1999962,-0.037574958,0.15062006,-0.17332445,0.04037649,-0.0484047,-0.15475753,0.07931151,0.08794938,0.013877622,-0.11274449,0.060280744,-0.14244848,-0.10812041,-0.06268499,0.09051511,0.032520566,-0.13300125,-0.10269587,0.018108925,0.059556108,-0.08764083,0.05731939,0.09940489,0.0759899,0.006383239,-0.1529665,-0.200997
128,0.050640132,0.12570754,0.33898845,0.16407056,-0.12343147,0.102427356,-0.11668633,0.054604493,0.08158029,0.012888706,0.09050829,0.045705587,0.18895112,0.0421641,-0.13255364,0.053997103,-0.10944168,-0.08094197,-0.14449395,-0.2384129,0.050786506,-0.018022178,-0.052007463,-0.07179477,-0.056568358,-0.110127665,0.053785864,0.15909463,-0.08034984,-0.021052083,-0.071250945,0.033604965,0.0869905,0.0128480485,-0.15985948,0.37479722,0.05566476,-0.04317015,-0.0031686034,0.076097414,0.059141602,-0.0353558,-0.04602751,0.041006878,0.15996917,0.108510934,-0.11261005,0.09668314,0.0064418055,-0.038568705,0.12715131,-0.09634523,-0.0153324725,0.23527037,-0.16146845,-0.1060979,0.18390559,-0.056234594,0.08516921,0.086939864,0.19844376,0.14634326,-0.18491639,-0.19903071
430,0.22255833,0.093016885,0.11962882,0.072394624,0.00073779,0.08358284,-0.07935128,-0.10963817,-0.0864039,0.0112125,0.15250885,0.084980674,0.19798727,0.30605707,0.04310734,-0.12211416,0.017904468,-0.16820526,-0.12485603,-0.080144174,-0.035814725,0.039476797,-0.0447784,-0.045605287,-0.023201024,-0.0027703433,0.009272066,0.0044895653,0.1202858,0.25515905,-0.10931551,0.13708499,0.037935153,0.15134074,-0.13256474,0.04929372,-0.118113935,-0.08366064,-0.14771909,-0.010994569,0.068258226,-0.17392796,-0.25548962,0.08914265,0.031012814,0.13357009,-0.1294834,0.11383026,-0.11083731,0.051769804,-0.20230462,-0.02859829,0.20718685,0.12647437,-0.1057307,0.094773285,0.27543432,-0.11290821,-0.18527207,0.029857544,0.012297184,0.05501789,-0.15031677,-0.10693555
510,0.06413319,0.06482283,0.15808633,0.15658277,-0.18658744,0.0019898298,-0.029134955,0.19572875,9.9944875e-05,0.09409375,-0.023869919,0.0417672,0.2658371,-0.017820058,-0.11933652,-0.17949082,-0.073427625,-0.1540077,0.05535906,-0.2036018,0.06649081,0.03180342,-0.2835739,-0.10152599,-0.10508376,-0.0448732,-0.0072303396,0.2256178,-0.19806023,0.008630771,-0.050715037,-0.21343201,0.089792974,-0.071605764,-0.0750699,0.3586802,-0.0708506,-0.007493479,-0.0969824,0.027961055,-0.039389074,0.0019903784,-0.052374,-0.059967462,-0.078831896,0.050861362,0.12954879,0.12144871,-0.05057502,-0.03338944,0.21331719,-0.1643972,0.11945207,0.096015476,-0.015666364,-0.075679295,0.2631241,-0.07366694,0.06762394,-0.08402882,-0.006410441,-0.04899875,-0.04211554,-0.10592246
156,0.17967598,-0.120605,0.24165925,0.02429129,0.0058754873,0.20571527,0.11918204,-0.16832928,0.008738297,-0.19578145,0.30686644,0.14665821,0.28332284,0.20875646,-0.1964496,-0.09404733,-0.15889649,-0.014533844,0.006639832,0.008356455,-0.08671103,0.056132957,-0.054683473,-0.048186876,-0.07759519,-0.1506874,0.059586234,0.09911042,-0.06661522,0.02359865,-0.21675467,-0.08345602,-0.004166589,-0.100435674,-0.22028914,0.15177196,0.17919943,-0.06324837,0.20228635,0.0174629,0.015658136,0.014214559,-0.076215506,0.11578757,-0.088113755,-0.055986345,-0.08129315,0.07888493,0.04565196,-0.033529185,-0.074892126,-0.05924353,0.076168925,-0.020412913,-0.020489592,0.10280504,-0.06122628,-0.12977684,-0.03675595,0.09024676,0.07641116,0.17617022,-0.14804712,-0.14321505
662,0.07740546,0.113835774,0.25057045,0.027704148,-0.09746445,0.051347796,-0.22125122,0.008265165,-0.0027567884,-0.071428075,0.09189632,0.14495538,0.16796482,-0.0068106237,-0.04909744,-0.2888684,0.019693194,0.022459382,-0.06634009,-0.17562075,0.027769664,-0.08316523,0.099539764,-0.040675536,-0.036169797,-0.16429769,0.044679403,0.106199004,-0.018309528,0.05007121,0.09307456,0.025962923,0.008442453,0.048605308,-0.301637,0.17985909,-0.01653054,-0.06380364,0.08679046,-0.047849275,0.09640231,-0.055207416,-0.13539903,0.15299828,0.019737802,-0.08393289,0.12670013,0.09344058,-0.27516246,0.048771884,-0.07954131,-0.1616895,-0.006482716,0.09190084,-0.2124403,0.07819096,0.09432202,-0.05275084,-0.1299581,0.1750018,0.13746685,0.05801046,-0.256981,-0.23343341
763,0.06313271,0.1347093,0.16372654,0.23205642,-0.010238261,0.056735065,-0.08413862,-0.11300629,-0.20795695,0.14135918,0.0065084,0.09857738,0.19634907,0.010625545,-0.06891818,-0.21678649,-0.20032047,-0.118625134,-0.16426921,-0.09215604,-0.102102794,-0.21399069,0.087381676,-0.024686472,-0.043615945,-0.18185745,0.15805203,0.068567805,-0.006711313,0.07469146,-0.17448664,-0.07441371,0.06999425,0.11461984,-0.027504181,0.036573164,0.17429638,0.05204922,0.09044616,0.16972244,-0.086945534,0.035285696,-0.25579888,0.14547099,0.041042592,0.093680725,0.13584226,0.18765727,-0.1212887,0.05801811,0.007175257,0.08863147,0.06077066,-0.0679043,-0.15941343,0.03813007,0.19105335,-0.1552042,-0.10449639,-0.038742233,0.03772162,0.11121473,-0.17077874,-0.15290157
360,0.02532106,-0.05511323,0.13311334,0.13885714,0.11241129,-0.0565927,-0.07380919,-0.18311207,0.112545244,-0.05569443,-0.02487221,0.07131246,0.18622243,0.06709034,-0.09333278,-0.0349538,0.11016457,-0.070151426,0.056692228,0.0188991,-0.003688029,0.08763208,-0.079256654,-0.22455175,-0.20688486,-0.19429454,0.06498235,-0.06296207,-0.041744478,0.13831668,-0.04580159,-0.01460427,0.039005894,0.066801794,-0.36646506,-0.011487402,0.23908271,-0.038520794,-0.015138237,-0.04652274,-0.060200304,-0.15650867,-0.0993112,-0.14450502,-0.064034425,0.01925276,0.083998084,-0.036581244,-0.18760131,-0.034950145,-0.12827675,0.22534646,-0.11438471,-0.07320368,-0.17148778,-0.0021315387,0.30203053,-0.057604518,-0.2154909,0.12753484,-0.051585007,7.832522e-05,-0.13098976,-0.18767287
539,0.11768512,-0.02790764,0.2683915,0.19205122,-0.2553086,0.11172034,0.01644649,0.06950845,0.097391166,0.018985545,0.14973041,0.13712734,0.19257696,-0.0035591014,-0.13518405,0.09597332,-0.039314233,-0.019377906,-0.14469174,-0.1941423,0.10639493,-0.050682414,0.058592953,-0.023089778,-0.10675579,-0.11768932,0.068256125,-0.022598779,0.02795869,0.02755238,0.07809494,0.08602144,0.071879745,0.011644696,-0.123233154,0.16548945,0.13474177,-0.08373908,0.1437856,0.0039021086,0.017572273,0.060742315,-0.29786068,0.19865982,0.09431085,0.1252989,-0.014522613,0.081123106,-0.18344197,-0.08955768,0.01029012,0.11213835,0.14972189,0.04114419,-0.041084256,-0.044243224,0.2603916,-0.2006052,-0.08098254,0.09798995,0.0541196,0.0857197,-0.10541595,-0.26299968
457,0.16546196,0.051495865,0.13191399,0.22044174,-0.12176319,0.10925821,0.08284885,-0.017048556,-0.08805524,0.0022622587,-0.0013473984,0.03395805,0.3323409,0.15215735,-0.16214181,-0.268323,-0.15214962,-0.07627227,-0.05038744,-0.15747102,-0.07254432,-0.09767279,-0.1726764,-0.0697092,-0.116449565,-0.07471787,0.08694957,0.12830532,0.13159484,0.0872234,-0.17023374,-0.037386816,-0.050409876,0.012489847,-0.12975991,0.21006565,0.023108426,-0.061002832,-0.034988582,0.05776799,0.011806745,-0.10876522,-0.2424487,0.20909318,-0.13374802,0.016892279,-0.051644634,0.066557676,-0.038649984,-0.020248728,-0.20648375,0.06981994,0.09275877,-0.031757914,0.078827634,0.034995023,0.059232693,-0.2242123,-0.22338988,-0.048956804,-0.045923255,0.037127823,-0.14394441,-0.12660918
357,0.10093919,-0.09176815,0.21617916,0.111111194,-0.06541401,0.10624442,-0.10957405,-0.004443065,-0.07366685,-0.04768746,0.14411785,0.21174426,0.15830606,0.1368122,-0.070374414,-0.015901593,0.063713856,0.014165034,-0.016923903,-0.0679264,-0.043367337,0.011258758,-0.20315762,-0.09776087,-0.055458993,-0.047116935,0.11037523,0.21055716,0.011369763,0.10084951,0.033392694,0.1104216,-0.02968742,0.11025591,-0.12331966,0.20610645,0.092002854,-0.056518316,-0.07154747,0.17719005,0.11193329,-0.19702113,-0.065156184,0.051201638,0.16065478,0.08309306,-0.19341198,0.13933355,0.04266977,-0.05062001,-0.050461255,-0.08913356,0.012638889,0.18252628,-0.17227744,-0.035041913,0.38649705,-0.103914015,-0.12979889,0.17048857,0.14604783,0.106186576,-0.18695508,-0.07383825
169,0.024697576,-0.146935,0.38021895,0.22549589,-0.100000516,0.034602623,-0.01077551,0.06240265,0.07565,-0.005307183,0.13664998,0.063077174,0.31845757,0.021077449,-0.12972666,0.0434416,-0.073356695,0.04326485,-0.006364261,-0.08007894,0.0018703765,0.16822371,0.13008651,-0.075692184,-0.060471635,-0.31016892,0.09550502,0.036894124,0.040056605,-0.011250161,0.032747205,-0.025752205,0.11062742,0.050656237,-0.22925752,0.11571066,-0.034388684,-0.009399375,0.09737267,-0.0437958,0.0039920206,-0.048315488,-0.08940121,0.1989677,-0.09426212,0.20617346,0.024005357,0.1028322,0.11737883,0.13204853,-0.051751435,-0.091160215,-0.051665686,0.12102653,-0.10102631,-0.095234655,-0.04102091,-0.10907871,0.1251004,0.118468195,0.104894556,0.059635647,-0.1028045,-0.29434803
559,0.082222395,0.08184864,0.23457111,0.116384506,0.00071694504,0.31862503,0.055551995,0.07172829,-0.0077712187,-0.19037484,0.16533127,0.06833688,0.15878083,0.26201963,-0.08760809,0.08103445,0.14251211,0.017700536,0.008648601,-0.18994047,0.05222908,0.010826833,0.0124640865,-0.12620485,-0.054155566,-0.1116778,0.061836,0.10428162,-0.04033673,0.23723097,0.08150974,0.085690275,0.106362015,0.22242258,-0.18238056,0.031373616,0.13503297,-0.06638716,0.0804283,-0.072347544,0.09251006,-0.060975574,-0.2376428,0.11844847,0.10958977,0.0033251087,-0.09882952,0.05475416,-0.14044993,-0.09017707,-0.11665133,-0.036394477,0.14947332,0.026990691,0.073486194,0.07360289,0.14994238,0.0055685616,-0.11429614,0.055505287,0.05572108,0.07490756,-0.23309194,-0.19692029
397,0.17106321,-0.011364146,0.15922849,0.14900161,-0.028522156,0.018590227,-0.18487448,-0.094517246,-0.20130713,-0.07906719,0.1275728,0.19494651,0.14788279,0.079124115,-0.119060606,-0.111899756,0.023301015,0.023041705,-0.16870756,0.09004786,-0.02905576,0.06646443,-0.20091552,-0.005365825,-0.12610467,-0.13280474,0.15464818,-0.02857739,0.16675206,0.10499749,-0.033880986,0.06778035,0.07944482,0.20818752,-0.111172,0.09632539,0.07912382,-0.031595033,0.119275816,0.10565485,0.09230676,0.040605854,-0.18234317,0.21785623,0.066328764,0.04444516,-0.25175712,0.108520046,0.055701323,0.003080547,-0.060891204,-0.12709144,0.06849101,-0.041328378,-0.17356305,-0.10000937,0.28867573,-0.10484483,-0.053119235,0.15083924,0.08017759,0.07972062,-0.18813422,-0.15107611
671,0.05926272,0.0049455776,0.321154,0.12554002,0.031404063,0.19408236,-0.0940432,0.16172434,0.09809428,0.04555964,0.030808445,0.07441838,0.20947126,0.27655068,-0.053464152,-0.12544861,0.0066890744,0.048341136,-0.083136246,-0.16347203,0.069707386,0.06491591,0.049252924,-0.14484629,-0.11619695,-0.16755603,0.2560344,-0.030979412,-0.119165815,0.17227428,-0.008144659,0.13337766,0.056693383,0.14596526,-0.27987182,0.09057525,-0.03585619,-0.045119412,-0.030415947,-0.050290406,0.01114857,-0.14867811,-0.071595155,-0.09171418,-0.020284353,0.106391385,0.2200482,0.11623245,0.007300862,-0.056236543,-0.13184717,0.020358384,0.012840226,0.13293973,-0.011574458,-0.04702363,0.043273773,-0.03903699,-0.015678221,0.120144784,0.027725084,0.05739957,-0.22397521,-0.2601747
207,0.017604046,0.12153459,0.26008758,0.1513457,0.076033294,0.0096135065,-0.26582807,-0.15916476,-0.09513013,0.17326736,0.09916645,0.20299363,0.14356007,-0.06709551,0.0040301294,-0.1712588,-0.070556395,-0.056278247,-0.21600077,-0.087490566,-0.0640062,-0.12530126,-0.0022543485,0.044655547,0.017382937,-0.22459239,0.060232095,0.06531675,-0.011460292,0.19137551,-0.020343203,-0.09853502,0.1609977,0.18273315,-0.26070327,-0.07726333,0.016220512,0.011431804,0.1286846,0.13967031,-0.033534344,-0.024292044,-0.2789991,0.19383188,0.032901976,0.14479049,-0.05906738,0.13521285,-0.016204864,0.15521091,-0.056188803,0.09926266,0.00313991,-0.050257646,-0.057783574,-0.14912899,0.07015404,-0.038002662,0.044826433,-0.025290024,0.06617284,0.13167726,-0.17213129,-0.04081737
222,0.11775035,0.007950415,0.24548848,0.01818039,-0.050952256,0.08146743,-0.080275215,0.11621444,-0.013867194,0.036635205,0.13914792,0.036567666,0.19416682,0.1445885,-0.1559317,-0.18576893,-0.039884046,0.053784773,0.1466408,-0.16213284,0.005234718,-0.12971802,-0.2927097,-0.2223682,-0.17346154,-0.16410625,-0.020844331,0.113160215,-0.110883735,0.039462592,-0.017235557,-0.07059841,-0.048931144,0.0034250228,-0.22108041,-0.007436818,-0.043136425,0.056932244,0.12808803,-0.24417351,-0.105226696,0.009842425,-0.049981132,0.18862575,0.0031272662,-0.07344466,-0.04567517,0.04962519,-0.025672937,0.13777106,-0.04653277,0.17243835,-0.21740358,-0.18769592,-0.019936487,-0.2409778,-0.029196639,-0.13435598,0.032393288,0.10478537,-0.08259885,-0.0030451855,-0.12471302,-0.15966396
190,0.13582857,-0.085112676,0.2763195,0.17840283,-0.16151993,0.0068702414,0.06503167,-0.16157235,0.1292778,-0.009641397,0.26001582,0.113112964,0.23376822,-0.036636837,-0.19919816,-0.016732262,-0.081215546,-0.03189052,-0.03216805,-0.10624497,0.007051658,-0.050606985,-0.040647782,-0.12725514,-0.10739403,-0.120578304,-0.0007113015,0.090905726,-0.025777513,0.06545207,-0.24353337,-0.06182829,0.21801034,-0.055959366,-0.17087863,-0.07974337,0.064066984,-0.08540524,0.10722437,0.10089097,0.052724022,0.05592823,-0.21914326,0.1563609,-0.10714674,0.1518295,-0.074393675,0.11817182,0.04673429,-0.025913361,-0.01619526,0.22158125,-0.016336404,0.040677637,-0.11746833,0.116257966,0.11205122,-0.17594513,0.009014784,0.020786595,0.12830277,0.19664955,-0.13930908,-0.14820814
293,0.0036713486,-0.13190143,0.30742222,0.2244937,-0.13942178,-0.024602551,-0.074751556,0.091750294,0.11512243,-0.08818801,0.17805552,0.04096701,0.23345089,0.10040175,-0.17345257,0.09014269,-0.12957387,0.0149869975,-0.066175245,-0.1060323,0.057953324,0.009810713,-0.2539594,-0.14445905,-0.10053642,-0.23142357,0.024398293,0.11700297,-0.052334044,0.16479704,-0.035093274,0.052123275,0.025944069,-0.11737966,-0.10133967,0.2056633,0.086267136,-0.032328796,0.07983547,-0.118728474,0.04713315,-0.0007634113,-0.06566485,-0.0008653001,0.11293284,-0.06483444,-0.1029473,0.027660597,-0.069169454,0.0023457203,0.0284051,-0.09522384,-0.022583129,0.084624015,-0.10426562,-0.07789587,0.20818901,-0.13756186,-0.19591466,0.16595306,0.10555552,0.0065715103,-0.14007315,-0.28996563
78,0.0996297,-0.13156196,0.22321898,0.18271662,-0.14235663,0.07784595,-0.15035793,0.08030976,-0.011623258,0.120483786,0.114240676,0.049656987,0.12357776,-0.053575788,-0.18971002,-0.14377663,-0.051943146,0.24089229,-0.06730868,-0.088221125,0.13936085,-0.0629903,-0.05400747,-0.06293824,-0.012076362,-0.10273528,0.01693017,0.114639,-0.077469654,0.1585632,0.010474744,0.17371164,-0.027632302,-0.023515353,-0.24787313,-0.10925567,0.17129351,-0.11677896,0.19366093,0.054876495,0.10626701,0.026446981,-0.24445827,0.17413117,-0.079740226,0.047717586,-0.30463234,0.027725354,-0.08667791,-0.019428406,-0.09322178,0.0528805,0.033317838,0.013774761,-0.050419018,0.0835088,0.11371711,-0.15783004,-0.021285845,0.13149591,0.101184785,0.10901437,-0.18316868,-0.190821
113,0.2581479,-0.08139434,0.24927706,0.16872603,-0.05204893,0.11210943,-0.10090166,-0.08458165,-0.038117535,-0.0031647813,0.006394412,0.022137843,0.15856524,0.21206401,-0.06636445,-0.20555304,0.07468417,-0.055525184,-0.02928534,-0.23488256,-0.11099594,-0.04193626,0.10350623,-0.105849035,-0.066620074,-0.11616103,-0.106156565,-0.123789795,0.028200056,0.05741071,-0.12468908,0.097700395,-0.1307702,-0.103276804,-0.13114877,0.13247529,0.13004649,-0.042127296,0.016150713,-0.10100604,-0.10924819,-0.13940603,-0.2530386,-0.02110202,-0.0032545838,0.018777516,0.13316719,-0.017175963,-0.19589958,0.14345814,-0.062219944,0.10356431,-0.008108437,0.07506026,0.14794786,0.1152971,0.17923951,-0.2574029,-0.08574436,0.008046794,0.21967624,0.065547824,-0.12554753,-0.12611023
65,0.032169852,0.09997869,0.13155997,0.13683939,-0.052652642,0.22878021,-0.005010266,0.07407017,-0.04676697,-0.015129536,0.20161864,0.17474627,0.19880866,0.046983093,-0.08957489,-0.16105188,0.0037906233,0.25937554,-0.00046715827,-0.23089096,-0.045636002,-0.12642111,-0.15435238,0.044281285,-0.014870046,-0.25240508,0.15406814,0.08870842,-0.077705204,0.13308904,-0.0152466055,0.16793305,0.0723781,0.15232229,-0.14250788,-0.013735444,0.2050046,-0.04477259,0.123397335,0.22142228,0.031059533,-0.021779029,-0.15295932,0.09564891,-0.08562819,-0.023144076,0.060870588,0.05714474,-0.15714738,-0.023201661,-0.13869056,0.040862743,0.14562337,-0.013252706,0.037626304,0.03146054,0.08024094,-0.028490962,-0.19921187,0.03227242,0.13816738,-0.007254216,-0.22335766,-0.19458438
581,0.1705114,-0.1769452,0.23991083,0.07685096,0.026200555,0.17401624,-0.1910417,0.00232658,-0.008252814,0.009352344,0.115213715,0.16068445,0.2587241,0.2274606,-0.17155948,-0.2033308,0.06851337,0.11916162,0.06579497,0.03551367,0.07946769,0.013324414,-0.0039665257,-0.18827945,-0.21149296,-0.19257714,-0.014781687,-0.049393203,-0.015588028,0.11309936,-0.10870875,0.013697942,-0.0075785276,0.20203748,-0.27110973,-0.0436638,0.12776446,-0.061173186,0.06184212,-0.11476017,0.07345307,-0.0715367,-0.15642507,0.0697068,-0.01911948,-0.057400566,-0.06380411,0.036703497,-0.0070707253,0.16500677,-0.12528796,0.08183659,0.038118873,-0.046957143,-0.01974399,-0.058594372,0.038846627,-0.098975286,0.018705089,0.1432601,-0.05589362,-0.043603133,-0.24961868,-0.21236116
491,0.05613647,-0.02215705,0.27117282,0.12034492,0.00041497985,0.09273136,-0.15011361,0.054176465,-0.13851365,-0.038538132,0.0745441,0.09244163,0.18277904,0.15920731,0.021282358,-0.12786488,0.004367413,-0.046189018,-0.14530931,-0.03574359,-0.026522731,-0.053720597,0.058776073,0.044656936,-0.08667494,-0.123475626,0.094315976,0.16131887,-0.113352455,0.20039628,-0.14525197,0.08056133,0.15542561,0.07490862,-0.2103774,0.1822181,0.13262516,-0.060797293,0.08924838,-0.060775544,0.02228451,-0.19866653,-0.24849115,-0.12051548,-0.08339292,0.13275301,0.15373883,0.09816011,-0.15387811,-0.05952384,-0.072082646,-0.15593447,0.20438796,0.051958367,0.016900795,0.029193975,0.08043761,-0.06385149,-0.21474706,0.10309503,0.16721843,0.08304185,-0.19747183,-0.18529129
139,0.047196962,0.03298263,0.23301864,0.13711011,-0.13044319,0.05313654,-0.07254564,-0.07803217,0.014140428,0.051022377,0.07639153,0.051691987,0.19736181,0.04465581,-0.15493152,-0.08698274,-0.096040756,-0.06501767,-0.16368024,0.00862332,-0.019386288,-0.10488889,-0.048164055,-0.17523964,-0.105687566,-0.08955848,0.11836139,0.17061701,-0.025097907,0.1623196,-0.12036466,-0.0005264169,0.18698762,-0.11500986,-0.050176382,0.04696358,0.26385197,-0.10796712,-0.07744363,0.09918711,-0.008254246,-0.18482848,-0.22737323,0.011373685,-0.025587533,0.16143596,0.08038271,0.06294428,-0.25170594,-0.12656316,-0.066767685,0.09613141,-0.065643296,0.069107585,-0.1681871,0.11258076,0.19993804,-0.1549093,-0.18645632,0.08746425,0.08270738,0.11507609,-0.2091154,-0.18311028
589,-0.028333941,-0.023633922,0.28660554,0.09350939,0.02280021,0.20177229,-0.16331978,-0.010178801,0.07512753,-0.051941298,0.17702436,0.17613786,0.16459893,0.05225359,-0.13256353,0.08253542,-0.04822521,0.009033926,-0.044614863,-0.045796126,0.0862286,-0.10778477,-0.16301203,-0.02081039,-0.13670886,-0.052971553,0.038094155,0.2704802,-0.16719143,0.20753185,0.036605626,0.041815557,0.13203596,-0.03469217,-0.2447287,0.1762373,0.34783858,-0.043198694,0.22605015,0.06352504,0.11785528,-0.0023878808,-0.06381558,0.03376627,0.066422306,0.099427156,-0.19131131,0.033832267,-0.051410004,0.02574149,0.062736005,0.0141647905,0.059345488,0.06488419,-0.05532049,-0.1715322,0.016232524,0.032743346,0.007523193,0.16537589,0.018924944,0.100503266,-0.18256585,-0.114630066
656,0.10536726,-0.0010543574,0.23395582,0.03427892,-0.10558709,-0.044377536,-0.08257145,0.088713676,-0.07170637,0.023895273,0.08904629,0.12365209,0.15247753,-0.048129592,-0.108412676,0.02491865,0.10282352,-0.0117532555,0.031841815,-0.23184037,0.076430954,0.09467753,-0.026129527,-0.10630349,-0.2410207,-0.14423393,-0.032116488,0.009327059,0.040127397,-0.011350263,0.18539397,0.038991295,-0.044284873,0.16789113,-0.43656522,0.05149698,0.07294032,0.0163296,0.09331762,0.0348643,-0.011215084,0.026355268,0.006653373,0.21054785,-0.06767037,0.17057069,-0.039024938,0.0067939456,-0.07275213,-0.07544002,0.00834668,0.10193591,-0.19171675,-0.11807791,-0.08828517,-0.26606497,0.0646142,-0.10899011,0.30170268,0.15014932,-0.029124053,0.06210158,-0.075929806,-0.1350662
182,0.03978375,0.03671177,0.27837247,0.10804407,-0.116330944,0.052219186,-0.007272686,-0.020387193,-0.09352828,0.13192718,0.18362182,0.05754012,0.09583944,-0.04176175,-0.13002631,0.049555115,0.17191204,0.0035838443,-0.09265776,-0.22888283,-0.043788064,-0.16228527,-0.00029832078,-0.06834652,-0.03523069,-0.19619687,-0.13024087,0.047868192,0.035912216,-0.009347158,-0.070219,-0.06276029,0.09226713,0.089029506,-0.20217401,-0.02421804,-0.023436137,-0.095981404,0.0990034,-0.06866821,0.14330791,-0.13182467,-0.30296,0.2981462,0.048020393,0.09908424,-0.12856668,0.039713457,-0.077266484,0.040560894,-0.18107735,0.061146606,-0.030845853,-0.0056567807,-0.13438906,0.15754114,0.049515232,-0.07699741,-0.071934484,0.039887562,0.23532186,0.22509773,-0.20675988,-0.14851786
431,0.10587139,0.10131743,0.19773786,0.12914519,-0.048875082,0.094457254,-0.29943883,-0.024302553,-0.17272079,0.08762442,0.06646619,0.1036943,0.21075274,-0.003947067,-0.17748499,-0.023452515,0.15069842,0.09310897,-0.11318533,0.0112903,0.018795324,-0.08999884,-0.08683932,-0.056668714,-0.13318777,-0.19271572,0.09789412,0.0720277,0.021588689,0.09134657,0.021148017,-0.11134194,0.09909932,0.11433006,-0.15083571,-0.05794082,0.12835863,-0.10348127,0.23497248,0.21239306,0.13902743,0.082282044,-0.108923845,0.22502159,-0.1052552,-0.002074171,-0.092838384,0.17662902,-0.09012695,0.11076993,-0.013192767,-0.02562614,0.029330732,0.06262754,-0.01726228,0.043632623,0.16111322,-0.14699021,-0.031162225,0.05592356,-0.004617508,0.15245299,-0.26607734,-0.21738183
575,0.090527505,0.20299786,0.09662507,0.027811436,0.057590377,-0.028348332,-0.24104953,-0.028607488,-0.23222321,0.18447305,0.03792796,0.20425233,0.09893413,-0.026785176,-0.00733532,-0.25451702,0.025017785,-0.09431732,-0.21261814,-0.11836038,-0.12635276,-0.10449629,0.02573449,0.12083461,0.1028208,-0.076620504,0.14904644,-0.09489148,0.063527934,0.1374729,0.06533342,-0.09612098,0.06854542,0.260793,-0.16173534,-0.011323741,0.100903355,-0.04316248,0.09857875,0.10593528,0.014999532,-0.024583917,-0.1759113,0.21821928,0.026683973,0.08846802,-0.046607457,0.18759592,-0.047927756,0.1671206,-0.06972783,-0.172144,0.22200347,0.095154144,-0.040443853,-0.029521408,0.2193641,-0.09462904,-0.039368104,0.02290455,0.07883562,0.08867847,-0.13539842,-0.039879657
459,0.19592509,-0.031469,0.3076311,-0.051698342,0.12854223,0.11932139,-0.23261866,0.018538782,-0.087932244,-0.0029133062,0.18337655,0.12542312,0.015937671,0.07967445,0.048461754,-0.18287498,0.12125339,-0.097032614,-0.079348914,-0.17324896,-0.17778225,-0.17407146,0.024429165,-0.00522079,0.23192774,-0.109142855,0.124284565,0.12871517,0.033959817,0.12799531,0.0030599346,-0.0025012812,-0.08085316,0.14505766,0.09465041,0.08172826,0.018885564,-0.034697782,0.1305733,-0.06375146,0.07641893,-0.10329609,-0.2529456,0.19194199,-0.041199002,-0.004617414,0.044104453,0.1361805,-0.14658819,0.12795006,-0.13991801,-0.21255936,-0.06150342,-0.024105418,-0.03997504,0.0035123064,0.11615586,-0.010120913,0.012093447,0.08821413,0.25916037,0.0709117,-0.17898038,-0.02452486
308,0.15308174,0.06428679,0.21543962,0.1557328,-0.028054086,0.09261616,-0.015423679,0.09877453,-0.23497564,-0.09004305,0.17245828,0.078279264,0.16566923,0.11224989,-0.011593112,0.0821133,0.059077308,0.059869904,-0.15042754,-0.19538112,-0.012534167,-0.010568393,-0.0925533,-0.023364197,-0.047174156,-0.20477991,-0.033767298,0.06058166,0.046901386,0.19063114,0.00039662665,0.1631042,0.21063477,0.08913019,0.027214814,0.010950695,0.08930298,-0.093407236,0.026619265,0.021883449,0.10616708,-0.08261887,-0.16807225,0.09584719,0.056533292,0.14199077,-0.17611401,0.09321459,-0.12912205,-0.09452193,-0.113147154,-0.20482308,0.02587424,0.022556914,-0.14550932,0.07554485,0.2564124,-0.08054866,-0.1784314,0.058259446,0.2328093,0.07617302,-0.19644159,-0.20196225
30,0.15364015,-0.14751312,0.3357005,-0.004166418,0.013946486,0.11510585,-0.12805593,0.0023435473,-0.10953793,-0.032353736,0.16574903,0.14924343,0.13435857,0.19149245,-0.041930974,-0.19217087,0.042811956,-0.017875228,0.05412536,-0.13546495,0.057907227,0.16913395,-0.07632738,-0.13792703,-0.0380536,-0.06388446,-0.046737693,0.0054545626,-0.09053891,0.0055246595,0.013117666,0.12859611,-0.14275633,0.041330054,-0.2852043,-0.100674294,0.09121,0.019881587,0.07651826,-0.29567814,-0.008316489,-0.103121415,-0.14391078,0.0053786132,-0.1600255,0.015471471,-0.18631546,0.0797234,0.0040105437,-0.08985864,-0.0255166,0.009040606,-0.1875196,0.026035901,0.020063039,-0.17870815,-0.0248285,-0.106006145,0.26616186,0.14669383,0.10545855,0.07252794,-0.16837516,-0.055512
161,0.072603,0.05725314,0.040009756,0.07213306,0.03500856,0.0022341935,-0.12609288,-0.028192008,-0.08846812,0.07737787,0.06254996,0.1528897,0.074549474,0.031529427,-0.18511796,-0.2137754,0.14064087,-0.011171125,0.0109729385,0.02111495,-0.07846395,-0.11843325,-0.14789192,-0.090647526,-0.08446213,-0.10796451,0.20570244,-0.10474847,0.06626642,0.025087297,0.09221879,-0.044250425,-0.03664764,0.027850468,-0.22580062,0.17424086,0.23315683,-0.072166085,-0.09935382,0.13665313,0.1619113,-0.13668884,-0.052521963,0.15224744,0.052876815,0.05192671,-0.21463959,0.17019293,0.021937216,0.021452166,-0.11434753,-0.027590958,0.19752178,0.17801182,-0.15610266,0.023702253,0.40375963,-0.05369125,-0.072860785,0.22105367,-0.043821514,0.005970315,-0.14286977,-0.07068757
334,0.17117079,0.15280996,0.21808909,0.024689404,-0.105747454,0.2271514,-0.036336645,-0.0045488444,-0.041303486,0.0040577776,0.2613577,0.09199316,0.17097844,0.25600463,0.020434739,-0.020864753,-0.15489464,-0.030882947,-0.27143285,-0.17567115,0.015617137,0.06688483,-0.001276948,-0.094588235,-0.051429305,0.00990968,0.18416315,-0.1215353,0.029815331,0.20308205,0.018447692,0.16300063,0.03059243,-0.012462069,-0.13698864,0.15362602,0.06840659,-0.0815909,0.026203757,-0.06350784,0.03322201,-0.07461148,-0.15237936,-0.0243347,0.091714464,0.021934865,0.010271278,0.040532745,-0.15366243,-0.22344759,-0.15595971,0.09795514,0.043374553,0.11824158,-0.08736651,0.09487609,0.110915855,-0.09261955,-0.14213221,0.057305865,0.09884006,0.1524933,-0.21168596,-0.18580583
473,-0.04080484,0.11702408,0.17502755,0.1811408,0.041952096,0.261102,0.07975709,0.03256172,0.06825442,0.06537982,0.0008293855,0.15023753,0.2519472,0.1279514,-0.13748835,-0.013625922,-0.11791653,0.17553157,-0.029319163,-0.35482007,-0.052287463,-0.17078218,-0.21495089,-0.021217506,-0.008003681,-0.31188023,0.23616603,-0.047282465,-0.055865597,0.12131205,-0.052859917,-0.00013959374,0.022934107,0.1717052,-0.08134244,0.08851443,0.07980357,-0.112659544,0.03584318,0.040381234,-0.033253036,-0.04180904,-0.14203987,0.117069036,0.12358885,-0.05476816,0.055541087,0.0052325916,-0.010712699,0.14920329,-0.12425843,0.0019666855,0.09715227,0.11193033,0.037418902,0.02309968,-0.0215861,-0.08261239,-0.10524888,0.03588128,0.09852359,0.016495908,-0.15436041,-0.21829699
188,0.23333643,0.028900377,0.22120172,0.103646755,-0.0911823,0.15781675,-0.29160923,-0.030581199,-0.19343683,0.071723804,0.17011556,0.120328054,0.26303938,0.082840376,-0.015668562,-0.15378088,0.06759492,0.03987618,-0.093286075,-0.014659908,-0.073220596,-0.107158706,-0.009599204,-0.11619607,-0.009182631,-0.17664261,0.08998255,0.14723274,0.08990236,0.056076538,-0.0448561,-0.018755242,-0.054369725,0.11943481,0.011611366,0.059357718,0.051538803,0.009994615,0.1653459,0.089322664,0.117765285,0.020614637,-0.12884611,0.22774112,-0.035685968,-0.1607683,0.021382162,0.18544433,-0.13237472,0.14254913,-0.10843228,-0.08941219,-0.0018070703,0.085017145,-0.048407506,-0.052282225,0.13899656,-0.093222186,-0.1267592,-0.026911644,-0.014359488,-0.015087332,-0.3255166,-0.18703026
759,0.23427041,-0.075715035,0.22444087,0.07623712,-0.23831716,0.011396693,-0.07607674,0.02792308,-0.02389525,-0.008504535,0.27706358,0.037153624,0.15718114,0.04997929,-0.05631928,0.08616299,-0.009607677,-0.12366432,-0.08370277,-0.23806946,-0.04670015,-0.012140459,-0.16652524,-0.1859505,-0.06816096,-0.11988596,0.09269757,-0.082507156,0.0072926274,0.074699916,0.01773946,0.079828866,-0.057753254,-0.11602291,-0.1023655,0.1313543,0.02799054,-0.10869964,0.042659014,-0.112592496,0.025923869,-0.06066589,-0.16924779,0.017639369,0.11908673,-0.09923383,0.04116273,-0.08816868,-0.12700766,-0.14846933,0.093335256,0.0482157,-0.13629322,0.050591595,-0.1342099,0.12872888,0.3393218,-0.1632496,0.0015904307,0.021850469,0.28180566,0.042770028,-0.13851556,-0.1631397
706,-0.049878933,-0.025618404,0.3363689,0.16377361,-0.20825364,0.11362647,-0.13259447,0.119163744,0.06086605,0.08556439,0.080385394,0.022684427,0.15673667,0.063796766,-0.13419168,0.016807439,0.04281615,0.021051103,-0.10816364,-0.22335336,0.050328184,-0.02431966,-0.14435777,-0.1091977,-0.048296407,-0.2563488,0.10079396,0.058299717,-0.10095576,0.104306,0.06294234,0.11308057,0.029043496,0.03218872,-0.15471993,0.1466959,-0.03632679,-0.08849932,0.10123807,-0.06949196,0.00709345,0.014058946,-0.24654426,0.053017367,0.037193246,0.057779986,0.09651019,0.048059408,-0.10603606,0.03000372,0.1454979,-0.0609981,2.0138736e-05,0.16332963,-0.06543431,-0.06905596,0.25093013,-0.1713395,-0.039039653,0.1660768,0.18073204,0.07982652,-0.14295642,-0.28160933
354,0.015654976,0.14329208,0.16791034,0.09109402,-0.07524508,0.09109825,-0.09902085,0.030907862,-0.06487498,-0.05570626,0.06627203,0.011742481,0.19378373,0.038581483,-0.14785895,-0.07237826,0.02738824,0.08095854,-0.023937518,-0.20598496,0.008039883,-0.14315999,-0.08764851,-0.061153736,0.011070443,-0.17913035,0.14507166,0.090822384,0.03463798,0.0935809,0.07599047,-0.04069289,0.043427512,0.057375636,-0.17382635,-0.025018333,-0.04190108,-0.17770533,0.099625446,0.0096234055,0.042446125,-0.0499417,-0.2388822,0.22318447,0.027756982,0.0037101756,-0.030372374,0.095917754,-0.22232239,0.016953168,-0.11215477,-0.033131864,0.1388458,0.039962314,-0.08139648,0.3095294,0.18668868,-0.13876687,-0.2471467,0.13810797,0.069427654,0.099312685,-0.20368591,-0.31663615
193,0.05777895,0.19185866,0.11461414,0.04419382,0.1052736,0.010890384,-0.20571557,-0.080960795,-0.33545372,0.14285886,-0.07944866,0.08114547,0.1141362,0.15668741,-0.057115063,-0.18780185,0.15821856,-0.18507004,-0.09681509,0.060256716,-0.2048348,-0.049102474,-0.037913192,-0.10040118,-0.033895858,-0.09916498,0.003988797,-0.054413114,-0.045969326,0.056014158,0.059590645,-0.17375088,0.118028976,0.17803057,-0.10417952,0.091360815,0.19564967,0.06859647,0.05951749,0.030408017,-0.058404732,-0.14112051,-0.060436334,0.07936167,0.04118407,0.10383959,0.045780692,0.086655684,0.046952106,0.21059836,0.020979382,-0.12341863,-0.05483994,0.23579147,0.031549815,0.001322539,0.29264417,-0.08625119,-0.1978845,0.025831645,0.026213754,0.16261837,-0.16328928,-0.07381945
245,-0.000820628,0.012084729,0.18753046,0.26673466,-0.025465935,-0.013541895,-0.08514961,0.12685294,-0.124794744,0.0671789,-0.09562544,0.075428545,0.20882268,0.082016855,-0.14676565,-0.10239081,-0.007517089,0.055420782,-0.13113342,-0.24777403,0.05641312,-0.20153652,-0.07568151,-0.052433543,-0.13512081,-0.18577011,0.07548812,0.04787936,0.0016967051,0.14856614,-0.0998022,0.084061876,0.007106115,0.07297921,-0.22775486,0.012514744,-0.0024259954,-0.099774614,0.10367851,0.07303318,0.00050736504,-0.029888315,-0.07237424,0.05314793,0.19280513,0.047388148,-0.026875606,0.1582078,-0.14533754,0.042638797,-0.11167896,-0.035902146,0.27892134,0.035227597,-0.05450007,0.068437934,0.20431374,-0.17577294,-0.20967294,0.02978456,0.049981125,0.037982754,-0.22682552,-0.2537342
456,-0.07073227,-0.060605075,0.25325242,0.20319955,-0.01672642,0.14694498,-0.033101376,-0.028591765,0.06385183,-0.09142368,0.18039158,0.18001068,0.28073886,0.13038321,-0.10939396,0.12706563,-0.11007756,-0.03158805,-0.07192541,-0.041381862,0.07984295,-0.0383598,-0.07677763,-0.12665845,-0.17759599,-0.054741018,0.09932573,0.10776928,0.013823859,0.17364392,0.16228354,0.04389003,0.08190936,-0.062348556,-0.18562967,0.18949907,0.13747324,-0.024247754,0.17768095,-0.03409146,0.10816159,0.027505293,-0.04745789,0.110568345,0.18830805,0.034030456,-0.1014287,0.014645603,-0.039774496,0.13189921,-0.0011457496,0.07470527,0.09748317,0.16864175,-0.09843696,-0.09746817,0.20023929,-0.047170956,-0.21194875,0.14650293,-0.108149484,0.01558237,-0.15895304,-0.24810103
499,0.07631332,0.006916521,0.21050437,0.14845379,-0.17651913,0.057974543,-0.17580959,0.013749743,-0.116930395,0.12312754,0.08377499,0.1116751,0.28487948,0.024320899,-0.14374769,-0.11064107,-0.02891468,0.16129768,-0.04528927,-0.07248671,0.06763074,-0.0847211,-0.18496749,-0.08697974,-0.07029981,-0.16049317,0.01753958,0.19948757,0.025365714,0.14183576,-0.099331945,-0.07205419,-0.024578238,0.013524813,-0.1848074,0.026345864,-0.039111726,-0.104201406,0.119942814,0.016887035,0.077165894,-0.037148472,-0.22909014,0.2315641,0.002303309,-0.03232055,-0.19788942,0.06912723,-0.095613666,0.1104209,-0.13726106,-0.02953564,0.059588745,0.028073722,-0.057022423,0.13315447,0.09342412,-0.18660486,-0.22125544,0.050310526,0.01780439,0.10804792,-0.21433799,-0.25380468
38,-0.056602605,0.00662515,0.30674034,0.014684933,-0.091616675,0.017062683,-0.18040404,0.10139768,-0.05720687,0.14743507,0.1586722,0.21164946,0.16984619,0.043842074,-0.05311328,0.1487805,0.09499721,-0.1066555,-0.050130744,-0.06064247,0.059010904,0.10959775,-0.10939788,0.016083686,-0.13946696,-0.20694633,0.12769334,0.06914933,-0.115395784,0.047618687,0.061314933,-0.009323046,0.10995214,0.16129544,-0.3497238,0.0642698,0.071790405,-0.04426205,0.07301898,-0.061075304,0.0901513,-0.17513967,-0.10430974,0.037022457,-0.13733853,0.2265669,-0.040110774,0.20810457,-0.04543911,-0.11495249,-0.06697044,-0.0050487933,0.07390504,0.109998785,-0.107477486,-0.1844826,0.0004953054,-0.03655967,0.10160349,0.16621508,0.04434031,0.14803089,-0.14926441,-0.16690187
147,-0.03127628,0.1365556,-0.030304175,-0.0041747317,1.5672207e-05,-0.0011164559,-0.06851174,-0.004602873,-0.2697228,0.052524082,0.11397176,0.031965367,0.055699587,0.09954058,0.05465626,-0.22424626,0.031739958,-0.112349465,-0.039723203,-0.2111506,-0.17723452,-0.07839348,0.06463026,0.043031506,0.18271069,-0.06304245,0.17004162,-0.13308424,0.08894687,0.13828184,0.020518374,0.0026205704,-0.1255166,0.17959978,0.08214509,-0.03882464,0.13249788,-0.017751656,0.046722036,-0.0432494,-0.027136108,-0.048409317,-0.0995257,0.12617113,0.010189622,-0.053143483,0.07655511,0.24132018,-0.25956675,0.0801885,-0.1486408,-0.18205167,0.3500598,0.13480164,-0.06669124,0.13131662,0.23881309,-0.13032591,-0.17513348,0.007166704,0.13853534,0.025239872,-0.096027374,-0.06883841
401,0.04134896,0.11653832,0.18043981,0.25903925,0.08633259,0.24072061,-0.08019521,0.06774088,0.01943445,0.010689411,0.03213245,0.13966091,0.23603356,0.025459096,-0.18694608,0.020471144,-0.19555816,0.16692649,-0.0992684,-0.2543356,0.017793924,-0.08702872,-0.18652871,-0.016127395,-0.07981404,-0.17450002,0.31549817,-0.12720342,0.007070403,0.09699125,0.10563243,-0.016093982,0.0055566225,0.036873,-0.16279702,0.109420076,0.121011734,-0.14711314,0.21748102,0.13070635,0.10155368,0.083310135,-0.041270263,0.16291438,0.009359631,-0.045922402,-0.10266758,0.0034169888,0.008267851,-0.021150477,-0.046378784,0.08489925,0.10381454,0.14089474,0.020447886,0.06237592,0.031973876,-0.11653034,0.002844727,0.08358842,0.026645457,0.040494423,-0.13948795,-0.22774579
394,0.11022036,0.12810402,0.12808605,0.1067092,0.039272364,0.041378915,0.0038997068,-0.041858777,-0.17251766,0.044689946,0.18860456,0.18670347,0.22446328,0.14498803,0.04443376,-0.07011056,-0.056355316,-0.08368002,-0.067054726,-0.22815959,-0.059235767,-0.059678316,-0.1674406,-0.03351174,4.2862466e-05,-0.12491706,0.102504745,-0.022725545,-0.007961161,0.11850154,-0.05954799,-0.039871786,0.12614326,0.07813742,-0.17247622,-0.0655741,-0.15594316,-0.12517112,-0.02450838,-0.05387662,0.021768436,-0.19656782,-0.20705687,0.010965779,0.021111067,0.010289416,0.101372644,0.08990172,-0.2162673,-0.043425154,-0.16176462,0.014786758,0.2575191,0.12514502,-0.10725312,0.24245822,0.22877404,-0.096543275,-0.24692695,0.0188117,0.054722905,0.010422189,-0.15346609,-0.17829604
476,0.13449004,-0.060624555,0.32508472,0.16174664,-0.21536364,0.13493322,-0.22481862,0.12238175,0.09421561,0.098670326,0.12233235,0.0781798,0.20827204,0.05228296,-0.122210704,0.12838733,0.100389235,0.02141904,-0.083592564,-0.17703168,0.08554159,-0.10758618,-0.21425074,-0.098696545,-0.06464184,-0.23431028,0.06136342,0.12851572,0.02472234,0.08657352,-0.032748327,0.0034674343,-0.089864984,0.1867943,-0.04011604,0.06849519,-0.024384487,-0.033417396,0.1251008,0.015846534,0.12273861,0.042577896,-0.19666797,0.16420385,0.035790555,-0.13591774,-0.11726466,0.17826562,-0.11442286,-0.024489705,-0.037807222,0.041770983,-0.0005387922,-0.0021643292,-0.022702595,-0.14512736,0.050305948,-0.0776464,0.057074603,-0.0050716135,0.05930859,-0.004647841,-0.28435755,-0.1942643
657,0.02273069,0.002913385,0.30814084,0.06889558,0.015950873,0.06060654,-0.09060572,0.021441177,0.1473808,-0.028250104,0.18483007,0.26913416,0.28102043,0.1550898,-0.078966126,0.11965798,-0.06087103,-0.14249459,-0.14939418,-0.11599409,0.06413371,-0.03171114,-0.1468555,-0.0890469,-0.098534346,0.027221886,0.056039687,0.087941356,-0.049723927,0.20514809,0.13950986,0.076450385,0.13519564,0.04900005,-0.090942286,0.018186696,0.04358663,-0.07561093,0.059509307,-0.102867715,0.15335767,-0.045923717,0.010151472,0.0707833,0.022732714,-0.05549993,-0.0894496,0.15497594,-0.12021965,0.073076144,-0.055731416,0.004703913,-0.017524647,0.2272829,-0.16117851,-0.08835761,0.22592251,-0.06409141,-0.22201951,0.14551234,0.037919417,0.01826781,-0.24098319,-0.19336921
215,0.16736893,0.13173205,0.23238397,0.08181733,0.019807484,0.20329499,-0.050946996,-0.13266163,-0.13636024,-0.01746387,0.069013655,0.06830218,0.060756184,0.12800014,-0.07986686,-0.14038062,0.21300472,-0.14315583,-0.13697584,-0.09260715,-0.13911852,0.11416812,-0.2043923,-0.07783614,-0.06174936,-0.13532093,-0.103035174,0.034469564,0.024977505,0.04173356,0.007232991,0.090334356,0.011253015,0.012713534,-0.10735219,0.09099262,-0.012695813,-0.026849816,-0.019773953,0.005385158,0.21539098,-0.15410957,-0.17620175,0.17546716,-0.19704561,-0.020345442,-0.16358319,0.13804021,0.011352482,-0.05735515,-0.12333326,-0.08508567,-0.23011488,0.12262096,-0.024792757,-0.05844833,0.11497083,-0.06796208,-0.101665914,0.00914949,0.23808636,0.2559841,-0.22338036,0.053986754
513,0.12352354,-0.16694699,0.20102188,0.0997286,-0.120305896,0.10775871,-0.062345307,0.07472068,0.024275552,0.029045576,0.20710433,0.26137722,0.269467,0.050978325,-0.15616429,-0.0157415,-0.02277712,0.069930464,0.09287903,-0.006986917,0.05615168,0.07820324,-0.14022464,-0.076609485,-0.10729053,0.035639994,0.06371169,0.12732987,0.07140632,0.069829725,0.15639074,0.061529405,-0.05949513,0.08204328,-0.18086061,-0.014045913,0.079605624,-0.036120977,0.18920706,0.019690955,0.2139647,0.06368565,0.002735482,0.30026782,-0.15232754,-0.014144494,-0.16005895,0.16292118,-0.023838334,0.039082617,-0.12506539,0.058731545,0.03613935,0.055501904,-0.18907991,-0.10379535,0.16593167,-0.16707002,-0.10201787,0.19637087,-0.1156653,-0.02250582,-0.11958702,-0.17616865
54,0.06603858,0.07787559,0.28212073,0.029189438,-0.18349057,0.04928495,-0.10901751,0.07872309,0.20047872,0.06829654,0.0886596,0.039080683,0.2418017,0.08691994,-0.21345837,0.09256345,0.12613086,-0.067827046,-0.21247624,-0.06831191,0.10558858,-0.06750155,-0.030353531,-0.050986648,-0.16943152,-0.101725064,0.006229046,0.072090484,-0.0806402,0.12138138,0.045427877,0.057616346,0.22160329,0.05159403,-0.10725529,0.04833536,0.076267995,-0.08978366,-0.022457497,-0.023901569,0.128872,-0.011621588,0.020823581,0.21317768,-0.054365724,0.0340978,0.0018975913,0.120437056,-0.097608685,0.20730133,-0.0045534386,-0.20802185,-0.103365,0.19174361,-0.1411638,-0.15295404,0.08522943,-0.08489915,-0.033091106,0.113945104,0.0184868,0.055970095,-0.25649428,-0.27184254
719,0.05986235,-0.011410074,0.24051869,0.013910332,-0.03991051,0.29583877,-0.11374212,-0.0060959016,0.077906154,0.04830565,0.08311446,0.17983665,0.2261181,0.32095498,-0.015600451,-0.0495968,0.036765948,0.062047634,-0.104413465,-0.116362564,0.055686876,0.04144439,-0.1700366,-0.09515611,-0.07467166,-0.071015924,0.10163458,0.063136116,0.00758849,0.19276848,0.029057488,0.10713848,-0.083961956,0.16465804,-0.13157086,0.16497052,-0.039667837,-0.08718345,0.038773935,-0.042537637,0.09984682,-0.0128647555,-0.17551532,0.055625387,0.03461578,0.011111562,0.116349265,0.15314928,-0.074940495,0.039221015,-0.115163095,-0.037796907,0.11059994,0.14087962,-0.074565716,-0.11156712,0.14444548,-0.11888617,-0.23358518,0.22858419,-0.112813145,0.023199389,-0.16671565,-0.23754527
317,0.0365611,0.1658892,0.0042785006,0.11253811,0.062700495,-0.036151577,-0.087355174,0.04052821,-0.32501742,0.15639168,-0.08362661,0.16163069,0.10988059,0.015078082,-0.036251765,-0.1938602,0.023879169,-0.16708305,-0.13623103,-0.10583768,-0.12935297,-0.13822226,0.045584258,0.040257987,0.031432964,-0.051170863,0.21175261,-0.1124315,0.0611528,0.07237253,-0.014175838,-0.10289345,0.017546656,0.17998183,0.0051745097,0.053132303,0.19186921,-0.041831914,0.052754637,0.12631221,0.013864707,0.00044379532,-0.045946177,0.10343821,0.04301631,0.036350314,0.09351489,0.23760848,-0.119749464,0.02923082,-0.011282365,-0.2016263,0.32517985,0.1448732,-0.06874621,0.04664113,0.36227304,-0.15542062,-0.108121574,-0.025863485,0.035445105,0.032793146,-0.11305017,-0.06479735
741,0.16564104,0.06491551,0.2296584,0.08442283,-0.029995289,0.038375843,-0.106353916,0.003450182,-0.031648055,0.07671988,0.17035803,0.08409035,0.15822145,0.05148959,-0.091191724,-0.051720846,0.0017100176,-0.015829558,-0.22113964,-0.109970406,-0.05918253,-0.1117161,-0.013715446,-0.038330503,-0.05834848,-0.17989363,0.14712416,-0.24771146,0.122781694,-0.056901544,0.11638154,0.08507207,0.07806958,-0.06716607,-0.004994561,0.16384421,0.063991316,-0.09448769,0.031465556,-0.096723124,0.15286571,-0.037575934,-0.1145399,0.24390396,-0.05161586,-0.0403961,-0.06613261,0.057855874,-0.10880878,0.026062747,-0.102185346,-0.06958236,-0.049741156,0.12085567,-0.27728435,0.050751727,0.25095063,-0.094041795,-0.11509213,0.17364198,0.12882985,-0.016833255,-0.2165036,-0.32062784
287,0.16501583,-0.17685856,0.1781405,0.34277958,0.04003335,0.21051906,-0.06729153,-0.20765886,-0.12593704,-0.14915451,-0.015572838,-0.06977923,0.12968037,0.049740914,-0.012870023,-0.19076383,0.08798577,0.09802085,-0.08766839,0.023117583,-0.007954307,0.007567751,-0.069581285,-0.17038184,-0.058612235,-0.13304776,0.057062145,0.08718075,0.08018791,0.19730164,-0.10791714,0.124278136,0.025051448,0.088407144,-0.2399102,0.0062141083,-0.036576282,-0.096526854,0.11996046,-0.058251437,0.03795701,-0.090590976,-0.40879884,0.07337201,-0.021585613,-0.0550291,-0.03856926,-0.103310764,-0.13551073,-0.09322173,-0.00570326,0.007079345,0.1171921,-0.015494047,0.047000792,-0.009525953,0.23488466,-0.109818436,-0.0405071,0.021750048,0.065289125,-0.060652334,-0.14438541,-0.042343393
146,0.10228275,-0.09500312,0.29636618,0.048691805,-0.013068237,0.012158297,-0.14416,0.07377849,-0.12711076,-0.13009204,0.31635255,0.13449639,0.10632765,0.034748543,-0.044152018,-0.06629559,0.002666926,-0.025882548,-0.08936162,-0.18465054,-0.05335692,0.061360657,-0.2673255,-0.013033855,-0.014166636,-0.13813807,0.092565045,0.08184746,0.017387152,0.17256854,0.13981526,0.13093278,0.09320883,0.012270056,-0.16524105,0.14723828,0.026887782,-0.05370552,0.15199941,-0.034995265,0.14299645,-0.07478215,-0.09795994,0.103426374,0.076389246,0.14637996,-0.1908095,0.0593932,0.02943087,0.026700256,-0.06336723,-0.17459741,-0.062752716,-0.006390063,-0.14843199,-0.17512996,0.22652155,-0.019122016,0.0023841748,0.20771708,0.22544605,0.12956831,-0.110728085,-0.06765311
452,0.18085413,-0.10005733,0.23923981,0.11688519,-0.034918785,0.24204527,0.06648132,-0.00020362719,-0.0096556,-0.13927439,0.20779932,0.280967,0.30633563,0.16121322,-0.16954777,-0.11362357,-0.09147456,0.13964255,0.122316934,-0.07391381,0.09706999,-0.052276272,0.032237846,-0.18470123,-0.21722887,-0.004036354,0.03157518,0.09882311,-0.047503453,0.11572903,-0.023677615,0.06493596,0.040547546,0.10829906,-0.26962307,0.09316042,0.18330108,-0.03859567,0.10056929,0.015842816,0.08310184,0.0421308,-0.10221369,0.08969106,-0.053774882,0.019427542,-0.051771525,-0.04292229,-0.0012902748,0.098090276,-0.0015522542,0.1202159,0.02897416,0.12932315,-0.01455875,0.04900651,0.10327664,-0.10568859,0.003715708,0.11393698,-0.06697118,-0.01960525,-0.2078866,-0.20668605
44,0.26574594,-0.07466447,0.21261194,0.10970495,-0.089475974,0.14933814,-0.13902365,-0.05272671,-0.010913632,-0.15558805,0.102008395,0.044474397,0.1701872,0.029018821,-0.2777213,-0.17463584,0.08769814,0.12031837,-0.028475175,-0.00664991,0.05990941,-0.028021032,-0.11968293,-0.11795629,-0.09136622,-0.130429,-0.005681693,0.10919475,0.07680747,0.007160657,-0.041004393,-0.05713893,0.016172005,-0.0469199,-0.10725577,0.072706915,0.1502873,-0.1720073,0.22074302,0.07907569,0.110549174,0.015233121,-0.20639397,0.2542262,-0.03149146,-0.07318994,-0.22553891,0.016531864,-0.10534257,0.03667072,-0.072881944,-0.0731603,0.017906716,-0.022466911,0.007724691,0.15646811,0.11203757,-0.18758242,-0.06486222,0.111260526,0.1123181,0.15854134,-0.23027445,-0.17031053
206,-0.13869171,-0.16312586,0.27378315,0.19191702,0.04539642,0.068078585,-0.060655113,-0.037715536,0.09376927,-0.080986,0.054894317,0.12208922,0.21096778,0.0068684444,-0.30429056,0.0030420905,-0.084475525,0.1214794,0.006615558,0.017173663,0.09451312,-0.010021644,-0.09454527,-0.10367034,-0.12435526,-0.06661376,0.057827257,0.19646916,-0.046001945,0.1594583,0.06610853,-0.0021952067,0.046661664,-0.048147853,-0.26866302,-0.006968069,0.15828434,-0.16170985,0.21398745,0.089625895,0.1082536,0.022517959,-0.059936095,0.19328977,-0.045979813,0.05208809,-0.20909242,-0.00032602344,-0.030489856,0.073847346,-0.016575975,0.04893561,0.00090074044,0.059028957,-0.08976369,0.10023285,0.12316135,-0.1568487,-0.075515196,0.22855589,0.08301659,0.17349477,-0.13560915,-0.21957505
487,0.02203184,-0.029390056,0.21547766,0.017232075,-0.047626127,0.06725571,-0.20208895,0.09277875,-0.12347729,-0.005606352,0.11217928,0.28354222,0.17570758,0.15734398,-0.059145644,0.15478918,0.04179203,0.019358698,-0.12549075,-0.03415122,0.153916,-0.053629667,-0.11260684,0.040313076,-0.17760879,-0.063525714,0.12437487,0.032028805,0.043897524,0.15011188,-0.11040567,0.16564624,0.020273566,0.26424152,-0.094878435,0.11006142,0.16205397,-0.14441414,0.02298391,-0.09641243,0.170417,-0.10670415,-0.121158004,0.0033700522,0.017799078,0.09405343,-0.19411351,0.11764507,-0.12071411,-0.040864278,-0.13059737,-0.110766366,0.1498987,0.089038745,-0.1182418,-0.06015447,0.06693097,-0.091801405,-0.05329668,0.20510325,0.11006995,0.059930515,-0.2246695,-0.2158965
716,0.22720882,0.052869596,0.095121704,0.040606916,-0.0021523351,0.085344836,-0.13754857,-0.049984876,-0.2966408,0.020694172,0.19072917,0.3196373,0.26032358,0.14689974,0.061460797,-0.12684368,-0.07578392,0.025580617,-0.14402574,-0.044744372,-0.05936279,-0.049466096,-0.1504087,-0.00012165016,-0.10264698,-0.072538055,0.0068970523,0.029519187,0.07925582,0.13720812,-0.0153333815,0.097861364,0.09357244,0.2564135,-0.10210149,0.052959602,0.013882708,-0.011576623,-0.077431604,0.11522319,0.03750216,-0.10531949,-0.18913971,0.041033104,0.13573839,0.09887038,-0.10231149,0.06360029,-0.037236065,0.045658674,-0.1303876,-0.019097824,0.08203765,-0.017727483,-0.17929073,-0.010789469,0.29231152,-0.008287932,-0.21013574,0.04840111,-0.036692988,-0.088469945,-0.20661047,-0.12884279
443,-0.11063266,-0.085978895,0.29836604,0.03535887,-0.23145714,0.12300751,0.027841156,0.02940652,-0.016320264,-0.1819176,0.26977584,0.023137452,0.16008756,0.120825134,0.021963885,0.18730427,0.12933892,-0.05602169,0.058683828,-0.04956906,-0.0014988212,0.11342062,-0.050065197,-0.11450371,-0.09498829,-0.21758367,0.14945252,0.23359738,-0.042896252,0.061815646,0.11900753,0.05343094,0.08857928,0.07437006,-0.13348795,0.18133822,0.02436197,-0.008112277,-0.069938794,-0.07253378,-0.054087885,-0.28398138,-0.24384229,-0.029949693,-0.036856502,0.10325753,0.08578389,0.006322632,-0.071270786,-0.17954613,-0.029356496,0.036809895,-0.051727075,0.07725367,0.02408811,-0.04125694,0.083512396,0.008217845,-0.078999095,0.09668399,0.16123809,0.12054931,-0.18809755,-0.19961746
730,0.24224147,-0.013203355,0.27908942,0.028687755,-0.1617224,0.24988034,-0.352976,0.13149014,-0.007986958,0.040881358,0.08647452,0.0004490241,0.13250071,0.06579268,-0.079161055,0.093523234,0.12896731,0.08880884,-0.10196886,-0.014198356,0.015932595,-0.03971736,-0.15235512,0.020126797,-0.008906667,-0.20168647,0.19743623,0.07588864,0.0009709081,0.07117931,0.1353865,0.04122998,-0.00873093,0.06926217,0.023491869,0.15114035,0.13307615,-0.06767191,0.20756504,0.049122654,0.09965638,0.0071975505,-0.19625673,0.18758832,-0.097071186,-0.010757537,-0.121821664,0.05967026,-0.10230496,-0.05072036,0.007781016,-0.13567758,-0.11285511,-0.05314436,-0.06671891,0.011462523,0.018210465,-0.031707857,0.034676425,0.10608443,0.11081474,0.024630232,-0.23097527,-0.27444306
80,-0.03590353,-0.13685612,0.31944698,0.24852264,-0.055098765,0.2128504,-0.022099955,0.02929299,0.03254258,-0.04932797,0.23745795,0.08015512,0.24797703,0.08221017,-0.22498052,0.11323296,-0.091630995,0.15088844,-0.08369531,-0.0095285345,0.031192524,-0.001554438,-0.06947189,-0.14512707,-0.12773335,-0.12195075,0.06806018,0.12287402,0.021291314,0.19154373,-0.012670447,0.05785893,0.07118772,-0.050897237,-0.06517538,0.05802595,0.24084608,-0.052684743,0.2349748,0.010664477,0.16472909,0.09105493,-0.0419363,0.19586666,-0.024876714,0.022186324,-0.11158578,0.046786454,0.025528098,0.06865554,-0.07189937,0.014171938,-0.062715895,0.04119735,-0.12420344,-0.12490871,0.07809971,-0.10979507,-0.022480102,0.15489024,0.07322326,0.081420094,-0.19805732,-0.21875492
749,0.040861752,-0.1091162,0.21952917,0.22507772,-0.21398602,0.08700135,-0.028040066,-0.005102589,0.009615546,-0.12624389,0.18620929,0.05786286,0.18837407,0.039980657,-0.2039099,0.056607798,0.10460559,-0.009778309,0.075833835,-0.08515584,0.019065712,0.008282217,-0.31137836,-0.14421748,-0.13285424,-0.20617884,0.058216635,0.28659615,-0.0049807397,0.08799955,-0.08290009,-0.009423156,0.009278221,-0.073744684,-0.106002025,0.12049695,0.16180152,-0.010581338,0.18368909,0.11600751,0.1454226,0.05212068,-0.019841177,0.185741,0.087193824,-0.06419728,-0.15386233,0.16872583,-0.070850916,-0.095239915,-0.03521287,-0.08757631,0.096646704,0.06642349,-0.046871234,-0.1062421,0.14751863,-0.124165066,-0.12825952,0.0693948,0.014370972,0.113118075,-0.16193609,-0.13976406
32,0.11061561,0.22855268,0.3068206,0.11329124,-0.16217583,0.0247375,-0.07242386,0.039526206,0.06661629,0.01770764,0.18015724,0.06418502,0.2182477,0.020315414,-0.13751592,0.08500904,-0.01440978,-0.038152725,-0.18589772,-0.2941568,-0.011423934,-0.07966829,-0.10388049,-0.06849159,-0.024688503,-0.08095888,0.07072191,0.053605262,0.058223102,-0.01056604,-0.08908141,0.02193657,0.18560429,0.036275756,-0.015562445,0.17577806,0.015128566,-0.09686761,-0.0064172787,0.06335111,0.07587982,0.014813873,-0.047742117,0.16907407,0.069883496,0.09496315,-0.0369671,0.13444827,-0.04852573,0.031120507,0.0262532,-0.06833589,-0.03385276,0.23534666,-0.13334899,-0.069038555,0.26628363,-0.14152278,-0.04214657,0.091230094,0.20591415,0.13755628,-0.20285237,-0.25617898
341,0.04285317,-0.14760111,0.17501208,0.23243645,0.15980807,-0.06221065,-0.13899557,-0.00092607335,-0.021384811,0.115515016,0.018392673,0.10209886,0.19885305,0.015001718,-0.18475088,-0.11129053,-0.09093034,0.02788412,0.04311538,-0.0012593255,-0.043385334,-0.035907812,-0.0812732,-0.07493708,-0.017325312,-0.037796907,0.24320486,0.066670254,0.05414614,0.16325006,-0.008105172,-0.009671656,-0.017538043,0.02124725,-0.23510687,-0.07703755,-0.019902265,-0.11775332,0.13291383,0.14502807,0.14151834,-0.03500364,0.06857585,0.2410414,-0.10846485,0.12046168,-0.17694028,0.18647934,0.058250517,0.12839851,-0.21187568,0.03090073,0.16040055,0.08048819,-0.2134788,0.11489281,0.24490957,-0.17539527,-0.06299527,0.16415149,-0.021760492,0.06429463,-0.089053445,-0.16891806
260,0.22145018,-0.005672193,0.28170004,0.0093593355,-0.113540195,0.05791787,-0.056893855,-0.07087953,0.021702332,-0.045495212,0.11121971,0.17327179,0.13497213,0.05799725,-0.061052147,0.038899016,0.26549807,-0.23766357,0.0030496134,-0.06537541,-0.039633535,-0.02320827,-0.060948893,-0.14518607,-0.14996827,-0.11995391,0.050584085,0.12658344,0.07788661,-0.044621058,-0.046288088,-0.094893135,-0.052590184,0.031650946,-0.32711402,0.3082352,0.009250942,-0.07363093,-0.13823317,-0.086876564,0.18736082,-0.24095243,-0.21255171,0.039726537,-0.104910046,0.04474176,0.05183634,0.051710382,0.029903676,-0.053801086,-0.12272433,-0.06457106,-0.0896673,0.1300838,-0.020180203,-0.028992575,0.13351202,-0.030467518,0.0021263652,0.15798,0.022307025,0.091316216,-0.20242766,-0.058380347
402,0.20142424,-0.06737585,0.37014467,0.22973062,-0.013667628,0.121095516,-0.21297623,0.09304967,0.090224035,-0.0034034753,0.08575617,0.04043085,0.2418561,0.11893792,-0.10762842,0.0859286,-0.08847624,0.02185872,-0.21681835,-0.06781162,0.070790075,-0.052568972,-0.02273074,-0.03362063,-0.16694279,-0.18746375,0.13018928,-0.03241987,-0.069276616,0.13020343,-0.018199274,0.0638063,0.13893113,-0.13520294,-0.090765126,0.16110764,0.077055745,-0.0461004,0.3023703,-0.0647397,0.032169625,0.09577191,-0.0021825577,0.062145352,0.017944027,0.0052043214,0.051551465,0.054060653,-0.04417657,0.11667378,-0.012571678,-0.050162613,-0.037416372,0.040228885,-0.02107374,-0.07321282,0.015353913,-0.112867944,-0.07914615,0.08113276,0.09104836,0.06229841,-0.19874002,-0.33312604
724,0.13476741,0.03467264,0.18715142,0.17064546,0.07954901,-0.0386116,-0.09580449,-0.07425628,-0.14384769,-0.07348742,0.1397957,0.19906133,0.21276109,0.016176747,-0.2036048,-0.13588847,0.002994897,0.004941182,0.014751788,-0.07998016,-0.03186855,-0.01150648,-0.2560556,-0.093479834,-0.0015762796,-0.14098036,0.16188955,0.08620035,0.049066715,0.09001522,-0.13856782,-0.1023895,0.06535556,-0.0030853536,-0.19780396,-0.047823202,0.03802735,-0.16650802,0.10917302,0.09167611,0.16955446,-0.04967531,-0.038452744,0.16535807,-0.06681662,-0.0902809,-0.25084096,0.10045946,-0.040146008,-0.05640717,-0.16252232,-0.11070894,0.13280585,0.15750757,0.004489452,0.19358519,0.20058008,-0.1592275,-0.105613455,0.048466522,0.09196364,0.15103672,-0.19375011,-0.12369431
604,-0.08939761,-0.016511763,0.22931068,0.15907823,-0.033087026,0.028711524,0.08109007,0.07490542,-0.099537775,-0.051618274,0.13181295,0.2498267,0.2950914,0.16268852,-0.01251356,0.07039223,-0.052205354,-0.0422659,-0.115275525,-0.1715644,-0.028183164,-0.048400126,0.06571636,-0.011326214,-0.06680853,-0.22331093,0.110827066,0.031471413,0.023947285,0.1408607,0.08461986,0.121606655,0.104002886,0.15702085,-0.12771055,0.013812612,0.044120453,-0.03207502,-0.013452758,-0.048365023,-0.06321044,-0.15586197,-0.14706679,0.054122325,0.2142099,0.039619353,0.038832672,0.1090274,-0.1680905,0.0335657,-0.102157444,-0.06276764,0.14932686,0.06869633,-0.10360513,-0.0007514545,0.243246,-0.089151934,-0.2757378,0.051750395,0.10249145,-0.011865562,-0.19929652,-0.27398995
472,0.1464304,-0.20163956,0.31087744,0.14311408,0.007830778,0.14438291,-0.101077296,0.0017397634,-0.13114946,-0.12970056,0.26467973,0.10143071,0.13629934,0.12513307,-0.09523899,-0.02525763,0.16595228,0.0033205731,0.025988638,-0.05401216,-0.01969566,-0.088556185,-0.10126368,-0.11734742,-0.1453847,-0.10917651,-0.11973869,0.2489369,-0.028600013,0.15569597,-0.046783596,0.017999487,0.054324627,-0.007924156,-0.1835584,0.17935269,0.06937864,-0.0056876238,0.16555351,0.017846426,0.19713482,-0.035735127,-0.1274887,0.0768462,0.03064752,0.11511929,-0.23770069,0.13320048,0.08873848,0.101540856,-0.053255353,-0.07359827,0.043868504,-0.01585589,-0.11295995,-0.101142794,0.2007773,-0.0141142,0.021038854,0.13115132,0.08511229,0.1128581,-0.21521139,-0.05259702
547,0.009415582,0.010365936,0.23592779,0.13633035,-0.08741134,0.032393772,-0.11673158,-0.0005951949,-0.110505536,0.019632105,0.07140138,0.18397558,0.23146163,0.08797004,-0.11179878,0.10745882,0.11293184,0.09918539,-0.10030837,-0.019772667,0.025562514,-0.062385056,-0.13817544,0.021398375,-0.118589774,-0.2917621,0.09234942,0.08954398,0.069493145,0.15106581,-0.117256775,0.03024711,0.16300195,0.20235895,-0.07253334,-0.01233871,0.086486325,-0.06797128,0.15372993,0.046771683,0.06138391,0.05461032,-0.17983428,0.17830026,3.668292e-05,0.09144474,-0.11341423,0.16489412,-0.038997952,0.09915646,-0.10130006,-0.13202561,0.13805754,0.018513717,-0.068751566,-0.037795834,0.120768085,-0.13356581,-0.22626336,0.14146324,0.04426741,0.08907849,-0.20057835,-0.32037187
79,0.17663224,0.015478082,0.24322417,0.04130169,0.02320665,0.29001522,0.1385866,-0.096845195,-0.006383199,-0.10362828,0.25705525,0.16318467,0.3467728,0.23434746,-0.16343126,-0.053408865,-0.2028371,0.00016628436,-0.054296333,-0.1585663,-0.028102463,-0.06257402,-0.21013628,-0.050929148,-0.11553235,-0.07071825,0.044268243,0.052304626,-0.06437057,0.035896238,0.014133783,-0.047594663,0.07647317,-0.13153598,-0.21808672,0.17331786,0.06136306,-0.12366789,0.099240445,-0.067267165,-0.015977014,0.030175954,-0.18596424,0.116455466,-0.034881823,0.010481624,-0.11324058,-0.090985544,0.1303189,0.10108692,0.018040884,0.058380373,-0.061681893,-0.032545824,0.033414412,0.0044389907,0.10431682,-0.13109088,-0.0376373,0.103013694,-0.05646358,0.06525665,-0.103415504,-0.18308534
762,-0.08291822,-0.025456557,0.28615215,0.14849025,-0.23035719,0.05505117,-0.17625229,0.2236411,0.005463978,0.19256188,0.00053736457,-0.08314679,0.1484029,0.11462683,-0.12354343,0.034936834,0.07843822,0.05600153,0.054772563,-0.21276115,0.054880332,-0.0063056424,-0.024270147,-0.18927498,-0.089671806,-0.26765674,0.0813311,0.046709277,-0.05289027,0.07698682,-0.024801923,0.1637635,-0.11618869,0.15936378,-0.18351713,0.06365702,-0.04337513,0.025214031,0.04622393,-0.11414622,-0.053952567,0.028500922,-0.06497027,0.09754719,0.15909284,0.033775125,0.071334034,0.106880054,-0.11295866,0.04274291,0.073611215,0.021431249,-0.053323593,0.039601464,-0.17941917,-0.13881658,0.14655702,-0.1438969,0.07988975,0.12461653,0.106267616,0.025959544,-0.14629248,-0.32481602
361,0.063187145,-0.23077248,0.30779323,0.25282645,-0.09026668,0.16849731,-0.10584502,0.06562173,0.023655616,-0.13362242,0.16554369,-0.010113422,0.18074553,0.09422573,-0.06887707,-0.0034244733,0.031757027,0.021901565,-0.043050952,-0.100878164,0.011880254,0.036737643,-0.061958876,-0.13817485,-0.0723794,-0.26823333,0.16930193,0.06886795,-0.07049483,0.19937423,0.121147834,0.0815721,0.039628375,-0.10313316,-0.12961423,0.08009026,0.0083610155,-0.07216973,0.248678,-0.0061832448,0.08518046,-0.066071555,-0.13586086,0.0751658,0.08976025,-0.1029073,0.003999083,0.053671274,-0.10373741,-0.10838311,-0.0076461653,-0.035499588,0.04119903,0.020560404,-0.074862905,0.09126662,0.19975466,-0.090635434,-0.16202128,0.017245684,0.22339001,0.079543754,-0.21115519,-0.22365527
521,0.048998307,0.05134613,0.17015395,0.017824776,-0.12740831,0.1177563,0.037234098,-0.028971609,0.06471927,-0.07746163,0.2064297,0.055200893,0.21619302,0.16022904,-0.097839415,0.005104575,-0.16445698,-0.07353433,-0.12881085,-0.16593961,0.023527782,-0.08931797,-0.36736417,-0.10591147,-0.06940215,-0.12324655,0.06937114,0.16463818,-0.13526975,0.22702944,-0.045327775,-0.014570001,0.08223566,-0.023911424,-0.008385174,0.10758936,0.019762136,-0.0741325,0.018314274,-0.01605286,0.057068415,-0.052434094,-0.08556566,0.04063172,0.049146123,-0.119566336,-0.061572846,0.1718302,-0.26471594,-0.116493225,-0.0722685,-0.06936183,0.037714604,0.03733819,-0.24010397,0.10402896,0.10703519,-0.039324444,-0.26064244,0.06257395,0.09694818,0.06286922,-0.22873653,-0.18501405
474,0.059464388,-0.046531945,0.21726207,0.17705204,-0.0067540146,-0.009331345,-0.008051563,-0.07273738,-0.11554227,-0.039213084,0.118465014,0.0832482,0.20578876,0.04366823,-0.16504322,-0.071282,-0.14175507,-0.012981228,-0.07026589,-0.10089475,-0.07055139,0.02445532,0.11042773,-0.034242246,-0.0243801,-0.10158727,0.03150106,0.11264935,-0.04120762,0.038828798,-0.164482,-0.036789153,0.00015514517,-0.014448283,-0.21387565,0.16159452,0.04263151,-0.05088387,0.19655,0.118521735,0.026784353,0.05546901,-0.07660924,0.21234092,0.10171868,0.08321229,-0.17080139,0.14719456,0.049244363,0.027478755,-0.018401358,-0.1271309,0.14697792,0.12484406,-0.14539383,0.24520586,0.24299257,-0.18274742,-0.16611421,0.12520505,0.1910526,0.26457402,-0.08703306,-0.2176345
635,0.03906079,0.053050987,0.26950762,0.16837181,0.10801302,0.3148207,-0.05440012,0.094362035,0.027923392,-0.11449192,0.04740176,0.05181681,0.118277736,0.24305788,-0.03240503,-0.046615947,0.09568163,0.10341888,-0.096895285,-0.27304417,0.06892626,-0.02172265,0.03253311,-0.032523252,-0.0691411,-0.12503795,0.023707677,-0.03332359,-0.006703862,0.20310183,0.02275689,0.117482156,0.07144881,0.17853124,-0.21504624,0.2649837,0.062271103,-0.08413745,0.07950653,-0.03825285,0.13575938,-0.045604665,-0.20737633,-0.041539352,0.13634045,0.12724194,0.025708983,0.02919703,-0.001446997,0.025549298,-0.055101316,-0.08620487,0.23932777,0.1064366,0.046540942,-0.025614928,0.13523877,0.031912327,-0.07226862,0.16144405,0.11028623,0.037529625,-0.17546126,-0.19202003
532,0.10913611,0.074485436,0.27140105,0.16706435,-0.14687021,0.030395774,-0.22068472,0.04844908,-0.19296174,0.055590484,0.061588734,-0.0066084587,0.15124592,0.10681194,-0.0554457,0.037600454,0.07431423,-0.08004304,-0.22410485,0.04846391,-0.008713656,-0.06766812,-0.15439047,-0.11990768,-0.14261577,-0.22978878,0.052030012,0.15645072,0.05238565,0.022448318,0.01256727,-0.009153528,0.115616135,-0.063982226,-0.014677549,0.30930912,0.09201209,0.008628326,0.005766356,0.07548573,-0.056338657,-0.12958428,-0.24029407,-0.03917484,-0.0012561671,0.16488127,0.004649981,0.07005044,-0.050855152,-0.007267391,0.12705974,-0.052578166,-0.014891284,0.08151116,0.015435711,-0.11212096,0.3006206,-0.13855293,-0.10681347,0.056136344,0.03419307,0.08735037,-0.23193721,-0.2153669
387,0.17301632,-0.12177738,0.24764934,-0.0073091276,0.044755284,0.308755,-0.001402183,-0.0075958916,-0.048565865,-0.1186992,0.14066087,0.15893286,0.14408457,0.31154,-0.011379718,-0.24480176,0.21820962,-0.01254243,0.013097611,-0.121229336,0.02796135,0.07761366,0.0022361937,-0.14878492,-0.19255541,-0.07968324,-0.1110008,0.07646159,-0.016448783,0.13783574,-0.005941664,0.17112064,-0.04286032,0.05670312,-0.2426133,0.15636382,0.01356327,-0.02098304,0.054477647,-0.050932486,0.20990746,-0.01899223,-0.10957034,0.0030585371,-0.07590868,0.035863,0.11249655,0.16703562,-0.06484453,-0.04129391,-0.08585327,-0.08540914,0.05161152,0.013927368,-0.120705284,-0.13296977,0.1265243,-0.01756218,-0.048303824,0.1918893,-0.021130953,0.019727467,-0.20061795,-0.067021854
506,0.19301075,-0.06586447,0.1692556,-0.013848577,-0.022941286,0.13293602,-0.15556763,0.10802612,-0.10901032,0.021026134,0.017635293,0.14275798,0.062465794,0.060449943,-0.095689066,-0.17265098,-0.006992487,-0.18389015,-0.12488748,-0.10896294,-0.08530225,-0.14857349,-0.050821383,-0.039778203,0.023949115,0.018397719,0.1805097,0.12261836,0.024289703,0.032169998,0.06327931,-0.0137113435,-0.20590705,0.12410246,0.121354915,0.33278918,0.20480405,-0.05628833,0.10960162,0.108126074,0.09109276,-0.008135848,-0.10093242,0.18383098,0.12287384,-0.042847775,0.035579182,0.18611403,-0.18792124,-0.03671703,0.016944189,-0.24874051,0.047064167,0.021952359,-0.18418916,-0.044962447,0.270946,-0.104428224,0.0009693521,0.13554122,0.1516483,0.07583118,-0.1411365,-0.02583891
192,0.19785056,0.041262515,0.2401412,0.059211433,0.03316464,0.21977995,0.0025368445,-0.018316347,-0.15313773,-0.024531502,0.17696257,0.077053756,0.22159095,0.2730097,0.08308486,-0.088429,-0.14166662,-0.06221336,-0.21217237,-0.26618823,-0.13016117,0.027473072,-0.01037127,0.060626417,-0.00023239225,-0.11396898,0.019723251,-0.13384669,0.06823204,0.15085703,0.10749341,0.16562036,-0.025053088,0.044120178,-0.06267931,0.22907615,0.0780168,-0.020514427,0.009490612,0.0007421859,0.07145662,-0.21339418,-0.12434964,0.04351218,-0.0996755,0.059565227,-0.084874295,0.06511823,-0.07775138,-0.041311055,-0.18571599,-0.02874522,-0.036369167,0.10712081,-0.08780977,0.028631052,0.074138135,-0.09268337,-0.20586501,0.038063154,0.21935122,0.083199516,-0.18951713,-0.13346912
645,0.22570954,0.1590243,0.14844002,0.07545991,-0.06767621,0.117911115,-0.082114376,0.010608932,-0.25910687,0.026894242,0.0053469646,0.05823692,0.24723063,0.22045937,-0.066944264,-0.207433,-0.031329043,-0.20167637,-0.0661827,-0.30531102,-0.1348353,0.012921547,-0.38188264,-0.057520885,0.0023555134,-0.0700176,-0.001229121,0.07811026,0.08920333,0.14361444,-0.0049841735,-0.060043782,-0.08544223,-0.04906354,-0.15366957,0.18952665,-0.06923768,-0.038892284,-0.07526342,-0.040158536,0.10583301,-0.14064062,-0.09119811,0.071987376,0.014780166,-0.045557108,-0.2000516,0.07539099,0.0058213887,-0.036623247,-0.11242023,-0.15354097,-0.08046039,0.038879868,0.034992114,0.057127375,0.101944596,-0.11953399,-0.12866458,-0.06487108,0.016659293,0.058922283,-0.13288903,0.0014515084
27,-0.06569175,0.06930602,0.22942567,0.08806174,0.13103151,0.07220589,-0.008182827,0.005384245,-0.12786385,-0.025946561,0.22253573,0.0546505,0.23739737,0.15081802,-0.089009605,-0.091999464,-0.14784296,0.017727733,-0.073076144,-0.20494685,-0.11984401,0.02285041,-0.19655041,-0.07576992,-0.023993466,-0.23234916,-0.011723771,0.17179477,-0.24264398,0.122875236,-0.10743739,0.12892249,0.19553871,-0.026937915,-0.19122626,0.035039805,0.16981155,-0.054390963,0.0014738233,0.07542395,0.017246667,-0.106569566,0.052295726,-0.0426669,0.14292294,0.10341734,0.012159563,0.10294479,-0.05370411,-0.0841141,-0.061293762,-0.14681861,-0.045458905,0.041810825,-0.17273295,-0.0667079,0.22051795,0.008675777,-0.17866476,0.1311453,0.15059534,0.10582737,-0.1311497,-0.18240453
338,0.09135541,0.13350014,0.1958242,0.14954075,-0.036967974,0.10716447,-0.092090935,0.011658459,-0.11232542,-0.0073768306,0.24899098,0.2216418,0.17869414,0.027301671,0.0097431475,-0.3155517,-0.029611329,0.09172962,-0.11719012,-0.2480673,-0.014341121,-0.1079379,0.1568698,-0.07227728,-0.04743659,-0.032826316,0.12968461,-0.12316757,0.1211055,0.085268386,0.03675624,0.15635765,0.034689326,-0.03948851,-0.18053429,0.14668238,0.04581242,-0.03517403,0.09778511,-0.010087747,0.12594399,0.004622602,-0.115758955,0.12643391,0.054847553,0.013789911,0.077734426,0.07862583,-0.14154963,0.040529832,-0.14094698,0.0839828,0.15761292,0.19464265,-0.10977536,0.01421193,0.24002546,-0.07748569,-0.11832057,0.048171062,0.10644001,0.025685994,-0.2311351,-0.16347544
270,0.085893065,-0.018294686,0.21879125,0.15033692,-0.20061281,-0.08688797,-0.089127235,-0.054241505,-0.0025356857,0.085692406,-0.04747358,-0.06755282,0.14885911,-0.09724114,-0.024970606,-0.01595653,-0.013496591,-0.19999284,-0.15231843,-0.1605096,-0.03764591,-0.10583036,0.0071769585,-0.10887034,-0.12303567,-0.16477312,-0.08130653,-0.025512988,0.11889115,-0.09569555,-0.0612063,0.09998045,-0.18604653,0.027277667,-0.11450817,0.20387717,-0.2443891,-0.0026274582,-0.092024,-0.09500975,0.14317559,-0.10324469,-0.08867196,0.13357934,-0.10936517,-0.091653794,-0.03549726,0.19306907,-0.12808312,0.041757457,-0.049537536,0.03562892,-0.049201235,0.2667021,-0.2291787,-0.038934536,0.12603243,-0.11938262,-0.20412731,0.11391055,0.13997982,0.03315325,-0.20550366,-0.18982644
49,-0.043074887,0.07291831,0.2710745,0.08728696,-0.19975622,0.086196825,-0.06326896,0.14484349,0.031477854,0.13109116,0.070061974,0.066332474,0.184413,-0.044026557,-0.15201358,0.21663934,0.094824545,-0.0704077,-0.11682276,-0.18362145,0.049911067,-0.0107889995,-0.026043288,-0.06425912,-0.16874443,-0.24286759,0.07547715,0.048568796,-0.09466444,-0.053491715,0.21862856,-0.008472937,0.12103672,0.13111106,-0.25799394,0.13257246,0.17833154,-0.056648597,0.035739474,0.06848284,0.10724966,-0.12451453,-0.013817804,0.18935701,0.037655074,0.09607084,0.039113466,0.08757484,-0.11215576,-0.089068666,0.03656198,-0.06143776,-0.08713958,0.1598554,-0.1668069,-0.14761353,0.08330235,-0.050409842,0.05583785,0.11567024,0.067287244,0.093104206,-0.19802299,-0.23532371
644,0.18961221,-0.17582709,0.35658342,0.08597322,0.030578507,0.14171451,-0.19061564,-0.04169296,-0.027560297,0.06368097,0.015390843,0.09794291,0.081631556,0.08451932,0.04364271,-0.12310479,0.037609614,-0.13843513,-0.016867649,-0.23183873,-0.10825467,-0.15569,-0.05592145,-0.17966071,0.11433503,-0.16333178,0.0155992685,0.20764269,-0.014214666,0.16988823,-0.06553751,-0.049424347,-0.19813737,-0.05113029,0.08518902,0.116815396,-0.023355326,0.011052112,0.11038584,-0.0034135957,0.054788884,-0.10987503,-0.15291935,0.08153582,0.12509543,-0.07802339,0.045248203,0.16151693,-0.22272763,0.0038760577,-0.06670087,-0.05651613,-0.19551912,0.00027920544,-0.19524466,0.0773197,0.07481712,-0.059266258,-0.009784506,-0.030513102,0.2400755,0.09120719,-0.20652501,-0.012043231
241,0.0025869352,-0.05773699,0.26763788,0.17294492,0.04191404,0.016877295,-0.24998923,-0.01566127,-0.15605521,0.039297894,0.007154421,0.26489806,0.13864249,-0.038967587,-0.028722728,-0.007562975,0.04522448,0.08662257,-0.09268648,-0.10814477,0.041308966,-0.08682767,0.035245042,-0.0035719424,-0.09450521,-0.13936087,0.06347293,0.1376341,0.058312606,0.10801746,-0.08074261,0.14440806,-0.02848052,0.21173184,-0.23691145,0.059833888,-0.11459149,-0.11687477,0.053324066,0.09320306,0.13463996,-0.08714899,-0.23051831,0.14418435,0.06631506,0.13807881,-0.15941074,0.10920985,-0.112781405,-0.040762067,-0.10327463,0.01269261,0.08806087,0.040258355,-0.16850367,0.11747251,0.2070659,-0.081737414,-0.060386654,0.14923961,0.19377364,0.10550945,-0.1977873,-0.18525471
710,0.1401348,0.085134596,0.19993578,0.08150437,-0.060787283,0.23678699,0.18457979,-0.015680632,0.104107745,0.12389015,0.13408077,0.17841808,0.27494553,0.15592994,-0.12951541,-0.13470405,-0.029924272,-0.02067408,-0.03167142,-0.33061656,-0.048747934,-0.17012955,-0.15165268,-0.081342205,-0.07549983,-0.13374797,0.06791203,0.10317567,-0.17971587,0.1174361,-0.14193186,0.01888035,0.17101234,-0.014423616,-0.16861576,-0.06057246,0.0010849487,-0.12159882,-0.050995335,0.028250344,0.025521612,-0.068825305,-0.22304538,0.15174766,-0.11629222,0.11426614,0.12026229,0.14835091,-0.0583851,0.01402645,-0.13732864,0.07983589,0.021712061,0.0390985,-0.08616224,0.08400383,0.08458293,-0.1262835,-0.0995091,-0.012003201,0.004156998,0.05136482,-0.14751919,-0.14052081
674,0.025219688,0.18357679,0.13128924,0.01905412,-0.07442541,0.15010388,0.005822515,-0.06358916,-0.018920172,0.05712853,0.13411248,0.044240605,0.25592458,0.11915276,-0.20462963,-0.04886852,0.004221853,-0.030767944,-0.10489252,-0.0644766,-0.102148555,-0.1681824,0.083604604,-0.101122916,-0.045305923,-0.061784964,0.12915,0.016101383,-0.08342394,0.07484424,0.017676314,-0.018245019,0.2020232,-0.029778877,0.013607345,-0.04459387,0.2561124,-0.10116952,0.0108431,0.09973867,-0.002977405,0.007523743,-0.10404139,0.17442392,-0.051009472,0.0711315,0.11947245,0.07593366,-0.12974505,0.17631364,0.064287215,-0.02311905,-0.062055703,0.16748184,-0.1526487,0.22255164,0.31970635,-0.15094404,-0.18420666,0.08865247,0.054442674,0.114842854,-0.19984421,-0.28519937
424,0.18492424,-0.124987006,0.19473441,0.18782058,-0.15767327,0.0707924,0.0019219649,-0.0485005,-0.10290769,-0.21998303,0.1824603,0.17731965,0.20604774,0.09717194,-0.047807053,0.11084957,0.12199692,-0.05007166,-0.04472989,-0.0355877,0.077692434,0.1941346,-0.20951006,-0.09263429,-0.23965846,-0.14200647,-0.017702997,0.10561589,0.04364502,0.062059004,0.08926794,0.12937653,0.13437009,0.05876034,-0.15675624,0.111903474,-0.024237651,-0.014609433,0.0956819,0.1305926,0.1013659,-0.014028783,-0.085169606,0.050097894,0.017420102,0.0059057167,-0.21911913,0.07201907,-0.029440189,-0.23334338,0.051032014,-0.025886413,0.058974683,0.10663379,-0.103679046,-0.038190328,0.29257402,-0.08091686,-0.11457459,0.044068206,0.047991086,0.06838942,-0.19300115,-0.147295
686,-0.106601425,-0.07064777,0.21980625,0.10086827,-0.09113981,0.053078633,0.026415445,0.058641296,-0.00067762256,0.24503541,-0.048679274,0.07420765,0.18859394,0.10773528,-0.09806416,0.21476853,0.11662726,-0.08156939,-0.15225077,-0.17356613,0.06383497,-0.15442671,-0.16745473,-0.004410623,-0.19288637,-0.34593597,0.016329415,-0.009791052,-0.06569139,0.10558505,-0.09026375,0.05267616,0.09256598,0.09957044,-0.13905582,-0.020343883,0.057595097,-0.1366848,0.030194482,-0.10538654,0.12073537,-0.097958535,-0.04287638,0.10958177,0.080151305,0.07126686,0.05157049,0.1851034,-0.07227975,0.09965271,-0.13090315,-0.15030296,0.092025526,0.087148435,-0.21767059,-0.18605223,-0.061305102,-0.12586285,-0.08810482,0.10766426,0.027143035,0.06623197,-0.1657563,-0.20664056
552,-0.09146794,0.12698789,0.21205688,0.14957511,0.00012869971,0.15137613,0.00747809,-0.0042571137,0.068698294,0.024181662,0.2001677,0.18922326,0.2202217,0.050013732,-0.08001459,0.049163386,-0.23867865,0.056639902,-0.21299188,-0.26176536,0.026496477,-0.041347895,-0.06517931,-0.060734775,-0.096222684,-0.06533485,0.08446799,-0.119571924,-0.0509231,0.14339107,0.16722596,0.08386256,0.1627185,0.013190711,-0.1496096,0.20431519,0.19974405,-0.045980506,0.033342708,0.08278889,0.042367037,-0.05422131,-0.044517357,-0.0153272515,0.2033214,0.12564301,-0.08542991,-0.0450734,-0.00038387236,0.07773942,0.023585549,0.16438398,-0.0040835273,0.24859422,-0.1354367,-0.06002908,0.20323423,0.0020347482,-0.10111083,0.073132485,0.13142478,0.08056099,-0.16337648,-0.1666671
485,0.04888503,0.06503107,0.31423432,0.1624232,0.16638395,0.30913687,-0.028250836,0.08546316,0.06738228,-0.11626535,0.025856031,0.14935602,0.1748856,0.28416735,-0.022665327,-0.05249926,-0.0047011715,-0.023846826,-0.21163814,-0.2853075,0.036175184,-0.053370096,0.09268509,-0.12177523,-0.11190143,-0.050829127,0.092970595,-0.012025556,-0.07461762,0.23607212,0.058048643,0.101873204,0.026615512,0.100197375,-0.160605,0.14867528,0.02270957,-0.05153842,0.08317508,-0.029377043,0.0803267,-0.037571464,-0.07157958,-0.063120395,0.15523626,0.018519664,0.24300817,0.10839243,-0.13336572,-0.04388569,-0.099680245,-0.008816255,0.056833483,0.1211864,0.07316161,-0.056277506,0.069971144,-0.0047739004,-0.08570661,0.056935243,0.044059988,0.053225864,-0.22965635,-0.13026586
464,-0.14257757,0.045578115,0.15707073,0.10393105,0.00632374,0.16149728,-0.081587896,-0.049549963,-0.22805943,0.06968563,0.2453281,0.067343004,0.20562458,0.12015272,-0.0024174955,-0.10340548,-0.13659266,-0.075570524,-0.037059527,-0.15089506,-0.15003213,-0.13317835,0.045818735,-0.017137226,-0.031239275,-0.22837299,0.13729237,0.15539977,-0.20239194,0.15863152,-0.0772356,0.070225865,-0.003122994,0.028875055,-0.12998621,0.066235736,0.25452822,0.058270495,0.17425013,0.11564105,-0.044187576,0.00022091418,-0.102312386,0.028787734,0.03867883,0.0866443,0.12951379,0.24925368,-0.19333923,0.019618109,0.017583465,0.009206558,0.1772054,0.016242776,-0.20212883,-0.014993131,0.16943595,-0.029031126,-0.07781839,0.041603502,0.09236842,0.09422558,-0.16606313,-0.15859996
166,-0.122107126,0.03475065,0.20827726,0.17206733,-0.1945671,0.033275876,-0.124995,0.121315055,0.03394358,0.19811958,0.044557873,0.020896886,0.18303627,0.057133146,-0.1412994,0.0939714,0.02654338,0.020759279,-0.08646835,-0.21587248,0.08098295,-0.059064962,-0.100062154,-0.1445234,-0.15670067,-0.24601063,0.12568793,-0.07622924,0.033538464,0.099101976,0.003158115,0.14281498,-0.04652989,0.15790805,-0.10152824,0.051350612,0.102788806,-0.03896052,0.022198727,-0.040428344,0.082648225,-0.005837998,0.04792264,0.18053412,0.15502678,-0.0039051014,-0.053751193,0.17314601,-0.11046672,0.06444252,-0.07099855,0.016380468,0.023544785,0.21448594,-0.25806898,-0.22481677,0.09020382,-0.1447555,0.0057110935,0.11659625,0.07854631,0.04315804,-0.20790777,-0.25833684
297,-0.014190275,-0.09227583,0.29617247,0.22242567,0.022218002,0.06906501,-0.14792122,0.03759358,-0.09769409,0.071200654,-0.07474404,0.0711251,0.12356792,0.0708117,-0.085217305,-0.06707522,0.08697911,0.04553988,-0.09461414,-0.24361464,0.14489454,-0.080297336,-0.015820824,-0.107808165,-0.1844317,-0.24608144,-0.064351045,0.014154093,-0.07401707,0.08126878,-0.062413614,0.1659541,-0.013169997,-0.052516732,-0.28074434,0.067446984,0.0021298355,-0.16923308,0.021093847,-0.024873614,0.15545736,-0.1324326,-0.11971867,-0.05244143,-0.021381004,0.09582979,-0.10502538,0.10951105,-0.1251121,-0.06908862,0.009783665,-0.03526048,0.063468374,0.19411094,-0.13271923,0.05234756,0.1605362,-0.18612932,0.025761781,0.1457736,0.20784685,0.1277265,-0.2149424,-0.17092814
494,0.066305526,0.0017106881,0.15051503,0.000714525,-0.081735246,0.09199601,-0.23414853,0.04107192,-0.15346462,-0.0005158732,0.05305339,0.015138192,0.19177286,0.22831613,-0.10219524,-0.1865257,0.11591988,-0.007070439,0.04322173,0.028772743,-0.1489703,0.058476288,-0.13498329,-0.00036769285,-0.050605357,-0.044966232,0.07197148,0.021793399,-0.05756097,0.1886333,0.06322424,0.051684473,0.024369314,0.21078424,-0.21136981,0.12179808,0.33492395,0.02549829,0.034951985,-0.09093442,-0.0215767,-0.30458087,-0.09375933,0.011622704,-0.05983095,0.0747509,-0.041046724,-0.011387811,0.017147997,0.08411199,-0.2133399,-0.07102208,-0.014013247,0.06087325,0.019866366,0.04446505,0.051201995,-0.06826307,-0.32020193,0.08667763,0.086166985,0.11761446,-0.22927895,-0.17143524
555,0.18784346,-0.074041754,0.26204395,0.15043625,-0.0691451,0.1687801,0.051512256,0.0365706,0.034306806,-0.15598804,0.26817542,0.072577916,0.32383737,0.11089277,-0.09003323,-0.097641066,-0.18134157,0.026725993,0.024956271,-0.014697267,-0.017345322,0.0009320375,0.02816689,-0.09851945,-0.002161155,-0.16025604,0.16441834,0.13086635,-0.045189623,0.05768842,-0.07771399,-0.14730014,0.051475007,-0.14646064,-0.10102168,0.27453884,-0.054054596,-0.07329756,0.10829894,-0.0724047,0.0057208193,-0.05881032,-0.2372175,0.08027194,-0.093659855,-0.1228747,0.0268049,-0.032334432,-0.019318167,-0.022465654,-0.024677938,-0.06323907,0.10966546,0.03139679,0.062337063,0.25339282,0.08923394,-0.066519864,-0.12405337,-0.014977361,0.10556988,0.016694032,-0.16212603,-0.25670037
537,-0.18624143,-0.020674594,0.21710284,0.034802653,-0.09553487,-0.018015899,-0.19655111,-0.05453562,-0.002764029,-0.016326638,0.07906872,0.18940267,0.19706477,0.0045626108,-0.11765838,0.08625083,0.09065047,0.15919581,0.029037736,-0.117100134,0.08588814,-0.05678229,-0.17615204,-0.057744008,-0.12864617,-0.24297015,0.03965275,0.05551283,0.044544335,0.027978351,0.06629225,0.026358152,-0.0007581233,0.2099327,-0.20259564,-0.11475566,-0.092382975,-0.13536027,0.10225292,-0.01228492,0.04401376,0.00063463935,-0.15136509,0.13921328,0.023516608,-0.0021084526,-0.0036935818,0.12966774,-0.19948468,0.07110653,-0.065289125,0.14169733,0.03174146,0.06465379,-0.13065603,0.01994282,0.13023764,-0.14310522,-0.18309899,0.28137052,0.028961994,0.07642876,-0.17212442,-0.325755
24,0.06845953,-0.032483194,0.29214352,0.16873702,0.0770497,0.13340682,-0.16265664,-0.0059764124,0.040575586,0.011332915,0.087154694,0.13901351,0.09394654,0.06291256,-0.12305708,-0.024916975,-0.004597892,-0.017035436,-0.1401219,0.03833452,-0.013421099,-0.11378201,-0.06793205,-0.15990274,-0.054601356,-0.14685296,0.12190647,0.12458103,0.036576502,0.10952078,-0.09111819,0.079068445,-0.008348096,-0.06679962,0.07461069,0.2533106,0.10833523,-0.07830611,0.00091552414,0.016817153,0.22173372,-0.09189106,-0.11714001,0.16581343,0.050643034,-0.05536713,-0.14220901,0.11881503,-0.1944513,-0.0995729,-0.13415085,-0.09090175,-0.06116361,0.089439064,-0.30492073,0.0056269937,0.22992955,-0.007257177,-0.08061931,0.16044249,0.18895935,0.042924248,-0.26077828,-0.15736715
676,0.0787959,0.082367234,0.26337895,0.116042756,0.08711516,0.3067059,0.014166785,-7.570191e-05,-0.13441046,0.033143573,0.08436483,0.19454065,0.21456414,0.269756,0.073577054,-0.04169276,0.03237081,0.058696833,-0.19079714,-0.29123044,-0.060862597,0.11095654,0.045994364,-0.0018488094,-0.06970908,-0.15258132,0.08007736,-0.122711726,-0.014547136,0.08460086,0.09844956,0.17322332,0.024908602,0.12394846,-0.16284083,0.107198976,-0.0071430844,-0.057753686,0.08661639,0.07132993,0.08191533,-0.07150303,-0.04881115,0.007181774,0.013965212,0.07672863,0.22100183,0.12724243,-0.04220907,-0.02780165,-0.102202475,-0.08147583,0.0118834935,0.22333972,-0.0701949,-0.055285376,0.12660982,-0.10444045,-0.12178112,0.08888216,0.11954162,0.12545352,-0.17217258,-0.17139913
612,0.31996465,0.039476473,0.25122342,0.0006715203,-0.18092968,0.172809,0.14659078,-0.02572297,-0.1339064,0.0322749,0.20267557,0.20538388,0.23403078,0.088037565,-0.05616592,-0.022990555,-0.038866714,-0.08910698,-0.10366966,-0.29913497,-0.0055136112,-0.0023954785,-0.11815333,-0.100939184,-0.10568525,-0.10606507,-0.031851456,-0.024903104,0.00084991526,-0.0524248,-0.0586199,0.07796559,0.04207246,0.09065038,-0.17377657,0.03662713,-0.027169237,-0.09505041,-0.022260297,-0.20116259,0.04076113,-0.10151215,-0.27848843,0.16696459,-0.030765077,-8.523628e-06,-0.11500677,-0.0028504352,-0.09320215,-0.15989405,-0.16894767,0.059704438,-0.1826988,-0.009712331,-0.082217515,-0.0021176399,-0.0076470505,-0.12542589,0.03348215,0.006534909,0.10868251,0.10912917,-0.17369063,-0.09109493
729,-0.20037697,-0.02849117,0.25051913,0.05540481,-0.05578801,0.031121325,-0.09402609,-0.087936625,-0.050099116,0.20021224,0.08410535,0.16002093,0.18669558,0.030053988,-0.09602155,0.093575224,-0.025223032,-0.058016546,-0.06833229,-0.1788726,0.04853597,-0.09070635,-0.05674044,0.002255942,-0.09437353,-0.24136314,0.026293026,0.1298521,-0.09895377,0.08206473,-0.07050689,0.06420162,-0.0482,0.11648744,-0.34433913,-0.06859475,0.0065606833,-0.14010896,0.06789673,-0.0026711419,0.115078285,-0.08519638,-0.14874919,0.15747866,-0.046325557,0.118224025,-0.12567973,0.20618932,-0.10247764,0.028774457,-0.08110156,0.018735742,0.068639964,0.16014454,-0.24893491,0.015102127,-0.051214676,-0.14816305,0.02706128,0.18785349,0.08607384,0.20509204,-0.15465063,-0.16916986
110,0.35067645,-0.098393805,0.32637802,0.098700136,-0.029203838,0.059150584,-0.038505502,-0.00014992165,0.04646532,-0.14198022,0.2557534,0.2050324,0.29491916,0.10164382,-0.10685736,-0.15135723,-0.06886969,0.013659077,-0.06866827,-0.062415957,0.034135394,-0.02412786,0.09109541,-0.03444628,-0.083495475,-2.1607728e-05,-0.00439695,0.074365914,-0.017622864,0.11555963,-0.10012456,0.06469114,0.24768576,-0.059839845,-0.2120053,0.0977156,0.040169787,-0.097888894,0.112799786,-0.042793732,0.06530455,0.03151196,-0.12995441,0.0478054,-0.12543495,0.103188746,-0.0002821921,-0.011001607,0.046586234,0.15392052,-0.024570867,-0.1021324,0.07930818,0.10160458,-3.118068e-05,0.11148635,0.16737217,-0.105955005,-0.07869566,0.112585805,0.090586774,-0.0025442431,-0.1807704,-0.2400604
743,-0.1118689,0.034065053,0.24704841,0.09993586,-0.009657168,0.03684288,-0.1901553,-0.18028405,-0.07971641,0.071752995,0.27588776,0.056474667,0.106600784,0.047264174,0.06647791,-0.19158068,-0.035137028,-0.078015715,-0.09199367,-0.20335475,-0.12578714,-0.08161301,0.012080089,-0.000535974,0.14074348,-0.23984356,0.027031256,0.07358588,-0.015901325,0.23023716,-0.024734184,0.0136390785,-0.00014623282,0.12019471,-0.09900985,-0.16982272,0.024908526,0.052022114,0.14257105,-0.04853228,-0.07753217,-0.073339075,-0.30007923,0.1827588,-0.023908498,0.026740465,0.00019719111,0.20344563,-0.21917042,0.14301032,-0.16688594,0.11443462,0.051482383,-0.04707828,-0.08439787,-0.06178271,0.035826147,-0.06931348,-0.07535411,-0.029429793,0.19321473,0.12666307,-0.1736326,-0.06596023
279,0.14623642,-0.06751493,0.24528193,0.0872184,0.04159752,0.10692118,-0.16335107,-0.046121832,-0.16963874,-0.050088,0.12399076,0.12367966,0.21883814,0.1579539,-0.11084461,0.009874848,-0.008484164,0.013389579,-0.04917968,0.09588175,-0.00791914,-0.09781665,-0.114054255,-0.035178147,-0.09209521,-0.11566035,0.12709863,0.25478503,0.018818054,0.1843679,-0.0926941,-0.025836356,0.039704725,0.051707648,-0.16977963,0.18120085,0.062765814,-0.08630956,0.10994539,0.07165668,0.10055303,-0.06553527,-0.1363902,0.14170393,0.056930143,0.116187856,-0.26349148,0.119576156,0.049758803,0.10404173,-0.14212994,-0.14750971,0.10236973,-0.027912127,-0.1554642,0.04879586,0.1917895,-0.073558174,-0.12918536,0.17132035,-0.023477143,0.13871469,-0.21177053,-0.20209238
585,-0.014038107,0.03788228,0.29332706,0.25664604,-0.07468933,0.14629239,-0.13872607,0.05382831,-0.011855195,0.048609953,0.11802177,-0.0610494,0.19649698,0.08311331,-0.11188179,0.024383979,-0.12276223,0.09124847,-0.10552218,-0.15926106,0.019385178,-0.026018264,-0.019103447,-0.21748413,-0.12291859,-0.21782269,0.15714599,-0.0887998,0.011551416,0.05796516,0.085874945,0.10675736,0.09119582,-0.089268126,-0.06880441,0.10393391,0.10666781,-0.026977941,0.1550021,0.0043606735,0.0038563113,0.032307073,-0.0314891,0.08100189,0.13467295,0.05533554,0.034345638,-0.005669735,-0.08355556,-0.035280827,0.05667803,0.17175451,-0.15708707,0.12444456,-0.22681923,-0.020269396,0.22487736,-0.12965675,-0.0619054,0.13377415,0.12023372,0.06665546,-0.17625825,-0.34857592
620,-0.03537064,0.089675836,0.23613852,0.119739786,-0.17255281,-0.006023502,-0.024267202,0.03359177,0.17153609,0.09307849,0.22573538,-0.014549664,0.18291767,-0.02456629,-0.13119052,-0.019629242,-0.0067558815,-0.014093629,-0.101593725,-0.32614386,-0.040271327,-0.12446624,-0.018366667,-0.14196067,0.0045339647,-0.18217088,0.0177167,-0.04239109,-0.059017632,0.11219735,0.05728613,0.083637595,0.24407935,-0.02091565,-0.0673876,-0.015802493,0.10855463,-0.07063365,-0.081907995,0.10228144,0.014645222,-0.06748399,-0.09113482,0.034345135,0.06980701,0.1411584,0.07992371,0.04973963,-0.12001858,0.12338877,0.08151645,0.11225891,-0.0321988,0.23758037,-0.17586386,0.0313053,0.326084,-0.07254613,-0.07879076,0.041050196,0.21003342,0.020476224,-0.17513518,-0.22878191
489,0.14119622,-0.07681382,0.20661552,0.19444399,-0.16949476,0.048877258,0.12023073,-0.04761752,-0.038597267,-0.076282814,0.07801269,0.12599552,0.3252963,0.08720811,-0.16603526,-0.11016788,-0.23792638,-0.07573453,-0.092146575,-0.15456964,0.049901158,-0.028202752,-0.17628323,-0.060904298,-0.18330751,-0.121939,-0.040595535,0.16361181,0.013169169,0.038275123,-0.049337547,0.009973642,-0.07361496,-0.09709604,-0.19697644,0.23096855,0.015076349,-0.037604194,0.047185645,0.04473401,0.0053205397,-0.048409488,-0.18534878,0.1854754,-0.01257821,-0.07266173,-0.29119548,0.04828621,-0.058080446,-0.13702492,-0.061549503,0.06975119,-0.031857867,-0.021603303,-0.04287401,0.03268041,0.06972225,-0.2042051,-0.16929072,-0.01079977,0.032503054,0.1224413,-0.15915222,-0.14529642
654,0.2264834,0.06192944,0.17819071,0.055780146,-0.06660868,-0.005655076,-0.25263035,-0.08636619,-0.16904254,0.14572434,0.16383195,0.24994174,0.26197013,0.064079784,-0.07496231,-0.025248716,-0.034383595,0.015500287,-0.057382535,0.122112565,0.05329889,-0.06375555,-0.23159078,-0.03479223,-0.15142083,-0.031928428,0.08254627,0.20632322,0.094529025,0.022985255,-0.24663825,-0.06947733,0.069151945,0.100289024,-0.21526065,0.019249272,0.041247696,-0.09920091,-0.036561657,0.06572013,0.073291175,-0.17924935,-0.17932433,0.106493734,-0.012161063,0.097578995,-0.15762872,0.028779604,-0.007499123,0.046144165,-0.21349823,0.09245924,0.05276074,-0.021407176,-0.062053557,-0.03178992,0.07149214,-0.11385687,-0.10382941,0.09766938,-0.12798487,0.073487535,-0.20380972,-0.1584001
527,0.044264104,0.17399229,0.14925429,0.07621696,0.037523583,0.18466899,-0.05940965,-0.0072684707,-0.16060148,0.00068179844,0.19056779,0.17366636,0.21965365,0.14260285,-0.02973867,-0.10195177,-0.26772255,0.020223422,-0.23433666,-0.14119826,-0.0137951765,-0.07446337,0.063296914,0.021780161,-0.071298085,0.08537938,0.1627611,-0.059376653,-0.038227845,0.15396713,0.066344395,0.112047926,0.09650398,0.026135657,-0.17599091,0.24543376,0.1997941,-0.041561,0.11588998,0.05593555,0.054129247,0.02603972,-0.07433728,-0.0056909476,0.11303986,0.14383256,-0.018862905,0.010636006,-0.0007104967,0.069563344,0.0030846475,-0.014122229,0.15236022,0.19658913,-0.1615916,0.09717368,0.22429657,-0.028758958,-0.16763239,0.1400096,0.036853813,0.088327534,-0.16773751,-0.21373275
345,0.095012315,-0.015057294,0.27622378,0.115247235,-0.20451985,-0.032591194,-0.24989402,0.047418676,0.10214373,0.14811839,0.05484661,0.06421925,0.12170944,-0.029712213,-0.0973842,-0.09260047,-0.035773512,-0.12991308,-0.1656865,-0.11469291,0.021299766,-0.074825674,0.06542172,-0.054121602,0.0055304114,-0.20654194,0.012293934,-0.010710806,0.055650853,0.022543762,0.10443414,-0.016162712,-0.14555138,0.067280516,-0.18038309,0.21017726,-0.03464274,-0.02372833,0.03994609,-0.1252539,0.1018451,-0.07121571,-0.27608773,0.29535225,0.032744043,-0.06759127,-0.11105905,0.15931518,-0.21626198,0.008028228,-0.08011934,-0.051158722,-0.035629146,0.0809061,-0.22009061,-0.02642091,0.10962958,-0.13766265,-0.03230142,0.14041619,0.12179757,0.030771442,-0.17100517,-0.19302326
648,0.22116022,-0.03929825,0.29728594,0.14723217,-0.11286495,0.10683129,-0.16225374,-0.03338737,0.054004405,-0.05943123,0.13969435,0.046004113,0.17607272,0.1169563,-0.060603425,-0.13578424,0.038491126,-0.24854746,-0.11616666,-0.19762397,-0.07757725,0.006304498,-0.19620712,-0.09493419,0.0021296802,-0.1216243,-0.07315128,0.1722123,0.030837322,0.17718755,0.11761284,0.059841506,-0.044422824,-0.015872471,-0.17830695,0.19206706,-0.04597573,0.019080918,0.031494856,-0.05902311,0.14541948,-0.18445088,-0.17498684,0.18875721,0.039193075,-0.07722362,-0.20939495,0.08368831,-0.091096155,0.03713346,-0.090025835,-0.0897312,-0.1456302,0.09473005,-0.04730773,-0.12060617,0.09648665,-0.061561204,-0.0869296,-0.019083275,0.13807105,0.068513006,-0.21979246,0.023839964
462,0.031564787,0.08400135,0.21325597,0.101559214,-0.053389665,0.15506706,-0.09451629,0.07969034,0.008216753,-0.015002317,0.13220453,0.32630056,0.15181749,0.08111519,-0.017031355,0.09888322,-0.012257201,0.08628543,-0.21897162,-0.20392777,0.10651794,-0.07876644,-0.19038172,0.050556075,-0.12443356,-0.12463915,0.16989139,-0.09498908,0.029436102,0.112450235,0.016762555,0.14409877,0.023480859,0.22448103,-0.16502592,0.25774023,0.06455702,-0.100697234,0.0804176,-0.0025897645,0.0789857,-0.04187582,-0.18460178,-0.017315187,0.1717785,0.00825386,-0.037436377,-0.007991874,-0.089425564,-0.1489343,-0.06867521,0.03552275,0.21126182,0.14406258,0.050759938,-0.110164136,0.10176565,-0.025075436,-0.123605944,0.1065261,0.108804345,0.022200605,-0.19480348,-0.17363079
403,0.04731523,-0.03540069,0.20800126,0.3107443,-0.08432335,0.07871881,-0.01349374,-0.025480576,-0.008992631,0.023935394,0.06289131,0.10279749,0.36886722,0.097512014,-0.109110765,-0.039897706,-0.08833125,-0.08292771,-0.0925363,-0.02848521,0.038198724,-0.0747709,0.015301821,-0.14394638,-0.2010182,-0.18468724,0.07220527,0.19115679,-0.02966354,0.15772964,-0.04715872,0.08062915,0.15313774,0.040947117,-0.09725276,0.034621652,0.06533725,0.049542427,0.05720218,0.15914062,0.080948904,0.03548693,0.012982761,0.15181315,0.06868748,-0.03143871,-0.029260742,0.16948652,-0.0521997,0.14468893,-0.034048665,-0.0060327,0.028494926,0.10941916,-0.194205,-0.1027964,0.21173148,-0.0698629,-0.20026267,-0.09249044,-0.08587578,-0.03286025,-0.28102058,-0.23736449
650,0.002111672,-0.13615778,0.27591482,0.10880261,-0.012149376,0.027082473,-0.02473968,0.015657892,-0.06405567,-0.0069598113,-0.01206645,0.26092017,0.16979894,0.14263733,-0.08277093,0.034032322,0.05270664,-0.24781413,-0.100299835,-0.027128156,0.053276725,-0.18298365,-0.10689291,-0.09387001,-0.18699817,-0.0421387,-0.0047475914,0.27485248,-0.117766,0.14959921,-0.1710772,0.0010677183,0.035674267,0.0068254713,0.021600809,0.15912439,0.21462916,-0.030017558,0.04441667,-0.020642133,0.04611162,-0.024980895,-0.0819771,-0.045711692,0.009783774,0.049686193,0.1205423,0.23773243,-0.22740817,-0.069703504,0.0683104,-0.13931528,0.08888315,0.065536134,-0.084503114,-0.15617436,0.2613849,-0.16293278,-0.13690865,0.09739472,0.017746797,0.051900692,-0.17701505,-0.09672481
428,0.029608484,-0.06138625,0.18755877,0.14677066,-0.16355811,0.17824098,-0.08210601,0.15532477,0.080313295,-0.044043243,0.11304371,0.06314921,0.13468465,0.06508678,-0.17555402,0.09965062,0.14761147,0.13222407,0.031156555,-0.0787442,0.06224135,-0.06023895,-0.19229995,-0.019057507,-0.06484654,-0.18149522,0.116218604,0.18276048,-0.066711485,0.10696994,-0.028099831,0.18524344,0.055602625,0.0729394,0.039655637,0.07289066,0.3128412,-0.07577529,0.20732005,0.07046649,0.13417435,0.05653877,-0.076093525,0.13044308,-0.05350846,-0.02074409,-0.04985125,0.123119615,-0.16576101,-0.03695947,-0.02133454,-0.14434335,0.13295083,0.08414951,-0.043912556,-0.043366615,0.14186516,-0.10457429,-0.20183317,0.16635151,0.14586467,0.032305595,-0.18107972,-0.26371592
514,0.0030619816,0.061531894,0.23982494,0.10340851,0.07331686,0.26786837,-0.043233577,-0.015807543,0.048803963,-0.06557542,-0.016972383,0.09396252,0.19191642,0.33515686,-0.081273764,0.01168262,0.022643177,-0.12436306,-0.21247222,-0.11814761,0.04777939,0.05773439,-0.05676312,-0.097389445,-0.15460013,-0.08182409,0.084083,0.06279405,-0.056526028,0.22345005,0.023978686,0.10733046,0.013810691,0.11079746,-0.12429438,0.16473608,0.061559103,-0.0740585,0.06915227,0.029377442,0.09825852,0.04633065,-0.07226101,0.05899525,0.0946565,0.06005901,0.061383106,0.25420994,-0.10626501,-0.07475448,0.022132453,-0.15696158,0.11242473,0.15457693,-0.13256463,-0.12999178,0.21275075,-0.113119215,-0.12221611,0.20681734,-0.028054709,0.1184106,-0.16650969,-0.18455774
339,0.07405867,-0.021350738,0.28146443,0.14499395,0.06918605,0.26992744,-0.02236961,0.0020052972,-0.15202908,-0.047777254,0.16813812,0.240631,0.13934399,0.16725332,0.08654651,-0.14240548,0.06794602,0.037550144,-0.11972842,-0.31268546,0.04665956,0.077834934,-0.036780596,-0.13921295,-0.13108627,-0.06001941,0.017694084,-0.07183418,-0.001880527,0.15324812,0.12735477,0.21816292,0.025545955,0.036034774,-0.31157258,0.046378702,-0.051620174,-0.049676158,0.07735736,-0.06293619,0.17934397,-0.08882032,-0.13679339,-0.07150668,0.0034608117,0.064944156,0.090911575,0.019966066,-0.06506302,-0.18914865,-0.046361625,0.078723304,0.018784344,0.17435272,-0.055097796,-0.097224936,0.15972577,-0.01895433,0.025225393,0.08400637,0.070204265,0.015011486,-0.20700319,-0.0455272
414,0.005847846,0.13038184,0.03603538,0.113913335,0.06783809,-0.035220735,-0.066025324,0.032510802,-0.30232644,0.12535316,-0.057619102,0.16590276,0.116249934,0.056593113,-0.018041266,-0.17990515,0.057446267,-0.19161204,-0.12208952,-0.13187923,-0.11790878,-0.1185738,0.033016797,0.016170701,0.024379987,-0.07200621,0.18946572,-0.09360032,0.039917458,0.1144035,-0.029400984,-0.06243401,0.04090393,0.17280433,0.025820056,0.012948995,0.19252178,-0.042358518,0.039322563,0.07826513,0.023301978,-0.019642618,-0.051644515,0.06980917,0.011271723,0.042483516,0.11860935,0.2695947,-0.16865249,0.0071310606,-0.044821054,-0.2036557,0.3339647,0.15815738,-0.07433855,0.04059206,0.36517566,-0.15120693,-0.15333527,-0.023264604,0.05103098,0.023802802,-0.13011362,-0.08023892
63,-0.02936284,0.12747079,0.113381624,0.116574384,0.0019165998,0.09888009,-0.074385114,0.075011425,-0.20431222,0.11777231,0.100927494,-0.0051392154,0.15228353,0.07388065,-0.036671452,-0.043112792,-0.030306464,-0.0714479,-0.11365311,-0.21832648,-0.17233586,-0.10865861,0.05290983,0.043227855,0.005882177,-0.26481432,0.1598128,-0.02539927,-0.10259412,0.0557365,0.031250976,0.033109505,0.07006145,0.09789553,-0.077442765,0.099918365,0.21598217,-0.012143793,0.17216735,0.13304396,0.008943327,-0.0056586755,-0.024499325,0.138346,0.13868956,0.08851327,0.15586393,0.2491189,-0.13701062,0.030156663,0.023487905,-0.17619497,0.22027306,0.0872376,-0.20536849,0.009594203,0.26477867,-0.09920651,-0.16748072,0.09392595,0.14342567,0.10298789,-0.105050206,-0.2153938
331,-0.039840974,0.03832564,0.23520239,0.085278764,-0.15076658,0.22734305,-0.13726963,0.0659807,0.07274923,0.16414098,0.112210415,0.070509054,0.16485237,0.09794667,-0.07946482,0.04363772,-0.044763893,-0.01133923,-0.27695218,-0.23549022,0.07656407,-0.21819355,0.00092242507,-0.015530012,-0.11818014,-0.17500807,0.067958266,-0.01358912,-0.071217865,0.11336432,0.04040055,0.15802689,-0.072499104,0.118864894,-0.16694815,0.16047548,0.19818455,-0.07081776,0.11087008,-0.06554254,0.07287993,-0.061024148,-0.16230069,0.1338736,0.19648859,0.0020489881,0.06628057,0.050195754,-0.17003971,0.12792814,-0.07285571,-0.016374972,0.0650994,0.13457045,-0.05892503,-0.1887971,-0.10199697,-0.07134497,-0.019850574,0.06655639,0.058769267,0.057570852,-0.2464039,-0.1649007
267,0.041029878,0.08085555,0.18863013,0.09262922,-0.030759403,0.25743252,-0.07401137,0.05183312,0.118645355,0.0006633407,0.0052293194,0.09821026,0.18381086,0.12718323,-0.1726992,-0.09387294,0.20076844,0.107298896,-0.0513583,-0.13796444,0.020980245,-0.03461531,0.009765983,0.008649098,-0.033607565,-0.18915251,0.06969224,0.07145422,-0.06259981,0.18319608,0.14296651,0.05885553,0.15444338,0.24021886,-0.20101972,-0.03850175,0.22207074,-0.09650394,0.1078718,0.13410169,0.10004426,-0.03798467,-0.13288423,0.26391843,0.03655127,0.011742567,0.024369888,0.10010291,-0.13702586,0.1212799,-0.10470496,-0.16726151,0.12799601,0.08089668,-0.0036465847,-0.0036931343,0.09365677,-0.051605925,-0.18372053,0.1040043,0.029769609,0.052896354,-0.21581613,-0.22833845
619,0.022066148,0.090239756,0.25572258,0.059424058,0.19600041,0.15413998,-0.06929326,0.039266843,-0.17806037,0.09875698,0.089916125,0.0561727,0.19954772,0.36927876,-0.110036016,0.12752697,0.05273889,-0.20853983,0.039822992,-0.15087716,-0.051000908,0.07144871,0.06582216,-0.10874431,-0.03676586,-0.06631299,0.10253355,0.051517516,-0.04677755,0.06713748,-0.09282756,0.13633323,-0.14448173,0.13143489,-0.25315407,-0.09449859,0.1036759,-0.033549998,0.059034653,-0.12359312,0.012263379,-0.16104609,0.02119418,0.13237911,-0.014405375,0.04433925,-0.23641767,0.12738605,-0.10246927,-0.045266084,-0.08503588,0.052754857,-0.030359961,-0.008709338,-0.07073365,0.05142799,0.13225955,-0.14332919,0.13277258,0.0085605355,0.12378553,0.18031307,-0.17033327,-0.15943477
426,0.024305329,-0.01476167,0.19525926,0.13022141,-0.02085351,0.20747577,0.0074671083,-0.1054919,0.0024955561,0.057729278,0.0086032115,0.030098455,0.26378202,0.27548742,-0.022389295,-0.124921486,-0.16210948,-0.10774535,-0.16155408,-0.14715995,-0.037798636,0.03531431,0.05585349,-0.03702901,-0.03986745,-0.21196133,0.027520021,0.02684902,0.040607452,0.25775766,0.039971907,0.17212282,-0.05629366,0.17577954,-0.1111847,0.091180615,0.02530574,-0.0218181,-0.106194064,0.08955528,0.051134937,-0.13946325,-0.19298123,0.17637171,-0.0035723299,0.080508605,-0.15345658,0.19511496,-0.10789335,0.03476184,-0.17550088,-0.019220285,-0.029389989,0.07070501,-0.2760712,-0.021198073,0.09915875,-0.12179869,-0.16071126,0.07191446,0.05668376,0.07958219,-0.18616702,-0.15271482
94,-0.018168043,0.067789614,0.11276341,0.06804332,0.071253955,0.019555751,-0.01623937,0.039130464,-0.18265656,0.071429834,0.037607644,0.12062312,0.19780506,0.16857067,-0.16617674,-0.11384346,-0.041188486,-0.06365457,-0.023437649,-0.12144583,0.009421058,-0.14225686,-0.17632498,-0.039474472,-0.06187153,-0.07166088,0.103063926,0.046509687,0.009603609,0.16211414,-0.041295454,-0.01478191,-0.024366904,-0.036406904,-0.18901896,0.14279163,0.10430538,-0.1522824,-0.10257407,-0.0700283,0.18112691,-0.13162965,-0.073503524,0.11479195,0.00018920183,0.022217283,-0.3561249,0.15452668,-0.03816258,0.037515063,-0.1314182,-0.19116117,0.215497,0.11035331,-0.21032955,0.16401212,0.2558156,-0.10108551,-0.104054965,0.15656905,0.012818101,0.049892638,-0.16818595,-0.1674628
122,0.020901686,-0.008417654,0.35354596,0.20857866,-0.004096981,0.07572622,-0.13276307,-0.11319289,-0.012148688,-0.026953207,0.13298959,0.19073433,0.3317346,0.084953666,-0.15308058,0.006165408,-0.10435991,-0.05331592,-0.13555317,0.060051177,0.018022135,0.029098738,0.020399306,-0.083415814,-0.15384503,-0.20713046,0.039401278,0.21431415,-0.024755072,0.10167774,-0.10496714,-0.05583068,0.13705751,0.010359825,-0.21687327,0.10950663,0.11697424,0.025365727,0.14419767,0.10986012,0.052833643,0.0018222444,-0.051782083,0.15869145,-0.0016972974,0.028281625,-0.21542521,0.13347393,0.048389334,0.09079229,-0.026317304,-0.013399939,-0.08836744,0.083333574,-0.08790948,-0.1293458,0.020613547,-0.061782144,-0.02693664,0.0053755636,0.037807334,0.1573203,-0.2690108,-0.20179853
461,0.058473192,-0.059896927,0.31565395,0.14909564,-0.050466433,0.12616253,0.049236163,0.07795712,0.052902345,-0.07333593,0.18688618,0.18682085,0.18267414,0.06896938,-0.059145045,0.1543699,0.051129263,0.061176024,0.04336948,-0.31536815,0.029647477,0.065363094,-0.19563276,-0.08238002,-0.030352551,-0.19135828,-0.12902138,0.16943529,-0.055858795,0.21721192,0.09742036,0.07221225,0.14043394,0.20524612,-0.15732183,-0.040374868,-0.009481928,-0.019513244,0.008279191,-0.0135180075,0.099485286,-0.11696843,-0.16049087,0.1316165,0.10368526,0.09519612,-0.22375442,0.101127334,-0.08997863,-0.045713477,-0.15298624,0.03334322,-0.06529801,-0.018664876,-0.12545308,-0.05167401,0.12825462,0.014123512,-0.08688523,0.05063544,0.18036231,0.051450003,-0.16146354,-0.11596436
550,0.13891107,-0.024445785,0.3046803,0.14819047,-0.09257597,0.23888017,0.0043089553,0.102817856,-0.03586837,-0.15273684,0.28660744,0.09300233,0.23564367,0.0993384,-0.11731883,-0.023802686,-0.1625236,0.11793491,-0.014873505,-0.15414573,0.1258536,0.0028943208,0.0049953726,-0.15505688,-0.13459171,-0.12364042,0.10501241,-0.02865328,0.02153087,0.09309924,0.08812481,0.0907406,0.055429284,0.0321162,-0.23289439,0.13107745,0.13139848,-0.05773021,0.24755895,-0.19551572,0.11986192,0.031671185,-0.12543947,0.1581907,0.026209824,-0.026748898,-0.07071392,-0.05969929,-0.08347182,-0.030855618,-0.06475526,0.058602158,-8.7660635e-05,0.03507211,-0.061766215,-0.04929772,-0.027686534,-0.085153155,0.050216246,0.09997907,0.061521128,0.038629606,-0.21699968,-0.24839664
709,0.11167256,0.045256983,0.18415879,0.058650028,-0.092143245,0.28016827,0.13510486,0.008543574,0.05331555,-0.0697542,0.071724474,-0.0053769047,0.2416754,0.29834917,-0.13577798,-0.15749553,-0.029672222,-0.12956437,-0.01227793,-0.3083522,-0.09370073,0.021596972,-0.3666377,-0.10093534,-0.036130324,-0.09638407,-0.0073002605,0.18857369,-0.10455273,0.17655241,0.00855898,0.009000655,-0.046211153,-0.03876293,-0.11081443,0.20567057,-0.04271113,-0.053916268,0.0013483439,-0.039870225,0.063405395,-0.068766154,-0.17806512,0.13359913,-0.1131055,-0.039301686,-0.061479904,0.109717995,0.016462075,-0.054570056,-0.0493023,-0.09295623,-0.08152445,0.053479597,0.050259028,0.030548258,0.061343662,-0.14734985,-0.21614623,0.03359816,0.05075333,0.12606834,-0.093781166,-0.0563811
314,0.21075426,0.1021745,0.1816663,0.010144741,0.038654417,0.07638583,-0.20841558,0.05243412,-0.09018143,-0.01762749,0.07475647,0.21386854,0.07704874,0.09670483,-0.12125107,-0.02130532,0.1922511,-0.10027259,-0.14380452,-0.047124136,-0.018579835,-0.11953964,-0.0523141,0.06812277,-0.009504795,-0.008212525,0.07060757,-0.051259913,0.049665626,-0.03240369,0.0020700474,0.015266928,0.0681991,0.21149412,-0.10155947,0.15399407,0.1349768,-0.118107356,0.08028832,-0.06914718,0.20341392,-0.12005923,-0.15337302,0.15966569,0.051255368,-0.12029897,-0.27610227,0.040206403,-0.07846338,-0.03981826,-0.051682185,-0.22240598,0.19803216,0.13449287,-0.044428688,0.16323082,0.17515376,-0.006362019,-0.087214604,0.07827275,0.2043449,0.05667082,-0.2827079,-0.15214255
167,-0.0010171656,-0.058232244,0.22387087,0.11836992,-0.07443161,0.011587086,-0.14850426,0.09018432,0.040855672,0.102967635,0.010702135,0.13284075,0.20056254,0.0838006,-0.085031405,-0.02528448,0.10646456,-0.01433617,-0.027323147,-0.21583082,-0.031850107,-0.16267553,-0.2420166,-0.15168694,-0.023223635,-0.2627025,0.14900562,-0.019372825,-0.05362266,0.21207133,0.07594094,0.034939606,0.02637566,0.018374432,-0.062303755,0.11838026,0.078938544,-0.054298945,-0.017625801,-0.007819809,0.06669559,-0.15483718,-0.061809313,-0.023022233,0.15447164,0.044434458,-0.008078573,0.07387702,-0.067562796,0.17271242,0.015005658,-0.11268525,0.03206628,0.31217554,-0.11554747,0.08300337,0.26348707,-0.05376874,-0.22251526,0.06556334,0.12775022,-0.043438006,-0.21332856,-0.21925884
413,0.027020428,-0.055223096,0.2222107,0.08728259,-0.0052752104,0.078535356,-0.01277615,-0.03643658,-0.0695221,0.019772014,0.16373588,0.21003747,0.25413,0.20054069,-0.023968859,0.12233849,-0.025283527,-0.098499134,-0.15387511,-0.032197066,0.014326569,-0.07910519,-0.05998371,-0.10554586,-0.13845521,-0.10200666,-0.033502635,0.09314221,-0.027004262,0.2773065,-0.019371599,0.03338588,0.16772975,0.17307697,-0.12983596,-0.024154337,0.038077284,-0.026163528,-0.068950705,-0.040156577,0.08843604,-0.16687123,-0.13258919,0.016374154,0.18430275,0.10876198,-0.13187568,0.15164965,-0.091063015,0.0236712,-0.21470141,0.025303481,0.0550364,0.012086626,-0.2745341,0.04036883,0.17563109,0.03445388,-0.24705553,0.030521762,-0.027133033,0.0074369963,-0.27601075,-0.17271833
256,0.070492305,0.09768118,0.19422337,0.051085606,-0.06721668,0.0808364,-0.10902596,0.061639793,-0.018371632,-0.077253185,0.13581376,0.23113875,0.20352456,0.04288309,-0.13567953,0.1048557,-0.026245756,0.019368917,-0.03454249,-0.112842284,0.062528834,-0.158072,-0.19828957,0.030993097,-0.05686171,-0.0050587733,0.21409275,0.14723274,0.048743956,0.032821488,0.02590697,0.040217455,0.016538387,0.13133997,-0.10139855,0.07756454,0.017254338,-0.1356415,0.19289023,0.002565041,0.0926312,0.06367259,-0.1921687,0.22386485,-0.06549849,0.01597617,-0.12042001,0.11611168,-0.18482709,-0.110076964,-0.04225091,0.02838688,0.15942605,0.029742172,-0.09926216,0.18440428,0.18190758,-0.12928204,-0.19839084,0.2101223,0.014778581,0.05651149,-0.17612675,-0.31334192
393,-0.010099376,-0.16412851,0.28394228,0.036064398,-0.1523676,0.06850564,-0.03737926,-0.005301323,0.049035475,0.02388006,0.18899538,0.14445303,0.19154698,0.14070573,-0.06495579,0.124511346,-0.025481427,-0.09141119,-0.16502492,-0.040931534,0.1219071,-0.015892493,-0.09042922,0.005034856,-0.15157174,-0.14127502,-0.05252098,0.17508213,-0.105903454,0.24108005,-0.09238697,0.19102244,0.10027502,0.07131929,-0.109164014,0.0707121,0.12635781,-0.062078383,0.037774432,-0.1601371,0.12356674,-0.08085518,-0.15861546,0.09375212,0.027673451,0.11547712,-0.20423451,0.1303155,-0.06757216,0.08704774,-0.11126111,-0.17727691,-0.034433905,0.04863788,-0.2428199,-0.15368211,-0.05046212,-0.05601192,-0.065130234,0.1465861,0.14066428,0.12792625,-0.18654974,-0.14849342
312,-0.03643,0.15320973,0.10597766,0.22214305,-0.04355289,-0.05578409,-0.16682443,-0.032369543,0.07365645,0.134165,0.028116314,-0.07491337,0.108206555,-0.0036098594,-0.19929639,-0.114734344,0.019380879,0.03222091,-0.23848183,0.12826349,-0.06864286,-0.018167578,-0.00980696,-0.12679161,-0.0715663,-0.08945749,0.28650072,-0.1004125,0.14589047,0.115451984,-0.0858406,0.006437201,0.058173086,-0.060248207,-0.12435597,0.058770116,0.11724157,-0.129464,-0.073885635,0.072659835,0.087454334,-0.16712613,-0.14617707,0.15307806,-0.19835211,0.044180743,0.04562436,0.062634744,-0.20021814,-0.08953897,-0.18709874,0.07747253,0.014354981,0.10550374,-0.16687156,0.10771068,0.23672514,-0.1929834,-0.16324131,0.09190465,0.07871543,0.08410894,-0.16602096,-0.19766483
254,0.0067278184,-0.04763707,0.2154041,0.18234913,0.037114844,-0.03480974,-0.06918142,-0.12727131,-0.0060689016,-0.0006350807,0.08407086,0.21664678,0.16047156,0.04127262,0.0006591542,-0.12571895,-0.030218162,-0.08622051,-0.06260671,-0.23503046,0.037132245,0.023431348,-0.0049588615,-0.10187778,-0.05185798,0.011383761,0.034391485,0.02123045,-0.09860462,0.21745336,-0.001301135,0.09515039,0.08670688,-0.0121592535,-0.3360451,-0.16048533,-0.1846241,-0.09640231,0.07994371,-0.012694352,0.07111683,-0.080274425,-0.14690693,0.010168573,-0.023649294,0.085073054,-0.011522261,0.1287644,-0.12367105,-0.081304625,-0.07884645,0.16835685,0.11921766,0.22826014,-0.09264173,0.30299556,0.22400177,-0.1238302,-0.1774356,-0.0014961862,0.14109191,0.14878868,-0.14491878,-0.098072
121,0.15898706,-0.1713923,0.21424046,0.051764596,-0.014426287,0.03980673,-0.08965105,0.0070268367,-0.07795664,-0.099298574,0.26338205,0.12931359,0.19503082,0.15750007,-0.20084581,-0.083040506,-0.018781522,0.008368869,0.0052593425,0.02994516,-0.017328802,0.0255128,-0.12453968,0.003984739,-0.07158437,-0.0436311,0.13183227,0.089185074,0.002273944,0.15108213,-0.035710886,0.006185086,0.00018197668,-0.023240525,-0.2032799,0.0649387,0.21893586,-0.08534664,0.20807567,0.0077099763,0.13629372,-0.029395288,0.0016391709,0.14426312,-0.0817399,0.029137911,-0.2970419,0.19765101,0.066057846,0.080632076,-0.16464849,-0.14024432,0.16580933,0.020771649,-0.117976435,0.014962711,0.1374919,-0.1644586,-0.08808332,0.22218731,0.053052533,0.16486122,-0.15821789,-0.15133575
742,0.14986968,0.03108722,0.32422388,0.122308284,0.1173484,0.26353943,-0.30025348,0.0662635,0.049970273,-0.045455128,0.080807276,-0.017376063,0.17545855,0.1952938,-0.1090626,0.14081784,0.044908915,0.05822393,-0.23889847,-0.022366093,0.00418849,0.0053463196,-0.09029255,-0.0915333,-0.056197833,-0.10439966,0.20405573,-0.05921016,0.028361585,0.16618578,0.18777397,0.05059103,0.024247669,-0.06648285,0.027612679,0.11643203,0.071923204,-0.101747006,0.21909045,-0.017738653,0.11020058,0.0027742838,0.037814155,0.15232836,0.03540251,-0.04744317,-0.07822704,0.035900187,-0.07108793,0.06993847,-0.08623836,-0.084423415,-0.1819424,0.054212607,-0.039539848,-0.09483341,0.11597493,-0.056545254,-0.0074607786,0.10629692,0.0519565,0.07329876,-0.24754646,-0.2497078
735,0.15934567,0.074499644,0.27741113,0.037950672,0.0010689658,0.15246952,0.015327158,-0.045784023,0.05305753,-0.05035825,0.17590266,0.12050489,0.22624448,0.2637725,-0.09914986,0.035919398,0.028054431,-0.10624537,-0.075970404,-0.18959309,0.11132021,-7.3334064e-05,-0.01166832,-0.15217283,-0.098666035,-0.08158797,-0.11212466,0.058713447,-0.05233561,0.20080996,-0.09616998,0.00504985,0.05315488,0.022993894,-0.16284274,-0.09162636,-0.015338883,-0.13050991,-0.0797388,-0.04851358,0.12590949,-0.069708824,-0.18998607,0.014634128,-0.1401909,0.0661777,-0.16507414,0.2497662,-0.20235497,-0.1701937,-0.13402103,0.118554,-0.0085324375,0.07536729,-0.0883808,0.12637965,0.14714171,-0.14639723,-0.0076018116,0.060548376,0.0037087973,0.15901719,-0.22901168,-0.13116847
237,-0.06854705,0.060462024,0.045077853,-0.005367229,-0.022428099,0.12976234,0.043917533,0.0105286045,-0.19134554,-0.08171729,0.17457704,0.013451032,0.13940866,0.16512294,0.033126034,-0.028972587,0.083844155,-0.08483863,0.012520776,-0.107188314,-0.15810801,-0.09144972,0.16329496,-0.005064737,0.14867367,-0.118717216,0.22784671,-0.0026712017,0.052145932,0.13166867,0.09719779,-0.033561975,-0.045552015,0.16212851,0.02869915,0.016381947,0.1825848,-0.06955844,-0.012012358,-0.08213313,-0.031994447,-0.21384704,-0.19378464,0.11706477,0.10339099,-0.083596915,0.076124966,0.09563138,-0.18867843,0.052218154,-0.15861322,-0.17814595,0.28454453,0.105357,0.02063476,0.22396901,0.22423613,-0.049704213,-0.2669247,0.008402428,0.14353162,0.026054943,-0.16976754,-0.16046503
348,-0.12945554,0.08649656,0.22208957,-0.01743987,-0.055876248,0.22195432,0.07425996,-0.13755287,-0.050795108,-0.045213103,0.2541102,0.09350584,0.20847626,0.25065354,-0.11645622,0.015608289,-0.0038913123,0.03781471,-0.036204506,-0.18877004,-0.06959678,-0.028692294,-0.1774257,-0.09441068,-0.019796561,-0.18798655,0.04561481,0.12679908,-0.07912449,0.13992791,-0.11780074,0.17650443,0.027880987,-0.09057735,-0.06587133,0.040218156,0.23556167,-0.13170218,-0.08566306,0.04810945,0.009319916,-0.13486037,-0.13645978,-0.035085022,-0.046534926,0.06934633,-0.10832892,0.068016745,-0.11760349,-0.030946435,-0.0194775,0.009608955,-0.06228394,0.15529813,-0.11421273,0.037980363,0.17550649,-0.13013211,-0.083486065,0.10031321,0.22117181,0.1978969,-0.2150693,-0.16225998
684,0.17594673,0.12519759,0.2419595,0.18129504,-0.08560463,0.114000194,-0.24354523,0.14169602,-0.05819893,0.070505485,0.0554725,-0.103389025,0.17908297,0.014562874,-0.021336718,0.09677087,0.024247576,-0.028625399,-0.18224224,-0.24815096,-0.051604744,-0.09668005,-0.053243928,-0.055062354,-0.0059299627,-0.21628655,0.21812426,-0.105348155,0.0629574,0.012598746,0.09157228,0.0436624,0.050285373,-0.07909018,0.09767956,0.14249708,-0.017137969,-0.071155466,0.16813868,0.049045023,0.11350983,0.05597354,0.066799015,0.1692552,0.07654601,-0.09676565,0.08036234,0.11071379,-0.16075763,-0.030956296,0.032086562,-0.13245596,-0.047692895,0.116490036,-0.16304028,-0.0074798716,0.21024746,-0.081797935,-0.038205598,-0.027277822,0.1633832,-0.023723677,-0.21218497,-0.30506822
451,0.11290616,0.16543053,0.20213178,0.08256146,-0.06534709,0.12208476,-0.16443826,-0.009943354,-0.27034447,0.04366131,0.10187844,0.05297711,0.15811193,0.06356454,-0.10594595,-0.2835202,0.025611416,0.03640404,-0.06977513,-0.15583898,-0.114960596,-0.055989515,-0.2806764,-0.1106387,0.021342712,-0.19306149,0.09033625,0.100376375,-0.07818968,0.116736084,0.045737695,-0.09359594,0.11575566,0.0060066045,-0.22639048,0.14515272,0.09857748,-0.04886775,0.100064926,0.042596433,0.057891555,-0.11917057,-0.20326862,0.08617371,0.06448287,0.04251443,-0.05753936,-0.0039800117,0.032523382,0.088826165,-0.004025061,-0.17014383,-0.07417082,0.13084991,0.018882822,0.089937225,0.20389286,-0.07147021,-0.15668881,0.053964738,0.14225598,0.1815639,-0.19575125,-0.109917834
211,-0.03267857,-0.06399228,0.24172182,0.15373015,-0.052790646,0.09205671,-0.12619685,0.075175524,-0.047070183,0.20608935,0.0062730727,0.0731512,0.25716552,0.05765682,-0.13227913,0.0220194,-0.12787528,-0.04487283,-0.17568982,-0.11357649,0.07011622,-0.17043306,-0.11720367,-0.029510334,-0.17218871,-0.16705161,0.15915413,-0.009506914,0.022456255,0.11333317,0.09772314,0.008415227,0.009453719,-0.06610927,-0.21413952,0.20531304,0.19968331,-0.12780944,0.1357324,-0.065930836,0.14819632,-0.10284569,-0.045361236,0.16540821,0.07541472,0.09641035,-0.08249018,0.020533556,-0.038695533,0.1775181,-0.08929161,-0.089045435,0.08888414,0.13051635,-0.19598362,-0.06776459,-0.012075915,-0.12326435,-0.09963845,0.17605089,-0.009972182,0.03706918,-0.16640034,-0.26054156
697,0.14714144,0.056906994,0.28589654,0.10226017,-0.076040454,0.18841873,-0.18083149,0.01888569,0.031859193,-0.049690094,0.2030344,0.17127621,0.30262193,0.0789953,-0.113301545,-0.010000822,0.04474345,0.0913061,-0.062006176,-0.14809716,0.030058557,-0.20146267,-0.13228408,-0.1526405,-0.13924567,-0.13405494,0.040775362,0.12037233,0.020444484,0.06493291,0.035510458,-0.14533326,0.02657526,0.107302785,-0.11929615,0.16819584,-0.019384809,-0.023850158,0.12373869,0.032387942,0.07306419,0.05540289,-0.099852666,0.16750267,0.1285932,-0.16802503,0.06075731,0.0533136,-0.0852892,0.16043888,-0.040156994,0.08566698,0.001965293,0.040487733,0.07975081,-0.1493777,0.13910292,-0.016680581,-0.07855592,0.037591506,-0.12071052,-0.07157257,-0.2889403,-0.22887145
198,0.06153844,0.043019388,0.25471446,0.1455857,0.103209764,0.16248658,-0.018942207,0.013008896,0.03106244,-0.09321938,-0.01863397,0.07937015,0.19502355,0.27206713,-0.04124417,-0.14015843,0.049351774,-0.10404543,-0.0046891687,-0.21847372,0.043311995,0.004154327,0.09227081,-0.20245607,-0.17014873,-0.16114552,0.05662869,0.05442114,-0.11948721,0.22553828,0.06753186,0.1484399,0.13021992,0.16535118,-0.33571547,-0.119338624,0.040055554,0.008397461,0.03728744,-0.06880227,-0.06489818,-0.08319031,-0.04040349,0.033252325,0.15819167,0.024553914,0.19328307,0.10506948,-0.23686159,-0.029540662,-0.09646449,0.07612645,-0.007255104,-0.028488677,-0.05413063,-0.061453994,0.11087439,-0.044359405,-0.08494742,0.03860674,-0.03551564,0.0070784613,-0.21632998,-0.19519922
564,0.05789703,0.04425658,0.24301665,0.10751374,-0.11505349,0.11914654,0.090973,-0.048477687,0.10498288,0.060916662,0.12397009,0.030095017,0.20281239,0.17907582,-0.13161881,0.06797655,-0.0098959515,-0.09833596,-0.21094155,-0.19835939,0.035715356,-0.0211115,-0.09363545,-0.12572677,-0.12635012,-0.16269968,-0.0071006063,-0.012592451,-0.055629868,0.19831629,-0.08529972,0.118323945,0.25129214,-0.0010329246,0.006611661,-0.014459857,0.099716395,-0.1230343,-0.07239366,0.0071047912,0.07745513,-0.01628656,-0.19139537,0.072599165,-0.025506523,0.21239439,-0.01316046,0.17277971,-0.062917195,-0.0070063113,-0.054123446,0.015408863,-0.065932035,0.09954626,-0.22885613,0.018164665,0.25622264,-0.16023953,-0.16770546,0.1065863,0.12662932,0.15814725,-0.15284471,-0.2156969
566,0.069443524,-0.11503054,0.23561254,0.14737464,-0.06289109,0.05085862,-0.071256965,-0.15565495,-0.1612659,-0.06489363,0.1086071,0.096889324,0.22256102,0.119064696,-0.13630925,0.0041463254,0.024619007,0.008077337,-0.06959763,0.04181729,0.113275565,0.0013421435,-0.13878839,-0.14418806,-0.25633076,-0.17860574,-0.06654841,0.16025046,0.031770445,0.10936646,-0.20368701,-0.014463298,-0.0075704698,-0.053963855,-0.20667088,0.10546217,-0.05275969,-0.11820977,0.12533571,0.025684785,0.14407572,0.055928588,-0.16335683,0.094099134,-0.050770395,0.035336304,-0.26762363,0.1584478,0.0027647153,-0.026601005,-0.044504866,-0.023974536,0.06398157,0.07794724,-0.161933,0.07029512,0.13099533,-0.17790163,-0.06150555,0.16078727,0.022392794,0.21406092,-0.20470984,-0.17730388
214,0.104034886,-0.07909796,0.275129,0.16469611,-0.0045416327,0.029688,-0.1450551,0.16066769,-0.20822932,0.03619015,-0.0056905523,0.017342908,0.12670895,0.061908055,-0.084625155,-0.10136962,0.03410088,0.09660384,-0.03898258,-0.26828444,0.050907094,-0.027791005,0.04265975,-0.09309854,-0.08038225,-0.076289825,-0.07832489,0.08552629,-0.05046941,0.14086145,0.023090886,0.20037693,-0.00802028,0.15901501,-0.33988366,-0.064286895,0.02557772,-0.059469834,0.1558912,-0.038952023,-0.0076862783,-0.07323548,-0.19372137,0.075902596,0.17936552,0.117294,-0.2139537,-0.0105617875,-0.10461502,-0.046345204,-0.0043972014,0.05083658,-0.01612644,-0.1267074,-0.06011516,0.09445456,0.23203859,-0.113080345,-0.038362175,0.07559506,0.2391534,0.10765969,-0.15541078,-0.19111808
375,-0.021395769,-0.013702471,0.2385942,0.13859795,-0.009408246,0.049042158,-0.14797516,0.0018984217,-0.09106171,0.05673611,0.00081906666,0.15464817,0.13661824,0.084658176,-0.12361473,-0.0021358428,-0.055732206,0.07074773,-0.15342543,-0.06472039,0.017630374,-0.0544481,-0.15031189,-0.017785018,0.0017931849,-0.1742668,0.113132514,0.10778482,0.03955259,0.19276844,-0.043388013,0.1538655,0.010889619,0.11751258,-0.12373544,0.1337436,0.15604807,-0.12711926,0.05044132,0.09425278,0.033308502,-0.048539687,-0.2502022,0.07098665,0.13921493,0.14608757,-0.22255845,0.029691827,-0.05620899,0.019517556,0.017137626,-0.1280811,0.103946395,0.09825437,-0.13590333,0.06669105,0.29536533,-0.13894984,-0.16904248,0.2185662,0.19849804,0.119602405,-0.15217371,-0.2377109
259,0.079191156,-0.045898817,0.37145445,0.118839845,-0.15331483,0.16318876,-0.13712911,0.09997692,0.17143235,0.030658865,0.18507193,0.040466815,0.1453177,0.18554364,-0.067005694,-0.025076376,0.099418044,-0.021372318,-0.12283036,-0.120034136,0.07403695,0.06271122,-0.012948858,-0.1122333,-0.021762766,-0.16401096,0.05302874,0.11262809,-0.15461972,0.1745884,-0.01613109,0.17513332,0.025169222,0.010439467,-0.18523486,0.16192706,-0.073033616,-0.014777364,0.042849205,-0.064279124,0.024545042,0.024392094,-0.23367721,-0.026182814,-0.097187415,0.08451859,0.12943938,0.13178262,-0.103728436,-0.032488715,0.12626828,-0.09121747,0.044129614,0.18786007,-0.0013826967,-0.13913578,0.22433646,-0.093897216,0.07318298,0.13834469,0.08359025,0.040633895,-0.16951585,-0.2231929
437,-0.0888952,-0.26635927,0.24077207,0.05533055,-0.16867067,0.08948548,0.0057632937,-0.11268251,0.19301388,-0.11688065,0.16641779,0.062707946,0.11261022,0.14446503,-0.0337816,0.038290244,-0.07428088,-0.17150955,0.025722912,-0.08093426,0.12175119,-0.07077735,-0.18040623,-0.14874326,-0.14421031,-0.034200426,-0.13730682,0.32368973,-0.1652627,0.18558882,-0.10652708,0.05383195,-0.12719151,-0.09110636,0.025374804,0.057529606,0.11524888,0.043814123,0.05056829,-0.16352072,-0.017818216,-0.058047898,-0.086421266,-0.02411562,0.03905963,-0.11838182,-0.005698605,0.1850213,-0.3126151,-0.051392905,-0.03705747,0.10648796,-0.04804395,-0.028027013,-0.123434864,-0.19419476,-0.08096458,-0.086059794,-0.059186097,0.043361392,0.066315405,0.06703103,-0.14883646,-0.0003885571
392,0.0816026,-0.08163933,0.30915368,0.09350934,-0.17499384,0.051653765,-0.013992495,0.100170344,-0.07386838,0.018265259,0.15077099,0.16797584,0.18804125,-0.0031408519,-0.18085086,0.075488895,0.07792866,0.03281506,-0.013133886,-0.15342395,0.07724701,-0.040904894,-0.07960866,-0.09377698,-0.1529324,-0.13638331,-0.12621526,0.14828922,0.029682266,0.013062459,-0.016383797,-0.0931847,-0.02370086,0.076501474,-0.29462135,0.21083574,0.03428874,-0.0465051,0.08236014,-0.073944844,0.1873042,-0.03367342,-0.18382147,0.22724874,0.09443267,0.13904554,-0.2959372,0.1154472,0.10719327,0.04705139,-0.054345474,-0.08695583,-0.007586616,0.054538544,-0.10616936,-0.076712556,0.077771425,-0.08476859,0.05006459,0.18156134,0.069177754,0.14990725,-0.1499944,-0.13358076
542,0.0741729,0.21567166,0.16343914,0.041376285,0.19056444,0.19759959,-0.14421508,0.024567839,-0.397061,-0.036445808,0.2409145,0.028752578,0.2571544,0.2020966,0.025151122,-0.20252573,-0.025216423,0.0091141155,-0.06896416,-0.28509536,-0.17652252,-0.11422444,-0.053999912,-0.02375662,0.068059765,-0.20553002,0.026434148,0.082570076,-0.02585337,0.15544754,0.07881285,0.05850473,-0.038692065,-0.04625082,-0.13745889,-0.017467787,0.08875838,-0.048704077,0.08319419,0.026442127,0.0013324419,-0.09855868,-0.0724018,0.07929014,-0.0060972855,-0.006901325,-0.07766865,0.08846285,-0.15364617,0.091647044,-0.09793261,-0.12555207,-0.0063991,-0.033481333,0.020192457,0.027272293,0.17191093,-0.029678786,-0.028186819,-0.03998072,0.071201526,0.020055108,-0.22009784,-0.10351091
184,0.067760885,-0.0036378894,0.29853094,0.13348845,-0.034458563,0.22186697,-0.08862025,0.06989582,-0.08790693,0.07547246,0.14129764,0.14914812,0.10901152,0.11548845,0.034452956,-0.13827386,-0.06406943,0.04170391,-0.1696273,-0.28875402,0.057974707,-0.0356729,-0.0265536,-0.168376,-0.13233966,-0.076338455,0.114422016,-0.07435924,-0.019694153,0.10137787,0.008994002,0.16475073,-0.013399147,0.015018398,-0.3433043,0.12829953,0.016834658,-0.047446217,0.045636196,-0.09467664,0.12152277,-0.15581265,-0.121741496,-0.096671276,0.18701245,0.045884553,0.11888709,-0.019776128,-0.057980623,-0.2574448,-0.09858482,0.15273345,-0.012352685,0.08202611,-0.15387721,-0.038726874,0.014580594,0.008643593,0.026952319,0.08276781,0.11614255,0.04240835,-0.24587718,-0.10550748
675,0.14169616,-0.013628723,0.24388818,0.22568889,0.081020124,-0.049679775,-0.09608826,0.0064239753,0.09271157,-0.050521,0.1266833,-0.067279644,0.07689849,0.020691667,-0.098352775,-0.182275,0.046227094,-0.09790362,-0.24693508,-0.16015738,-0.05246191,0.046633888,-0.067866325,-0.10956553,-0.06691535,-0.08735206,-0.1315748,-0.026483493,0.026592726,0.22661673,0.048225015,0.06158716,0.13660146,-0.060491975,-0.29168767,0.11403861,0.17579305,-0.010888662,0.07948481,0.019142704,0.09192974,-0.2114842,-0.19680868,0.0109543195,-0.045202017,0.19753908,-0.20927544,0.014777116,-0.067284256,0.013282752,-0.1042748,0.08170148,-0.17155538,-0.0073489333,-0.03299299,-0.12703519,0.21034183,-0.04172771,-0.1252821,0.07268191,0.24640356,0.14064726,-0.09158133,0.04277961
652,0.087463975,-0.066766374,0.32973376,0.13302676,0.044252135,0.029086173,-0.015235935,0.16759156,-0.1975636,0.00037705354,0.26051605,0.17990601,0.20381083,0.07028918,-0.03648064,0.11108297,-0.076676376,0.00827583,-0.08598885,-0.25135726,0.06699142,-0.011151642,-0.040186543,-0.012079648,-0.06889983,-0.051647108,-0.038834326,0.0390644,-0.0502614,0.11516534,0.11667949,0.13373841,0.05871276,0.004821591,-0.34081838,-0.087737285,0.006173847,-0.07049105,0.12094928,-0.15895544,0.16463862,-0.092878014,-0.09721113,0.05423338,-0.08243521,0.17411388,-0.28113383,0.090668894,0.032117963,-0.12946105,-0.08153714,0.010102008,-0.04215842,0.02813524,-0.10999272,-0.012733221,0.11094774,-0.07800327,0.08788753,0.15195063,0.091822654,0.07005985,-0.15108909,-0.14433597
702,-0.11092172,0.04934219,0.24853589,0.23947999,0.02109657,0.22071704,-0.036028333,0.07377021,0.07117693,0.055874866,0.084867716,0.30920696,0.20236924,-0.015852867,-0.101454206,0.10348466,-0.19165842,0.18153676,-0.1431057,-0.22492431,0.098984905,-0.061187886,-0.009302903,-0.018013459,-0.09419403,-0.107630104,0.17546521,0.031135898,-0.032706194,0.10164895,0.0810116,0.13514702,0.005790201,0.17298691,-0.16395499,0.14605294,0.17956957,-0.06760522,0.092108175,0.111249335,0.13587794,-0.03842101,-0.040620316,0.12908868,0.121390656,0.018160034,-0.0958783,0.009263034,-0.07936406,-0.041765936,-0.14533295,0.09500685,0.026043108,0.22005789,-0.09216126,-0.08967744,-0.034168445,-0.009051976,-0.012026003,0.09493523,0.104683466,0.05252931,-0.2009227,-0.16464825
614,0.13233699,0.043283083,0.226244,0.0925322,-0.06514538,0.12723681,0.009158559,-0.058307804,-0.13211977,-0.10230388,0.20067495,0.040375125,0.25683826,0.12771195,-0.08863308,0.01978413,-0.06681591,-0.033483908,-0.06167263,-0.056019988,-0.06104378,-0.04355423,0.055031896,-0.04943967,-0.0005685646,-0.23631534,0.11021433,0.117315784,-0.018816335,0.05424332,-0.104403734,-0.12137337,0.14462937,-0.007138754,-0.09434663,0.16323237,0.10706347,-0.096823744,0.13738425,-0.01347626,0.034438837,-0.041239735,-0.18819158,0.15669419,0.09033875,-0.013238952,-0.05726781,0.112982385,-0.069385804,0.011727739,-0.06738601,-0.20142944,0.16813855,0.06865218,-0.092024446,0.22503355,0.17988944,-0.109854564,-0.25601104,0.08784505,0.11347794,0.14497016,-0.1803133,-0.30397123
449,-0.0033126855,-0.10128022,0.24764265,0.20945753,-0.09023285,0.2522875,0.0043318565,0.0059036105,0.08517002,0.12203488,-0.022760553,0.21823013,0.15950607,0.0026868077,-0.1497424,0.00259095,-0.062029574,0.14359754,-0.048140652,-0.15506849,0.10729658,-0.0667798,-0.15475312,-0.041068003,-0.11349374,-0.31596395,0.08635924,0.14204773,-0.17755148,0.15034989,-0.075359866,0.06494318,0.043446206,0.24693176,-0.2090454,0.04424321,0.12809964,-0.082810715,0.059022695,0.13336441,0.050593443,-0.06444792,-0.32458246,0.09338712,0.06242972,0.041777395,-0.077587485,0.028672736,-0.05774161,-0.07190094,-0.07190225,0.069779396,-0.0026748066,-0.010716691,-0.09509589,-0.016496988,-0.048339464,-0.03408508,0.011424257,0.06351343,0.13754533,0.0982263,-0.18000846,-0.12149605
598,0.15070722,-0.013859656,0.36142483,0.14042151,0.082592174,0.142242,0.06519638,-0.04973401,0.16749349,-0.15767036,0.21608019,0.16943824,0.26478648,0.1654836,-0.1654865,0.038196072,-0.14122285,0.041573893,-0.16030158,-0.13424475,0.03267355,0.102007955,0.062465917,-0.051506184,-0.092149645,-0.029949611,0.05395786,-0.08122468,0.042531587,0.00097408134,-0.099906385,0.041330386,0.14044328,-0.028063426,-0.11851066,0.12263936,0.111620285,-0.083464764,0.16278465,-0.08839632,0.114445165,0.006467708,0.066187106,0.14606182,-0.041744173,0.010551661,-0.07557759,0.035205893,0.13472009,0.091337495,-0.16497457,-0.03834018,-0.08741029,0.19812757,0.000383628,-0.062228706,-0.07948091,-0.11933267,-0.03361426,0.10629752,0.16437595,0.17535877,-0.18423925,-0.20213377
330,0.11721098,-0.08846198,0.18540339,0.23103072,0.07591968,0.079942524,0.05303609,-0.07755002,-0.013474801,-0.05175327,0.08567113,0.11173979,0.2976406,0.0920074,-0.25111023,-0.22522523,-0.202237,-0.044547427,0.018142559,-0.06503789,-0.06476851,-0.15172207,-0.13515049,-0.10065676,-0.1425925,-0.22387478,0.15456621,-0.010005272,-0.0018078523,-0.00080042455,-0.1594852,-0.12865523,0.008098119,-0.0832569,-0.1928377,0.05519326,0.026250152,-0.08948346,0.16106924,-0.09907577,0.015258827,0.06788083,-0.15557061,0.24300244,-0.04694451,-0.10448591,-0.024372948,0.13954464,-0.005219348,0.022644566,-0.1139641,0.069269635,0.15352581,-0.12671593,-0.08893416,0.061898928,0.06518778,-0.18669128,-0.053952496,0.09690514,-0.07170397,-0.006182817,-0.12401984,-0.20509924
509,0.027058616,-0.17452893,0.34369856,0.20607634,-0.05162621,0.17365338,-0.07049949,0.093265034,0.053677198,-0.026582852,0.12981516,0.01723062,0.2817738,0.07782086,-0.0903575,0.21334544,0.015144547,0.017950965,-0.030048827,-0.08216142,0.003217143,0.0849342,0.055502154,-0.09424367,-0.06754511,-0.34505042,0.15056896,-0.009182326,-0.0045009744,0.071695,0.18069692,-0.002905231,0.026029617,-0.049570262,-0.03319479,0.0040114042,0.09507092,-0.04602415,0.23348367,-0.08245318,0.0745016,-0.05091303,-0.031265292,0.2346642,-0.08915428,-0.016597452,-0.029986365,0.14401433,-0.1286861,-0.006006058,-0.10938395,-0.05478044,-0.08379344,0.043049607,-0.116871215,-0.027185,-0.025307713,-0.09025165,-0.011644386,0.060103137,0.12771693,0.026163323,-0.18464263,-0.31785554
373,0.040709514,0.03452662,0.28592196,0.05022078,0.09463653,0.21337166,-0.14911619,0.03179015,-0.30224618,-0.022364693,0.22736917,0.05779359,0.15516758,0.16925138,0.011576047,0.0042437534,0.08686687,0.055129733,-0.05944451,-0.17098555,-0.14675052,-0.17944416,0.038241472,-0.08803448,0.034784332,-0.16972049,-0.06388548,0.2610817,-0.04622166,0.20769536,-0.03695007,-0.031076707,-0.04169464,-0.016054366,-0.07155714,0.04169086,0.09991052,-0.024159223,0.17760439,-0.06179653,0.032566335,-0.077045664,-0.19067542,0.10742801,0.103481606,0.1024548,0.038778443,0.18047664,-0.20078608,0.108247854,-0.13185827,-0.14135891,0.017621422,-0.06605031,-0.05510136,0.026284143,0.12350363,-0.045051545,-0.06662661,0.12933971,0.09647935,0.11723864,-0.20256948,-0.11796741
200,0.08403426,-0.0065543074,0.32363904,0.11932765,-0.003049457,0.23447421,-0.13761939,-0.017850682,0.09813833,-0.07193756,-0.020416006,0.082644194,0.24372028,0.26819587,-0.034751244,-0.14233175,-0.014416178,0.0048186034,-0.05287851,-0.0836135,0.09434497,0.07192085,0.09933752,-0.036594775,-0.097545646,-0.1543497,0.13313483,0.1947039,-0.12970771,0.13645217,-0.07855711,0.1476194,0.038922727,0.16939408,-0.30122432,0.1742676,-0.09588674,-0.03729704,-0.018468369,0.016886657,-0.07165601,-0.07759934,-0.25068828,-0.054487053,-0.0679375,0.11828164,0.11449555,0.08794714,-0.028691426,0.04968328,0.03300823,-0.057827666,0.06479503,0.083450295,0.022618277,0.0077080857,0.032852042,-0.042886175,0.036456276,0.12718667,0.05296812,0.07175681,-0.20826936,-0.2588116
679,0.11670322,-0.022228712,0.2654519,0.06324629,0.02272562,0.058507856,-0.26800376,0.089625694,0.10296354,0.0184681,0.08953306,0.1327738,0.2079155,0.1744384,-0.05645043,-0.15609445,0.05522054,0.08354164,0.04024022,-0.109179236,0.06536267,0.056019325,-0.024018286,-0.21224605,-0.14891101,-0.12880957,0.13067026,-0.007089489,-0.0038257213,0.14120877,0.012364704,0.11476731,-0.041021857,0.28020674,-0.27695212,-0.01243392,-0.12447857,0.027545081,-0.049242307,0.059874274,-0.011803036,-0.062886864,0.03481485,0.011645376,0.05438993,0.01936984,0.06964501,0.16905697,-0.08682819,-0.02508368,-0.13063717,0.22737923,-0.036148135,0.00928132,-0.12086246,-0.17736173,0.19560327,-0.021277951,0.02260603,0.13880345,-0.07708598,-0.06957802,-0.24035388,-0.2260291
688,0.08040027,0.12284171,0.2895554,0.037409905,-0.08673952,0.2784872,-0.1730733,-0.06443571,-0.05754104,-0.026628742,0.11070071,0.07851509,0.23943292,0.29022005,-0.0816444,0.098694615,-0.05494913,-0.008739537,-0.08864901,-0.21847413,0.021389825,0.08330916,-0.37816843,-0.012144621,-0.0863878,-0.1825971,0.06505925,0.054149315,-0.009682627,0.052122775,-0.017667476,0.052874487,-0.058693424,0.070819184,-0.1173232,0.18125372,0.02071898,-0.056335963,0.104720764,-0.057880066,-0.022444742,-0.0020171371,-0.16076027,0.05463535,0.029248863,-0.007049215,-0.20629181,0.045427345,-0.023125745,-0.09012687,-0.03260281,0.06743487,-0.14831832,-0.06109328,-0.0112357475,-0.06470032,0.01590559,-0.12546475,-0.069399215,0.098225355,0.078712314,0.1527392,-0.15599026,-0.23237906
389,0.08199897,0.040619332,0.24319178,0.020830436,-0.007064367,0.28779894,0.062462013,-0.19181287,0.15183057,-0.04294166,0.17214952,0.13225468,0.22505146,0.27549255,-0.072426386,-0.1636738,-0.00047667074,-0.083119065,-0.064029925,-0.17665437,-0.0002753348,0.065831855,0.052976217,-0.15185444,-0.044752076,0.0016459529,-0.020511629,0.13668253,-0.14064452,0.20481382,0.01880105,0.1250495,0.11806586,0.01644116,-0.23016952,-0.060791217,0.054066565,-0.05866302,-0.052085813,0.094043344,0.06869447,-0.06373425,-0.16236573,0.07389004,-0.06217242,0.11094401,-0.0070578107,0.16883859,-0.07673106,-0.01959324,-0.04657474,0.09209101,-0.06974441,0.17343293,-0.18712802,0.104806535,0.18571939,-0.06695349,-0.09703492,0.074596085,0.024060633,0.15924905,-0.2059221,-0.11103552
627,0.10728654,-0.20767389,0.20843033,0.066735305,-0.16486691,0.08665041,0.0014264234,0.06793984,-0.14976393,-0.15685521,0.17761849,0.07870375,0.17385593,0.08651547,-0.086251855,0.11430479,0.1414412,-0.07292654,-0.083278805,-0.10831768,0.12011312,0.12318644,-0.121290445,-0.03153228,-0.2608969,-0.115092486,-0.05316745,0.073460184,0.011052344,0.04009506,0.15808915,0.1942892,0.011401028,-0.064641714,-0.1698759,0.12839887,0.14661539,-0.10286133,0.19857979,0.0025193174,0.14020059,-0.016669689,-0.021763552,0.09943172,-0.009907534,0.105969034,-0.19449957,0.07691261,-0.10265877,-0.19264466,0.0532539,-0.16853513,0.0043027066,0.036788106,-0.17769499,-0.10103119,0.1386251,-0.14529465,0.037114415,0.17438024,0.11310261,0.1489407,-0.1322513,-0.13673893
409,-0.021123176,0.019367766,0.2081983,-0.02676522,-0.08858289,0.034050412,-0.040858664,-0.043771397,-0.03759083,0.07250293,0.18919604,0.08516512,0.23623544,0.1673554,-0.117307834,0.03186343,-0.06521181,-0.00936142,-0.18781674,-0.03889281,-0.020964727,-0.08153045,-0.09879446,0.016697954,-0.10426546,-0.16355444,0.0158013,0.038740966,-0.010329087,0.2118437,-0.0019977775,0.12774554,0.17663938,0.058811203,-0.08245612,0.006054744,0.15461005,-0.07738403,0.049130753,-0.041916512,0.024677945,-0.01384995,-0.15950753,0.14368506,0.021432694,0.19912468,-0.09494504,0.10003096,-0.018104015,0.27385506,-0.05704039,-0.10297546,-0.041028313,0.022389911,-0.2724042,-0.031248953,0.1486106,-0.12205936,-0.24385412,0.24729252,0.07727596,0.13606076,-0.14927168,-0.28772813
388,0.028574388,0.07510662,0.28129095,0.15472013,-0.14724137,-0.08536602,-0.12735812,0.039784323,0.045945704,0.030355021,0.11124369,0.08995364,0.20782284,-0.16516712,-0.13841438,0.016554173,-0.06490502,-0.025965517,-0.054745346,-0.15536514,0.11977558,-0.026006717,-0.008521214,-0.06107409,-0.10952654,-0.12809324,0.06289762,0.14119363,-0.051929757,-0.0025474469,0.07396868,-0.038988154,0.099622205,-0.026935114,-0.35747182,0.08113574,-0.13990204,-0.090584435,0.13781768,0.059316285,0.11406495,0.09784038,-0.17196517,0.1970838,-0.15327547,0.11531855,-0.079458185,0.088890985,-0.037001576,0.004499537,0.10122915,0.04105312,-0.028524904,0.10068935,-0.16440044,0.10884638,0.23594917,-0.11270188,-0.008775253,0.1472771,0.053814385,0.12723662,-0.13359344,-0.29988742
422,0.054017507,0.0871232,0.20556705,0.008029249,0.08392416,0.2584572,0.05065751,-0.01262784,0.011293301,-0.033603907,0.05576671,0.12154392,0.22474247,0.3170013,-0.019179132,-0.204381,0.03193338,-0.1865634,-0.06104397,-0.29198754,-0.15880232,0.035658084,-0.15058936,-0.053769477,0.03445593,-0.09665185,0.01642316,0.115899876,-0.020944245,0.25654218,0.093859464,0.07565853,-0.034055248,0.21355616,-0.14226502,0.14026481,-0.10925783,0.009426991,-0.11071079,-0.00019384011,0.13541672,-0.1167301,-0.17278878,0.13784671,-0.12026627,0.05471348,-0.0068064686,0.20610309,0.00045782307,0.04693109,-0.15673971,-0.12680835,-0.04993155,0.10634049,-0.041055724,-0.066761665,0.09425079,0.019613765,-0.16196156,0.06967555,-0.0045227283,0.015355067,-0.14303988,-0.028396334
525,-0.0046920143,0.040191565,0.32433265,0.24439178,-0.044634584,0.094862245,-0.06012508,0.15447609,0.009039467,0.035446394,0.17734708,0.10558829,0.24035947,-0.023507489,-0.043654256,0.027702926,-0.23705511,0.13388975,-0.1847686,-0.25088233,0.09402917,0.033551965,0.12798907,-0.07658208,-0.09294234,-0.1332551,0.09319924,-0.0031930392,-0.022055708,0.034613255,0.13253644,0.16216819,0.08632554,0.004772925,-0.17725894,0.19063622,0.02164232,-0.0005523663,0.12352599,0.046439037,0.072206244,-0.002687877,0.022884391,0.12291638,0.121891744,0.14125454,-0.059191156,0.035764437,-0.02772167,-0.009664535,-0.057814334,0.050060913,-0.13744976,0.16350351,-0.20389904,-0.12900642,0.06890727,-0.022743277,0.055311482,0.090289034,0.15346324,0.08969147,-0.16811258,-0.25597736
378,-0.055649508,0.1436602,0.21194045,0.20531261,-0.03795016,0.24590746,-0.010490665,-0.0044324477,0.10189702,0.014144829,0.16776875,0.17029135,0.21271987,0.087763295,-0.09286774,0.0629858,-0.25932208,0.0105109485,-0.18790513,-0.20029424,0.03314347,-0.053790983,-0.034936607,-0.03487863,-0.12181818,-0.015786756,0.2419747,-0.01192128,-0.093897745,0.11284053,-0.01846387,0.11006736,0.042150155,0.05722928,-0.1399894,0.28947297,0.2438406,0.032916546,0.15273601,0.10063819,0.053057905,0.07104318,0.00653459,0.03130714,0.1783138,0.02194796,0.04747964,0.05382755,-0.024273902,-0.051045112,0.014907995,0.13359632,0.1050274,0.22076263,-0.09785543,-0.13232008,0.040260028,0.015271975,-0.027694495,0.030459588,0.04011063,0.09423313,-0.1908803,-0.17185229
609,0.003290965,0.05810372,0.13599549,0.14694597,-0.04623851,0.00746163,-0.062422108,-0.081736214,-0.02677683,0.24662372,0.12682824,0.14684932,0.209348,0.04273206,-0.09511053,0.0005306377,0.065894864,-0.2927976,-0.11112336,-0.12881058,-0.06269122,-0.20692232,-0.07436411,-0.20510611,-0.07723443,-0.14933394,0.20062058,-0.040626094,-0.021140983,0.110342376,0.03910045,-0.04552472,0.093261786,0.018343076,-0.15735266,-0.05520005,0.22735618,-0.063226774,-0.06548788,-0.005330401,0.15023158,-0.17059109,-0.07444614,0.12803029,0.11345237,0.018838475,0.10134133,0.07886306,-0.092848144,0.2019905,-0.07687151,0.016820436,-0.005449445,0.25518152,-0.18283062,-0.002844003,0.25512514,-0.047062602,-0.047660053,-0.06795204,-0.024474869,-0.029125879,-0.22986399,-0.085307285
295,0.07492911,0.079516664,0.23082028,0.16542353,0.004381679,0.14654113,-0.019466462,-0.03467464,-0.1201254,-0.038840808,0.15545368,0.14703165,0.17488782,0.085089415,-0.068494976,-0.09335322,-0.0080616465,0.004059855,-0.13068399,-0.25874797,-0.03874753,0.07937161,-0.18605262,-0.10311037,0.033443686,-0.190022,0.06537884,0.06197491,-0.0056579458,0.12588845,0.079043835,0.04704067,0.08197927,0.026574057,-0.14081098,0.030795844,0.061325483,-0.107388064,-0.017422149,0.0989215,0.1910391,-0.19209617,-0.045674,0.11843721,0.070462845,-0.048746377,-0.20934112,0.12245468,-0.091326915,-0.13294864,-0.16472511,-0.17570266,-0.045874372,0.230799,-0.14945692,0.06081965,0.18749614,-0.075544186,-0.10546494,0.016416986,0.22485311,0.15840323,-0.243171,-0.05315347
683,0.09743757,0.10617633,0.25043726,0.20175757,-0.105956696,0.06459515,-0.062240258,0.05313768,-0.021381216,-0.028655117,0.09177285,0.21934587,0.2992849,0.037307657,-0.10079731,0.005816928,-0.064198315,0.11921123,-0.14956962,-0.22415727,0.038331587,-0.0624663,-0.064218804,-0.02527501,-0.13156049,-0.154965,0.17676614,-0.0914076,0.18483204,-0.053211503,-0.073606946,0.035785303,0.08851256,0.19643126,-0.084876455,0.18338984,-0.0057513043,-0.07145802,0.12330029,0.07178046,0.057469152,0.07001175,-0.025272897,0.1686257,0.14042525,-0.010876717,0.085294336,0.076729916,-0.018821925,0.020278584,-0.103781134,0.019665085,0.12009312,0.13144186,-0.04328974,-0.099704094,0.13534433,-0.14885938,-0.1672939,0.0766917,0.0560687,0.011101356,-0.21265748,-0.3282342
