Sample ID,dim_0,dim_1,dim_2,dim_3,dim_4,dim_5,dim_6,dim_7,dim_8,dim_9,dim_10,dim_11,dim_12,dim_13,dim_14,dim_15,dim_16,dim_17,dim_18,dim_19,dim_20,dim_21,dim_22,dim_23,dim_24,dim_25,dim_26,dim_27,dim_28,dim_29,dim_30,dim_31
TCGA-MP-A4SY-01,2.2081337,2.5383663,3.7055647,5.8204117,2.8159432,4.936006,5.0589795,4.768102,4.1089516,2.637161,5.386758,4.265419,3.0584188,6.356637,5.7207108,6.141908,6.6306863,5.7064342,5.1367006,3.614499,6.6964803,3.4832597,5.2305045,3.8943768,5.321667,3.6768792,5.2673883,3.591094,2.9911246,4.65352,5.544638,7.8119907
TCGA-17-Z015-01,4.428863,2.2615147,4.025882,5.4265633,3.8259022,4.901171,5.848754,4.9981437,3.3743267,2.8068845,5.356156,4.283867,2.363582,5.2240543,5.263289,6.2240067,6.0895896,6.793355,5.1763334,3.713614,6.560092,3.0416856,4.910367,3.5504835,5.3949995,4.8711605,6.411497,3.372533,2.7105293,3.623384,6.2007155,6.7927423
TCGA-44-7662-01,4.349777,2.2253523,3.9910028,5.3920956,3.7139544,5.056412,5.795598,5.0129004,3.419332,2.8523173,5.276669,4.281818,2.475153,5.368581,5.262856,6.1744723,6.0341315,6.663047,5.206851,3.730927,6.627721,2.9921124,4.8714375,3.6125975,5.2850404,4.6805706,6.2995214,3.3662515,2.6901393,3.7769,6.186176,6.890285
TCGA-91-6840-01,1.4764299,2.9698045,3.6393528,5.942555,2.8152378,5.0927563,4.841636,4.552839,4.4054537,2.7936127,5.326033,4.2041283,3.1375315,6.636847,5.828359,6.133629,6.792328,5.3098607,5.1646485,3.7178082,6.440221,3.887239,5.3338513,3.8594818,5.260895,3.006089,4.910289,3.4348223,3.5463924,5.134646,4.9984975,7.8914595
TCGA-44-2665-01,0.6674975,4.061185,4.2237215,5.700109,3.676354,5.780933,4.7548895,3.9144099,4.8375983,2.8612645,5.015242,4.412702,2.950137,7.0552354,5.952793,6.0835676,6.39788,5.007083,4.807965,4.2948055,5.483234,4.5370884,5.6188445,3.6235757,4.8913965,2.52271,4.454764,3.0629716,4.48068,5.370671,4.1883574,7.915929
TCGA-95-7039-01,4.8092747,2.553765,4.2722135,5.308401,4.230412,5.4088664,5.9413123,4.6635985,4.088801,2.8042133,5.1278996,4.2384815,2.3904138,5.60709,5.2415915,6.1612496,6.0459175,6.636921,5.040791,3.9476092,6.3495483,3.2342136,4.665261,3.4584584,5.1332073,4.405564,6.4195275,3.5209603,3.515384,3.764227,5.7976475,6.938495
TCGA-78-7147-01,2.9881363,2.2256632,3.6862574,5.7413135,2.9881828,4.7711287,5.564716,4.80185,3.6101065,2.5237312,5.278245,4.221485,2.7037117,5.7108145,5.5490956,6.2735004,6.3783712,6.330316,5.155853,3.3369758,6.7892346,3.1485438,5.10683,3.8044803,5.505709,4.288019,5.7135153,3.6150224,2.654781,4.0664883,6.2123766,7.44978
TCGA-05-4427-01,4.69084,2.5097353,4.2280774,5.2959814,4.189027,5.356818,5.8664613,4.771998,3.9137547,2.7962518,5.161935,4.220468,2.3459356,5.557465,5.284599,6.1250854,5.983647,6.64638,4.993234,3.945026,6.3672433,3.2016919,4.7257276,3.496489,5.1336455,4.5939503,6.359881,3.482935,3.2568884,3.738989,5.9165387,6.89929
TCGA-17-Z047-01,0.6505854,4.1543655,4.3163795,5.6354704,3.8630042,5.8873796,4.785564,3.8604343,4.8171086,2.8910954,4.90487,4.439766,2.8895395,7.0144777,5.9592586,6.0212317,6.3292174,5.0130925,4.8498735,4.323181,5.431084,4.564703,5.4976416,3.571574,4.859627,2.5954952,4.4935403,3.1361074,4.4474874,5.202322,4.2374916,7.7886314
TCGA-86-8671-01,0.8705262,3.9067204,4.2233214,5.6789823,3.6491983,5.6814566,4.9297013,4.0529737,4.8323793,2.961319,4.9832883,4.5011377,2.7487066,6.740639,5.9143834,5.955377,6.3401294,5.203509,4.8239346,4.297261,5.663013,4.6254973,5.691653,3.5990777,4.8966107,2.9021206,4.5256114,3.00182,4.2717843,5.0385394,4.4699993,7.7288327
TCGA-44-7669-01,3.9957097,2.221175,4.0464177,5.4894257,3.7326903,4.8564715,5.656208,5.1287,3.256468,2.735768,5.5024524,4.2485366,2.3704343,5.3624697,5.432149,6.1922736,6.115962,6.630015,5.126405,3.8107295,6.52142,3.0634506,5.036096,3.6345932,5.286305,4.9072266,6.1729546,3.2856545,2.532061,3.6123393,6.210055,6.855886
TCGA-55-A4DF-01,4.6394534,2.3148897,4.0057545,5.389709,3.7210493,5.1778092,5.893144,4.8019023,3.913052,2.8615417,5.170509,4.2724214,2.5587971,5.563362,5.2647557,6.2179637,6.159988,6.608655,5.1944237,3.696611,6.6814713,3.0806546,4.65807,3.5446272,5.3279676,4.405052,6.433484,3.606855,3.1524165,3.9391317,5.9509964,7.045184
TCGA-50-5933-01,4.100844,2.242596,3.9408386,5.481612,3.5504036,4.950695,5.751403,4.926219,3.5976865,2.7366285,5.3206706,4.308586,2.5841026,5.5458727,5.3453345,6.2178397,6.227509,6.521022,5.208205,3.6667387,6.7162867,3.0551693,4.903209,3.6465387,5.3647294,4.606448,6.1963577,3.5131488,2.7179408,3.8444765,6.076587,7.0933847
TCGA-05-4417-01,3.1705785,2.2132277,3.83839,5.6039624,3.2129076,4.814302,5.416521,5.0042224,3.6680608,2.506875,5.428624,4.2207794,2.6646252,5.8097334,5.6307564,6.234834,6.3796134,6.3500314,5.047258,3.5685003,6.7599106,3.1210897,5.0848837,3.774149,5.472328,4.5615296,5.8163652,3.672585,2.527607,3.9659257,6.1003733,7.3877106
TCGA-86-6562-01,1.066985,3.8118467,4.241981,5.690207,3.5602412,5.8110175,4.9703374,3.8435042,4.8503704,2.7489908,4.964462,4.3243704,3.0241256,7.0268106,5.8504505,6.0850835,6.432158,5.2194915,4.8203535,4.281712,5.612352,4.3143473,5.476827,3.6420894,4.786167,2.6678946,4.499198,3.2811275,4.486402,5.257622,4.4652896,7.9953628
TCGA-44-6145-01,3.1249151,2.1886654,3.7708306,5.6157737,3.0773659,4.7982535,5.4527645,4.9817843,3.7742436,2.4046767,5.3854938,4.2268014,2.7440565,5.920276,5.683843,6.238193,6.4470944,6.259604,5.0815487,3.4957576,6.8901067,3.1070685,5.001888,3.788231,5.5138063,4.492095,5.790515,3.7693079,2.4898896,4.026803,6.084834,7.4810762
TCGA-91-A4BC-01,4.0340457,2.1600447,3.9661205,5.461299,3.6041832,4.8642797,5.652975,5.176127,3.2551632,2.6929204,5.4669237,4.2567186,2.4604783,5.3912544,5.4506383,6.1439104,6.09228,6.621804,5.1530247,3.7302566,6.670187,3.0028696,4.9855895,3.6718676,5.3487587,4.9311686,6.1924305,3.3573985,2.3833547,3.6594448,6.2800055,6.888168
TCGA-86-A4D0-01,4.5659075,2.587509,4.238793,5.2779436,4.223712,5.5327563,5.759483,4.8123026,3.9399886,3.0057914,5.1080265,4.2539477,2.47018,5.639357,5.278325,6.0145426,5.924393,6.513214,5.089723,4.004805,6.3198776,3.2669513,4.7037144,3.5278583,5.064337,4.3287044,6.2975044,3.3580594,3.422817,3.9254277,5.7637186,6.8706408
TCGA-05-4424-01,4.634407,2.3246949,4.0462503,5.3397326,3.7752066,5.2708864,5.9040184,4.762943,3.955574,2.8475468,5.140913,4.281911,2.547215,5.669678,5.2184086,6.1696153,6.075815,6.5758724,5.164652,3.8335931,6.645656,3.0827134,4.684922,3.558008,5.1750016,4.2996683,6.4231157,3.5523999,3.1786246,3.9855304,5.905602,7.0296183
TCGA-49-4486-01,1.8691959,2.7540812,3.788352,5.8532686,2.9234958,4.954723,5.0143867,4.6810994,4.1545916,2.678345,5.3970237,4.298507,2.940121,6.3889728,5.773147,6.1270757,6.602195,5.6122346,5.1083026,3.7603037,6.459464,3.6922464,5.3860116,3.842436,5.249395,3.5677493,5.1357245,3.3826222,3.1404424,4.646907,5.3855095,7.737577
TCGA-17-Z045-01,4.6840086,2.2937245,4.0453997,5.3857393,3.8607123,5.173844,5.8852925,4.9426117,3.6727643,2.9593363,5.22239,4.295117,2.5336666,5.4003763,5.24,6.164411,6.1038413,6.6850963,5.267793,3.700286,6.6252894,3.0451887,4.696911,3.5472653,5.3325667,4.5106916,6.4498477,3.4473872,3.0977764,3.7835958,6.037281,6.894099
TCGA-50-5072-01,2.0424263,2.5876198,3.664583,5.947616,2.6630375,4.868836,5.012951,4.8143086,4.1516504,2.652794,5.44675,4.193367,3.084334,6.417294,5.7913465,6.172499,6.7724314,5.5645714,5.210155,3.6211956,6.6728888,3.5811868,5.2442713,3.8718753,5.322309,3.493026,5.196177,3.4927437,3.1127236,4.7674403,5.427053,7.848913
TCGA-44-8119-01,4.7353606,2.3283637,4.034945,5.3503485,3.782664,5.257342,5.932622,4.781398,3.9415307,2.8970609,5.115038,4.281454,2.55082,5.56967,5.211723,6.1975527,6.1076694,6.622214,5.197474,3.7184403,6.6599283,3.0655072,4.6357093,3.5384393,5.276087,4.3574004,6.4480414,3.5874245,3.2093182,3.942807,5.9448433,7.030262
TCGA-49-AARR-01,1.079336,3.6932514,4.1237764,5.7127166,3.565099,5.5558505,4.893869,4.133261,4.6630373,2.8383114,5.0198917,4.4283695,2.848452,6.701814,5.850184,6.009079,6.3913817,5.257252,4.924051,4.1428094,5.8306265,4.3285904,5.58206,3.6442072,4.9932,2.9763095,4.6204495,3.097203,4.0503764,4.986341,4.6029706,7.782978
TCGA-49-AARE-01,4.7630396,2.5765603,4.2840605,5.291684,4.284087,5.4400654,5.87729,4.724083,4.002801,2.856212,5.144549,4.2353888,2.3780916,5.5866847,5.261755,6.106959,5.9878316,6.619762,5.035791,4.0009165,6.3013844,3.2566648,4.694389,3.471523,5.099922,4.4459925,6.3974657,3.439539,3.467644,3.7658257,5.7954755,6.869067
TCGA-75-7027-01,2.6770828,2.2388003,3.6984038,5.781354,2.8026536,4.75383,5.371593,4.9025493,3.8620715,2.415449,5.378922,4.216836,2.88587,6.0105295,5.733233,6.283852,6.596377,6.0907474,5.166975,3.347537,6.911453,3.1705854,5.059954,3.8168468,5.5737214,4.113195,5.6028376,3.7675474,2.7051148,4.1907864,5.9995484,7.6589994
TCGA-62-A472-01,0.656167,4.0491624,4.008827,5.72385,3.4639966,5.798771,4.857249,3.8658912,4.9617677,3.0157301,4.8641334,4.351083,3.0569522,7.0816617,5.9203687,5.9617767,6.488892,5.091222,4.846899,4.2026043,5.668907,4.559652,5.375455,3.5253336,4.8785915,2.5027812,4.4723325,3.1115308,4.5586514,5.3625503,4.3069715,7.882292
TCGA-69-7973-01,2.9249942,2.2309566,3.8217692,5.6356015,3.0491111,4.8072276,5.391845,5.0110283,3.8206763,2.33462,5.437871,4.165551,2.7231781,6.011991,5.8097863,6.2799487,6.4815903,6.1818542,5.0514507,3.5510445,6.8236585,3.1350403,5.003771,3.7278316,5.515736,4.411209,5.722038,3.7275367,2.5365694,3.982929,6.0134954,7.470789
TCGA-91-6835-01,0.82203096,3.7448177,4.10041,5.8063283,3.385535,5.6323833,4.78274,4.1403966,4.8602266,3.0088336,5.076134,4.3842716,3.0127845,6.9932885,5.9017863,6.0113277,6.5562963,5.0160065,5.007084,4.1572237,5.7138276,4.4504304,5.5242977,3.7081852,4.927298,2.542448,4.5388184,3.139797,4.203638,5.3681927,4.433251,7.8845987
TCGA-50-8459-01,0.97592473,3.6634376,3.925063,5.836031,3.2216203,5.68634,4.8529477,4.130333,4.850886,3.033218,5.016574,4.316996,3.108307,7.033927,5.9130425,6.00647,6.615893,5.03731,5.1035385,4.041558,5.7277174,4.315662,5.4502597,3.6445224,4.8663673,2.5196378,4.58328,3.148456,4.214106,5.3811965,4.5001445,7.9288454
TCGA-55-8510-01,3.2474585,2.205773,3.8072057,5.5696487,3.2140985,4.8382964,5.43471,5.0430074,3.6940708,2.437289,5.422115,4.1968465,2.6843278,5.8505616,5.6903963,6.182894,6.3491,6.351303,5.0198035,3.5518503,6.833466,3.1074274,5.01201,3.7719655,5.4894586,4.657696,5.8461127,3.7264168,2.4299161,3.9424727,6.1409516,7.3817534
TCGA-78-7542-01,3.7714834,2.1675115,3.9205596,5.531987,3.4214828,4.8708572,5.6290617,5.0719004,3.4243648,2.7122989,5.4296794,4.2816668,2.5718162,5.537927,5.4378066,6.2165365,6.23179,6.478669,5.2165484,3.6782286,6.709474,3.027131,5.0029836,3.6971397,5.3338404,4.606119,6.0705976,3.4152298,2.5710535,3.822103,6.1531863,7.0842547
TCGA-MN-A4N1-01,3.8367562,2.2407615,4.0079584,5.526382,3.670836,4.8309894,5.630371,5.084825,3.292088,2.7618906,5.4798303,4.2492614,2.3746054,5.365968,5.418304,6.2377725,6.158253,6.617918,5.1314583,3.7640202,6.504697,3.0891008,5.067837,3.6324682,5.331755,4.816672,6.1323795,3.2971537,2.5853574,3.6782963,6.1794505,6.9040594
TCGA-55-A490-01,4.819754,2.436312,4.090289,5.248779,3.924441,5.4663706,5.92366,4.7001953,4.1024256,2.9149685,4.983004,4.2621713,2.4970057,5.6990047,5.1831117,6.123574,5.9695516,6.5642858,5.0673304,3.8264103,6.577265,3.1196194,4.6021895,3.5369291,5.1359034,4.3225856,6.4030166,3.6176033,3.2734973,4.0603724,5.8755493,7.0606384
TCGA-55-6987-01,2.765544,2.2437913,3.7694218,5.7883787,2.9074707,4.7161655,5.277308,5.072751,3.7331624,2.712476,5.496003,4.3331275,2.831383,5.8908443,5.603711,6.337357,6.6518555,6.0219326,5.360598,3.5704882,6.770506,3.204398,5.130792,3.7832754,5.476875,3.9773643,5.692943,3.4741213,2.812219,4.2230825,5.786702,7.4582353
TCGA-78-7154-01,2.8539696,2.3067355,3.7827597,5.747733,2.820995,4.837266,5.453054,4.7695646,3.971853,2.3997273,5.363221,4.224813,3.024599,6.041529,5.6524563,6.268055,6.6267095,6.1341534,5.138207,3.3006816,6.969285,3.1459017,5.029513,3.7912886,5.5461597,4.0650167,5.632487,3.914698,2.8602448,4.220943,5.982499,7.773096
TCGA-49-6743-01,4.340485,2.3102732,4.005482,5.461715,3.6094172,5.109707,5.82648,4.8022394,3.9329011,2.7930942,5.2361712,4.29597,2.619444,5.6716266,5.3062963,6.2375717,6.260519,6.504818,5.223525,3.703216,6.6883826,3.1043887,4.74903,3.5832314,5.318771,4.2936916,6.308295,3.5879045,3.1419542,3.9499857,5.8999877,7.1398435
TCGA-62-A46S-01,1.033084,3.3240986,3.6882432,5.953812,2.9290473,5.300919,4.8149037,4.360763,4.6210856,2.9953048,5.160708,4.2363677,3.1286926,6.8539305,5.876183,6.098556,6.8125772,5.149583,5.108959,3.8707237,6.2175703,4.206484,5.330902,3.7344835,5.109982,2.6635795,4.6478257,3.293069,3.9273152,5.3283796,4.7582073,7.9420857
TCGA-44-7671-01,2.4987202,2.3594007,3.7416651,5.7821136,2.71431,4.87336,5.2512746,4.8441796,3.9671755,2.497697,5.3362756,4.2082176,3.0676332,6.0487423,5.672635,6.285681,6.634978,5.997831,5.2020726,3.2976844,6.896756,3.2237194,5.0514617,3.813422,5.5844593,3.8173912,5.4871407,3.7888486,2.8903847,4.361735,5.861356,7.7568746
TCGA-62-A46Y-01,0.5851806,4.189993,3.9739952,5.662062,3.6847296,5.7306833,4.82121,3.9412796,4.7243767,3.073562,4.8875613,4.45749,2.8355727,6.935274,5.958521,6.0151553,6.3967657,5.1390257,4.816184,4.218358,5.6561246,4.683239,5.4549017,3.4097912,4.982487,2.7058408,4.512918,2.876312,4.4140143,5.184105,4.3111925,7.698922
TCGA-55-8615-01,1.1288798,3.376139,3.760877,5.8865447,2.9439983,5.4378004,4.834824,4.242922,4.6369376,2.8959408,5.1593924,4.1751037,3.2453253,6.921549,5.8890758,6.0829964,6.759013,5.063254,5.137016,3.86094,6.04049,4.0832925,5.378185,3.7712643,5.018732,2.5608492,4.689917,3.3385353,3.9641297,5.42203,4.638192,8.0038595
TCGA-MP-A4TE-01,1.3754117,3.0837364,3.678006,5.9662423,2.818338,5.15061,4.853894,4.5521345,4.4565606,2.9278817,5.2970266,4.2254133,3.1491573,6.7146707,5.8531775,6.145242,6.803515,5.2705827,5.167954,3.7838979,6.337113,3.9372811,5.312838,3.78544,5.1919765,2.8875349,4.8481956,3.3253887,3.6542854,5.199146,4.906559,7.885807
TCGA-64-1677-01,2.7879508,2.3314257,3.7505262,5.78653,2.839656,4.841737,5.3984346,4.812454,3.9919846,2.4689927,5.3316364,4.2326665,2.9472597,6.056132,5.6891227,6.277351,6.615097,6.041307,5.20353,3.3601942,6.8853846,3.2237031,5.003313,3.7821577,5.551222,3.9428487,5.6376634,3.7799287,2.9067802,4.273199,5.8893595,7.6801696
TCGA-75-7030-01,0.86813384,3.9013731,4.4308176,5.6594133,3.7679505,5.759168,4.8308134,4.0562572,4.850833,2.907712,5.055304,4.490741,2.8358452,6.8961396,5.897249,5.961825,6.3511524,5.0594497,4.903004,4.323617,5.5018477,4.5365596,5.6271505,3.7302158,4.886075,2.762509,4.5715613,3.1401916,4.2082458,5.1387534,4.3848567,7.782208
TCGA-69-7764-01,0.9030466,3.607435,3.9273846,5.89736,3.2000477,5.539409,4.7556605,4.1774764,4.814811,2.998245,5.0730085,4.259341,3.134732,6.991077,5.850194,6.0209403,6.6399784,5.041135,5.068605,4.0507774,5.854934,4.2930856,5.386949,3.7286308,4.9393,2.5154877,4.5523763,3.2334735,4.141615,5.392,4.519328,7.9325314
TCGA-50-6673-01,0.6786616,3.7989633,4.0473933,5.771215,3.4913316,5.5620575,4.7362022,4.114527,4.895653,2.9905403,4.93012,4.4785075,3.0172358,6.9764075,5.786451,6.0652657,6.4730573,5.149656,4.9213033,4.1349063,5.893848,4.4099226,5.3347764,3.61794,5.0896983,2.5274591,4.45885,3.1260953,4.2429276,5.3874407,4.4863405,7.8499327
TCGA-97-A4M5-01,1.8941519,2.7163193,3.695446,5.944469,2.734397,4.9681206,4.9527845,4.6774735,4.2258086,2.6847281,5.426354,4.2048993,3.142469,6.5021157,5.755605,6.146781,6.721884,5.513528,5.17962,3.667891,6.558285,3.6561484,5.297666,3.8953323,5.2625804,3.330789,5.133133,3.4807954,3.275807,4.841463,5.320208,7.887228
TCGA-44-3918-01,4.7238083,2.4956505,4.241512,5.3226357,4.1825695,5.333435,5.897185,4.759966,3.9296062,2.7835255,5.187542,4.2211456,2.3668635,5.537071,5.2827687,6.1594024,6.028768,6.6680636,5.0291915,3.9206083,6.3758864,3.191796,4.71026,3.4825358,5.1645207,4.5596275,6.38545,3.4953518,3.3213654,3.7053812,5.9136643,6.9071655
TCGA-17-Z043-01,2.4084835,2.4021294,3.6791165,5.850397,2.6715105,4.850045,5.248584,4.7592144,4.0601106,2.4559608,5.393303,4.226528,3.094016,6.265317,5.741204,6.195345,6.674758,5.832475,5.1765337,3.4044743,6.883081,3.331009,5.118892,3.880333,5.444028,3.7716641,5.3777957,3.7351837,2.923803,4.465323,5.761013,7.8559403
TCGA-73-4666-01,3.6028788,2.2480145,3.95303,5.554296,3.492055,4.8241014,5.5010104,5.084869,3.5215783,2.6131048,5.5372467,4.2227883,2.5272956,5.631604,5.5766263,6.19826,6.277382,6.467734,5.081303,3.7504973,6.6260767,3.1430452,5.046888,3.682899,5.3712845,4.732221,6.0427322,3.4565084,2.5816922,3.7790318,6.074423,7.0914907
TCGA-44-A4SS-01,4.290133,2.20455,4.002253,5.4721336,3.7015831,4.7909093,5.819053,5.050618,3.1886926,2.7988765,5.397908,4.2977996,2.332157,5.164519,5.2488575,6.243149,6.081644,6.798158,5.207248,3.7136807,6.546594,3.0006135,5.0241776,3.5841725,5.3980236,4.9241147,6.3616505,3.2712135,2.5272086,3.6208284,6.2743077,6.7550898
TCGA-49-AARQ-01,4.816754,2.2935226,4.0602403,5.406055,3.854769,5.122443,5.9771566,4.838573,3.795903,2.8868861,5.233776,4.301335,2.5250714,5.4236164,5.2097273,6.2357697,6.1833906,6.7266746,5.274097,3.700473,6.6362348,3.0533862,4.672877,3.505152,5.3531284,4.4502873,6.5381613,3.5095572,3.2197146,3.7443893,5.983034,6.9222608
TCGA-97-A4LX-01,1.9173416,2.670453,3.699687,5.951455,2.6846256,4.90726,4.9121194,4.7463617,4.2169976,2.6533487,5.47126,4.211529,3.1282547,6.4920807,5.765465,6.138522,6.7520065,5.495859,5.1905303,3.7096426,6.6049986,3.642701,5.3222675,3.9077926,5.252295,3.3915756,5.1305184,3.4843214,3.19718,4.80738,5.373861,7.8963275
TCGA-67-3771-01,4.9063363,2.4543047,4.144588,5.248789,4.0470715,5.4417644,5.9443655,4.7055974,4.078966,2.8988774,5.0476675,4.2532287,2.4515865,5.655347,5.1932273,6.11987,5.9648924,6.623789,5.063713,3.9086626,6.5183945,3.1488812,4.598145,3.4981112,5.1230245,4.384639,6.4824953,3.5708823,3.340032,3.956744,5.84871,6.960203
TCGA-50-5066-01,3.1723025,2.133373,3.8254611,5.6495852,3.0263567,4.7636695,5.4404106,5.0542684,3.6610937,2.6167612,5.448684,4.315467,2.7593946,5.809778,5.544642,6.332618,6.511217,6.22721,5.280071,3.5891378,6.84402,3.0571003,5.0627856,3.765834,5.4450784,4.2669616,5.8590817,3.5800757,2.6315324,4.0514817,5.969413,7.3921328
TCGA-73-4662-01,2.6529727,2.2904491,3.7188218,5.7890916,2.7552414,4.836284,5.3689547,4.83101,3.946299,2.427771,5.350089,4.2099457,2.9969916,6.082065,5.713296,6.253857,6.605779,6.0407276,5.1807384,3.329452,6.9331093,3.1798127,5.038177,3.829238,5.5372415,3.9760792,5.564085,3.8107183,2.8263512,4.275347,5.937282,7.7417955
TCGA-95-8494-01,0.9971204,3.4405005,3.8521934,5.9806237,3.0723526,5.4117746,4.7385936,4.2789125,4.768695,2.9881485,5.1190166,4.206414,3.1654122,6.9325156,5.8201165,6.0387416,6.705825,5.084749,5.110734,3.9822757,6.01514,4.1911697,5.340836,3.7823691,4.9967437,2.5527332,4.5850234,3.3062341,4.0326285,5.391703,4.633914,7.9485517
TCGA-91-6849-01,1.3452895,3.2377794,3.8862314,5.867751,3.0769424,5.280267,4.8475604,4.424441,4.484527,2.8523045,5.223774,4.320456,3.0967398,6.729069,5.857588,6.113223,6.6570396,5.240297,5.099033,3.839318,6.1227493,4.0345244,5.383943,3.7611718,5.160465,2.93095,4.8357916,3.2501545,3.7245874,5.1120176,4.7971506,7.8684607
TCGA-97-7941-01,0.9849417,3.6106975,4.063784,5.82368,3.378913,5.4868827,4.825522,4.2110405,4.750893,2.9325716,5.0606236,4.366229,2.9193878,6.734752,5.839627,5.968576,6.485503,5.166874,4.9881496,4.1187944,5.890991,4.3656235,5.542804,3.7260163,4.9639745,2.8528929,4.5817747,3.1663811,4.022671,5.0766277,4.6193686,7.80531
TCGA-86-8073-01,4.6651297,2.5816953,4.2423415,5.2597613,4.2050586,5.5594864,5.8209248,4.737118,4.065851,2.961683,5.059411,4.2483506,2.4613392,5.69356,5.2478223,6.0454597,5.9321675,6.5184956,5.0567527,3.9944804,6.349525,3.252415,4.658751,3.515645,5.0488815,4.2882004,6.3274193,3.4455936,3.4733047,3.9580112,5.7511435,6.9341507
TCGA-78-7167-01,1.0883678,3.356774,3.7145755,5.9202027,2.9551375,5.339942,4.8095226,4.344695,4.629826,2.9726229,5.1820707,4.237119,3.1494434,6.8729353,5.8747683,6.1401033,6.752615,5.1568813,5.0849104,3.9063473,6.1264453,4.1544104,5.376237,3.7235565,5.092193,2.639487,4.690557,3.2460585,3.960209,5.389762,4.6796703,7.925432
TCGA-62-A470-01,1.0985177,3.3284774,3.734658,5.938985,2.9402437,5.3397717,4.7971773,4.357198,4.6558475,2.9834452,5.168625,4.231519,3.1771936,6.8905997,5.857529,6.120667,6.755394,5.1216483,5.11826,3.87842,6.1483636,4.140315,5.3385773,3.7598102,5.096609,2.607824,4.6903534,3.2786074,3.9224205,5.4009886,4.6860943,7.9399242
TCGA-05-5428-01,3.577206,2.228847,3.9631627,5.5835824,3.5078368,4.805069,5.572431,5.064464,3.358713,2.7189486,5.4913826,4.25424,2.4609091,5.4819098,5.476753,6.253167,6.2371645,6.5059175,5.150191,3.7144883,6.560619,3.104852,5.100247,3.674883,5.346662,4.6856194,6.0084047,3.3392947,2.5934398,3.7633862,6.141633,7.032778
TCGA-97-8552-01,0.69762486,4.104213,4.167005,5.712245,3.790209,5.820087,4.7761593,3.7911613,4.924633,2.8434544,4.8220673,4.4406643,2.8832126,6.837999,5.8935857,5.940349,6.2842574,5.1336656,4.7545195,4.354496,5.6189823,4.598278,5.573544,3.526919,4.853662,2.700953,4.308331,2.9491243,4.644904,5.2039337,4.2505918,7.8610373
TCGA-17-Z003-01,2.8383362,2.213385,3.7709105,5.677361,2.9771376,4.788214,5.3589487,4.9948077,3.8004727,2.3909664,5.4312115,4.201887,2.789325,6.004708,5.766675,6.25828,6.5094657,6.1580553,5.0847225,3.4929996,6.863276,3.1388252,5.0548,3.7849672,5.5214815,4.3490243,5.668105,3.745141,2.558434,4.078856,6.02109,7.547257
TCGA-44-7667-01,4.252835,2.200163,4.0042877,5.4808264,3.7294428,4.8098764,5.7852855,5.085936,3.2174828,2.798595,5.429981,4.278849,2.3444448,5.1995077,5.30361,6.2324486,6.1025057,6.779689,5.2013645,3.7183092,6.5490336,3.0139914,4.9926434,3.588472,5.397854,4.913519,6.3493395,3.281777,2.558928,3.6022434,6.2654586,6.763284
TCGA-97-8179-01,1.9035307,2.6698768,3.6791985,5.9410267,2.6949177,4.9198637,4.962762,4.717138,4.213639,2.6585107,5.4233727,4.218653,3.119321,6.472389,5.781682,6.158026,6.7503242,5.5276947,5.18539,3.643244,6.6164117,3.629436,5.289603,3.8942819,5.301087,3.4028308,5.133087,3.5142386,3.2032251,4.8034554,5.370181,7.8837147
TCGA-49-4501-01,0.75995636,3.985461,4.053946,5.7136974,3.5737288,5.8062334,4.8252344,3.8789787,4.9615555,2.8855987,4.87519,4.38168,2.981553,6.9777145,5.902942,6.061462,6.3906527,5.149575,4.788383,4.2556396,5.636164,4.4818916,5.4631233,3.524998,4.886053,2.5351408,4.4480357,3.1071038,4.640168,5.3749795,4.300949,7.8940163
TCGA-MP-A4T7-01,1.3735007,3.090429,3.6496534,5.915165,2.836786,5.167431,4.8746524,4.4924684,4.401392,2.8678753,5.2585797,4.2422647,3.158132,6.708958,5.8832774,6.1752806,6.796954,5.293289,5.118126,3.7251928,6.3814864,3.9775004,5.2760234,3.7796476,5.245484,2.9499538,4.8849444,3.3502934,3.6587346,5.168502,4.8921385,7.872505
TCGA-55-A491-01,3.4252267,2.2209718,3.8576164,5.6191764,3.3026106,4.826731,5.5257626,5.0289745,3.5392296,2.6548226,5.4179945,4.2193794,2.6088717,5.585093,5.532357,6.2519636,6.332541,6.4621596,5.150181,3.5341852,6.69726,3.0963225,5.028502,3.7034812,5.4772444,4.519859,5.965083,3.5308542,2.6811898,3.8896303,6.1471744,7.2120667
TCGA-55-1592-01,4.036328,2.283966,3.9220295,5.5341096,3.6863325,4.854919,5.789834,4.8950415,3.4338443,2.785127,5.298237,4.246769,2.340673,5.2710776,5.299236,6.280867,6.1313114,6.7472773,5.1346707,3.5990686,6.520024,3.09529,4.9885416,3.5799122,5.4583735,4.693284,6.2551374,3.3944607,2.7955213,3.7382412,6.2200623,6.906178
TCGA-86-7713-01,2.0317163,2.6873076,3.7336931,5.8945456,2.7450237,4.9446464,4.948138,4.7821784,4.2596498,2.7602522,5.370053,4.2681284,3.0184457,6.3880806,5.710448,6.1631584,6.7280087,5.547678,5.192866,3.7113872,6.555317,3.679963,5.2446256,3.8244135,5.307716,3.4041166,5.1612897,3.433433,3.226689,4.817351,5.320283,7.7864356
TCGA-93-7347-01,1.1761243,3.359917,3.787585,5.8542633,3.0504563,5.3885884,4.8911757,4.3592186,4.6513324,2.9944868,5.173819,4.3112392,3.0611892,6.8032293,5.890095,6.1320753,6.6842523,5.2130165,5.068461,3.936185,6.0626464,4.2142997,5.4104323,3.696252,5.085731,2.7283332,4.7604833,3.212297,3.967671,5.321213,4.7062306,7.8460155
TCGA-69-7761-01,0.6667331,4.160345,4.248989,5.6338143,3.807856,5.8435144,4.797298,3.8814178,4.7719088,2.9184084,4.9434543,4.4479604,2.8840425,6.9710975,5.9930906,6.017148,6.3556094,5.028188,4.828463,4.2972083,5.455859,4.6153727,5.5200806,3.5543861,4.8987255,2.6441998,4.5387936,3.0547686,4.430639,5.196721,4.231933,7.7644815
TCGA-97-7546-01,2.6476643,2.3127098,3.772893,5.6966367,2.9997113,4.8284087,5.28772,5.000316,3.8783534,2.652252,5.3443227,4.3228307,2.7621424,5.9747677,5.655757,6.3399696,6.581137,6.0281224,5.2511773,3.5784202,6.7493277,3.2425148,5.094477,3.760244,5.4984307,4.009767,5.6181235,3.5696564,2.8010767,4.25749,5.7669215,7.4977117
TCGA-17-Z017-01,2.6521056,2.2952945,3.7262166,5.8121467,2.71027,4.781054,5.394987,4.8060813,3.9500904,2.380306,5.373949,4.2422915,2.9930756,6.098081,5.7175174,6.2751446,6.646402,5.9825597,5.216867,3.3374498,6.941668,3.2120786,5.0487576,3.819501,5.534747,3.9309626,5.5416164,3.7712693,2.8126218,4.2650485,5.9097443,7.741583
TCGA-73-4677-01,2.7503133,2.1770158,3.762446,5.7693663,2.780378,4.7013316,5.3739314,4.9642963,3.7783542,2.4156125,5.5048304,4.2732053,2.8939369,6.039157,5.7116246,6.26801,6.5998645,6.036285,5.2310596,3.4866536,6.9238563,3.1277292,5.121189,3.834819,5.461326,4.1528807,5.6264043,3.6480322,2.5998228,4.118735,5.959134,7.6095023
TCGA-55-7911-01,2.6927094,2.2298093,3.7352154,5.789653,2.7404616,4.7539186,5.3395586,4.915794,3.8887944,2.432375,5.426713,4.246579,2.971567,6.0501413,5.7141085,6.285687,6.6487026,6.0355163,5.223607,3.3688285,6.9548697,3.1479719,5.0602903,3.8247397,5.5604167,4.030409,5.619498,3.7782745,2.7416425,4.221424,5.9394026,7.6983223
TCGA-86-8054-01,2.590852,2.2433727,3.6476254,5.8576965,2.6281075,4.7433634,5.4185524,4.7962995,3.8693254,2.362729,5.347259,4.225916,2.984761,6.063083,5.7377725,6.26885,6.6222405,6.0012207,5.229359,3.258424,6.9772506,3.186618,5.063149,3.8556652,5.561468,3.9479427,5.53479,3.7745106,2.7557542,4.263932,6.014326,7.751781
TCGA-05-4250-01,4.074257,2.2980273,3.9598808,5.513447,3.4896986,5.0384393,5.7370253,4.832602,3.903944,2.7431996,5.280777,4.2842207,2.6546116,5.7110343,5.380135,6.2465615,6.315719,6.44702,5.2099533,3.6548178,6.7130194,3.1205845,4.8115396,3.6222467,5.366373,4.3067865,6.1980934,3.6074417,3.0464406,3.9750628,5.919695,7.2107277
TCGA-55-7914-01,2.167828,2.5468802,3.679589,5.8778763,2.6807373,4.925151,5.095168,4.758938,4.1672845,2.5887654,5.3870664,4.226625,3.1294713,6.3996058,5.766714,6.1543517,6.716524,5.6378403,5.19464,3.535517,6.7692537,3.4785624,5.1725183,3.8776648,5.351113,3.5466478,5.2252655,3.6138656,3.061277,4.688898,5.525771,7.8838744
TCGA-MP-A4TF-01,3.8788931,2.2492177,3.95729,5.4818516,3.648323,4.906671,5.647725,5.0582194,3.3141847,2.8445451,5.355318,4.252256,2.3949978,5.3166394,5.334139,6.259831,6.1165466,6.6602874,5.1476145,3.6867065,6.5301847,3.0519621,5.0201416,3.620737,5.382724,4.747733,6.156369,3.3408012,2.5975661,3.7802954,6.1958966,6.9235477
TCGA-55-8614-01,2.7291815,2.3379898,3.7064378,5.7847624,2.806707,4.867,5.3963895,4.7844615,3.9502375,2.470692,5.309364,4.1663523,2.9869533,5.997602,5.677738,6.263674,6.578852,6.146242,5.1289635,3.2464573,6.8955793,3.198562,5.011543,3.799052,5.5941677,3.9792295,5.603392,3.839295,2.9245431,4.2521853,6.002856,7.7211847
TCGA-62-A46O-01,4.853044,2.3928485,4.1357374,5.3730106,3.9781919,5.2278914,6.021519,4.713926,3.9853454,2.8211226,5.154075,4.287991,2.4622645,5.5101786,5.193402,6.2423096,6.1576395,6.6965513,5.1732464,3.7491274,6.549259,3.1119394,4.6500916,3.478375,5.2844176,4.407408,6.4941764,3.5787795,3.3727205,3.757254,5.916913,6.990613
TCGA-55-7907-01,4.8772717,2.4546874,4.1318483,5.2398777,4.017883,5.485876,5.917933,4.722622,4.0768843,2.9413395,5.0152097,4.2588134,2.4835453,5.673577,5.1894636,6.0976267,5.94774,6.5839295,5.079587,3.8909001,6.5308757,3.141184,4.5915194,3.5194352,5.1112785,4.338639,6.4463787,3.5634491,3.3279474,4.0138564,5.846574,6.9837165
TCGA-MP-A4T4-01,3.5089657,2.10313,3.853829,5.6004505,3.10073,4.7978597,5.629552,4.9727488,3.5510237,2.6276948,5.4045615,4.328243,2.7254965,5.697982,5.423647,6.2894726,6.381822,6.3367515,5.2989936,3.5982943,6.8560677,2.9866974,5.0388455,3.7551522,5.3511276,4.3532033,5.9636574,3.5176985,2.5903594,3.9681706,6.0840077,7.304199
TCGA-97-7937-01,4.2063847,2.2241635,3.9976556,5.4905896,3.7342753,4.8072114,5.807519,5.0211167,3.2146158,2.7925644,5.394511,4.2799153,2.3099947,5.181926,5.2728276,6.257012,6.0822024,6.7838597,5.1785655,3.7046487,6.513225,3.024463,5.0322633,3.5826697,5.386953,4.886823,6.3136945,3.2746572,2.580034,3.6157913,6.275627,6.780141
TCGA-83-5908-01,2.7699564,2.2567065,3.6437137,5.755607,2.8499398,4.794831,5.38023,4.933088,3.9603612,2.3734121,5.322015,4.1738777,2.8626316,6.076846,5.7968135,6.292023,6.6161494,6.073418,5.127107,3.3469422,6.9199734,3.2206025,4.9431477,3.8051274,5.6194606,4.1557174,5.641237,3.849995,2.7091894,4.22961,5.950677,7.645931
TCGA-NJ-A4YQ-01,4.7994313,2.4911773,4.184419,5.2950854,4.0676904,5.4342303,5.946506,4.662016,4.1362314,2.8671381,5.064004,4.2661147,2.4792986,5.6835394,5.2023,6.148319,6.0426984,6.5835457,5.092589,3.8955185,6.478637,3.183191,4.621632,3.493638,5.13091,4.2810717,6.425019,3.5685914,3.4646218,3.9285715,5.790983,7.014462
TCGA-93-A4JO-01,0.77489805,4.000369,4.1328955,5.6876845,3.5107317,5.8477883,4.9176183,3.8259573,4.8647466,2.9040935,4.888293,4.316177,3.0163662,7.0497417,5.9542503,5.936504,6.4767294,5.066904,4.8689947,4.23153,5.626474,4.5278254,5.455824,3.5670176,4.801121,2.59844,4.484363,3.1713338,4.491734,5.2498164,4.3275,7.9083967
TCGA-55-6984-01,0.6448928,4.159652,3.9453092,5.6853905,3.676616,5.7128186,4.8303027,3.9678361,4.740131,3.068952,4.8973074,4.441579,2.7930562,6.886804,5.965566,6.030117,6.364552,5.177556,4.792809,4.2150407,5.6156116,4.685289,5.5091915,3.3769753,4.957724,2.7576373,4.490008,2.8275206,4.45076,5.1456,4.2808027,7.6977644
TCGA-97-8547-01,0.82181954,3.9643703,3.9797575,5.8060427,3.5176127,5.9112625,4.8258934,3.8660576,4.9328256,3.0005198,4.819192,4.2965436,3.078594,7.1357074,5.883281,5.919577,6.496189,5.0242543,5.0293403,4.152948,5.623266,4.4198647,5.337167,3.5503914,4.7460093,2.44888,4.418262,3.1617334,4.5478663,5.3327565,4.3655505,7.962394
TCGA-44-A4SU-01,1.6870294,2.83801,3.684307,5.89366,2.7757225,5.0534396,4.935772,4.6328883,4.326964,2.793545,5.3000846,4.2655272,3.1241517,6.5320916,5.7880545,6.1599092,6.735036,5.463266,5.1522713,3.608943,6.511091,3.7472372,5.2392106,3.82607,5.3253136,3.2107687,5.023925,3.5036943,3.3398845,4.940685,5.2185197,7.8603578
TCGA-69-7763-01,0.73273766,3.871424,3.9291115,5.866142,3.2801788,5.680059,4.8011217,3.9576163,4.959723,3.03467,4.908465,4.23885,3.144377,7.020998,5.891526,5.9627914,6.5754433,5.0360026,4.9380574,4.1621685,5.725758,4.461774,5.3155017,3.621702,4.8439865,2.4435654,4.448675,3.1923904,4.4201164,5.423613,4.3752933,7.896917
TCGA-50-6595-01,1.081439,3.3816051,3.7409065,5.9115844,2.9725912,5.3868966,4.8174653,4.2985725,4.653793,2.9495053,5.1991334,4.17155,3.1660366,6.8783903,5.8843102,6.119346,6.749262,5.0880976,5.119096,3.9419804,6.067466,4.148255,5.4307356,3.781721,5.0208387,2.578401,4.6991405,3.2882879,3.969141,5.451973,4.6398435,7.918272
TCGA-50-5941-01,3.556242,2.2194927,3.876237,5.528777,3.3949578,4.857271,5.537312,5.073186,3.5471005,2.5743277,5.437208,4.2227087,2.5913334,5.6593113,5.5782723,6.178039,6.2584743,6.4714966,5.0793066,3.6208596,6.7436185,3.0882788,4.9913487,3.7148237,5.4461656,4.734687,6.0041895,3.5782013,2.4750295,3.8366818,6.169759,7.1808343
TCGA-86-A4P7-01,0.8521593,3.8427362,4.340698,5.7648716,3.6810012,5.771166,4.721241,4.0536356,4.844393,2.9264584,5.0061398,4.313708,2.967869,6.954764,5.865285,5.8755717,6.40283,4.913351,5.070896,4.2155285,5.5245295,4.4247026,5.4190655,3.798107,4.8030515,2.6289144,4.5877414,3.3288188,4.1241946,5.126202,4.392447,7.8069715
TCGA-MP-A4T9-01,0.70006025,4.126059,4.4024463,5.62219,3.8649805,5.844281,4.7938037,3.9232457,4.821334,2.9128568,5.0101027,4.4829497,2.8453496,6.9658575,5.960898,5.9906154,6.3210216,5.021376,4.8175974,4.3681774,5.3890424,4.634449,5.5855966,3.6467192,4.882995,2.6896365,4.561663,3.085156,4.38309,5.1797066,4.239107,7.75787
TCGA-50-5044-01,1.1040035,3.5939376,4.0834274,5.765932,3.460314,5.4787526,4.8918104,4.2059016,4.657349,2.865019,5.0598664,4.4102235,2.839317,6.629927,5.8531055,5.9514465,6.421607,5.2673163,4.947807,4.1168127,5.9467754,4.346382,5.564612,3.7013824,4.999819,3.038944,4.663854,3.1563592,3.9675694,4.927134,4.700652,7.750004
TCGA-78-8662-01,4.977272,2.4281707,4.1814,5.365739,4.084761,5.23817,6.046295,4.69152,3.992587,2.8267348,5.1723967,4.283028,2.4403028,5.474062,5.184794,6.2410946,6.1571417,6.73554,5.1813183,3.797123,6.4914746,3.1408074,4.637968,3.443461,5.2754827,4.4180546,6.5609922,3.541281,3.4624298,3.6971905,5.8732114,6.921608
TCGA-MP-A4TA-01,3.3317828,2.104062,3.8388977,5.657255,3.0070865,4.759329,5.5342712,5.0109673,3.6285763,2.635876,5.446778,4.338817,2.7785742,5.7712865,5.4739714,6.3350434,6.5008216,6.241021,5.342631,3.5895188,6.8683515,3.0188065,5.048927,3.763841,5.398659,4.2225103,5.915621,3.5400193,2.6700177,4.0302625,5.983002,7.372332
TCGA-38-A44F-01,0.9809276,3.8503017,4.262186,5.5982637,3.7390375,5.7077365,4.8876443,4.0305443,4.7662697,2.7870948,4.999879,4.537891,2.8457663,6.7857428,5.8846583,6.0590234,6.313444,5.214279,4.8337917,4.217491,5.6154084,4.440389,5.655432,3.596939,4.995735,2.8374107,4.584422,3.0247364,4.2904754,5.1312943,4.39679,7.800886
TCGA-97-8174-01,1.9904461,2.63748,3.6801274,5.91905,2.6795092,4.9320974,4.9935,4.7057786,4.2123895,2.6553707,5.4065523,4.235215,3.149551,6.443518,5.751399,6.1288786,6.721926,5.5715337,5.177663,3.5852118,6.673652,3.5834613,5.244895,3.9018812,5.3227077,3.43291,5.152355,3.5551226,3.159877,4.767049,5.4295273,7.8971143
TCGA-55-7913-01,3.7691753,2.1415246,3.882296,5.501833,3.401377,4.8674693,5.5626483,5.1646757,3.3662472,2.6352234,5.4524846,4.252745,2.589963,5.552163,5.5241985,6.1417413,6.1734166,6.4870667,5.163324,3.6586025,6.7761264,3.0106604,4.987357,3.7286828,5.3784766,4.7782345,6.0608387,3.4541566,2.3672864,3.79567,6.242061,7.0617356
TCGA-44-7670-01,4.9823136,2.4871337,4.2420774,5.3190646,4.211588,5.3063374,6.0026407,4.690173,4.000159,2.7944221,5.181129,4.2457423,2.373653,5.5069656,5.2203355,6.1924267,6.069294,6.7325897,5.085014,3.9261594,6.4005613,3.1887083,4.6528263,3.43351,5.1891613,4.504383,6.5475636,3.50856,3.4511201,3.6780682,5.855139,6.8604307
TCGA-17-Z060-01,2.6842618,2.1924589,3.6950748,5.792944,2.7582395,4.694882,5.2951155,5.0214486,3.8705866,2.4377549,5.462791,4.2301416,2.9078133,6.0320315,5.7529974,6.3326187,6.6965775,6.0396156,5.220864,3.397092,6.9327664,3.1666584,5.038574,3.8216262,5.615168,4.1068735,5.6483083,3.7652194,2.6883507,4.202028,5.906155,7.642752
TCGA-49-AAR3-01,1.548057,2.9482653,3.6844938,5.9404607,2.8102756,5.086599,4.875633,4.582167,4.387536,2.8207757,5.337078,4.2266445,3.1352313,6.6139784,5.820123,6.1324897,6.7764554,5.353555,5.1691236,3.72769,6.422247,3.8372312,5.329218,3.8350718,5.2460737,3.056954,4.9492364,3.413794,3.51793,5.071783,5.0451927,7.8851724
TCGA-55-7903-01,1.8391695,2.7137187,3.6725123,5.9281406,2.7105083,4.960854,4.966982,4.680147,4.244599,2.6930525,5.3806777,4.2343874,3.1319048,6.4950595,5.7808614,6.165971,6.7467394,5.5085163,5.1769447,3.6151533,6.5899353,3.659392,5.2699018,3.876792,5.311217,3.3369975,5.101735,3.5162942,3.2489736,4.848538,5.3240438,7.883081
TCGA-86-8074-01,0.8240066,3.8987668,4.0326366,5.827218,3.4410045,5.8045473,4.852345,3.927412,4.9199176,3.012977,4.8846545,4.31313,3.0693567,7.1143756,5.8864546,6.0127244,6.5217695,5.0496664,4.988411,4.1851068,5.59661,4.4213715,5.403346,3.5678318,4.7709355,2.454291,4.4081583,3.1062434,4.448751,5.386818,4.3910117,7.9651804
TCGA-86-A4P8-01,0.9121258,3.753287,4.444991,5.7710733,3.7194512,5.726015,4.6877613,4.149589,4.8020144,2.9243884,5.0692167,4.3286414,2.9423244,6.910886,5.846054,5.8630085,6.3867264,4.8797364,5.130644,4.209077,5.496398,4.388671,5.4108996,3.886722,4.819078,2.6898096,4.6641493,3.3975787,3.9495366,5.047967,4.448306,7.757371
TCGA-50-5942-01,0.9300425,3.8560555,3.9675689,5.736739,3.3989246,5.8314414,4.8699813,3.9690206,4.96322,2.96167,4.94884,4.2906923,3.0757356,7.076733,5.8874855,5.9358854,6.4986644,5.0888844,4.9718075,4.134923,5.6714754,4.3900666,5.479845,3.578939,4.8315268,2.509318,4.5591116,3.143453,4.500313,5.38379,4.352284,7.9452224
TCGA-75-6205-01,0.71946496,3.906575,4.080325,5.91278,3.334508,5.6764283,4.7975774,3.9039125,4.9693065,3.0117424,4.9329567,4.205818,3.1501303,7.050579,5.871127,6.058521,6.5340867,5.04503,4.8659143,4.2851195,5.542965,4.4501963,5.324292,3.664595,4.776446,2.3892686,4.418076,3.2493994,4.4515395,5.4744763,4.3687634,7.9046564
TCGA-MP-A4TJ-01,0.88439417,3.7093282,4.2398925,5.86006,3.4978223,5.6649556,4.680863,4.10449,4.8152843,2.9137638,5.0551786,4.2024326,3.0739686,6.9761686,5.83972,5.9086947,6.500331,4.8798914,5.1307826,4.1442046,5.6055474,4.3130093,5.3796735,3.8533983,4.800623,2.55005,4.5761576,3.3976161,4.0369363,5.2073817,4.429141,7.8797703
TCGA-69-7978-01,4.7119527,2.3512142,4.082674,5.2806115,4.0145674,5.360912,5.804742,4.9985447,3.575409,3.044715,5.157179,4.276465,2.5220006,5.416099,5.228336,6.017314,5.899644,6.6415305,5.2152543,3.843359,6.54854,3.0580692,4.6995225,3.5734262,5.1766877,4.579641,6.40162,3.3287632,3.0035207,3.8489947,6.046903,6.79747
TCGA-55-7570-01,3.0686407,2.4959443,3.8869147,5.6525264,3.2701988,5.005919,5.334172,4.933991,3.7139552,2.723881,5.4278536,4.219422,2.8244486,5.9042745,5.627427,6.1223793,6.3632755,6.120167,5.1446843,3.6967633,6.606912,3.3434584,5.0728474,3.734946,5.320116,4.187563,5.7013097,3.4313028,2.8925366,4.198981,5.7668676,7.3223624
TCGA-MP-A4TD-01,0.50714695,4.0193067,3.9719493,5.727701,3.551099,5.6337223,4.74844,4.0109034,4.869096,3.0537913,4.851557,4.4952,2.9627578,7.0104294,5.849713,6.052614,6.452797,5.139519,4.858648,4.1602855,5.83487,4.5655174,5.3378816,3.4873111,5.074656,2.517681,4.4165454,3.0006626,4.380009,5.363435,4.3874006,7.796903
TCGA-95-A4VK-01,2.5772898,2.3187063,3.787054,5.8185315,2.8916144,4.6855597,5.248881,4.9191217,3.7451298,2.5082123,5.591939,4.2744503,2.8383517,6.0566936,5.700853,6.1523423,6.5349536,5.9665704,5.1703215,3.6542659,6.7111397,3.3090332,5.2966595,3.8707862,5.333253,4.151392,5.541146,3.4398232,2.6444974,4.162627,5.87851,7.5366144
TCGA-44-2657-01,3.5530417,2.129556,3.8818967,5.601409,3.2343569,4.753362,5.560828,5.103169,3.467771,2.698693,5.4803185,4.3313923,2.6287942,5.5947213,5.4590874,6.292139,6.3794427,6.379905,5.304776,3.6549459,6.76891,3.0308783,5.0463605,3.7145755,5.4026523,4.472611,6.0345864,3.4277723,2.5744736,3.8866053,6.0658927,7.157469
TCGA-49-6744-01,2.7390895,2.2398098,3.7508917,5.734314,2.9001667,4.7635236,5.296916,4.9894376,3.8987207,2.347631,5.452217,4.2103086,2.864334,6.0696692,5.818164,6.23941,6.5899906,6.0823364,5.09407,3.415882,6.9137316,3.1785095,5.036272,3.7988596,5.5774274,4.257612,5.626402,3.8022866,2.61371,4.1051435,6.008045,7.6315174
TCGA-78-7158-01,2.8826995,2.2607267,3.7753992,5.6001806,3.1429112,4.913468,5.225018,5.001697,3.8906639,2.523726,5.358311,4.263223,2.8046865,6.0937443,5.705453,6.1802216,6.4447474,6.0936904,5.0381823,3.6085055,6.825304,3.1947687,5.0591197,3.8364422,5.4434724,4.356867,5.6532216,3.7843585,2.5280278,4.2530713,5.9207616,7.5695524
TCGA-05-4432-01,4.4047604,2.258685,3.984811,5.4142075,3.649199,5.0978417,5.8638115,4.8411803,3.752969,2.803768,5.207453,4.2729735,2.5304575,5.527133,5.2529325,6.23247,6.138822,6.6246753,5.188611,3.695042,6.66949,3.0362623,4.778531,3.584926,5.3040566,4.439128,6.3448367,3.5363495,2.9868274,3.887696,6.052759,7.0369253
TCGA-49-4505-01,2.5396051,2.372623,3.6588578,5.854671,2.6496754,4.862894,5.3369517,4.713251,4.044688,2.4494972,5.3440723,4.2213893,3.109842,6.2047706,5.692418,6.17643,6.6445017,5.885308,5.1964645,3.3215203,6.9344993,3.2929442,5.0769706,3.8930178,5.4552484,3.777663,5.4069543,3.7674177,2.9354124,4.4452176,5.8324356,7.857115
TCGA-73-4670-01,3.558102,2.2246544,3.921388,5.570355,3.4293056,4.840201,5.5730195,5.045667,3.4044614,2.7551744,5.4171853,4.2682624,2.526728,5.4954543,5.428843,6.2704277,6.256876,6.4862432,5.188023,3.6527236,6.6164856,3.0722795,5.065773,3.6787894,5.386632,4.5804543,6.003544,3.3924007,2.614023,3.8615646,6.1241126,7.092543
TCGA-05-4410-01,4.9579883,2.4306138,4.1300974,5.240544,4.1057396,5.436278,5.923959,4.8112535,3.9006693,3.0203683,5.072185,4.275225,2.4660585,5.5400763,5.1750593,6.0612264,5.9148307,6.6667275,5.1444306,3.9113412,6.5183063,3.1277711,4.6024084,3.501962,5.143227,4.4470973,6.532506,3.4537,3.277493,3.9256089,5.885267,6.8327236
TCGA-55-6978-01,1.0513406,3.8100226,4.2775054,5.5817986,3.6569934,5.7608647,5.0153985,4.142784,4.9054737,2.9903016,5.0855317,4.6014934,2.7722576,6.8721976,5.9051886,6.086267,6.341865,5.257877,4.8332543,4.295384,5.49987,4.57104,5.697298,3.5817082,4.9170804,2.7753024,4.67396,2.9934611,4.330904,5.2327724,4.4641304,7.7459164
TCGA-17-Z061-01,2.0411384,2.5917861,3.6689014,5.9138217,2.6789343,4.893274,5.0749564,4.7819004,4.178446,2.668789,5.384574,4.2449794,3.0520408,6.378218,5.771063,6.199887,6.7596498,5.6036935,5.20351,3.5890357,6.6613665,3.5710783,5.2176523,3.8462887,5.3704243,3.4992595,5.20404,3.5132103,3.1452,4.7569804,5.406202,7.8109946
TCGA-44-7661-01,2.6125264,2.3158371,3.8293734,5.6750154,3.07731,4.7507877,5.2297816,4.9865084,3.762631,2.4584389,5.492583,4.260612,2.6771185,6.0311375,5.742737,6.2053294,6.4398665,6.0947404,5.0319777,3.6948452,6.6654334,3.286393,5.243251,3.8256207,5.4121895,4.4012685,5.6016197,3.5674653,2.4669118,4.0944896,5.942125,7.466703
TCGA-55-7726-01,1.1889051,3.2843063,3.7397752,5.9242992,2.9178257,5.3342257,4.831213,4.3738694,4.6156793,2.9670405,5.1742816,4.2335215,3.1908617,6.8561215,5.877321,6.1243806,6.7477903,5.1453004,5.126202,3.8491123,6.1689124,4.0915737,5.3096166,3.7544823,5.111559,2.6677544,4.755692,3.2926917,3.8739603,5.3631735,4.7107973,7.9183464
TCGA-62-A46P-01,2.5175128,2.3645563,3.782435,5.774298,2.9011774,4.7930403,5.223757,4.870825,3.8509204,2.4940617,5.509135,4.2583213,2.8860888,6.13864,5.729632,6.144289,6.518278,5.9539304,5.1122074,3.6154854,6.738155,3.312726,5.2667084,3.8554206,5.3352237,4.08434,5.465873,3.5344663,2.7067902,4.2494097,5.85073,7.6290627
TCGA-71-6725-01,0.8425138,3.919937,4.1260386,5.753068,3.5077124,5.786871,4.8587747,3.8986268,4.910082,2.89075,4.959207,4.3267117,3.0235791,7.032695,5.9049683,6.0549626,6.4537067,5.098172,4.8484797,4.2671328,5.559984,4.4472203,5.501307,3.6060302,4.808763,2.535826,4.4588513,3.1380246,4.5133963,5.3730464,4.3298507,7.9397173
TCGA-55-8096-01,1.6963484,2.8083727,3.6203184,5.9724607,2.6970568,4.9833274,4.8707294,4.617096,4.2878413,2.707566,5.415621,4.2028832,3.1880045,6.5756397,5.800321,6.113413,6.769738,5.374237,5.1833763,3.6967971,6.5740314,3.7837791,5.3263826,3.9280653,5.2465444,3.1839159,5.02058,3.417001,3.373455,5.0177746,5.14626,7.900598
TCGA-86-A4JF-01,4.7450967,2.5743947,4.249321,5.251054,4.2643113,5.5377803,5.8276987,4.7786183,3.9757266,2.976779,5.0841312,4.2483997,2.432032,5.615268,5.2455277,6.0310116,5.908736,6.568024,5.0652547,4.004641,6.33352,3.2431462,4.665334,3.5043957,5.062666,4.389208,6.3695846,3.4020553,3.4269323,3.8879926,5.788766,6.859622
TCGA-55-6543-01,0.727286,4.136745,4.358371,5.5531044,3.819895,5.8258853,4.84025,3.8278599,4.7500825,2.7512424,5.03702,4.4235744,2.903896,6.942783,5.9932575,6.047892,6.3521185,5.0713205,4.714761,4.371871,5.468951,4.543727,5.6161027,3.6597319,4.91218,2.7533498,4.573599,3.168101,4.4364276,5.164952,4.206261,7.8233404
TCGA-55-7227-01,1.8970158,2.6549273,3.6884153,5.91643,2.7073534,4.894265,4.997473,4.783138,4.2085037,2.6698751,5.3646574,4.235317,3.0241008,6.413747,5.832413,6.2171116,6.783217,5.5547,5.1937957,3.615747,6.617935,3.6263683,5.252664,3.8330915,5.3801265,3.499887,5.137483,3.52212,3.1344602,4.763765,5.380557,7.820587
TCGA-MP-A4T2-01,0.8296487,3.7714212,3.9275236,5.7991657,3.3313632,5.6779404,4.8112054,4.045768,4.8600254,2.9646633,4.9792004,4.337196,3.0632727,6.970319,5.900691,6.0594416,6.5451303,5.1053057,4.9398866,4.1410065,5.7899017,4.3990774,5.3765163,3.6182587,4.9286466,2.5083003,4.537716,3.2044168,4.3844347,5.4170218,4.4666853,7.8850603
TCGA-05-4398-01,4.5730667,2.2422392,4.039138,5.4451,3.7916858,5.0032206,5.874382,4.983171,3.5834868,2.8416467,5.3525434,4.282051,2.4835336,5.3729134,5.304796,6.2144265,6.1755123,6.7238646,5.2459216,3.7019536,6.631233,3.0413918,4.7734237,3.5486188,5.3799586,4.6373158,6.453783,3.442297,2.971941,3.6723084,6.093667,6.874495
TCGA-78-8655-01,1.0920038,3.4624145,3.7692842,5.8589993,3.07141,5.4749374,4.892608,4.213701,4.6646466,2.938231,5.0928726,4.23441,3.1080222,6.8623924,5.9159555,6.0471783,6.7002845,5.163364,5.062119,3.9413397,6.071465,4.217309,5.3524885,3.674453,5.0262837,2.6706777,4.6964564,3.2898061,4.079955,5.3238664,4.6533985,7.9006305
TCGA-17-Z051-01,2.2802546,2.4609756,3.6997504,5.8748302,2.640114,4.8371987,5.1087728,4.831581,4.099829,2.5021415,5.472142,4.205633,3.148537,6.3287306,5.7934284,6.1823993,6.745645,5.7204156,5.1974864,3.4730484,6.8455305,3.395191,5.1398664,3.8779306,5.4415765,3.685995,5.3344636,3.6747246,2.9589584,4.542132,5.6328416,7.872561
TCGA-44-8120-01,4.633024,2.3201506,4.066401,5.3466325,3.9648502,5.158824,5.8624773,4.985938,3.5148656,2.9782968,5.2263904,4.2775145,2.406077,5.3098726,5.230196,6.125482,5.984192,6.744166,5.177611,3.7700274,6.5411444,3.0570154,4.769131,3.5444088,5.2867513,4.7269616,6.4264784,3.373353,2.9239256,3.739441,6.1207438,6.793826
TCGA-17-Z021-01,1.9054178,2.6773963,3.7024322,5.931054,2.6872392,4.91318,4.948751,4.7253804,4.2471266,2.6352735,5.3997717,4.2322507,3.1026297,6.4791775,5.7962966,6.168267,6.771337,5.50908,5.190951,3.6465611,6.622208,3.6422846,5.281593,3.8870687,5.316232,3.4207613,5.112986,3.5290895,3.191396,4.7848067,5.3835115,7.9001102
TCGA-49-4507-01,2.307726,2.355801,3.6481009,5.86688,2.602858,4.8109255,5.2379365,4.8302035,3.9782195,2.4318898,5.431257,4.202567,3.0877147,6.28668,5.807874,6.196996,6.6859703,5.809168,5.17369,3.405437,6.923284,3.2969947,5.1355834,3.892853,5.438726,3.8367455,5.3454714,3.704899,2.7615416,4.457552,5.8101854,7.84845
TCGA-62-8399-01,4.5150137,2.278881,4.0493097,5.408569,3.915702,4.951198,5.86779,5.0214806,3.359413,2.904767,5.3251166,4.283049,2.3273773,5.16608,5.2322736,6.203611,6.051354,6.8361664,5.1812434,3.7168822,6.5205374,3.0457585,4.8712573,3.5330992,5.391022,4.8864164,6.4502196,3.3452497,2.779455,3.6158442,6.204964,6.7371736
TCGA-99-8033-01,2.2475016,2.4756036,3.6614146,5.9383593,2.5460546,4.829974,5.032048,4.746327,4.1091585,2.5921867,5.5143504,4.25725,3.2491174,6.348283,5.681906,6.073749,6.727966,5.6279,5.251423,3.4903266,6.864575,3.4281168,5.225295,3.9791715,5.355218,3.5241373,5.2668376,3.5984828,2.9909654,4.63538,5.6382146,7.931094
TCGA-55-8089-01,4.825435,2.4289083,4.141513,5.257174,4.139429,5.44329,5.8442225,4.919586,3.7382038,3.0717354,5.116221,4.277157,2.4940805,5.472124,5.20738,6.016385,5.8956847,6.6463614,5.1886363,3.9033267,6.4822817,3.1215105,4.6496706,3.5315695,5.1455793,4.4859495,6.455522,3.350878,3.2110548,3.8681219,5.9316034,6.78419
TCGA-50-5936-01,1.2163426,3.3491364,3.7357907,5.861978,2.98142,5.367469,4.8618298,4.307046,4.622091,2.9265885,5.123744,4.2712264,3.1291256,6.8067136,5.84597,6.1656365,6.660301,5.251803,5.022249,3.9344826,6.1178975,4.107867,5.35118,3.6783876,5.092942,2.7670004,4.7237983,3.2194552,3.9808862,5.294147,4.706543,7.8987207
TCGA-86-7701-01,3.942811,2.1313334,3.8886917,5.503384,3.3275697,4.9359136,5.7518277,4.972461,3.551807,2.6669075,5.314224,4.2957983,2.6512942,5.601242,5.3786297,6.225582,6.2433047,6.4685354,5.262884,3.6141012,6.8285966,2.9623241,4.9044795,3.6943436,5.315768,4.4661274,6.112837,3.525262,2.6564739,3.9170642,6.1400065,7.177826
TCGA-55-8203-01,3.9302628,2.1965554,3.9296017,5.4971466,3.4631853,4.921194,5.682781,5.006198,3.5271475,2.753121,5.3520174,4.275624,2.5609944,5.511858,5.3689594,6.246401,6.2217813,6.5453143,5.2047954,3.6516018,6.6999044,3.0225363,4.934919,3.6555855,5.37692,4.5592484,6.16791,3.4774284,2.6920168,3.8648856,6.121051,7.0783668
TCGA-91-6830-01,2.7517018,2.236086,3.7723122,5.6849403,2.9632154,4.7613845,5.335837,5.0044975,3.802447,2.356397,5.4384212,4.1819777,2.7564044,6.001822,5.8038354,6.280509,6.5176077,6.159763,5.0619373,3.4876235,6.8335824,3.1688237,5.05961,3.7733648,5.5592504,4.3708677,5.659772,3.7453125,2.5260947,4.048594,6.028233,7.528009
TCGA-50-5935-01,1.0052366,3.4515817,3.850505,5.9303236,3.0772367,5.4212394,4.746618,4.2789025,4.727469,2.971195,5.1341257,4.233305,3.177254,6.9478216,5.831642,6.0652204,6.693626,5.079584,5.1014876,3.9547455,5.996005,4.175919,5.3484793,3.7630465,5.0226674,2.564034,4.620318,3.2783172,4.0042863,5.381758,4.6074414,7.954997
TCGA-55-7284-01,0.8405819,3.9917166,4.3915997,5.687212,3.7924287,5.821105,4.7986474,3.963294,4.844211,2.8974977,5.010589,4.455864,2.851043,6.942654,5.897496,5.954871,6.323081,5.0702214,4.865658,4.338885,5.45386,4.548211,5.656086,3.657137,4.856566,2.7355103,4.51192,3.030665,4.384959,5.1702175,4.2913003,7.835654
TCGA-55-6975-01,0.9197666,3.5718508,3.8944168,5.9379263,3.0840125,5.4853535,4.797569,4.140921,4.8056026,2.9590328,5.083735,4.169725,3.177473,6.9720416,5.861351,6.1220713,6.6786613,5.050001,5.021565,4.078233,5.82196,4.239399,5.4258056,3.7369757,4.887086,2.46062,4.4981966,3.2809193,4.1516438,5.471927,4.5171323,7.974311
TCGA-75-5147-01,0.6934736,4.112378,4.162916,5.645571,3.6915438,5.8843718,4.871275,3.9019058,4.9172997,2.9415927,4.897438,4.4304476,2.929485,7.115559,5.9404764,6.066773,6.385592,5.067025,4.860314,4.259449,5.462495,4.504645,5.562887,3.51937,4.8443284,2.508968,4.4698095,3.0858994,4.50062,5.343113,4.2396216,7.8722835
TCGA-97-7938-01,3.2932706,2.2512767,3.898372,5.679893,3.2504234,4.759067,5.479897,5.021475,3.5475428,2.7331326,5.535883,4.318564,2.647287,5.681158,5.498802,6.2180552,6.3907046,6.2598715,5.2695427,3.7058861,6.65021,3.165651,5.143506,3.7311382,5.3379736,4.3518553,5.909314,3.3245065,2.7254052,3.9454951,5.9702563,7.197013
TCGA-49-AAQV-01,0.8160452,3.7774704,3.9643226,5.864386,3.2451398,5.5984883,4.7542796,4.0157304,4.8527884,2.918438,5.036445,4.1634555,3.144326,7.033055,5.897571,6.028326,6.622514,5.0081944,4.9408665,4.132749,5.7412963,4.342897,5.4453382,3.694145,4.8620253,2.5154817,4.448553,3.2304087,4.313,5.3851867,4.338052,7.98424
TCGA-55-8514-01,2.3935988,2.4230728,3.7951486,5.6965833,2.9374685,4.9119244,5.242298,4.8331113,3.9825678,2.4418662,5.334364,4.2033973,2.8780031,6.15318,5.7706475,6.2850847,6.560997,6.0019865,5.0473375,3.515248,6.729035,3.2725594,5.0786686,3.776389,5.513944,4.059177,5.4502187,3.7862144,2.8066342,4.311577,5.7956014,7.68827
TCGA-55-6969-01,4.185796,2.1912487,3.9987257,5.481402,3.6771781,4.7977505,5.759652,5.093737,3.2634456,2.7320092,5.45616,4.2721086,2.3837883,5.2805543,5.3553605,6.2145066,6.1342573,6.728608,5.1736093,3.7201436,6.598534,3.0177755,4.9917545,3.610552,5.38884,4.936538,6.304087,3.3408458,2.5115204,3.604984,6.257846,6.8315268
TCGA-44-3919-01,0.5590882,4.1702256,3.909991,5.7027416,3.6099677,5.707863,4.809071,3.9347944,4.760226,3.0954032,4.859019,4.429619,2.8821206,6.9645395,5.9326515,5.9986005,6.4274654,5.1394057,4.8307147,4.191428,5.7144756,4.6682453,5.4140286,3.4037297,4.9792852,2.65401,4.46777,2.8763182,4.4367876,5.2285566,4.322629,7.736244
TCGA-17-Z005-01,1.0559615,3.3881693,3.7300365,5.924562,3.0012515,5.4106755,4.8747997,4.294959,4.710532,3.0000625,5.075594,4.261704,3.1231418,6.897957,5.8570056,6.048826,6.749047,5.173478,5.10198,3.8846765,6.1438227,4.2031326,5.3267083,3.6851056,5.05357,2.6142247,4.615635,3.301714,4.0316906,5.3227477,4.722513,7.9758625
TCGA-17-Z056-01,4.2789426,2.2857919,3.9562132,5.4473143,3.772308,4.950388,5.827627,4.9354954,3.4215248,2.883325,5.2460737,4.259154,2.3429227,5.220197,5.2337203,6.2579727,6.066748,6.793158,5.1508665,3.6242697,6.532242,3.0531409,4.909452,3.5571544,5.433717,4.7566843,6.3380136,3.3966324,2.768218,3.747251,6.2183313,6.854141
TCGA-55-8204-01,3.0351996,2.4614997,3.8165448,5.7253184,3.0700717,4.9782,5.3830276,4.771389,4.028952,2.6460607,5.345476,4.249192,2.9219253,6.0735874,5.601121,6.180158,6.5169983,6.0109377,5.189148,3.5751746,6.7211356,3.3402903,5.0139003,3.769392,5.380072,3.8990443,5.679291,3.615114,3.0824165,4.3401275,5.7040133,7.5618687
TCGA-97-A4M1-01,0.65531725,4.086492,4.138129,5.750314,3.7522426,5.798766,4.7447605,3.8110087,4.944602,2.8562753,4.823743,4.459084,2.9180772,6.871577,5.862316,5.925578,6.2913203,5.1237054,4.773135,4.3267016,5.644947,4.586603,5.563912,3.5491838,4.879424,2.6479197,4.2944984,2.9480166,4.6523952,5.257248,4.2611694,7.891386
TCGA-49-4490-01,0.82422906,3.945624,4.076343,5.7530227,3.4595838,5.793609,4.8628116,3.8535173,4.88089,2.864806,4.9564276,4.293779,3.0606787,7.0722804,5.9267373,6.055232,6.4941993,5.0988655,4.827575,4.2526226,5.5983324,4.4437575,5.489389,3.5885687,4.8120723,2.5212693,4.4384694,3.144755,4.556233,5.399405,4.31199,7.9824357
TCGA-97-8172-01,2.8217814,2.1162965,3.8397925,5.6868935,2.8361552,4.686616,5.4029264,4.969164,3.6978834,2.3581293,5.526473,4.3336453,2.8153925,6.032051,5.6716547,6.2651663,6.503195,6.0788064,5.2102895,3.5993369,6.9119015,3.0775974,5.1833863,3.8576505,5.3882537,4.3125443,5.6691046,3.6238987,2.398897,4.0222034,6.0058646,7.5554953
TCGA-75-7031-01,2.4282193,2.3074687,3.7057838,5.8079987,2.6905706,4.7977114,5.2620945,4.83487,3.9699223,2.41987,5.3731084,4.232815,3.0105922,6.1421638,5.737512,6.291741,6.6520877,5.9500012,5.1798534,3.3520682,6.8989472,3.234561,5.095766,3.8456793,5.558367,3.8767426,5.4843283,3.7891998,2.8099327,4.349354,5.8725524,7.7859745
TCGA-MN-A4N4-01,4.811823,2.5596857,4.2853084,5.2548547,4.2643747,5.5037255,5.8816104,4.712517,4.0583677,2.8560996,5.09618,4.218176,2.3785224,5.641744,5.24734,6.102519,5.9482794,6.603723,4.997314,4.009092,6.325793,3.2300227,4.650452,3.482552,5.0580983,4.4227295,6.396287,3.4902408,3.4575326,3.8228168,5.8084526,6.9102244
TCGA-55-8513-01,1.0568821,3.8225336,4.2372193,5.5777135,3.6702807,5.7115564,5.019449,4.1558285,4.8393936,2.9955726,5.0747585,4.603207,2.731542,6.7969117,5.929287,6.098315,6.33906,5.277348,4.818915,4.2780285,5.547641,4.5867214,5.70455,3.544858,4.95841,2.856256,4.6800365,2.9475648,4.2719817,5.160643,4.4778852,7.693007
TCGA-86-8673-01,4.167124,2.1972046,3.9664373,5.4484596,3.6501138,4.9053283,5.7653775,5.05203,3.2718487,2.8074434,5.3478093,4.28401,2.414279,5.2761064,5.28576,6.221152,6.067274,6.705338,5.2017717,3.6932204,6.6038666,2.9880068,4.9767065,3.6195838,5.357155,4.7922115,6.2682633,3.323699,2.548006,3.7149045,6.254904,6.8561993
TCGA-80-5607-01,1.1971705,3.529291,3.9622874,5.773479,3.2923465,5.5001774,4.8796406,4.27619,4.5713577,2.9157798,5.1469784,4.383992,2.999924,6.8541503,5.9416904,6.1995764,6.5844126,5.1864367,5.0265455,3.9968722,5.7691813,4.192241,5.5355554,3.61015,5.0460353,2.815629,4.7099323,3.0587146,3.976579,5.2266116,4.5734644,7.854084
TCGA-17-Z062-01,4.232175,2.2061121,3.9941661,5.4773636,3.7132742,4.8347178,5.8477397,4.9821553,3.2254992,2.7193518,5.3953714,4.291919,2.333627,5.211427,5.2996426,6.2467456,6.0482593,6.757894,5.1720448,3.69174,6.5622625,2.9936783,5.0322914,3.5953681,5.3686404,4.8634315,6.3066096,3.3031497,2.5673842,3.5843692,6.304331,6.801743
TCGA-55-7573-01,0.7198311,3.9664872,4.002047,5.7714458,3.465371,5.766066,4.805413,3.9158962,4.8473077,2.9597538,4.956556,4.3467026,3.0424345,7.061671,5.9324074,6.0518417,6.487543,5.089853,4.8575673,4.220679,5.6659155,4.5004473,5.3950286,3.5683098,4.882409,2.4813411,4.507479,3.140008,4.5388684,5.411418,4.3543086,7.89708
TCGA-17-Z044-01,1.0870248,3.4300177,3.7513828,5.900273,3.013266,5.4799542,4.835226,4.236487,4.6651206,2.9519513,5.1086493,4.216256,3.199049,6.9327703,5.877003,6.024929,6.7371254,5.1054997,5.149556,3.8705933,6.039076,4.14139,5.329563,3.712324,5.00679,2.5831683,4.6827326,3.2917864,4.027126,5.365891,4.6791544,7.964846
TCGA-99-8025-01,4.195191,2.2093801,4.0037675,5.5101595,3.7040174,4.708002,5.844168,4.9846196,3.1926324,2.6640458,5.4458666,4.279044,2.2724793,5.1777034,5.292866,6.2789254,6.1047797,6.809517,5.1395516,3.7122238,6.5242553,3.0201848,5.086474,3.5805192,5.4022484,4.995014,6.325841,3.300099,2.4931514,3.5351834,6.309912,6.7816443
TCGA-67-6217-01,2.5216305,2.5098002,3.6522264,5.8137856,2.7790453,4.9533443,5.2363214,4.7006736,4.150987,2.5395665,5.3273525,4.168963,3.125678,6.240645,5.695796,6.152938,6.6548905,5.9053397,5.0788107,3.3522441,6.831977,3.4073195,5.049197,3.8683033,5.488664,3.7806413,5.407659,3.8058448,3.0429773,4.5085373,5.7686048,7.8449097
TCGA-44-A47G-01,0.8833133,3.6509867,3.9775937,5.889305,3.2745805,5.5638876,4.790331,4.136055,4.8714027,2.9859414,5.022365,4.302579,3.0379093,6.887998,5.839363,5.949784,6.5531983,5.0874324,5.0163207,4.114111,5.846589,4.3940997,5.4776535,3.7215674,4.893448,2.607303,4.5012255,3.1926994,4.2009587,5.2927923,4.536862,7.898267
TCGA-91-A4BD-01,1.0505719,3.8916268,4.136282,5.557345,3.6860769,5.712556,5.026101,4.106618,4.7685986,2.9984515,5.033458,4.580191,2.7484598,6.811147,5.9701114,6.1605663,6.3563185,5.3017907,4.7871103,4.247315,5.563649,4.5708237,5.619296,3.4450696,5.0033746,2.8550553,4.6942487,2.9015715,4.3117023,5.168525,4.445624,7.6644835
TCGA-50-5068-01,1.0049402,3.562751,4.2187567,5.860312,3.4103167,5.461998,4.7090516,4.246006,4.700147,2.9075105,5.2000546,4.273748,3.0613658,6.943304,5.817758,6.069928,6.590775,5.081053,5.0001197,4.16697,5.82966,4.216992,5.413028,3.8463035,5.035842,2.7020454,4.593795,3.3052537,3.9508502,5.3063087,4.5368686,7.8987374
TCGA-86-8281-01,2.2928178,2.5524597,3.817537,5.735048,2.9870584,4.921703,5.238779,4.774962,4.0373516,2.537205,5.350155,4.285293,2.843689,6.2277813,5.755784,6.223253,6.547462,5.8570676,5.1210194,3.647155,6.629437,3.4394693,5.2262034,3.7885666,5.361333,3.876161,5.376477,3.5700898,2.9002004,4.4068046,5.6337323,7.6592336
TCGA-93-A4JP-01,0.76914614,3.9096768,4.3178616,5.7744675,3.629933,5.809454,4.7485175,3.9782228,4.927477,2.9502935,4.977841,4.323755,2.9991174,7.045044,5.8722153,5.9132204,6.4237814,4.939387,4.993055,4.2697277,5.4773464,4.4814143,5.414275,3.7482843,4.7762856,2.5456758,4.513452,3.278891,4.2996526,5.239296,4.3457994,7.8588376
TCGA-O1-A52J-01,1.9176472,2.6288373,3.6630626,5.959581,2.7037468,4.857538,4.9011927,4.8208838,4.132685,2.7133763,5.4815183,4.187526,3.066645,6.4022083,5.804939,6.1551886,6.756391,5.557487,5.1883187,3.6730428,6.617866,3.616783,5.3102837,3.8841162,5.3228064,3.4789178,5.1655536,3.4569178,3.095909,4.784801,5.378006,7.821233
TCGA-55-8512-01,0.61722916,4.186037,4.2375526,5.614019,3.8230896,5.8379087,4.84459,3.8729856,4.813995,2.95885,4.799491,4.419942,2.799909,6.9421053,5.9682293,6.016679,6.348594,5.047615,4.844896,4.2737594,5.5098906,4.6305933,5.4708815,3.4604878,4.871364,2.6879492,4.424637,3.0608819,4.407448,5.0901313,4.260705,7.7196903
TCGA-64-5774-01,1.3800093,3.020928,3.6018093,5.932806,2.807483,5.1082034,4.8659167,4.509121,4.4369845,2.8100686,5.2705827,4.238187,3.1048393,6.651353,5.8339133,6.1431427,6.810612,5.3297787,5.1412597,3.723777,6.468573,3.9392009,5.3391128,3.811321,5.2830935,2.9750595,4.834083,3.435644,3.6108198,5.138033,5.000441,7.9126687
TCGA-55-8302-01,4.626963,2.3556464,4.088596,5.3481402,3.984749,5.2988033,5.8002295,5.0085397,3.631857,3.0563915,5.208944,4.2884903,2.5392342,5.4209337,5.2627883,6.06785,6.0095434,6.64002,5.2587876,3.7829514,6.542792,3.0908082,4.7024703,3.5634692,5.2608633,4.4800105,6.3999643,3.3469064,3.1371236,3.814282,5.9950676,6.821382
TCGA-05-4249-01,3.3383412,2.1267607,3.8140173,5.6254816,3.0560772,4.788853,5.6024785,4.9326158,3.567988,2.577118,5.3781705,4.2964478,2.7311025,5.726223,5.4678874,6.2852883,6.3829613,6.332307,5.2415667,3.534407,6.853584,3.0163682,5.0648026,3.7747889,5.3882556,4.360595,5.8803554,3.568289,2.565957,3.995367,6.1245246,7.3654485
TCGA-86-8359-01,1.9434083,2.7775104,3.7734368,5.8654118,2.8635857,5.074063,5.012426,4.557817,4.3129973,2.6919644,5.286082,4.2629085,3.1283495,6.480236,5.7088385,6.1560955,6.650321,5.596558,5.1227083,3.6216028,6.4872956,3.6610057,5.2381053,3.851787,5.2893763,3.338309,5.13068,3.5800576,3.4085708,4.7758822,5.3274827,7.900952
TCGA-67-3773-01,1.070419,3.4878812,4.0412426,5.887602,3.2239227,5.5201955,4.807154,4.316559,4.771488,3.0310638,5.1288633,4.34589,3.0707886,6.9814544,5.8459983,6.0594378,6.617919,5.085175,5.138278,4.0365405,5.7901297,4.2125287,5.4090605,3.7435725,4.959888,2.6236165,4.6529016,3.2292578,3.9435823,5.293976,4.639414,7.8851843
TCGA-73-4658-01,2.8966043,2.2320306,3.7989907,5.7304296,3.0257173,4.742836,5.325849,5.088293,3.6817305,2.7496743,5.4658484,4.3421454,2.7454169,5.821093,5.571448,6.344258,6.579386,6.09689,5.3432293,3.6149926,6.73318,3.1779692,5.1160936,3.7556098,5.458563,4.077402,5.7549644,3.442359,2.7726855,4.1638985,5.8242173,7.3689084
TCGA-55-8097-01,1.0812232,3.4300625,3.7186472,5.8628945,2.9801395,5.4011955,4.8812976,4.239245,4.6012774,2.892739,5.141507,4.2051163,3.1382902,6.8670607,5.935147,6.138373,6.7719145,5.138073,5.0451307,3.898693,6.1086,4.165484,5.4223995,3.6893923,5.0598283,2.6538105,4.649061,3.2747262,4.0292454,5.373395,4.6400814,7.9634705
TCGA-05-4430-01,3.0234983,2.146694,3.7811358,5.6063356,3.0216584,4.7777076,5.3719473,5.054836,3.8344636,2.350436,5.420348,4.206,2.7588167,5.9831634,5.7577844,6.2763824,6.5056105,6.236036,5.058653,3.4893935,6.9310355,3.0648844,4.985686,3.7784774,5.571161,4.495895,5.7799053,3.8184142,2.439472,4.005898,6.0761843,7.5299063
TCGA-91-8497-01,0.99983853,3.7868936,4.1590266,5.6453648,3.6243808,5.6321635,4.8574147,4.060132,4.684061,2.7703888,5.020784,4.466499,2.8990633,6.773025,5.8924274,6.0733223,6.378378,5.2059417,4.865888,4.1423,5.7143483,4.36132,5.606747,3.6062572,5.029305,2.8576605,4.6025014,3.05243,4.219135,5.1196146,4.4281917,7.8240747
TCGA-93-8067-01,4.434292,2.2342808,3.9879215,5.476684,3.7443104,4.8444085,5.919339,4.9455595,3.2781737,2.8033164,5.308621,4.3059764,2.3258264,5.1390877,5.20252,6.268661,6.0618415,6.828965,5.2181873,3.6281233,6.5482597,2.9995182,4.97481,3.5561244,5.427373,4.8253,6.3907466,3.3132248,2.6796777,3.6244907,6.2907414,6.7791853
TCGA-17-Z026-01,4.86772,2.4856856,4.2165327,5.286569,4.1812334,5.360963,5.9193935,4.7528663,3.9520116,2.8314216,5.1570535,4.2346363,2.3780856,5.5489893,5.249141,6.131465,5.992723,6.6756434,5.0441318,3.9485106,6.4100237,3.1849482,4.669564,3.475561,5.145112,4.5443373,6.4699183,3.4914129,3.3206446,3.7588418,5.8851185,6.869449
TCGA-S2-AA1A-01,1.1456183,3.3118262,3.6803317,5.94521,2.9001267,5.3663645,4.873548,4.3422437,4.692048,2.9924662,5.129214,4.228442,3.1595104,6.875688,5.867912,6.1240973,6.762407,5.1758313,5.112501,3.8793907,6.137567,4.13307,5.3645015,3.7039554,5.05657,2.5996754,4.6700263,3.266513,3.9906855,5.4248457,4.715901,7.9527664
TCGA-95-7944-01,2.8372567,2.1661737,3.7325442,5.7775884,2.7194502,4.7306757,5.4525704,4.8938985,3.7940762,2.433727,5.4213276,4.28047,2.9557557,5.997762,5.643,6.2851267,6.6036773,6.06352,5.283154,3.392316,6.986122,3.0893164,5.069019,3.8367164,5.4871206,4.0487223,5.6624904,3.7037792,2.6774855,4.170484,5.9916778,7.6483283
TCGA-MP-A4TC-01,2.7312472,2.1986995,3.7440555,5.780454,2.8515308,4.7011538,5.299332,5.043876,3.7598104,2.6141553,5.475094,4.3125367,2.8405154,5.942873,5.6515694,6.336741,6.6462927,6.0270724,5.3151155,3.5243416,6.837045,3.1627717,5.1153784,3.800376,5.5071907,4.045958,5.6717396,3.560881,2.7258797,4.2065024,5.8528547,7.520168
TCGA-99-8032-01,3.8692071,2.1542103,3.9176126,5.505035,3.469723,4.8679523,5.590198,5.174353,3.3377082,2.7128117,5.4724927,4.269837,2.5589654,5.4888644,5.47823,6.156769,6.174416,6.511374,5.207145,3.6987052,6.725304,3.0174024,4.98095,3.6967576,5.358199,4.75258,6.1261706,3.381236,2.4562137,3.7691789,6.204558,6.9905276
TCGA-95-7567-01,4.8559117,2.5441294,4.2358456,5.2244987,4.232888,5.546459,5.8643303,4.765245,4.009806,2.9492683,5.0507317,4.2352247,2.4069948,5.6205907,5.2298646,6.0498013,5.8891597,6.593124,5.026087,3.978075,6.3727536,3.2053924,4.630083,3.5037296,5.0638137,4.4372954,6.3995366,3.4686773,3.3755379,3.8958936,5.837341,6.889602
TCGA-05-4395-01,2.9061604,2.1852908,3.7224212,5.7159266,2.964986,4.7639327,5.3946066,4.998598,3.73818,2.4501216,5.389079,4.150839,2.7647986,5.802681,5.7165165,6.3075995,6.515654,6.3258443,5.0928826,3.3140814,6.858041,3.100356,5.0141873,3.76626,5.653426,4.3621364,5.758162,3.7986486,2.670536,4.034752,6.1522384,7.5159345
TCGA-95-7947-01,4.443705,2.2911563,3.983831,5.3827534,3.8625567,4.988931,5.8433385,4.9748645,3.454239,2.8853464,5.2660637,4.25729,2.34986,5.2165437,5.247445,6.215151,6.045961,6.824096,5.128302,3.6630688,6.569756,3.0503304,4.8370886,3.5384083,5.4282904,4.861372,6.427793,3.443771,2.7523277,3.7057202,6.2008953,6.812437
TCGA-69-A59K-01,4.225132,2.2241707,4.040378,5.4670305,3.7958803,4.8506856,5.787707,5.0580754,3.2033858,2.7968009,5.4345126,4.2726245,2.3099694,5.2297916,5.314595,6.2131615,6.056024,6.7415967,5.1554055,3.78063,6.5030417,3.0291014,5.0220156,3.5937681,5.3003683,4.9323487,6.29003,3.255864,2.5683835,3.5862656,6.260834,6.774424
TCGA-78-7163-01,0.70426047,4.018869,4.162937,5.7515755,3.5766802,5.79775,4.8353825,3.8608541,4.872618,2.9283338,4.9178743,4.3170977,2.9915502,7.055139,5.9088306,5.997986,6.446536,5.0660186,4.8505197,4.297725,5.5805483,4.517991,5.42321,3.6021976,4.8002796,2.5590825,4.4342165,3.1835306,4.481911,5.2911496,4.3430696,7.889326
TCGA-78-7149-01,1.7791657,2.7595668,3.6694138,5.94138,2.727397,4.9770694,4.9358974,4.667337,4.2675543,2.7337005,5.384193,4.227646,3.1248121,6.50819,5.783395,6.1517053,6.7476373,5.486548,5.1702423,3.6466465,6.549672,3.699339,5.2905865,3.8753746,5.295539,3.28834,5.0715165,3.4803975,3.301201,4.894196,5.268792,7.8781266
TCGA-75-6214-01,4.878752,2.3501751,4.1075964,5.4081864,3.9262133,5.139429,6.03906,4.7421317,3.9008477,2.8225138,5.1932774,4.2953696,2.4757373,5.4261127,5.1891255,6.278206,6.2069783,6.7406545,5.229274,3.6853838,6.5794935,3.08154,4.6636825,3.4734066,5.354517,4.445395,6.5300746,3.5617,3.3310506,3.700597,5.9596705,6.9656973
TCGA-05-4433-01,0.9457021,3.9327652,4.130894,5.620854,3.6057184,5.762289,4.984452,4.0352426,4.818247,2.9866781,5.0026784,4.4975247,2.8251681,6.893991,5.973026,6.1165752,6.394832,5.1983957,4.824891,4.2560635,5.491517,4.5726547,5.636723,3.4858105,4.902932,2.7300768,4.606206,2.948604,4.3741436,5.239031,4.377351,7.7471046
TCGA-93-A4JN-01,0.73764586,3.7245042,4.0092907,5.8629513,3.2717118,5.599373,4.7684474,4.1384487,4.890912,3.034872,5.0558796,4.372956,3.0756614,7.0558515,5.8757443,6.05121,6.584962,5.044327,4.9872327,4.139837,5.777487,4.427691,5.437676,3.69181,4.9405937,2.432335,4.5172486,3.1788812,4.2764516,5.4657955,4.4609194,7.91345
TCGA-44-2655-01,2.1135619,2.5141063,3.6394453,5.953823,2.5323074,4.831333,5.0121636,4.793609,4.1679835,2.5559514,5.4824185,4.2175965,3.2415886,6.414182,5.7907085,6.1343665,6.810216,5.5738425,5.236109,3.454505,6.84505,3.4858973,5.1681876,3.9400222,5.4329205,3.5095952,5.2262864,3.6426225,3.0317214,4.6830482,5.547536,7.9437585
TCGA-17-Z002-01,0.85696924,4.0654397,4.278042,5.5631046,3.787491,5.8388944,4.9316573,3.8808572,4.7904353,2.834911,4.9646654,4.4996033,2.8640647,6.8579035,5.9871683,6.0260987,6.335292,5.1345997,4.7780256,4.3158107,5.4624596,4.5726433,5.6605253,3.5653386,4.900969,2.774117,4.575322,3.0325544,4.418002,5.168613,4.2777076,7.772594
TCGA-50-5932-01,0.9024784,3.7602904,3.9533448,5.8315163,3.3567402,5.784381,4.811226,4.044646,4.9466715,3.023767,4.909178,4.3449955,3.0912478,7.0886774,5.872171,6.0100164,6.576133,5.0266623,5.082631,4.0762653,5.679387,4.348731,5.413631,3.600902,4.8523884,2.4094877,4.454364,3.1523366,4.392353,5.439655,4.424927,7.968609
TCGA-MP-A4TK-01,3.6456718,2.165392,3.8573754,5.515464,3.3518653,4.869,5.554397,5.1030917,3.485822,2.590141,5.426519,4.243554,2.6183248,5.6425805,5.5547414,6.1573586,6.2208767,6.453637,5.1260643,3.6255841,6.7985497,3.0397198,4.9831524,3.7355816,5.405818,4.7314525,6.0122747,3.5426226,2.4072044,3.8475053,6.2060466,7.159416
TCGA-55-6981-01,3.2568572,2.2209778,3.8066065,5.560452,3.2507536,4.8463135,5.423544,5.0522304,3.6973138,2.4311073,5.425856,4.180727,2.6728568,5.845581,5.7064333,6.1705594,6.340357,6.3771796,4.987174,3.5452955,6.8222737,3.119637,5.0054235,3.7698915,5.509473,4.707824,5.852199,3.749552,2.41916,3.926788,6.155701,7.3779097
TCGA-17-Z033-01,2.0006778,2.7107432,3.653021,5.951089,2.724451,4.968384,5.0435324,4.7007957,4.2018905,2.6267796,5.431715,4.129195,3.1062505,6.487984,5.8175044,6.169916,6.7806797,5.5201197,5.1974177,3.707097,6.6038947,3.661536,5.2525363,3.859024,5.2410183,3.3703077,5.1912227,3.4866476,3.3605888,4.8822494,5.2897453,7.8606462
TCGA-78-7150-01,3.8407283,2.232524,3.989635,5.547374,3.607102,4.85511,5.634049,5.091331,3.362659,2.7966979,5.4687195,4.270879,2.4542146,5.4013643,5.4230537,6.227935,6.2046328,6.567684,5.19652,3.7126102,6.5652137,3.0831995,5.0192237,3.6403012,5.364232,4.6916313,6.13811,3.3247619,2.6840134,3.7277722,6.141483,6.9485292
TCGA-17-Z042-01,4.0864477,2.1883018,4.0094633,5.503274,3.6634483,4.7850156,5.734696,5.0959206,3.231818,2.7095888,5.489017,4.2751727,2.3762193,5.296393,5.377857,6.217868,6.1360044,6.6885114,5.1706853,3.7463837,6.5768995,3.025534,5.0364575,3.623797,5.355216,4.916221,6.2511983,3.3057137,2.5076292,3.5932379,6.252717,6.839347
TCGA-95-A4VP-01,1.2696095,3.1958966,3.7529364,5.9218726,2.9129372,5.2480664,4.8090253,4.440514,4.532627,2.9024901,5.237209,4.243847,3.1749208,6.7976537,5.8717628,6.143295,6.757959,5.1868463,5.1197042,3.8080862,6.2157617,4.033763,5.31566,3.7872348,5.169732,2.7969542,4.805838,3.3204982,3.7490284,5.271244,4.783324,7.901852
TCGA-38-4627-01,0.7557694,3.9148266,4.426345,5.720656,3.7529037,5.802958,4.7164946,4.0547786,4.8870196,2.9453187,5.0252995,4.414785,2.9127693,6.984572,5.889782,5.9191256,6.371001,4.9043603,5.01122,4.283267,5.404578,4.517559,5.496238,3.779323,4.826369,2.6214414,4.5684495,3.246078,4.1839085,5.160589,4.328144,7.781954
TCGA-86-7953-01,0.67177117,4.0591044,4.018145,5.770619,3.4729776,5.823651,4.828651,3.8518736,4.904988,3.0183806,4.889889,4.3077025,3.0639312,7.0631747,5.956642,5.9367213,6.5004106,5.0176992,4.885937,4.21549,5.5853953,4.585098,5.392198,3.5592248,4.817141,2.4929416,4.4794335,3.105117,4.540441,5.361375,4.276094,7.872276
TCGA-97-8177-01,0.7608623,4.0972753,4.3075,5.622966,3.876344,5.8505282,4.8185563,3.8672392,4.8477054,2.846139,4.9248323,4.4892664,2.8682084,6.9290643,5.9190207,6.0317736,6.2867117,5.1218667,4.7760396,4.3467684,5.4849343,4.557166,5.5261593,3.573915,4.900006,2.6856232,4.5024858,3.0740116,4.4982295,5.2020397,4.279407,7.7995253
TCGA-75-5125-01,2.100038,2.5302138,3.6881032,5.8899393,2.7420807,4.8592525,5.073513,4.9338756,4.067746,2.619981,5.4112806,4.169575,3.0006886,6.358388,5.8798366,6.246507,6.770318,5.6448135,5.191455,3.5980318,6.7016354,3.4947362,5.173013,3.8034198,5.4061723,3.7156754,5.252391,3.5541174,2.9385366,4.6667476,5.451961,7.7449474
TCGA-50-6592-01,3.1376622,2.114542,3.8324676,5.664716,2.9691136,4.7246847,5.479135,4.9912453,3.6262558,2.5181963,5.484406,4.3313494,2.7755399,5.868484,5.555724,6.270442,6.468526,6.184123,5.263529,3.612299,6.875545,3.050097,5.127599,3.8126397,5.368869,4.3175945,5.8040104,3.555371,2.5079494,4.0169373,6.024165,7.4305224
TCGA-91-7771-01,2.5879931,2.432689,3.7445922,5.7944083,2.7155209,4.896706,5.322733,4.7570696,4.0957875,2.3708994,5.38659,4.2020154,3.1419675,6.285551,5.762107,6.129695,6.659852,5.8065133,5.179945,3.4052844,6.939965,3.3060033,5.001314,3.8553636,5.4299536,3.8222466,5.383949,3.771102,2.9088404,4.419954,5.7497625,7.8388395
TCGA-50-5055-01,1.0953947,3.7976832,4.245398,5.559574,3.6544034,5.750858,5.0353756,4.1718674,4.8711157,3.0050635,5.1044707,4.61844,2.7542715,6.8516006,5.927421,6.1197257,6.3477726,5.280575,4.8324995,4.2749896,5.498321,4.5683484,5.7046103,3.5495996,4.944834,2.8024607,4.720904,2.9569714,4.313407,5.228864,4.4696116,7.7159986
TCGA-MP-A4T6-01,0.89293355,3.8934038,4.0410676,5.837386,3.4546769,5.7931237,4.8912773,3.909949,4.899129,3.018242,4.873298,4.2298594,3.0539784,7.0034494,5.883574,5.8913546,6.5085263,5.0816917,5.0058746,4.2006173,5.6819506,4.4148088,5.362851,3.609186,4.733374,2.5903437,4.472704,3.2375953,4.3860197,5.2058077,4.4682994,7.8853145
TCGA-17-Z010-01,2.930839,2.1990025,3.8065982,5.6346354,3.0476422,4.7911286,5.359854,5.019875,3.7714908,2.418802,5.440908,4.2222676,2.7432103,5.9848623,5.7327847,6.2650537,6.47683,6.1785626,5.084601,3.5746167,6.8345156,3.1239803,5.0644665,3.7786725,5.482249,4.4182153,5.7165937,3.710657,2.4981267,4.048623,6.0048494,7.4887285
TCGA-55-6971-01,2.53432,2.2949452,3.6795425,5.8274593,2.6715968,4.7995057,5.346167,4.821238,3.9682493,2.3862195,5.366738,4.2136188,3.0277853,6.154841,5.761157,6.249925,6.652407,5.954875,5.190657,3.3161216,6.9584084,3.2128632,5.052947,3.848903,5.5368667,3.9137094,5.4903035,3.8009973,2.8094304,4.322658,5.9096217,7.7950687
TCGA-55-7283-01,2.589265,2.267366,3.7807992,5.8135266,2.7086265,4.7545843,5.3844266,4.878013,3.9293325,2.3007295,5.4748316,4.2240524,2.9784493,6.152521,5.8153243,6.2551746,6.6525426,5.9795794,5.1831656,3.3620226,6.961678,3.1756485,5.0723314,3.800512,5.5023956,4.0035596,5.5195365,3.7396686,2.7538853,4.149335,5.9486313,7.748504
TCGA-69-8453-01,1.1315353,3.806091,4.1282363,5.5499783,3.6279676,5.6869597,5.0644393,4.178178,4.7774787,3.01918,5.083191,4.6098027,2.7372262,6.8004594,5.9609833,6.188475,6.3700185,5.3358526,4.801482,4.230002,5.564001,4.5564027,5.660839,3.4548798,5.0151763,2.8621542,4.7427654,2.8842597,4.2767625,5.197629,4.4879937,7.6627502
TCGA-49-6767-01,4.2020183,2.217455,4.059834,5.498719,3.7577322,4.77189,5.7782717,5.05277,3.2504003,2.6791704,5.516564,4.268455,2.3240776,5.280155,5.371715,6.231721,6.135082,6.7301617,5.147653,3.808846,6.5168595,3.0527365,5.039334,3.5885158,5.3278403,4.9512835,6.3131914,3.2836864,2.5707495,3.5240407,6.2218747,6.785276
TCGA-55-6968-01,4.5420237,2.23941,4.0677013,5.4496837,3.8808944,4.9609337,5.8641872,5.0766945,3.3842926,2.838433,5.4073443,4.293912,2.4161792,5.2424116,5.3210745,6.176017,6.1148076,6.756957,5.2439885,3.706143,6.583324,3.0323555,4.833484,3.5575335,5.3833685,4.805235,6.432459,3.3482125,2.8563747,3.5540278,6.1949587,6.7704897
TCGA-49-4487-01,3.67674,2.1518054,3.9175205,5.5587187,3.2580109,4.799933,5.6953783,4.949758,3.5182695,2.6573908,5.421064,4.312396,2.6451454,5.6096973,5.380568,6.3012023,6.3343353,6.44863,5.2433953,3.6407833,6.7737193,2.9978495,5.03221,3.6985352,5.3644857,4.494715,6.0603323,3.4919236,2.6156256,3.8781602,6.091975,7.205033
TCGA-17-Z007-01,0.7644502,3.7997284,3.9615636,5.8727307,3.2726033,5.6640778,4.7890377,4.046214,4.9366612,3.0458922,4.9784145,4.2951946,3.102956,7.0682993,5.883352,6.0305967,6.5853066,5.028594,4.9875655,4.1487837,5.6797395,4.4303546,5.432633,3.6314936,4.847524,2.416299,4.4460993,3.1339903,4.358943,5.457181,4.400124,7.9342747
TCGA-49-4506-01,1.2600282,3.1947613,3.7351763,5.9339848,2.871007,5.2531934,4.856521,4.4307895,4.5433545,2.940209,5.2119503,4.2595296,3.1504598,6.7994165,5.8637958,6.150872,6.7600026,5.217742,5.124173,3.833098,6.2019296,4.0539885,5.3470063,3.7585394,5.1310444,2.7994318,4.7754674,3.2896101,3.7681942,5.25646,4.8292284,7.924143
TCGA-86-8668-01,0.7507566,3.9130917,4.0866528,5.719731,3.464682,5.6120534,4.8004713,3.982456,4.732443,2.8228855,5.056341,4.2827935,2.9648385,6.9267583,5.981994,6.173281,6.5471754,5.038382,4.810233,4.2185946,5.648803,4.428089,5.618011,3.6409655,4.9339805,2.647083,4.4337993,3.1524909,4.3124843,5.303763,4.270536,7.9108787
TCGA-75-6207-01,0.884544,3.8417332,3.939086,5.825969,3.3899555,5.8545694,4.829223,3.957512,4.9561143,3.017504,4.8735933,4.2910347,3.1096635,7.139392,5.8769884,5.952329,6.5622196,5.015621,5.076567,4.098778,5.667192,4.364819,5.396391,3.5779376,4.781762,2.3997762,4.434471,3.1602426,4.4819345,5.4159317,4.3879285,7.9964595
TCGA-73-7498-01,1.0476087,3.4135478,3.6498854,5.876439,2.9334311,5.3817134,4.8776135,4.289816,4.629805,2.9928887,5.1772504,4.209769,3.1197278,6.871014,5.9262447,6.1847715,6.7647805,5.138592,5.0469384,3.9677343,6.140637,4.219074,5.4134655,3.6977162,5.059606,2.5903943,4.6939754,3.2522933,4.040226,5.4677057,4.622361,7.901906
TCGA-95-8039-01,0.90769273,3.5714455,3.844642,5.8999906,3.1356542,5.47857,4.769473,4.2069263,4.7639117,3.0008836,5.0919657,4.248176,3.139128,6.965812,5.8582034,6.0709476,6.6767178,5.072901,5.0565524,4.012709,5.934991,4.272568,5.3811574,3.707276,4.993709,2.5239317,4.567411,3.2207263,4.1132617,5.423749,4.544113,7.9293427
TCGA-05-4425-01,0.62027144,4.174701,4.0745096,5.668533,3.6955028,5.811139,4.8315887,3.8801181,4.8089237,2.99567,4.891593,4.412892,2.8827991,7.005999,5.9536734,6.033553,6.384703,5.102811,4.805596,4.266212,5.54896,4.628987,5.465288,3.4691114,4.8910146,2.623223,4.4834185,2.9991302,4.508026,5.2402253,4.273907,7.7767487
TCGA-64-1680-01,0.84843373,3.911865,4.075506,5.770871,3.4357972,5.8029923,4.8940296,3.905233,4.8884635,2.9351497,4.9476514,4.26298,3.0304072,7.015497,5.938737,5.892378,6.530538,5.010463,4.968966,4.217975,5.64481,4.478058,5.584226,3.6315174,4.73209,2.5828264,4.4354405,3.141872,4.398817,5.2653465,4.3477864,7.9487796
TCGA-67-3770-01,2.5436933,2.3068671,3.6920936,5.807603,2.6556396,4.8358655,5.35248,4.7884107,4.0169306,2.3775463,5.34888,4.214186,3.0842729,6.1871114,5.7356577,6.2530885,6.6648,5.9513717,5.1777406,3.2996767,6.9917,3.1982982,5.0391326,3.8546875,5.53288,3.884062,5.473706,3.8605478,2.8294632,4.359233,5.8875914,7.852693
TCGA-L9-A743-01,1.2515932,3.1640701,3.703565,5.9568996,2.7891629,5.2137227,4.861625,4.450796,4.549294,2.9643831,5.1823807,4.2558365,3.1737285,6.807812,5.862143,6.181047,6.782448,5.2386446,5.1016884,3.815328,6.2708306,4.0451417,5.2708135,3.749196,5.168516,2.7715914,4.7514124,3.3455532,3.7660632,5.2769604,4.8560495,7.9395432
TCGA-97-A4M3-01,2.5037436,2.3539019,3.799689,5.811439,2.9135349,4.700852,5.2149158,4.905622,3.7524378,2.5069935,5.597879,4.2741666,2.8243802,6.0960555,5.7180066,6.1222973,6.5090857,5.936626,5.137723,3.7054546,6.671109,3.3450968,5.3429213,3.8763056,5.2870593,4.155425,5.487901,3.402871,2.62344,4.183198,5.8579435,7.539232
TCGA-99-AA5R-01,0.89556867,3.785712,4.174225,5.773183,3.5334222,5.597239,4.889391,4.0922594,4.8293896,2.9548914,4.968054,4.4268923,2.7942233,6.677659,5.8708653,5.8824615,6.3801928,5.180485,4.9002614,4.2430744,5.791288,4.5590243,5.639896,3.6737435,4.877103,2.9301538,4.4983425,3.0893333,4.1566863,4.9743986,4.5657024,7.749589
TCGA-44-3917-01,2.4770935,2.3437142,3.683578,5.8261104,2.6854706,4.793798,5.2889953,4.8485336,4.011827,2.3688424,5.384062,4.191119,3.0374203,6.19475,5.8179617,6.236597,6.6827235,5.9231462,5.153211,3.32404,6.95292,3.2491984,5.0384808,3.8283582,5.57875,3.9361553,5.471056,3.830877,2.7964172,4.334944,5.8806343,7.7963357
TCGA-J2-A4AD-01,3.096397,2.4429033,3.8866022,5.638734,3.2517815,4.9747233,5.374275,4.936097,3.6972768,2.676201,5.420929,4.225081,2.796132,5.8798437,5.622258,6.1501713,6.3587065,6.1673007,5.1397686,3.6744156,6.63967,3.2926784,5.070474,3.7358286,5.342841,4.2485595,5.7305374,3.4677832,2.8317623,4.142677,5.8300853,7.3268456
TCGA-17-Z004-01,0.64027053,4.2047033,4.2686367,5.5349116,3.7829647,5.8117394,4.887448,3.7741394,4.818923,2.7981036,4.95003,4.4668036,2.889924,6.914288,5.9973717,6.0535336,6.3627224,5.121377,4.645278,4.378232,5.536904,4.6493187,5.57609,3.5760684,4.9384675,2.723066,4.50032,3.0941615,4.548217,5.205232,4.207688,7.8001184
TCGA-MP-A4SW-01,0.69660795,3.8778725,4.0687623,5.8039036,3.3939762,5.6679006,4.7481155,4.0027137,4.899171,2.9269228,5.025273,4.3362226,3.076824,7.123763,5.898353,6.098487,6.521721,5.007039,4.8762608,4.190432,5.6571784,4.44126,5.4992347,3.655054,4.912746,2.391268,4.442513,3.1317053,4.4384613,5.5045943,4.277151,7.999614
TCGA-78-7166-01,2.485755,2.3792043,3.7233763,5.798285,2.8303037,4.8353457,5.2104917,4.921254,3.9619205,2.642131,5.3912377,4.2836375,2.9556208,6.1383324,5.6865497,6.293393,6.68263,5.867836,5.2578616,3.5231197,6.7820234,3.3126776,5.1131835,3.8116908,5.460459,3.7961953,5.483541,3.6124117,2.9089172,4.448118,5.6685205,7.6684923
TCGA-78-7159-01,3.1255376,2.2145696,3.8206794,5.607377,3.1683815,4.825682,5.425296,5.0047545,3.6781518,2.4839292,5.4240813,4.2160306,2.6891394,5.8689933,5.6653237,6.2176642,6.3729095,6.2856936,5.0625544,3.5840933,6.7849836,3.1262116,5.067976,3.7753663,5.441187,4.5319896,5.786418,3.6587067,2.487398,4.001436,6.081328,7.395199
TCGA-50-5944-01,0.7435688,3.9016106,4.1291447,5.7721033,3.4579716,5.833258,4.8939705,3.9148295,4.96021,2.9544542,4.964844,4.2708464,2.98958,7.0557647,5.8960037,5.991155,6.463852,5.092378,4.8877873,4.3967853,5.60709,4.473617,5.3758197,3.6555328,4.677561,2.5098593,4.4545684,3.3245995,4.4592223,5.3818984,4.470812,7.8664393
TCGA-86-A456-01,3.175693,2.248201,3.8907824,5.7128944,3.1881132,4.728517,5.435327,5.0287743,3.5622973,2.7384295,5.566468,4.336422,2.6728847,5.7253923,5.5155983,6.2299404,6.437346,6.19461,5.2939963,3.7211082,6.65038,3.1833997,5.1835337,3.7483823,5.3286886,4.300049,5.856956,3.3028874,2.734955,3.9783092,5.9268937,7.2352476
TCGA-69-7974-01,4.256326,2.2290468,3.9439402,5.4282336,3.7018938,4.9568453,5.790675,5.0134525,3.3920896,2.8185637,5.289223,4.260542,2.4070694,5.291099,5.2991533,6.202902,6.0541778,6.737562,5.155048,3.638582,6.622923,3.0102122,4.898452,3.600966,5.406882,4.8135395,6.303615,3.4187133,2.6282904,3.7310054,6.261349,6.8829603
TCGA-55-7994-01,4.7370834,2.5458233,4.2065897,5.2788286,4.1145625,5.481113,5.918917,4.643243,4.1683474,2.85454,5.03542,4.252158,2.450212,5.7099347,5.2210307,6.12997,6.0116816,6.560648,5.035112,3.9127696,6.42737,3.2189481,4.6372185,3.4949863,5.109522,4.3027573,6.3646336,3.5772817,3.4754477,3.942347,5.7766047,7.0324354
TCGA-75-7025-01,0.54066366,4.017495,4.146443,5.6703134,3.7132304,5.6921477,4.752882,3.983757,4.963983,2.9779472,4.8200154,4.585095,2.9298332,6.984092,5.807982,6.048503,6.3591638,5.1621633,4.8218865,4.231709,5.780421,4.551527,5.367467,3.5258923,5.078411,2.531228,4.3858657,3.0370944,4.41709,5.3526025,4.3803897,7.8033557
TCGA-NJ-A4YI-01,3.9855292,2.1654627,3.9431639,5.5450687,3.4886644,4.763995,5.7393966,5.0605674,3.290583,2.7394576,5.4367976,4.307998,2.4787428,5.33046,5.340213,6.2592363,6.2234287,6.6266637,5.257399,3.6451092,6.660201,3.000039,5.0219135,3.643345,5.4130683,4.720603,6.216891,3.3566625,2.570615,3.7183197,6.218059,6.9470086
TCGA-44-2668-01,3.461965,2.2341564,3.9151797,5.575647,3.3851004,4.847507,5.500911,5.02901,3.5673983,2.659267,5.4464574,4.262341,2.585407,5.668606,5.524589,6.2202315,6.3033066,6.3969045,5.1362605,3.6811113,6.6617565,3.1204646,5.0656915,3.7175379,5.384931,4.5546,5.9541597,3.4813838,2.6260507,3.8934574,6.0630884,7.191488
TCGA-55-8092-01,4.5349097,2.3286974,3.997855,5.3833003,3.716448,5.1796446,5.8776264,4.8019347,3.849147,2.842771,5.144859,4.2649837,2.5300725,5.5367785,5.247881,6.2129807,6.117525,6.618218,5.1543956,3.6689332,6.6519337,3.0687156,4.719732,3.562842,5.318,4.458015,6.3494964,3.5853322,3.061014,3.9202044,6.0194044,7.062437
TCGA-75-6203-01,0.84902763,3.9963403,4.567908,5.6208925,3.8737645,5.864421,4.835316,3.95752,4.917196,2.8904178,5.0250525,4.4944487,2.851761,6.9543715,5.9017043,5.943442,6.3197217,5.0308285,4.8527594,4.4163194,5.368173,4.575305,5.603703,3.7427359,4.8449364,2.7332015,4.5568967,3.1661346,4.3214417,5.1681924,4.297482,7.7847023
TCGA-69-8255-01,3.0985734,2.317089,3.7734668,5.6531897,3.0365393,4.939433,5.4893293,4.8136683,3.9230785,2.5135636,5.3022466,4.1779933,2.878594,5.9399915,5.6081944,6.237315,6.471076,6.274077,5.0762773,3.3839102,6.8564367,3.1522496,4.976193,3.7606928,5.49817,4.2031484,5.7395635,3.8187122,2.8623908,4.154528,6.021287,7.6010895
TCGA-44-7659-01,2.4793017,2.3896909,3.8272913,5.7844863,2.9883592,4.7215543,5.199386,4.9105034,3.73138,2.5459335,5.5894613,4.284983,2.7688036,6.0783625,5.7053857,6.12155,6.469472,5.949314,5.1162343,3.7676487,6.601229,3.3761046,5.3756857,3.8630254,5.255884,4.18452,5.4814277,3.3518696,2.6122572,4.1817946,5.835052,7.489297
TCGA-93-A4JQ-01,1.0852104,3.3563502,3.7379487,5.9386487,2.9782908,5.3190885,4.7713356,4.3555646,4.613863,2.9434218,5.2203016,4.245916,3.140836,6.8815203,5.8502707,6.1340785,6.755629,5.16791,5.089849,3.9242702,6.0533376,4.13305,5.4389043,3.730005,5.064211,2.664546,4.65438,3.2120442,3.9577134,5.3625717,4.69578,7.9562554
TCGA-38-6178-01,0.9906998,3.738535,3.8050132,5.7565627,3.2978604,5.7018957,4.8567348,3.9794772,4.8326344,2.879654,4.892362,4.28086,3.1227863,6.9354873,5.8890333,6.054834,6.565179,5.1838584,4.9261856,4.008006,5.913963,4.279161,5.2924314,3.5555568,4.990749,2.5785224,4.5594387,3.2475977,4.454821,5.3514504,4.4837627,7.951143
TCGA-44-2662-01,2.9213881,2.2171664,3.635496,5.7914133,2.8866699,4.745479,5.6070833,4.7500725,3.5437908,2.5431204,5.25097,4.245837,2.7265656,5.703711,5.5171914,6.27092,6.371208,6.2684526,5.226427,3.3110757,6.8033924,3.1601467,5.1428337,3.8347728,5.4614854,4.1813173,5.650986,3.531991,2.637671,4.11302,6.230738,7.459322
TCGA-55-A492-01,2.9067178,2.188099,3.8333406,5.6973653,2.9832113,4.708141,5.3830776,4.9795475,3.6693223,2.461704,5.539143,4.2863817,2.763212,5.950268,5.6554823,6.2185497,6.470947,6.1369634,5.163773,3.6373186,6.807436,3.136502,5.200188,3.8235688,5.36635,4.362304,5.6956224,3.5459654,2.4959671,4.017549,6.008711,7.4690533
TCGA-50-5045-01,2.9456735,2.2793689,3.8031993,5.570826,3.2017584,4.962173,5.2499266,4.9756756,3.8455744,2.5853455,5.3407483,4.2726164,2.7910867,6.0408235,5.6383114,6.1539974,6.3752193,6.1465592,5.0310326,3.636261,6.7833114,3.1953514,5.089529,3.8395576,5.3825417,4.365858,5.6650496,3.7341955,2.5572922,4.2525578,5.9341416,7.535154
TCGA-NJ-A4YP-01,4.3327622,2.295257,3.9812756,5.415828,3.8189602,5.0018754,5.805128,4.9791365,3.3685584,2.9462333,5.2354274,4.2740974,2.3651578,5.1971803,5.205131,6.213374,6.0183225,6.787434,5.1866083,3.665393,6.510939,3.0463972,4.9101434,3.563499,5.4003158,4.74315,6.351972,3.3271685,2.7590184,3.7539067,6.203063,6.7955694
TCGA-49-6761-01,3.225173,2.0853264,3.807593,5.6224637,2.9448216,4.763216,5.5432982,4.9629602,3.6424348,2.485595,5.4172525,4.309118,2.801402,5.850964,5.533292,6.2735796,6.4368434,6.254081,5.2393794,3.5419884,6.943204,2.9901407,5.0679965,3.8072722,5.396446,4.346055,5.839022,3.6354508,2.4829104,4.0144672,6.099644,7.454832
TCGA-44-2656-01,4.7955604,2.4137828,4.202949,5.378048,4.095898,5.230975,5.9584355,4.8005347,3.8857634,2.8084311,5.2322555,4.2470365,2.4079475,5.455325,5.2667527,6.217764,6.130504,6.7260633,5.131565,3.8098857,6.4626937,3.1355355,4.675368,3.4733882,5.272273,4.5358553,6.460202,3.5207722,3.3493621,3.6447895,5.959567,6.9091578
TCGA-05-4434-01,0.9672285,3.8657963,4.059314,5.712215,3.549945,5.6921353,4.8539495,4.0508757,4.667895,2.906919,5.0136986,4.397222,2.9244637,6.9020667,5.9715657,6.1288304,6.4612765,5.1335473,4.922323,4.151388,5.5708094,4.3723607,5.58592,3.5270684,4.935785,2.7699416,4.571668,2.9741812,4.2514753,5.201023,4.376575,7.8284965
TCGA-05-4382-01,4.7921457,2.5661032,4.2421303,5.2314057,4.222504,5.5740795,5.857971,4.723209,4.084811,2.9560797,5.0373244,4.242724,2.4399524,5.6860495,5.2237,6.0481086,5.906596,6.551144,5.0385375,4.004169,6.3669853,3.2315104,4.625672,3.5041437,5.0376067,4.3254375,6.3830175,3.4721422,3.4632156,3.953888,5.767289,6.92023
TCGA-J2-A4AE-01,0.6859151,4.072152,4.1212664,5.6863375,3.645935,5.749704,4.8148775,3.9372675,4.788607,2.9594114,4.9652634,4.4136724,2.8790786,6.961241,5.962994,6.0453277,6.4088774,5.092782,4.8099284,4.2749553,5.5776157,4.5975904,5.541186,3.5295868,4.91089,2.6718924,4.49076,2.9912841,4.4374146,5.2344346,4.285755,7.8003454
TCGA-17-Z011-01,1.0823652,3.300379,3.739735,5.9609003,2.91849,5.2809453,4.7336297,4.3891006,4.685113,3.0009768,5.182424,4.209772,3.1813667,6.8484483,5.837037,6.18024,6.7249923,5.1364546,5.068932,3.936466,6.21092,4.145471,5.2951236,3.8050165,5.14978,2.594399,4.711713,3.3148773,3.924348,5.474227,4.6529083,7.8729177
TCGA-35-4123-01,2.2571402,2.443414,3.7019868,5.857844,2.7711134,4.828102,5.1449995,4.979578,3.9874592,2.5708048,5.4212646,4.1640577,2.9576495,6.2814136,5.8670797,6.2741504,6.7388124,5.7468534,5.189295,3.5772943,6.7469697,3.403231,5.1418223,3.792078,5.4322767,3.859216,5.348891,3.5910301,2.8418894,4.5515876,5.555467,7.6975555
TCGA-55-8206-01,0.6439177,4.1467156,4.2867155,5.5990415,3.7758067,5.8538632,4.8412833,3.814403,4.8766494,2.883361,4.9434357,4.471106,2.9082072,6.9854217,5.936027,6.014271,6.3470626,5.1361346,4.6943803,4.4037957,5.543698,4.634943,5.424882,3.5994592,4.902802,2.6925552,4.5332894,3.1462462,4.568491,5.231141,4.308525,7.791473
TCGA-75-5146-01,2.2323935,2.4802043,3.675238,5.8633003,2.6381338,4.9117174,5.1354737,4.7995214,4.195445,2.516326,5.3803973,4.2374926,3.169292,6.4370475,5.8140736,6.1668615,6.746865,5.6159444,5.226416,3.4780786,6.8871317,3.4020498,5.100509,3.8738863,5.3946004,3.56868,5.2251444,3.7134323,2.9733763,4.6678896,5.563458,7.9440455
TCGA-73-7499-01,0.7620249,3.845927,3.9256046,5.829651,3.3115616,5.7450747,4.80751,4.0115223,4.9036326,3.061681,4.9608874,4.268769,3.1275444,7.1086407,5.893067,5.8680787,6.593421,4.979936,5.057071,4.110045,5.8037643,4.460401,5.341115,3.6505444,4.830115,2.438971,4.517394,3.1944132,4.3514347,5.395076,4.4116235,7.92684
TCGA-69-7980-01,4.906586,2.4013932,4.1087737,5.2743554,3.9937265,5.359044,5.9466023,4.7634263,3.9652095,2.9249883,5.092207,4.260984,2.4541938,5.5696707,5.1910815,6.1380982,5.9864383,6.672537,5.112395,3.8621368,6.551745,3.115071,4.6149917,3.5005243,5.183774,4.437672,6.521845,3.539098,3.264561,3.913972,5.90554,6.9120827
TCGA-55-7281-01,4.2351,2.2165487,4.027273,5.5139217,3.741508,4.772864,5.9233317,4.906731,3.1752858,2.6429782,5.4197974,4.2990837,2.2342696,5.1686625,5.258531,6.274753,6.0292664,6.7928085,5.146319,3.736661,6.486982,3.0029733,5.107858,3.576539,5.3326654,4.913147,6.301591,3.2464328,2.5677698,3.4989145,6.3390446,6.7655177
TCGA-67-4679-01,2.5196002,2.374483,3.83288,5.727133,3.0534868,4.7452273,5.1995873,4.938387,3.749761,2.513077,5.5397964,4.2738605,2.7132063,6.0605774,5.721483,6.151897,6.440008,6.0178394,5.0589156,3.752988,6.6035986,3.3559706,5.328143,3.8486576,5.319672,4.2961597,5.5288005,3.4433186,2.5429802,4.1467986,5.8758497,7.4707847
TCGA-86-8669-01,1.330605,3.1838727,3.6031096,5.884785,2.9234416,5.2918706,4.9178996,4.385642,4.4942985,2.816211,5.27156,4.1624665,3.1272693,6.720349,5.8836327,6.0467634,6.8158283,5.207498,5.1976,3.7821732,6.3137574,3.974083,5.4566336,3.7849655,5.1049733,2.8554628,4.825508,3.3276734,3.7665796,5.230689,4.8540816,7.9191427
TCGA-L4-A4E5-01,3.1667008,2.2277033,3.9132316,5.63905,3.3134017,4.765571,5.4880157,5.0082226,3.4605565,2.5823355,5.4949555,4.229009,2.5389876,5.6661434,5.5895004,6.2947946,6.3332477,6.3936305,5.0916753,3.6577647,6.614148,3.1347191,5.1606784,3.7226195,5.3720775,4.6042557,5.8101525,3.4546072,2.5457196,3.857762,6.1069713,7.2279735
TCGA-17-Z023-01,3.6629472,2.2103548,3.9327588,5.5851073,3.3812659,4.827864,5.6024957,5.0399942,3.4912024,2.69977,5.4939337,4.2799373,2.5992088,5.5979776,5.474443,6.2202325,6.296443,6.4215727,5.220107,3.7029548,6.685605,3.08986,5.029896,3.691326,5.334044,4.5483856,6.049677,3.3938484,2.6569908,3.838571,6.0699935,7.108511
TCGA-99-8028-01,4.052251,2.2659304,3.9405997,5.3982987,3.6673534,5.1301346,5.6135573,5.0696826,3.4675434,2.9072745,5.255642,4.274532,2.571967,5.489923,5.337754,6.1113553,6.0465326,6.543634,5.184676,3.7203875,6.6399064,3.044326,4.8942766,3.66528,5.3018203,4.5757813,6.1596665,3.3971746,2.701925,3.932428,6.10808,6.983948
TCGA-49-AAR4-01,4.3782372,2.2922015,3.9851875,5.3423886,3.799786,5.242221,5.7245226,5.010492,3.54631,2.9746525,5.1857166,4.2820277,2.564537,5.464772,5.262534,6.081018,5.982425,6.593049,5.2078156,3.752586,6.6247525,3.0360298,4.795108,3.6260765,5.2493906,4.535294,6.2762833,3.3870955,2.8514235,3.9124298,6.0851755,6.923418
TCGA-75-6212-01,0.5737171,4.0641503,4.217919,5.6241755,3.7875304,5.785477,4.8000336,3.8849552,5.066372,2.9070752,4.7591825,4.621688,2.907185,6.958663,5.8009152,6.0128903,6.288448,5.1912036,4.7563143,4.3041773,5.72339,4.581498,5.4380436,3.5129862,5.0182166,2.5564709,4.3175807,3.009873,4.5654435,5.3474526,4.3313694,7.84126
TCGA-55-7728-01,0.94380635,3.596923,4.1485376,5.8743386,3.3942835,5.576526,4.711108,4.20497,4.78059,2.9518492,5.0873156,4.245148,3.0609603,6.9090242,5.830456,5.925141,6.533048,4.9472566,5.1499977,4.0836616,5.7403436,4.291917,5.361505,3.8536952,4.8744526,2.609546,4.6430774,3.3928082,3.9565346,5.18459,4.5418806,7.842829
TCGA-50-5946-01,4.6666408,2.2900305,4.088202,5.4264092,3.9278455,5.0442944,5.9209146,4.9608617,3.5801785,2.8612015,5.315304,4.2850194,2.41952,5.2951484,5.268685,6.214377,6.1373286,6.7697186,5.2239633,3.697647,6.5627503,3.0560193,4.760101,3.5202022,5.3796806,4.6867495,6.469818,3.4316995,3.0466275,3.6093085,6.112664,6.833068
TCGA-55-1595-01,3.0082767,2.2025268,3.738685,5.7043266,2.9807992,4.781522,5.482032,4.8917956,3.7436414,2.4463675,5.3523,4.1847215,2.7715304,5.7825575,5.6286526,6.28805,6.473484,6.3575754,5.0963554,3.318705,6.8573027,3.1049376,5.040763,3.783428,5.5920434,4.355081,5.7705183,3.7914789,2.6917584,4.027516,6.1785192,7.528528
TCGA-86-7955-01,2.9812856,2.2149687,3.694366,5.7649827,2.96372,4.7443595,5.564331,4.8164997,3.5140176,2.5503216,5.3258696,4.249085,2.703117,5.692907,5.5347543,6.253648,6.3565464,6.2916846,5.2025785,3.3818972,6.773872,3.1589894,5.159062,3.8257523,5.4406767,4.2846627,5.690415,3.5174358,2.6004555,4.047076,6.221012,7.409805
TCGA-49-4494-01,2.1442935,2.422665,3.6203802,5.946071,2.637104,4.730714,5.086713,4.7026296,4.050033,2.5902605,5.417541,4.271962,3.0228481,6.206135,5.6262093,6.272403,6.6977735,5.828882,5.1915927,3.4813645,6.693774,3.4511309,5.304787,3.9491544,5.4706817,3.6485074,5.3894076,3.656407,3.0638797,4.5490546,5.6658845,7.829747
TCGA-44-7660-01,3.4570515,2.207912,3.840855,5.619117,3.3078642,4.8072286,5.502677,5.0820246,3.5083673,2.6614125,5.452731,4.2268996,2.6127546,5.5657525,5.549208,6.213583,6.320538,6.4552093,5.164505,3.540253,6.7168803,3.1004083,5.019293,3.714272,5.491493,4.560059,5.999368,3.5076647,2.6392217,3.87522,6.1645694,7.1708007
TCGA-95-7043-01,4.9156694,2.5217516,4.206939,5.261342,4.176822,5.4799714,5.95926,4.68619,4.089517,2.9219835,5.038448,4.267127,2.4420016,5.615645,5.184192,6.1125307,5.983741,6.6241374,5.086518,3.9049134,6.4366107,3.1895757,4.6041303,3.4775069,5.129155,4.356029,6.456462,3.5304844,3.4676929,3.8901875,5.8076944,6.943912
TCGA-73-4676-01,0.9242796,3.5097198,3.9356668,5.940091,3.2081563,5.456846,4.696456,4.2561984,4.7933674,3.0013273,5.1137114,4.208361,3.143425,6.943823,5.783926,5.980593,6.6443906,5.0307484,5.127781,4.0304394,5.977011,4.235726,5.32457,3.8220227,4.977415,2.5262651,4.5912766,3.3337755,4.018729,5.3711357,4.579729,7.915747
TCGA-38-7271-01,1.1130724,3.5651288,4.063837,5.7720265,3.4330866,5.4643764,4.8832455,4.22437,4.656187,2.8650973,5.067399,4.3982234,2.8707638,6.6576915,5.8352385,5.9819665,6.445501,5.2629538,4.9692693,4.0936885,5.9523215,4.298673,5.5505767,3.702272,5.014397,2.9978106,4.6596985,3.1592522,3.9522846,4.9722776,4.6969337,7.775981
TCGA-86-8278-01,1.0434777,3.4469864,3.8628213,5.9315886,3.0791936,5.4100633,4.7572155,4.2652354,4.711709,2.934968,5.1336093,4.213228,3.1586192,6.91318,5.84957,6.074535,6.6969705,5.1049237,5.0667915,3.96821,5.9840217,4.166047,5.372814,3.751691,5.018168,2.624145,4.6039886,3.285313,4.0196695,5.3381124,4.5990214,7.9526367
TCGA-17-Z057-01,3.7925613,2.2074347,3.9084504,5.508813,3.4834054,4.8734484,5.614462,5.058344,3.4068463,2.7642384,5.3713393,4.264754,2.5118277,5.4407864,5.38257,6.256556,6.209638,6.5756207,5.1814804,3.646975,6.648008,3.035718,5.0041347,3.6569715,5.4129453,4.649851,6.126457,3.4326024,2.5932264,3.8512976,6.1532726,7.0400777
TCGA-55-7574-01,2.8031254,2.1007082,3.7734845,5.670057,2.8798423,4.6912665,5.3108335,5.024745,3.8221834,2.4224162,5.468053,4.2793145,2.8215585,6.0604258,5.6870093,6.339905,6.607717,6.099364,5.15804,3.575148,6.9217887,3.0632112,5.1125383,3.8414931,5.5109687,4.3136916,5.7043867,3.79635,2.4777253,4.1524615,5.924367,7.6169863
TCGA-86-8358-01,4.967011,2.4762197,4.2422056,5.330233,4.208823,5.2578497,5.991524,4.7094994,3.9519703,2.7624876,5.2235074,4.2380524,2.3521621,5.4811025,5.240549,6.2007904,6.0767817,6.751323,5.0737796,3.937516,6.3917184,3.189483,4.6797256,3.431798,5.1996307,4.5680366,6.555819,3.4932098,3.3993607,3.6312084,5.878454,6.8340645
TCGA-NJ-A7XG-01,0.6885672,4.217741,4.31322,5.6455994,3.937577,5.9860415,4.802958,3.7659502,4.8833876,2.8899322,4.8483977,4.4598308,2.9118798,6.9911604,5.9619684,5.9652953,6.2916937,5.0097995,4.8343277,4.3682046,5.354112,4.609696,5.493971,3.558874,4.804565,2.578365,4.4609118,3.080112,4.5918593,5.2411413,4.188401,7.800489
TCGA-55-8616-01,3.9517522,2.1780186,3.983037,5.4703655,3.616319,4.885191,5.608936,5.1712275,3.2430542,2.7162106,5.476784,4.252149,2.4465601,5.406452,5.4569526,6.1660414,6.090693,6.5855174,5.1462617,3.7686515,6.621356,3.0199358,5.023002,3.67215,5.307152,4.8717637,6.1405025,3.3169043,2.421817,3.68558,6.240154,6.8961997
TCGA-35-4122-01,3.386043,2.10206,3.8601592,5.5684147,3.0291796,4.756239,5.6459045,4.911282,3.5727966,2.528389,5.416106,4.3037276,2.7622447,5.7483664,5.428367,6.3216815,6.398939,6.386878,5.2019815,3.558515,6.8993998,2.950325,5.0763865,3.7605915,5.4091406,4.463727,5.938498,3.628562,2.4879422,3.9600544,6.1227255,7.394225
TCGA-05-4389-01,2.7557702,2.2164059,3.6859732,5.7916703,2.7539206,4.7425585,5.4473724,4.842206,3.8695436,2.3727036,5.340216,4.208689,2.914898,5.9690275,5.7011623,6.3107257,6.6058087,6.145368,5.1746063,3.2548447,6.9636173,3.133828,5.023367,3.8116217,5.6236763,4.104501,5.6474395,3.8462596,2.729761,4.1666446,6.070617,7.689641
TCGA-55-A494-01,2.5855398,2.2063842,3.6671128,5.7731233,2.724087,4.754638,5.2909946,4.9430566,3.918248,2.3800406,5.419135,4.1961775,2.9655514,6.159936,5.7906413,6.2746143,6.6549406,6.010574,5.1312737,3.3949585,6.973547,3.1559954,5.065004,3.8630407,5.554948,4.1287336,5.541398,3.8490279,2.6321967,4.2786045,5.9235654,7.7621927
TCGA-86-8280-01,0.6703186,4.1288056,4.13263,5.7435727,3.80627,5.8234076,4.7344112,3.771794,4.92262,2.8345702,4.8211346,4.4370446,2.8776581,6.813887,5.883998,5.906799,6.251097,5.138078,4.7380714,4.362747,5.6328173,4.6171384,5.5793996,3.531092,4.8455453,2.723551,4.295536,2.9129694,4.6862845,5.1835756,4.240237,7.8717637
TCGA-44-5644-01,4.91232,2.5009036,4.2603416,5.315248,4.2356677,5.3080497,5.962922,4.7133756,3.969011,2.7608347,5.201314,4.225688,2.3420908,5.510419,5.255309,6.181188,6.046686,6.7227736,5.0370307,3.9523115,6.365689,3.200695,4.6822186,3.4426963,5.169582,4.572328,6.4991255,3.4989066,3.3949552,3.6502156,5.8810034,6.8559284
TCGA-55-8205-01,4.3572116,2.253506,3.954272,5.4458246,3.7470891,4.868142,5.880637,4.9316993,3.4082265,2.8129156,5.2933497,4.26824,2.3340886,5.2091737,5.2378516,6.269922,6.1008883,6.8293424,5.1485634,3.6239934,6.5838656,3.0332682,4.9061394,3.5479853,5.4577923,4.86119,6.3959823,3.435079,2.6876194,3.6803865,6.248627,6.8473845
TCGA-78-7535-01,1.8242202,2.700162,3.6772397,5.920125,2.682783,4.9553237,4.9332685,4.6720605,4.2763367,2.681118,5.365277,4.258269,3.1578078,6.50077,5.757494,6.153977,6.7473307,5.499149,5.176336,3.5914967,6.6217294,3.657243,5.255108,3.8957188,5.328301,3.3327808,5.0858006,3.5514722,3.2270446,4.8395357,5.3520665,7.9148746
TCGA-75-5126-01,4.5786743,2.3267307,4.0367193,5.313713,3.9205997,5.3183637,5.7843623,4.993838,3.5926561,3.0460966,5.162532,4.2886133,2.5531375,5.4422045,5.226359,6.0507083,5.9479647,6.624237,5.235497,3.7958498,6.586314,3.0523431,4.728826,3.5901792,5.2136464,4.4960737,6.365588,3.3500798,2.999245,3.888761,6.0391054,6.8521976
TCGA-44-3396-01,2.232639,2.4088278,3.628405,5.9267554,2.6325092,4.7564034,5.1275635,4.7248454,4.0546145,2.55624,5.4196544,4.252946,3.0549343,6.2254095,5.6543436,6.250027,6.7027726,5.8275037,5.189777,3.454336,6.756101,3.4151185,5.246491,3.937655,5.4673467,3.6858408,5.393512,3.6870651,3.0195713,4.529713,5.695643,7.843479
TCGA-17-Z019-01,0.87822706,4.0277877,4.3297167,5.614076,3.849077,5.879302,4.8955617,3.8898015,4.929626,2.8767712,4.8782372,4.4927816,2.8276393,6.890587,5.8935375,6.0006957,6.2772074,5.155711,4.8096676,4.3558197,5.4757066,4.544794,5.5676203,3.5544176,4.8415995,2.7358527,4.475143,3.0588882,4.487983,5.169568,4.320088,7.787199
TCGA-69-8254-01,1.020872,3.552895,4.116659,5.878485,3.270826,5.6021748,4.837428,4.315317,4.865314,3.11849,5.088049,4.4311066,3.0321143,7.0525784,5.8498535,6.0344434,6.587282,5.0679903,5.155174,4.0809617,5.680225,4.2930703,5.421144,3.7127104,4.9145303,2.566468,4.6290402,3.183145,3.9835556,5.30456,4.6386557,7.863317
TCGA-62-A46V-01,1.0089642,3.6353912,3.8503947,5.797914,3.1950808,5.5870266,4.9252763,4.06423,4.690669,2.9031527,5.0425816,4.2253275,3.0687382,6.8805065,5.9672093,6.0339475,6.636667,5.1370916,4.977778,4.051844,5.9314675,4.319304,5.392467,3.6283002,4.9417267,2.6721125,4.6508102,3.2629416,4.2309117,5.3091364,4.531066,7.876112
TCGA-50-6590-01,4.7721043,2.3927681,4.0748982,5.281269,3.8421743,5.4074936,5.910955,4.711259,4.105581,2.8849003,5.039027,4.266307,2.5360577,5.7333302,5.2025743,6.1441503,6.024575,6.54401,5.1014333,3.839675,6.619456,3.109169,4.609635,3.5462425,5.1415534,4.280859,6.419063,3.6212246,3.2618442,4.0632358,5.857994,7.0757704
TCGA-17-Z041-01,0.6791356,3.9634752,3.9576573,5.7917547,3.3481245,5.745622,4.7697134,3.9383566,4.9047813,2.9990454,4.979911,4.2086816,3.1087952,7.056113,5.955083,5.881095,6.580405,4.9358454,4.952334,4.16701,5.720972,4.5179453,5.433344,3.654608,4.8259063,2.4817798,4.485308,3.1844203,4.421172,5.3704987,4.2575502,7.914908
TCGA-17-Z048-01,0.6948601,4.1260724,4.1000547,5.730341,3.7161136,5.7925506,4.7810454,3.8766446,4.8549857,2.9207487,4.9083657,4.370655,2.8515818,6.9106503,5.9184685,6.006223,6.318929,5.10904,4.7834234,4.3044553,5.5121794,4.593924,5.579037,3.522957,4.8267813,2.6955438,4.4103203,2.9626925,4.562989,5.1960697,4.2442403,7.828977
TCGA-MP-A4SV-01,3.4550543,2.2052147,3.8139312,5.5977483,3.20948,4.874424,5.5467095,4.9452815,3.6502442,2.5921078,5.3616657,4.2766848,2.7247727,5.7589955,5.5222335,6.1912403,6.3299556,6.3243146,5.1773586,3.553954,6.823334,3.0960584,5.0127316,3.7691522,5.3959107,4.439448,5.8969254,3.6059384,2.5974846,4.0089617,6.10394,7.3385563
TCGA-55-8091-01,0.6438345,4.224545,4.300556,5.5561333,3.8586478,5.8319054,4.843364,3.8460402,4.7454276,2.8700693,4.943796,4.4712167,2.826838,6.941702,6.0274243,6.0963626,6.3239775,5.0898523,4.713704,4.344791,5.444581,4.639118,5.546993,3.503859,4.9402924,2.7122583,4.5564547,3.0524418,4.481579,5.1578355,4.196191,7.732365
TCGA-64-5778-01,4.3421264,2.214355,4.060042,5.515367,3.8225665,4.824075,5.8129334,5.11031,3.2403057,2.8030305,5.5067053,4.283568,2.3541753,5.2094803,5.358009,6.2065287,6.147786,6.7463984,5.2226377,3.735102,6.5340357,3.0462675,4.955008,3.5762722,5.3682585,4.891122,6.3572164,3.271887,2.728144,3.4993057,6.2383423,6.7553554
TCGA-67-6216-01,0.72266537,4.1238866,4.2253814,5.713266,3.7184885,5.829103,4.796159,3.8258657,4.750038,2.8734257,4.9655876,4.3021774,2.9291835,7.024035,5.983125,6.0438704,6.4030347,5.0563684,4.7915144,4.3363986,5.48058,4.523734,5.528341,3.5661495,4.8287363,2.6645324,4.4690604,3.087374,4.5062013,5.217973,4.2221513,7.8687186
TCGA-44-6146-01,0.788838,4.058379,4.231447,5.675802,3.7701766,5.8160853,4.7975197,3.980652,4.72657,2.9542856,4.9776325,4.4045553,2.8338387,6.9167323,5.9886785,6.0173955,6.3534646,5.022718,4.910735,4.2647343,5.399281,4.5525017,5.552368,3.562141,4.8484745,2.748444,4.584565,3.0279813,4.3039064,5.107262,4.282995,7.728605
TCGA-91-6848-01,4.792303,2.3416035,4.07902,5.314347,4.013493,5.273336,5.869762,4.9667845,3.6307232,3.0351393,5.1901784,4.291228,2.4892402,5.390634,5.2197185,6.074674,5.9727573,6.7023954,5.232996,3.8139977,6.5634084,3.072659,4.6841073,3.536068,5.248802,4.5761633,6.492535,3.3674295,3.0807066,3.8059673,6.015585,6.7801456
TCGA-55-6985-01,4.4535794,2.2153199,4.048924,5.481017,3.8217976,4.944844,5.842971,5.1047134,3.3431406,2.7945557,5.439907,4.301741,2.455123,5.257553,5.369491,6.1655607,6.126791,6.7158127,5.272729,3.674623,6.614554,3.0198753,4.854422,3.5832157,5.400902,4.7694254,6.389977,3.3346343,2.8351154,3.5437238,6.22073,6.7846813
TCGA-55-8511-01,4.274035,2.1925085,3.9493496,5.4398828,3.520893,5.037671,5.8340015,4.909763,3.6419222,2.7609265,5.2472296,4.291417,2.5832043,5.535268,5.2925854,6.2221985,6.168875,6.564264,5.236533,3.6580086,6.750366,2.9849725,4.8188577,3.6322973,5.3010697,4.474785,6.262216,3.523431,2.824035,3.8887787,6.1056128,7.082148
TCGA-67-3774-01,1.0067116,3.4712152,3.8640113,5.8936353,3.1195536,5.42241,4.700904,4.286533,4.669249,2.9453948,5.1618004,4.253995,3.1979127,6.966166,5.8331017,6.079969,6.6715117,5.0634184,5.1007123,3.9161968,5.97256,4.145597,5.314971,3.7581937,5.0662827,2.583727,4.676152,3.2687902,3.964834,5.3403916,4.57458,7.9377985
TCGA-78-7162-01,1.1328552,3.7078378,4.102311,5.6086817,3.5223184,5.6708837,5.0112863,4.2223253,4.802003,3.0179076,5.1186175,4.5624657,2.8209648,6.854143,5.9332633,6.1556463,6.429427,5.2826357,4.8859863,4.1750975,5.618405,4.4794154,5.623473,3.5320709,5.000468,2.7848673,4.749433,2.9670777,4.2430844,5.260198,4.5138264,7.7321563
TCGA-05-4418-01,2.7101548,2.2570035,3.8235924,5.656747,3.0555804,4.748412,5.273379,5.0219417,3.7672813,2.4326923,5.479979,4.263221,2.6885688,6.025,5.7530603,6.2396936,6.466486,6.1070786,5.0671024,3.6611137,6.740974,3.2147307,5.181362,3.8031116,5.4426007,4.4040136,5.6398067,3.6108649,2.4501605,4.0664535,5.9594827,7.472404
TCGA-86-7954-01,2.3750565,2.4835153,3.7021065,5.79718,2.7429388,4.9709,5.361294,4.6621017,4.1220207,2.4320834,5.2849855,4.2277217,3.0602329,6.31389,5.767471,6.224838,6.636904,5.858109,5.135927,3.4287872,6.838374,3.3485584,5.0935755,3.8057072,5.3796077,3.7207315,5.309913,3.7385957,3.084306,4.511927,5.6961994,7.8819537
TCGA-73-A9RS-01,4.854261,2.4126647,4.18021,5.366415,4.0927067,5.1386743,5.9594383,4.7718735,3.8174064,2.7653117,5.288699,4.255205,2.368225,5.4345994,5.2518497,6.213334,6.1049633,6.7611,5.119626,3.9080644,6.441867,3.161637,4.7423186,3.4539707,5.246312,4.612104,6.5613008,3.4461706,3.2477655,3.6262515,5.9230647,6.8047915
TCGA-97-7547-01,1.9286494,2.598423,3.6383862,5.943895,2.6033938,4.874652,5.058756,4.7675114,4.211345,2.6395888,5.369756,4.2374926,3.1220825,6.427762,5.8461647,6.19928,6.826042,5.549893,5.221825,3.4887998,6.728118,3.5586317,5.1912313,3.868391,5.4349794,3.4715059,5.1380744,3.579618,3.1237657,4.7740974,5.4024067,7.8837223
TCGA-78-7153-01,1.2795504,3.172353,3.7237372,5.9519877,2.8555417,5.24976,4.834999,4.445196,4.5139623,2.9036653,5.2665,4.1956906,3.198148,6.8377485,5.8849196,6.1173596,6.828921,5.135951,5.1818786,3.789421,6.2158184,3.9978845,5.328678,3.8054452,5.119086,2.7587218,4.79568,3.3535275,3.7156677,5.26957,4.817149,7.950914
TCGA-55-1596-01,2.3404195,2.4273872,3.6630707,5.861819,2.6419797,4.870705,5.2119503,4.7514853,4.1006193,2.4907036,5.3808217,4.234511,3.1313193,6.305643,5.7468724,6.16955,6.6964483,5.762995,5.199551,3.4010034,6.891335,3.3534067,5.113651,3.8911052,5.4347672,3.6815827,5.32642,3.7189198,2.9580355,4.5374937,5.704245,7.8832593
TCGA-05-4415-01,2.6355588,2.346887,3.6443756,5.907523,2.630618,4.7597513,5.243519,4.7922955,4.0882845,2.5211449,5.429748,4.2907534,3.1274273,6.190831,5.678696,6.18483,6.7498126,5.818971,5.296565,3.3602707,6.95333,3.3143806,5.089416,3.887212,5.503631,3.699567,5.4937844,3.7244337,3.0144248,4.4369593,5.7495484,7.843046
TCGA-64-1678-01,4.173982,2.5584862,4.1643014,5.397533,3.9155166,5.316987,5.788493,4.628521,4.145203,2.6877341,5.131679,4.228549,2.4926243,5.8,5.354068,6.18361,6.1537905,6.4626503,4.9894786,3.8498988,6.4271536,3.2732072,4.796186,3.5462766,5.1852374,4.301861,6.134089,3.625475,3.369608,3.9540958,5.7743683,7.186664
TCGA-44-A47F-01,0.78093636,3.6961954,3.856289,5.8947864,3.209496,5.55305,4.7277813,4.168015,4.854327,3.0727088,5.0550814,4.306701,3.14046,7.0692234,5.853603,6.013216,6.646361,5.042375,5.054563,4.0495853,5.8819103,4.3723297,5.3721867,3.6638424,4.963378,2.4466732,4.529225,3.1260412,4.227445,5.4530663,4.4697595,7.9295077
TCGA-05-4390-01,4.5027866,2.426765,4.1853237,5.362879,4.0600348,5.2048144,5.837244,4.8448625,3.7487197,2.7322023,5.253798,4.217701,2.3459213,5.4778695,5.323177,6.180453,6.0419183,6.668259,5.021708,3.8640733,6.4108005,3.1485436,4.8089585,3.5261235,5.2073603,4.6924353,6.2968216,3.4659073,3.071229,3.662835,6.0346365,6.9175105
TCGA-J2-A4AG-01,0.87757665,3.6973796,4.391181,5.800961,3.613749,5.67644,4.6747704,4.200118,4.8256707,2.9519706,5.103136,4.34236,2.970426,6.9335446,5.845669,5.8936667,6.439372,4.873453,5.137674,4.1871886,5.5260005,4.3872194,5.425756,3.896371,4.8488455,2.6489234,4.651244,3.3751404,3.9440129,5.1166215,4.4573607,7.779086
TCGA-50-6597-01,0.60121334,4.003575,4.185491,5.65267,3.7034016,5.773924,4.818454,3.8916903,5.085296,2.9052014,4.7659664,4.591948,2.9485724,6.990783,5.7783184,5.999162,6.3198156,5.2049294,4.7726803,4.289498,5.7735777,4.5408587,5.4053187,3.5390162,4.9991317,2.535724,4.322309,3.0603764,4.5633073,5.3739634,4.382285,7.8807287
TCGA-55-8508-01,2.1817782,2.7568388,3.7561674,5.830084,2.9620824,5.059366,5.0860105,4.7388673,4.137347,2.7389572,5.3598948,4.2160487,3.0359025,6.349395,5.7877717,6.1384625,6.632995,5.6383924,5.1714964,3.6832123,6.5518637,3.6253483,5.1650057,3.7850425,5.3028407,3.520555,5.250004,3.4623582,3.2415397,4.723751,5.329816,7.656422
TCGA-55-A57B-01,0.64825016,4.130827,4.1948123,5.618997,3.786118,5.815206,4.8338213,3.8783565,4.925834,2.9077637,4.8512006,4.5065303,2.844073,6.946445,5.9058595,6.0391746,6.3072724,5.1366625,4.763454,4.3043623,5.5483828,4.6109447,5.560608,3.490193,4.9179873,2.6467717,4.3968186,2.9715655,4.540998,5.245681,4.249331,7.8111
TCGA-78-7145-01,2.4211035,2.4125905,3.6333714,5.933429,2.623254,4.770932,5.2325444,4.8035603,4.036807,2.4811676,5.4111223,4.165544,3.0760763,6.172827,5.764627,6.2823935,6.78222,5.8338375,5.218736,3.3181503,6.8549724,3.3845885,5.062195,3.8449063,5.5813456,3.7484128,5.4293113,3.73399,2.975228,4.4821267,5.7301564,7.797846
TCGA-44-A47B-01,0.7171189,4.1259,4.2049713,5.6342034,3.788496,5.8566637,4.849051,3.8205745,4.923401,2.8533769,4.842187,4.438808,2.8656683,6.912045,5.9439898,6.0223794,6.326722,5.079529,4.7874365,4.3236136,5.4874916,4.586188,5.6172237,3.5101082,4.8299127,2.645483,4.3426623,2.9981606,4.5604677,5.2349997,4.198908,7.849443
TCGA-64-1681-01,0.8168788,3.6591623,3.9240413,5.958447,3.139415,5.588807,4.768732,4.115202,4.9233766,3.0677695,5.020734,4.207277,3.187779,7.096876,5.8308015,6.022372,6.6636286,4.9899607,5.0854797,4.100135,5.7608767,4.320904,5.3786845,3.7228754,4.8278546,2.3520265,4.447357,3.244659,4.224028,5.503605,4.4858656,7.9852643
TCGA-78-8660-01,2.7125478,2.159343,3.710923,5.7272058,2.8329957,4.695603,5.2376084,5.0765247,3.8683245,2.4256186,5.45935,4.231239,2.847629,6.030563,5.779041,6.3397393,6.664743,6.075365,5.169505,3.44446,6.931914,3.132226,5.0350485,3.8088436,5.65368,4.2336936,5.6940475,3.814915,2.568421,4.1701503,5.9367385,7.609504
TCGA-78-7539-01,4.229207,2.1868958,4.01517,5.475603,3.6931734,4.7596164,5.8099174,5.058208,3.1441188,2.7355525,5.4526567,4.2986736,2.3189263,5.183865,5.2920055,6.238091,6.0729113,6.773416,5.1855493,3.7511046,6.549514,2.9938817,5.0649557,3.5983062,5.3606405,4.972029,6.330916,3.256039,2.4631462,3.5733495,6.292297,6.753695
TCGA-86-8279-01,4.759816,2.3470883,4.120252,5.387119,4.016465,5.019743,5.9343915,4.871439,3.6129365,2.8027773,5.335408,4.2707863,2.3387883,5.322172,5.247189,6.21109,6.085357,6.81203,5.14959,3.8595073,6.4799595,3.1191638,4.806785,3.4765818,5.3072414,4.752337,6.565757,3.3865855,3.0293214,3.6076393,6.02884,6.7371163
TCGA-49-4488-01,3.0456007,2.21546,3.7455769,5.6920342,2.9927392,4.8141346,5.484524,4.886584,3.756182,2.473711,5.3446918,4.1742067,2.7974253,5.771996,5.612393,6.282138,6.4678664,6.384331,5.0882673,3.3012714,6.860229,3.0978374,5.023817,3.7760947,5.5954976,4.3419995,5.785333,3.8113167,2.73752,4.037177,6.1806245,7.5354834
TCGA-05-4405-01,4.0890584,2.217091,3.9403908,5.493001,3.4704297,4.983773,5.783042,4.8818574,3.707338,2.7360837,5.2839613,4.274541,2.584367,5.5752454,5.32957,6.2597704,6.23658,6.545382,5.2090006,3.6386144,6.7180586,3.0347826,4.859895,3.6324027,5.3472075,4.414771,6.21962,3.5464954,2.8911426,3.902259,6.0695677,7.129235
TCGA-NJ-A55R-01,2.8850818,2.2184463,3.789496,5.6715245,2.8552897,4.88512,5.556628,4.85395,3.8685677,2.303604,5.387257,4.211319,2.9257133,6.1723433,5.7689023,6.223272,6.5264497,6.0510364,5.148697,3.5143409,6.967169,3.0872397,5.025143,3.7850518,5.3202753,4.172089,5.551081,3.7486959,2.6911259,4.1931224,5.9266777,7.7008996
TCGA-73-4675-01,0.7443224,3.804758,3.9871452,5.8977966,3.2256792,5.699127,4.801534,3.9643505,5.0125365,3.0069919,4.9685926,4.1777186,3.174014,7.1250997,5.83726,5.96399,6.5914936,4.990785,4.98631,4.209785,5.676345,4.401949,5.427356,3.6932645,4.7294364,2.3364913,4.376908,3.2410917,4.4165506,5.5081053,4.384519,8.010668
TCGA-NJ-A4YG-01,1.7069907,2.8029196,3.6520076,5.9434433,2.731435,4.996487,4.9197836,4.669727,4.288995,2.7584982,5.371425,4.2194786,3.1235006,6.5363674,5.810635,6.1575327,6.7762413,5.435801,5.180911,3.6573684,6.53861,3.7410216,5.2857404,3.8548985,5.2953796,3.2242033,5.036221,3.4604657,3.3338263,4.9618945,5.203343,7.8666267
TCGA-55-8507-01,4.8849325,2.4081893,4.129467,5.3032484,4.1120267,5.252116,5.9161067,4.8581457,3.7701895,2.9580262,5.20461,4.2768216,2.398063,5.441808,5.220564,6.1060815,5.983233,6.7384024,5.1480837,3.915414,6.488623,3.148324,4.685932,3.4807825,5.220745,4.6012397,6.5743303,3.4033372,3.1863415,3.7853255,5.92031,6.750339
TCGA-35-5375-01,3.7093456,2.2354703,3.945561,5.546622,3.5722728,4.846568,5.622839,5.053111,3.3049865,2.8143423,5.3951755,4.257137,2.4135983,5.3409553,5.3706064,6.2825456,6.1776853,6.61191,5.169289,3.6560454,6.531656,3.065269,5.0678873,3.640344,5.3979807,4.682851,6.0861073,3.3296177,2.6219437,3.7803872,6.1930733,6.971086
TCGA-55-8094-01,3.7961497,2.2856455,3.9434223,5.5026927,3.6206565,4.8540344,5.5570507,5.0467553,3.4756887,2.7213311,5.428441,4.2181015,2.424356,5.4507456,5.444783,6.2516794,6.2061567,6.628327,5.0747585,3.7183166,6.5438776,3.1262443,5.023252,3.613658,5.440587,4.770095,6.17425,3.438809,2.6379104,3.7914777,6.0987544,6.9817133
TCGA-97-A4M2-01,0.7411678,4.0940123,4.406109,5.571073,3.9595375,5.870929,4.8304405,3.917233,4.8290143,2.8443172,4.938014,4.5313473,2.8075063,6.885689,5.9357843,5.9728813,6.263034,5.048474,4.855638,4.3418937,5.446733,4.5811615,5.568261,3.635775,4.8733177,2.742358,4.540202,3.1423066,4.334591,5.0843816,4.3090286,7.737021
TCGA-50-6594-01,4.5840697,2.2927508,4.02914,5.43296,3.744758,5.0690174,5.950339,4.799317,3.783497,2.7989879,5.2106485,4.2928734,2.4959445,5.448117,5.21972,6.276384,6.192802,6.685207,5.214749,3.6506734,6.6341915,3.0476053,4.7536526,3.5358365,5.3607445,4.4777775,6.4084306,3.548894,3.0974033,3.7799523,6.0396004,7.019566
TCGA-44-5643-01,1.3045415,3.146699,3.6844182,5.936137,2.8824315,5.205532,4.7984643,4.4761395,4.5060096,2.905376,5.263513,4.2243443,3.164005,6.740456,5.8542643,6.138024,6.7689004,5.2237754,5.130124,3.7973201,6.2925787,4.013652,5.32272,3.8011715,5.201037,2.830792,4.8351254,3.3319025,3.7310004,5.266423,4.8157277,7.8819065
TCGA-05-4402-01,1.4241377,3.0828054,3.7317781,5.9327655,2.8837447,5.181336,4.838359,4.513573,4.454221,2.8549082,5.2995944,4.2196307,3.1651294,6.711137,5.8532844,6.121911,6.7635126,5.2496843,5.160166,3.7676566,6.291573,3.9295115,5.3294563,3.8152864,5.178719,2.9307697,4.89022,3.3387184,3.6215963,5.1704164,4.897307,7.883711
TCGA-55-7910-01,3.417125,2.2562344,3.9353228,5.5908494,3.402464,4.7913604,5.421273,5.084369,3.552224,2.56429,5.5749893,4.213093,2.573572,5.709599,5.634578,6.206884,6.3333235,6.4028845,5.0643716,3.7483711,6.638231,3.1760798,5.0885906,3.7085683,5.3806014,4.692047,5.9625545,3.4805791,2.5680425,3.8267372,6.030486,7.160112
TCGA-05-5429-01,0.592715,4.098315,4.271929,5.747345,3.835229,5.73334,4.730489,3.899581,4.8538504,2.8465085,4.9059515,4.4554386,2.8499298,6.888898,5.8467026,6.015151,6.272562,5.052426,4.8297205,4.337161,5.5036407,4.5613294,5.695505,3.6233468,4.8529415,2.6163435,4.295911,3.0251338,4.3964925,5.2099495,4.262377,7.839227
TCGA-55-6642-01,1.3397552,3.0855417,3.700143,5.9236584,2.8390536,5.187228,4.822459,4.4302197,4.474442,2.8335912,5.248444,4.224427,3.1706297,6.754446,5.848328,6.158077,6.779828,5.233163,5.109796,3.763114,6.293839,4.00204,5.3321414,3.8383517,5.208397,2.8764758,4.8295403,3.4304216,3.6685326,5.208851,4.9035254,7.941523
TCGA-64-1679-01,3.9809527,2.3017964,3.9489276,5.46321,3.7336206,4.9481797,5.70958,4.989203,3.356581,2.9103923,5.2687516,4.241933,2.3313298,5.2345767,5.2725153,6.283469,6.0738153,6.7417364,5.1189504,3.6324112,6.481187,3.0696907,4.9823833,3.578542,5.4312153,4.7587647,6.2070923,3.3669574,2.6860397,3.7902215,6.213793,6.895292
TCGA-55-6979-01,4.684289,2.3509583,4.079016,5.283976,4.0121326,5.370145,5.7944922,5.010342,3.569076,3.0625663,5.1528535,4.278568,2.5298586,5.4137726,5.2285757,6.0152802,5.8995113,6.636818,5.223783,3.8311667,6.547882,3.0567875,4.7008758,3.578595,5.1827145,4.5601826,6.387489,3.3228674,3.011298,3.8546915,6.048248,6.8006096
TCGA-53-7626-01,4.8909664,2.4777741,4.1531873,5.268288,4.0434365,5.4561925,5.9753942,4.6506305,4.15208,2.8971322,5.017363,4.273915,2.4841104,5.68137,5.171312,6.141313,6.015333,6.597495,5.0950284,3.8725812,6.5191836,3.1612616,4.5904746,3.492288,5.135668,4.2836165,6.46089,3.5938993,3.440015,3.9753826,5.802689,7.0191865
TCGA-44-6775-01,0.74423915,3.9719079,3.9774547,5.8483467,3.4026792,5.8014545,4.758309,3.872461,4.91315,2.9834244,4.9110394,4.209469,3.1681778,7.1247373,5.884501,5.961969,6.5027356,5.0467772,4.897472,4.188651,5.6121607,4.4279184,5.170346,3.6298182,4.8189254,2.4335146,4.55097,3.298405,4.5409074,5.3977695,4.3570313,7.9110613
TCGA-44-6144-01,2.8092227,2.5318596,3.8302307,5.731872,3.1028616,4.9741764,5.2451386,4.909818,3.789156,2.69433,5.4526963,4.2035036,2.9299943,6.021315,5.687858,6.1184926,6.460109,5.983508,5.161449,3.6489842,6.6386857,3.401625,5.101247,3.7694988,5.3406873,4.023453,5.574077,3.449028,2.9427345,4.3154855,5.693035,7.4442363
TCGA-05-5425-01,4.305,2.2996423,3.9661927,5.3980336,3.7107098,5.1620426,5.7916517,4.8920956,3.6459455,2.9015794,5.220941,4.3060064,2.5562012,5.53883,5.2456136,6.1113834,6.0351567,6.5570054,5.2098207,3.7732413,6.6373305,3.0701542,4.8520193,3.6174457,5.207419,4.409176,6.268194,3.3807244,2.9209816,3.938819,6.0467987,6.983975
TCGA-69-7765-01,4.628202,2.3416798,4.0587406,5.296544,3.9852285,5.3396735,5.799917,5.015539,3.5540705,3.0966365,5.1465764,4.2869716,2.5221765,5.381013,5.206365,6.0407524,5.915691,6.6678257,5.2428327,3.7948272,6.550714,3.0523236,4.7112865,3.574116,5.2201123,4.5425396,6.4018645,3.3197393,3.0134768,3.8566198,6.0513644,6.7897787
TCGA-62-8397-01,0.6170112,4.2097898,4.311001,5.5321364,3.902718,5.836753,4.8548846,3.858378,4.8089185,2.8647304,4.915336,4.5552363,2.8159077,6.9397817,5.9646997,6.070601,6.285934,5.1367016,4.7097006,4.355213,5.4981055,4.640548,5.5534215,3.5180447,4.97277,2.7070932,4.5267086,3.0424747,4.480086,5.1803575,4.2473216,7.7361135
TCGA-05-4397-01,4.688095,2.341934,4.061386,5.3454657,3.8612635,5.2755647,5.9117165,4.7901034,3.9056118,2.9071925,5.169192,4.300537,2.5464997,5.6164894,5.204643,6.141692,6.06489,6.601291,5.204292,3.8521914,6.616555,3.0989287,4.689185,3.5427475,5.1759715,4.2973776,6.4563274,3.4816797,3.230074,3.9361916,5.895192,6.9636464
TCGA-97-7552-01,0.66153264,4.1585164,4.3266573,5.601681,3.8527215,5.8381677,4.8275914,3.9001498,4.84069,2.8998883,4.9465084,4.488589,2.7921154,6.916829,5.9620748,6.004831,6.299324,5.0533214,4.788952,4.355845,5.419291,4.662304,5.6357245,3.5760093,4.8684363,2.7193155,4.4835677,3.0244083,4.430031,5.1481934,4.228593,7.753391
TCGA-38-4631-01,4.7620425,2.362745,4.0911584,5.395459,3.8584666,5.1911993,6.016035,4.6936336,4.017498,2.8020527,5.1483707,4.2979436,2.5012255,5.557565,5.190418,6.2716265,6.199668,6.6636972,5.187679,3.7108123,6.6059003,3.095849,4.66235,3.4964736,5.3047576,4.3450623,6.4655633,3.6185827,3.3386683,3.8185644,5.913009,7.06046
TCGA-69-8253-01,1.855203,2.9041603,3.7192197,5.8795266,2.917293,5.1035542,4.9757547,4.669537,4.270038,2.779261,5.351738,4.205434,3.0812047,6.502316,5.843847,6.1275315,6.7160153,5.445139,5.1790633,3.7445064,6.4804673,3.7755904,5.2354536,3.7928581,5.258908,3.2694333,5.078964,3.4045718,3.4033988,4.945659,5.12017,7.733043
TCGA-91-6836-01,4.4025726,2.254167,3.9901009,5.4342017,3.752426,4.83474,5.9046483,4.9242854,3.2783682,2.7811556,5.301395,4.2974453,2.3068974,5.142467,5.1987095,6.279684,6.050368,6.8393555,5.156278,3.6536257,6.5474577,3.0026722,5.00009,3.5514991,5.4161577,4.925734,6.3795943,3.362713,2.5758803,3.6379597,6.2827544,6.806551
TCGA-53-7624-01,4.9515457,2.347875,4.114592,5.4021316,3.9478257,5.134211,6.0506554,4.7350492,3.9147327,2.8278763,5.216782,4.3003855,2.482402,5.439201,5.1834183,6.2714944,6.20988,6.7527485,5.244596,3.7321315,6.5804343,3.091249,4.6533933,3.4600127,5.3386207,4.424728,6.590998,3.5424485,3.3631065,3.6970954,5.920259,6.927119
TCGA-49-4512-01,0.70384884,4.202336,4.1268344,5.705286,3.7272916,5.873684,4.769002,3.7638888,4.7494082,2.8901508,4.937533,4.296711,2.963053,7.002911,6.019258,5.9859047,6.404137,5.0462675,4.7823443,4.305091,5.480344,4.589769,5.5042214,3.5257359,4.8355727,2.6588867,4.495362,3.0279405,4.627241,5.2237725,4.149344,7.8506303
TCGA-17-Z053-01,3.0405602,2.211467,3.831221,5.6308827,3.1132371,4.7961335,5.4209423,4.9572253,3.6637595,2.5081882,5.435693,4.2473383,2.7092988,5.845314,5.6065145,6.241762,6.3938828,6.294724,5.0867376,3.5765216,6.7722564,3.126275,5.137004,3.79536,5.422498,4.464655,5.764376,3.6320903,2.532725,4.0101976,6.077837,7.4283333
TCGA-91-8499-01,2.8625958,2.1871455,3.7382743,5.67977,2.9864042,4.7579756,5.3962407,4.978562,3.6396666,2.5363696,5.396395,4.2096705,2.7321465,5.8058457,5.6344023,6.309081,6.4497786,6.3036175,5.114748,3.4546738,6.798709,3.1174448,5.1150455,3.7909307,5.5269017,4.372901,5.726884,3.6585972,2.5644953,4.0660315,6.1115136,7.4534755
TCGA-78-7161-01,2.264572,2.4731028,3.6343727,5.909377,2.5858583,4.865531,5.159669,4.760621,4.153763,2.4617903,5.4282312,4.1873193,3.2122724,6.408717,5.795919,6.176883,6.7696643,5.6933036,5.167873,3.4078295,6.885705,3.426883,5.116068,3.9161015,5.43113,3.6507046,5.283567,3.7502923,2.9809346,4.607894,5.6461725,7.9590077
TCGA-55-8207-01,3.2139745,2.291603,3.9260054,5.586843,3.2351809,4.8962655,5.539696,4.7770176,3.9166372,2.4177847,5.321911,4.229863,2.6708,5.9144673,5.5568466,6.294581,6.4056745,6.3309884,5.007094,3.5877595,6.7230864,3.1515207,5.0603485,3.7397223,5.414083,4.4018683,5.8114552,3.7938411,2.7633176,4.01263,5.982991,7.5066657
TCGA-86-8075-01,0.97364515,3.8412948,3.9858766,5.730164,3.3895977,5.783869,4.964301,3.837208,4.8716784,2.7812371,4.896156,4.2768364,3.065493,7.0191936,5.906157,6.1104884,6.483086,5.252108,4.778526,4.197151,5.744673,4.321355,5.4132195,3.5250635,4.827584,2.6243668,4.4585385,3.213654,4.5901427,5.3338647,4.442513,8.021102
TCGA-55-7815-01,1.545571,2.9953005,3.7467296,5.914763,2.8520365,5.154217,4.9248433,4.520149,4.40525,2.8088415,5.29675,4.213531,3.1458116,6.6607513,5.8451204,6.1707363,6.752676,5.340495,5.1560907,3.7207875,6.2893395,3.8402998,5.31493,3.806535,5.182053,3.0574715,4.9570756,3.4027708,3.506381,5.051922,5.0417557,7.878445
TCGA-NJ-A55A-01,1.2098229,3.3841615,3.8465858,5.854686,3.1540866,5.4236436,4.924256,4.2913046,4.636895,2.9001408,5.091021,4.293011,3.0276158,6.7556605,5.8434443,6.004751,6.618748,5.251754,5.094597,3.9187953,6.077758,4.143751,5.4129705,3.6938868,5.02367,2.85246,4.715795,3.2637067,3.9123795,5.1189666,4.7921934,7.8755913
TCGA-17-Z013-01,0.8292699,3.9225116,4.087586,5.771859,3.4748714,5.8247604,4.895785,3.808098,4.943125,2.8912516,4.8469534,4.287283,3.0730789,7.1124506,5.849477,5.9841447,6.4620247,5.1482015,4.8571534,4.2304015,5.6568093,4.4299,5.3357973,3.5687351,4.7686334,2.5314188,4.4108663,3.2085116,4.5872874,5.313875,4.4059057,7.9968324
TCGA-86-7711-01,2.6258168,2.241205,3.6842113,5.799268,2.6449165,4.804604,5.4064555,4.8108993,3.963771,2.3587534,5.342625,4.2219424,3.0597267,6.136802,5.7204266,6.2751718,6.6557064,6.006191,5.195327,3.2733467,7.0381827,3.1351514,5.025624,3.8556287,5.5542455,3.9579988,5.527564,3.8861017,2.7602491,4.3041253,5.9518886,7.831537
TCGA-64-5815-01,1.847808,2.7211785,3.6809955,5.9363194,2.7227876,4.955751,4.949181,4.6888905,4.244699,2.6959598,5.393641,4.2241635,3.1152868,6.4910545,5.777583,6.1641374,6.747126,5.5034394,5.1791234,3.655404,6.569034,3.6771505,5.285784,3.8784802,5.2925014,3.3382728,5.108773,3.492841,3.2703507,4.8529625,5.307701,7.872914
TCGA-44-A479-01,2.843164,2.255852,3.8451767,5.7508893,3.0183291,4.6851206,5.3602505,4.953677,3.6019576,2.5879114,5.583433,4.314829,2.7364924,5.879242,5.5897713,6.1884604,6.4528666,6.1174927,5.2093325,3.69904,6.6872864,3.2198112,5.2984138,3.8297184,5.294744,4.280691,5.6750345,3.3677967,2.599662,4.039512,5.962827,7.3963237
TCGA-93-7348-01,1.135046,3.31914,3.640401,5.8918643,2.8759596,5.3427405,4.880709,4.341552,4.6467066,2.9678462,5.1535583,4.249895,3.1554046,6.8409595,5.8834963,6.1586556,6.7590346,5.184494,5.0841045,3.8775365,6.167279,4.1400247,5.387906,3.691549,5.0899854,2.6443698,4.694223,3.232444,3.9729037,5.4173236,4.686393,7.942302
TCGA-44-6777-01,3.9963322,2.3018057,3.9774582,5.5476775,3.4987695,4.9711294,5.706846,4.88286,3.8178408,2.7541866,5.3500257,4.293202,2.6209574,5.665153,5.3974276,6.2575803,6.337238,6.444337,5.22701,3.6780639,6.6707644,3.136779,4.8643003,3.616101,5.376111,4.35126,6.1844277,3.5343995,3.0092022,3.927932,5.920107,7.1633945
TCGA-55-6986-01,1.0123428,3.7944622,4.2039785,5.694275,3.6567085,5.6376953,4.890277,4.0779405,4.6958184,2.85522,5.02274,4.438462,2.8133209,6.7098885,5.8952203,5.9373236,6.3508883,5.2236485,4.889327,4.2192235,5.773079,4.4335656,5.5513268,3.6670957,4.940317,2.9987497,4.6625266,3.1496503,4.1310763,4.9267297,4.576731,7.7308326
TCGA-L9-A7SV-01,4.8906684,2.4999127,4.1825075,5.2181673,4.1397543,5.5343704,5.89163,4.7444787,4.049156,2.968686,5.0269966,4.2476726,2.448281,5.6564274,5.1994658,6.058683,5.8960023,6.5931654,5.0554647,3.9609363,6.453235,3.175901,4.5979643,3.5078373,5.070875,4.374971,6.4477267,3.504842,3.3645027,3.9767363,5.825335,6.91339
TCGA-55-8620-01,4.391496,2.1890712,4.022746,5.448618,3.7421496,4.843047,5.828903,5.0949483,3.238073,2.7612083,5.428629,4.3062305,2.3960347,5.2059064,5.311341,6.1973705,6.086521,6.7730455,5.2307677,3.7103379,6.61348,2.9886699,4.947173,3.5884688,5.405433,4.9158416,6.408004,3.3129802,2.578911,3.5737114,6.258394,6.7469954
TCGA-78-7540-01,2.618301,2.249841,3.7666657,5.734686,2.8982217,4.740942,5.281572,4.971523,3.8103797,2.4056957,5.486183,4.2269044,2.8100019,6.0693717,5.7806664,6.239162,6.541901,6.058618,5.1024323,3.5437772,6.816497,3.2039115,5.1694307,3.8180437,5.46422,4.2488,5.569223,3.6523037,2.5742695,4.133904,5.9535437,7.589082
TCGA-17-Z059-01,1.7680863,2.7458727,3.6725466,5.92197,2.7189682,5.0049696,4.9266353,4.569443,4.2859745,2.6879961,5.3617997,4.2688165,3.215208,6.5369754,5.7177052,6.1186037,6.6853604,5.4883785,5.151081,3.5829644,6.5773807,3.696145,5.283117,3.9356823,5.2900357,3.2513065,5.074417,3.5332127,3.303656,4.8716507,5.3030734,7.9289956
TCGA-78-7152-01,2.379879,2.4380128,3.7402232,5.8067393,2.7983556,4.865746,5.188471,4.7621756,4.0138173,2.501728,5.443725,4.265402,3.0230904,6.2637453,5.7216463,6.1304035,6.583922,5.842163,5.1246653,3.544306,6.7772455,3.3712966,5.236572,3.8863428,5.3371677,3.850597,5.3555846,3.6171927,2.8782494,4.421325,5.752571,7.7880793
TCGA-67-6215-01,1.1311946,3.27339,3.7248964,5.992747,2.8860786,5.3638916,4.8385935,4.3365197,4.741414,3.0173213,5.082443,4.224048,3.1889107,6.887448,5.830675,6.0702276,6.749346,5.154989,5.1484065,3.8575,6.1883917,4.1328497,5.2766128,3.7546873,5.0677857,2.5517244,4.6603956,3.3561454,3.9753933,5.417294,4.7576103,7.9500337
TCGA-55-A493-01,2.7910542,2.1485097,3.7488623,5.7171025,2.9082513,4.662482,5.245192,5.096713,3.7932181,2.4085088,5.527867,4.242222,2.8069956,5.994217,5.778708,6.277943,6.6058707,6.1071234,5.142912,3.5044773,6.9076552,3.1249695,5.081493,3.8107216,5.595502,4.355074,5.7139664,3.7338874,2.487172,4.063098,6.003309,7.539238
TCGA-50-7109-01,2.7790613,2.1773238,3.7698636,5.683681,2.9192882,4.7532945,5.3019853,5.0192847,3.8205953,2.3850138,5.465693,4.215373,2.8158705,6.055232,5.7687936,6.2733893,6.5503483,6.115569,5.095364,3.5261407,6.8875675,3.1200068,5.084322,3.8129299,5.518547,4.346232,5.6615605,3.7658963,2.506065,4.102681,5.987176,7.588943
TCGA-97-7553-01,0.63645256,4.25627,4.2135706,5.627191,3.8359492,5.821018,4.8154993,3.8258424,4.715246,2.8991783,4.943429,4.396999,2.8053102,6.9678884,6.02623,6.1146135,6.349527,5.0917983,4.718637,4.3414793,5.4177966,4.6504574,5.5929356,3.4585872,4.8832273,2.7195616,4.467123,2.9569163,4.5419106,5.168826,4.1603584,7.7734146
TCGA-55-1594-01,2.2551477,2.4605796,3.651664,5.893407,2.602638,4.8609996,5.1330366,4.7949715,4.1176147,2.5213673,5.4245644,4.2115784,3.1681576,6.3501096,5.7809677,6.158103,6.741834,5.6920586,5.203868,3.4325666,6.873743,3.4005458,5.132595,3.90398,5.4294906,3.6411457,5.284961,3.6848042,2.9553454,4.595831,5.6441298,7.9018545
TCGA-44-3398-01,2.2591588,2.5290847,3.6940393,5.865961,2.6856425,4.920118,5.118089,4.7056093,4.158847,2.5185437,5.4205937,4.2371807,3.1446328,6.3810453,5.723899,6.1013737,6.65267,5.724119,5.1338773,3.504099,6.8043685,3.4513385,5.1920156,3.9332457,5.3478956,3.662012,5.266291,3.6835485,2.9789865,4.558261,5.678682,7.9088306
TCGA-62-A46R-01,2.2025845,2.494602,3.654622,5.916769,2.5932333,4.849786,5.0966077,4.7738547,4.153355,2.5035474,5.4496675,4.1999726,3.1967084,6.3878136,5.790138,6.162608,6.7694197,5.668264,5.1872745,3.4381258,6.847322,3.4450154,5.14436,3.9137719,5.43726,3.6118183,5.272947,3.7019644,3.0071135,4.6099706,5.6056046,7.9276886
TCGA-62-A46U-01,0.56124526,4.2352195,4.0929394,5.6696367,3.6768103,5.8300796,4.83362,3.794603,4.7260256,2.9315312,4.851117,4.3817673,2.8814948,6.985698,6.042519,6.031189,6.416084,5.04109,4.795052,4.27066,5.523947,4.657051,5.576839,3.4222155,4.8676906,2.6415844,4.3892975,2.9378543,4.527225,5.2120166,4.182029,7.8079915
TCGA-64-1676-01,4.5779057,2.239074,4.063124,5.439596,3.8757384,4.9926834,5.8744836,5.063164,3.434696,2.8541265,5.380052,4.2924485,2.4359968,5.2656064,5.3101897,6.1762247,6.1209445,6.7501335,5.2466946,3.6932492,6.6014986,3.026826,4.8009458,3.5571165,5.380216,4.7704644,6.4364853,3.3787844,2.8926024,3.578938,6.1831207,6.7995415
TCGA-55-6972-01,2.9955308,2.1949513,3.7741606,5.6663685,2.9728959,4.783634,5.502029,4.8475866,3.8358533,2.3791528,5.3407984,4.220651,2.7807226,5.9178934,5.6284966,6.312494,6.4926667,6.2816415,5.0813875,3.413621,6.8840566,3.0996616,5.0484056,3.790222,5.5348816,4.351511,5.749084,3.8389976,2.626928,4.05626,6.091358,7.584609
TCGA-49-AARN-01,4.722034,2.3722148,4.1003623,5.303193,4.0256042,5.3767037,5.8278637,4.9467506,3.7094653,3.057637,5.1581454,4.285397,2.5447958,5.4737306,5.218696,6.0554338,5.9637995,6.6374474,5.2368455,3.8468928,6.538583,3.0905843,4.6729684,3.5519056,5.190869,4.421797,6.43155,3.3598828,3.1867173,3.8629394,5.954349,6.828151
TCGA-62-8394-01,1.328176,3.1481578,3.7132225,5.9754763,2.8015208,5.1960354,4.8760242,4.5042515,4.487826,2.9572976,5.2118506,4.2581177,3.1547146,6.768218,5.858922,6.1342564,6.792191,5.2487936,5.14403,3.811688,6.292082,4.0085945,5.2975717,3.756832,5.146659,2.8521376,4.769787,3.3082166,3.70368,5.190577,4.8961587,7.9427667
TCGA-55-8619-01,0.91749805,3.745134,4.176139,5.7836475,3.5183656,5.569056,4.8690324,4.1278443,4.815152,2.946947,4.9940677,4.4203587,2.8065689,6.6651087,5.86137,5.8913274,6.3917656,5.1685953,4.925002,4.2253904,5.7974415,4.5242333,5.6469417,3.6998312,4.8916974,2.9311824,4.513368,3.1005354,4.1071506,4.9767423,4.572795,7.751432
TCGA-05-4422-01,0.6575806,4.245425,4.09594,5.622827,3.7343414,5.8663645,4.8728547,3.8116777,4.732455,2.9536889,4.897449,4.387418,2.851917,6.965672,6.050363,6.045053,6.3930173,5.0801234,4.7736006,4.2940726,5.4638357,4.6678953,5.5663304,3.420592,4.849276,2.691737,4.489246,2.943922,4.5517364,5.1876407,4.1960373,7.761617
TCGA-4B-A93V-01,1.4953662,3.036087,3.7438035,5.932024,2.8078735,5.167789,4.8689885,4.5163474,4.413806,2.8893986,5.2529883,4.253589,3.1948147,6.7101135,5.852995,6.136105,6.726981,5.289148,5.117417,3.756048,6.307208,3.9567344,5.2606115,3.802389,5.1868763,2.9973023,4.9358015,3.3430524,3.5790992,5.1154623,4.9636517,7.892149
TCGA-78-8648-01,0.93326604,3.7815976,4.503632,5.7548456,3.7318463,5.606356,4.7062116,4.1169934,4.720277,2.8532815,5.1748996,4.3458524,2.9559987,6.9674063,5.847744,6.0560093,6.4612412,5.054254,4.8914037,4.3387475,5.6052923,4.335659,5.477893,3.8442705,5.0006866,2.7611675,4.563516,3.2826405,4.0535636,5.23394,4.400758,7.8525114
TCGA-55-7724-01,2.7965605,2.155749,3.7110922,5.7937813,2.696732,4.695478,5.3991666,4.953625,3.8455691,2.3796473,5.460477,4.233221,2.9519324,6.0413675,5.7324967,6.3245273,6.6785083,6.053459,5.249426,3.3762944,6.9964743,3.1047933,5.0267835,3.8188405,5.570691,4.0912085,5.679606,3.7756765,2.674931,4.1549864,5.9668818,7.665866
TCGA-MP-A4TH-01,1.030255,3.3360074,3.6836214,5.901877,2.9357777,5.265593,4.7431383,4.387728,4.614043,2.9943051,5.207185,4.2483644,3.1394527,6.816975,5.8640633,6.172649,6.7413564,5.113038,5.0819974,3.9102557,6.2272887,4.1917176,5.349165,3.783338,5.1815476,2.6433935,4.7294555,3.249761,3.8785262,5.442936,4.6435766,7.862532
TCGA-44-6774-01,2.8616016,2.3655405,3.8572152,5.5792017,3.226666,4.999643,5.2768445,4.911081,3.836779,2.58803,5.333594,4.2403846,2.79062,6.009146,5.638355,6.1642604,6.358186,6.1743407,5.012866,3.6232283,6.706522,3.2493489,5.112248,3.808402,5.373926,4.320851,5.632709,3.704514,2.6563838,4.2278438,5.8995476,7.5185814
TCGA-17-Z050-01,2.259792,2.4931703,3.6796062,5.8861046,2.6243086,4.86571,5.10872,4.8409076,4.1168766,2.5328803,5.432818,4.188824,3.164168,6.326578,5.8128214,6.1502824,6.7570415,5.6879606,5.210731,3.4316502,6.863455,3.4072022,5.091829,3.8752244,5.4678206,3.6528416,5.301084,3.673006,2.968481,4.5722876,5.6097655,7.848725
TCGA-67-3772-01,0.8159934,3.941125,3.9516814,5.8257756,3.4213755,5.8844924,4.833673,3.8604271,4.9657497,2.9978948,4.8426933,4.2395077,3.1241539,7.15518,5.8802543,5.920534,6.5280595,5.0214686,5.008153,4.1591225,5.631588,4.410088,5.340812,3.5681345,4.7302036,2.409107,4.414014,3.1864617,4.56619,5.394652,4.3492923,7.991081
TCGA-86-8674-01,2.9744868,2.2766328,3.8271294,5.5726156,3.1998312,4.9561677,5.3026123,4.954468,3.7625031,2.594696,5.34843,4.2455106,2.7743273,5.937763,5.5975976,6.1753464,6.341455,6.244881,5.0249968,3.5996964,6.7578297,3.1708288,5.1108794,3.8224688,5.388019,4.4010367,5.694443,3.7081206,2.5849364,4.184591,5.996034,7.4959116
TCGA-55-A48Z-01,0.7005666,4.182009,3.9930809,5.7408395,3.5522578,5.8963003,4.8664684,3.723387,4.8671055,2.9354932,4.8360825,4.2413545,2.9827578,7.059721,5.991365,6.00851,6.454783,5.083043,4.787156,4.2835894,5.5101776,4.574851,5.494732,3.443147,4.73282,2.5684419,4.3630424,3.0248642,4.7347097,5.2921505,4.19359,7.923369
TCGA-L9-A5IP-01,2.9029622,2.1814668,3.8500636,5.60426,3.0709956,4.824183,5.355711,4.9671974,3.7794204,2.370904,5.4494452,4.198667,2.7421458,6.015364,5.7175674,6.2518344,6.4328384,6.253827,4.984588,3.594667,6.825346,3.0962863,5.1378098,3.8099213,5.428761,4.532618,5.6877646,3.7955892,2.4633877,4.0377426,6.0415106,7.568673
TCGA-50-6593-01,3.3611615,2.2190948,3.8309233,5.5320563,3.3122547,4.856847,5.4613237,5.0632052,3.6449695,2.4666,5.428591,4.1908407,2.642599,5.7814846,5.6679835,6.16347,6.2956934,6.433803,4.99695,3.5687604,6.8027563,3.1047823,4.998441,3.7529879,5.4949064,4.7615943,5.913803,3.7132616,2.4062858,3.8817878,6.182492,7.310004
TCGA-69-7760-01,0.7794934,3.872342,3.8866737,5.8364635,3.2644134,5.8097696,4.8232346,3.8990736,4.977126,2.9722798,4.930399,4.2006016,3.16395,7.168439,5.882482,5.936239,6.57449,5.0335894,4.9578476,4.1534734,5.7235827,4.4174757,5.3678055,3.607913,4.7572427,2.3758442,4.4428234,3.2110188,4.5837917,5.482094,4.3513803,8.033371
TCGA-62-8395-01,0.7783512,3.7581034,3.8297443,5.817204,3.1766536,5.6011276,4.7856464,4.132904,4.8800154,3.1038396,5.0205646,4.384961,3.1347895,7.085765,5.9323373,6.0731263,6.6630025,5.066951,4.9802685,4.016761,5.8544736,4.450944,5.3473744,3.575256,5.045888,2.415805,4.588835,3.062073,4.344194,5.5280013,4.408742,7.895563
TCGA-17-Z000-01,1.2939953,3.2185593,3.779648,5.9037457,2.9062197,5.2931724,4.8976393,4.399879,4.481432,2.9256384,5.20516,4.2667346,3.1461477,6.8177166,5.9030366,6.1404734,6.7622347,5.1888113,5.1375513,3.8227665,6.1344776,4.054158,5.3542533,3.7420042,5.0910544,2.8532073,4.8039136,3.2777057,3.7240262,5.172539,4.8437157,7.9296665
TCGA-49-AAR9-01,4.6994677,2.3299313,4.093059,5.3586693,4.009164,5.14387,5.8922453,4.980672,3.5414693,2.9848976,5.2436438,4.2813616,2.3875086,5.284531,5.2257586,6.1442714,6.014974,6.775688,5.190488,3.7654762,6.520449,3.0700614,4.749145,3.5208976,5.3107924,4.722372,6.473164,3.377514,3.005244,3.6958857,6.0997562,6.770062
TCGA-62-A471-01,1.076041,3.381578,3.7675445,5.92753,2.996955,5.434237,4.8319216,4.270858,4.7220054,2.9580395,5.1356544,4.1840467,3.1688113,6.8752007,5.8708487,6.0428977,6.726711,5.094099,5.141083,3.932565,6.0379333,4.1591196,5.3810635,3.765139,4.987774,2.5687025,4.6724,3.3383374,4.006263,5.4159737,4.653924,7.9309087
TCGA-38-4632-01,4.5233064,2.3111756,4.0625954,5.3847504,3.86092,5.0589266,5.839445,4.888281,3.6071777,2.7426677,5.314205,4.2476134,2.4232314,5.418767,5.2945313,6.19723,6.075112,6.705477,5.1209993,3.8257942,6.54445,3.0816705,4.8423657,3.5447748,5.268774,4.7010303,6.4061875,3.4253228,2.8954291,3.6874604,6.077123,6.8678503
TCGA-78-7160-01,0.78284353,3.9677093,4.2104354,5.754055,3.5641973,5.866588,4.8489313,3.8167543,4.972324,2.8422346,4.899756,4.262389,3.037631,7.1342955,5.864263,5.958124,6.4338565,5.0302405,4.8902774,4.2871118,5.544986,4.434197,5.512575,3.6332104,4.706301,2.4855382,4.348866,3.210374,4.5274587,5.3424263,4.2968235,8.035012
TCGA-91-6847-01,0.76366156,3.8220716,3.8118646,5.81945,3.2407115,5.72623,4.773227,4.0374165,4.987664,3.0749552,4.9193087,4.298275,3.159875,7.1115623,5.877747,5.9318523,6.6206264,5.0177283,5.0346465,4.0279436,5.8226867,4.426233,5.325033,3.5902433,4.9187555,2.3909512,4.4961734,3.1363795,4.434999,5.4711137,4.3674917,7.949285
TCGA-50-5051-01,1.1010711,3.2915397,3.551817,5.957647,2.7619076,5.3657174,4.94687,4.3112445,4.648719,3.0235658,5.1345835,4.1203246,3.199579,6.9198184,5.9149647,6.1571565,6.89286,5.1342354,5.157215,3.842623,6.2161903,4.118928,5.358907,3.7033334,5.026542,2.4902847,4.662481,3.3587415,3.9998252,5.5299635,4.740188,8.003036
TCGA-17-Z022-01,5.0018787,2.4869568,4.190689,5.2657175,4.17315,5.4361873,5.990441,4.7012105,4.044793,2.93798,5.064184,4.277055,2.4482975,5.5699167,5.1659627,6.11904,5.992961,6.6694427,5.127699,3.905241,6.467102,3.1682405,4.591509,3.464026,5.1516066,4.3796663,6.5323935,3.5108352,3.4553866,3.8631847,5.818897,6.8930864
TCGA-44-6148-01,0.87578946,3.858681,4.441491,5.717016,3.77811,5.794028,4.7436457,4.0587883,4.84741,2.9065886,5.0215025,4.3805704,2.912949,6.9075527,5.8742366,5.875195,6.349715,4.921823,5.049056,4.261394,5.44593,4.4616313,5.471026,3.8133106,4.8058567,2.6904428,4.6212707,3.3143342,4.098634,5.07305,4.38856,7.7614713
TCGA-44-A47A-01,2.6127522,2.205679,3.6835492,5.8289146,2.6570663,4.6941147,5.3071876,4.9375463,3.9440453,2.3549945,5.425624,4.2328134,2.9987988,6.076788,5.7725053,6.3285227,6.734918,6.000086,5.225548,3.2824945,7.016913,3.1538763,5.0202756,3.8266022,5.6655927,4.0158467,5.600442,3.8710372,2.7306156,4.2329082,5.944045,7.7552385
TCGA-97-8175-01,0.6734377,4.2313576,4.3499947,5.5309267,3.899756,5.8633056,4.8617187,3.8252115,4.759998,2.8003042,4.9903803,4.4846997,2.7976503,6.9252334,6.032167,6.0759287,6.2919436,5.0974956,4.683811,4.398248,5.400859,4.6350627,5.6904206,3.5483358,4.896883,2.771761,4.528527,3.0329368,4.500623,5.138141,4.1709394,7.7759285
TCGA-53-A4EZ-01,4.29616,2.2268107,3.960554,5.489635,3.7318873,4.8153768,5.865273,4.9726443,3.217578,2.8285217,5.3246713,4.2929206,2.3026297,5.1154733,5.2046113,6.2780137,6.0577874,6.8383284,5.210902,3.6322632,6.5224514,3.0072174,5.013745,3.566706,5.4379964,4.830621,6.3632383,3.2719977,2.6238663,3.6403787,6.3073616,6.756999
TCGA-05-4244-01,2.6058617,2.34627,3.7366188,5.795386,2.7287307,4.8932633,5.4690423,4.7643127,4.0126495,2.3799193,5.3279114,4.1999493,3.0597982,6.196826,5.787291,6.2330456,6.6295366,6.004727,5.175232,3.292891,7.0001197,3.159745,5.0270085,3.7797523,5.471349,3.8898442,5.5000753,3.8337097,2.9250755,4.2943344,5.9197617,7.841555
TCGA-55-7816-01,0.9994793,3.9626966,4.548157,5.5775285,3.9090376,5.916595,4.9401984,3.8996058,4.968152,2.8492029,4.925069,4.518643,2.8343773,6.8753858,5.8713245,5.9422927,6.2701535,5.1329374,4.827519,4.420402,5.3973384,4.5358486,5.5856824,3.6774917,4.8130956,2.7909622,4.543176,3.1609662,4.4017935,5.1290975,4.3523455,7.773671
TCGA-49-6742-01,2.7900162,2.171654,3.7716794,5.685177,2.876455,4.7651796,5.387811,4.9770856,3.8240433,2.2996716,5.4543176,4.1932154,2.8409064,6.0812182,5.80406,6.267994,6.548656,6.12621,5.08442,3.4779701,6.936161,3.0941112,5.0599637,3.799864,5.4997444,4.3461437,5.62981,3.8012872,2.5157402,4.077394,6.0260196,7.632349
TCGA-05-5423-01,1.7856427,2.7982378,3.6913013,5.944677,2.7594836,5.0017805,4.9324403,4.6926436,4.2693253,2.7401993,5.3986597,4.194191,3.120501,6.5430565,5.8168545,6.167386,6.776174,5.4583673,5.1829653,3.694754,6.515217,3.6994119,5.291765,3.8408062,5.2609425,3.2543588,5.0631495,3.4662395,3.344158,4.919464,5.23464,7.880217
TCGA-17-Z037-01,1.4288273,3.046308,3.6570132,5.9134545,2.8664725,5.163547,4.8807926,4.4830213,4.4579577,2.8050673,5.2805033,4.2120056,3.1045706,6.6492143,5.833181,6.1000814,6.7671947,5.300144,5.1528397,3.7678127,6.385925,3.938869,5.382503,3.8278723,5.2064247,2.9794114,4.8599186,3.4186563,3.6132786,5.139497,4.984597,7.894375
TCGA-55-7576-01,3.6750107,2.266106,3.972888,5.5444617,3.5687764,4.8256435,5.520176,5.0821443,3.472985,2.6716392,5.5226817,4.223329,2.4682724,5.545166,5.528234,6.222097,6.249874,6.527772,5.0844455,3.7646642,6.564222,3.145957,5.053422,3.6518788,5.377061,4.758047,6.089389,3.4104042,2.6154435,3.7587817,6.0757494,7.022347
TCGA-44-6776-01,2.51811,2.3634677,3.706286,5.8196015,2.6967654,4.8413887,5.293144,4.778864,4.0367126,2.4211633,5.3932543,4.2363634,3.0819628,6.2243953,5.7367263,6.197523,6.6564374,5.8941207,5.1742716,3.3757033,6.926886,3.2735374,5.0921617,3.8640025,5.4675074,3.8521955,5.4358535,3.7743747,2.8769548,4.381433,5.8315,7.8366942
TCGA-64-5779-01,3.5208395,2.232405,3.9334815,5.631426,3.4958417,4.7865496,5.622193,5.0216565,3.2950413,2.7951202,5.4389844,4.261797,2.4240105,5.3633676,5.411388,6.288151,6.2237983,6.5515656,5.1970863,3.6199555,6.5203857,3.099669,5.122903,3.6671593,5.3901806,4.597801,5.997664,3.2852187,2.6753204,3.7689664,6.2037625,7.0111256
TCGA-97-A4M6-01,0.7187475,4.215301,4.3707466,5.608997,3.9817126,5.994924,4.8145056,3.7653587,4.8566856,2.854045,4.871308,4.475024,2.8961668,7.0099063,5.9694867,6.0004883,6.277055,5.032395,4.8123336,4.39424,5.328633,4.5843062,5.480085,3.5637786,4.8244014,2.5863614,4.499748,3.1187258,4.5885034,5.231189,4.1961727,7.7977214
TCGA-17-Z052-01,1.7538018,2.8142993,3.6566513,5.9315248,2.7060564,5.036511,4.9250093,4.6425004,4.2853193,2.7255967,5.396928,4.2049913,3.2047853,6.5803666,5.8209863,6.1293106,6.777579,5.4088497,5.185032,3.610659,6.585526,3.695073,5.2401123,3.8731859,5.278374,3.213794,5.0346622,3.492745,3.31372,4.9715137,5.2127748,7.9166613
TCGA-17-Z058-01,0.9407381,3.5244057,3.9699376,5.9137716,3.2119477,5.4682016,4.7249403,4.2471185,4.7789946,2.969792,5.123198,4.24147,3.1181836,6.9297266,5.8209305,6.0020046,6.6414647,5.032873,5.1038613,4.04395,5.92177,4.2435584,5.3997483,3.8079855,4.970477,2.5757983,4.5799246,3.2939348,4.008813,5.343011,4.568122,7.91676
TCGA-17-Z001-01,2.5654888,2.283949,3.7022066,5.874582,2.6232073,4.7705154,5.379847,4.781166,3.9106233,2.4101908,5.4024534,4.2092395,3.1023588,6.0852757,5.73159,6.218035,6.6509037,6.037013,5.20393,3.2184296,7.020866,3.139568,5.1016994,3.839713,5.54689,3.9320266,5.536669,3.8329575,2.8406506,4.252602,6.038037,7.8313646
TCGA-86-6851-01,4.8409853,2.436723,4.105302,5.24582,3.9464629,5.4735184,5.919603,4.709022,4.097107,2.9155846,4.999124,4.261275,2.4953055,5.702518,5.1878405,6.113765,5.9641666,6.563256,5.070317,3.8569577,6.565755,3.1243997,4.6006064,3.5348208,5.11712,4.3209863,6.416817,3.599576,3.2857478,4.0461755,5.864908,7.0407333
TCGA-J2-8194-01,1.7782966,2.71805,3.650196,5.943263,2.6640382,4.960768,4.95185,4.6608214,4.264203,2.6992145,5.366107,4.237915,3.1596618,6.524916,5.7846775,6.175471,6.7674966,5.470459,5.1832047,3.5908685,6.5919733,3.685271,5.2659597,3.8868008,5.314264,3.2843802,5.0741158,3.519607,3.2614625,4.8953514,5.2958584,7.9117846
TCGA-17-Z028-01,4.331396,2.1822262,3.9888806,5.4988375,3.70884,4.757364,5.8730745,5.029092,3.1224937,2.7745004,5.4053144,4.3051662,2.2933044,5.1193266,5.232609,6.2549534,6.05435,6.8281436,5.2244644,3.698809,6.5345564,2.9781773,5.051528,3.5803623,5.3967905,4.930066,6.3760443,3.2227023,2.5070677,3.5666773,6.339327,6.716157
TCGA-55-8505-01,0.77878594,3.9783778,4.4081573,5.721873,3.8054814,5.8078885,4.7054763,4.0282264,4.7731023,2.948578,4.9945593,4.339108,2.8837814,6.9773417,5.9073124,5.9069195,6.353049,4.904085,5.031217,4.245864,5.441316,4.497706,5.4472427,3.7371247,4.8103204,2.6667955,4.5882096,3.2544694,4.1463437,5.0622263,4.3291864,7.750457
TCGA-71-8520-01,0.78358567,3.7017136,3.967174,5.9841747,3.1405025,5.584958,4.77062,4.054498,4.96218,3.0476594,5.007988,4.1709757,3.2057457,7.089545,5.8271394,6.0592804,6.6412144,4.994571,5.0221725,4.169912,5.672459,4.3365836,5.3976398,3.7253332,4.7783213,2.3076844,4.395715,3.2522569,4.289033,5.55273,4.448446,7.990597
TCGA-MP-A4TI-01,2.869067,2.233043,3.824882,5.7761006,2.944875,4.6959805,5.358426,5.019946,3.6189506,2.6946607,5.549542,4.3479023,2.7968667,5.8382945,5.552074,6.2780232,6.557263,6.0759625,5.3483005,3.6357737,6.7413692,3.1798532,5.2169833,3.7937155,5.360007,4.07199,5.7047534,3.377422,2.744644,4.11102,5.8751445,7.402669
TCGA-44-2659-01,3.899639,2.1280444,3.8912585,5.504609,3.3738585,4.873322,5.7152033,5.028033,3.3883743,2.7380927,5.3445916,4.307004,2.5788665,5.465211,5.329273,6.256164,6.215274,6.538533,5.267098,3.6292746,6.75766,2.957285,4.979374,3.6872413,5.346336,4.571766,6.1322827,3.436453,2.5546138,3.8604968,6.18844,7.084325
TCGA-78-7220-01,4.928187,2.3690383,4.1516533,5.404645,4.024139,5.108442,6.0304775,4.752867,3.8616624,2.8050096,5.267918,4.2826843,2.4221654,5.4009666,5.2084765,6.2709675,6.192878,6.784879,5.207875,3.7920017,6.5116963,3.1198814,4.6893616,3.4439433,5.3243933,4.5044475,6.6017103,3.4984353,3.3507645,3.6282554,5.9254265,6.860506
TCGA-17-Z049-01,4.485173,2.2710726,4.003514,5.375321,3.7736428,5.12041,5.842031,4.9351196,3.5795522,2.864241,5.221442,4.2760553,2.4880462,5.407268,5.2476563,6.1717434,6.0501475,6.6704135,5.18631,3.7147417,6.6297874,3.0228426,4.7944393,3.584487,5.296757,4.6240344,6.3509316,3.448697,2.8568435,3.8066006,6.128063,6.928391
TCGA-44-2666-01,0.6715438,4.198757,4.2252474,5.6376524,3.820152,5.88101,4.8295574,3.8137019,4.8118906,2.8884864,4.895701,4.414825,2.8483548,6.954914,5.983933,6.001346,6.3266187,5.0686665,4.7833147,4.340064,5.451784,4.623591,5.5820594,3.5140786,4.830004,2.6949153,4.4484897,3.0112717,4.538129,5.1688747,4.208596,7.8003793
TCGA-17-Z055-01,4.799373,2.3327487,4.0819726,5.374389,3.8881972,5.1973333,5.956038,4.798378,3.8942268,2.8776457,5.2087517,4.289885,2.512774,5.524234,5.219152,6.204784,6.137771,6.6791267,5.21714,3.7896104,6.608206,3.0926743,4.6605716,3.5055833,5.2750506,4.394017,6.526378,3.5222416,3.2677102,3.8205807,5.9193845,6.9356017
