Sample ID,dim_0,dim_1,dim_2,dim_3,dim_4,dim_5,dim_6,dim_7,dim_8,dim_9,dim_10,dim_11,dim_12,dim_13,dim_14,dim_15,dim_16,dim_17,dim_18,dim_19,dim_20,dim_21,dim_22,dim_23,dim_24,dim_25,dim_26,dim_27,dim_28,dim_29,dim_30,dim_31,dim_32,dim_33,dim_34,dim_35,dim_36,dim_37,dim_38,dim_39,dim_40,dim_41,dim_42,dim_43,dim_44,dim_45,dim_46,dim_47,dim_48,dim_49,dim_50,dim_51,dim_52,dim_53,dim_54,dim_55,dim_56,dim_57,dim_58,dim_59,dim_60,dim_61,dim_62,dim_63
TCGA-MP-A4SY-01,7.6916323,6.755388,5.0956597,4.872125,4.8487334,4.5251307,4.876826,5.9841695,5.1214643,5.6811457,6.206892,5.7320185,6.9521384,7.6511993,7.0086007,3.2711453,5.6178117,4.5833006,5.6925797,5.2614326,5.3322616,3.741307,4.9076657,6.1644955,5.357957,5.6241436,7.6553693,2.3702981,3.9096603,5.9894156,5.2416935,4.5475287,5.8177247,3.8291826,5.0651097,5.0879817,3.511913,4.3197784,5.127598,4.22494,4.1065264,4.3524585,4.6034946,5.437506,4.82732,3.0769508,5.6814427,4.4574537,6.5448775,5.942874,3.4902666,3.8762238,3.1675491,4.2583294,5.9721584,4.0104394,6.544669,5.0351124,4.361288,5.682725,5.1918106,7.0791793,6.641592,5.751487
TCGA-17-Z015-01,5.5680327,7.4071217,5.6991696,5.1259575,5.390409,3.313026,4.053912,6.551724,5.0978847,5.780897,6.549311,5.4406095,7.1372323,7.510444,6.658244,3.6717591,5.751123,4.654102,6.0811644,5.7318287,5.8330307,3.3550694,4.734476,5.641409,5.6748543,4.8917828,7.173489,2.9636884,3.7649896,5.702892,5.227498,5.226649,5.482339,3.843172,5.3517127,5.218752,4.2118373,4.604462,5.8438478,4.702259,4.374049,4.5719304,3.9977355,4.902156,4.7832117,3.6006873,6.631079,4.5455513,6.210101,6.048818,3.2958274,4.041455,2.9659348,4.120222,6.266018,4.8451986,6.395487,5.214688,4.478983,5.6717772,4.77095,7.3788395,6.3016005,5.512487
TCGA-44-7662-01,5.8574853,7.2890167,5.583753,5.0559673,5.2798195,3.4600272,4.1418924,6.4624963,5.104338,5.7525134,6.523087,5.5148745,7.099466,7.505688,6.676734,3.597971,5.738246,4.668683,6.040803,5.675796,5.827681,3.4103336,4.7283497,5.674238,5.6935086,4.986457,7.254271,2.913866,3.8053808,5.7406254,5.220118,5.1346846,5.5079327,3.8013399,5.328905,5.215646,4.1153646,4.595439,5.770045,4.7033353,4.3833165,4.5631723,4.038892,4.9176316,4.753517,3.5708678,6.554703,4.5360413,6.17743,5.9901032,3.2907178,4.074316,2.9527364,4.177234,6.2023287,4.6986594,6.3758607,5.1660886,4.473544,5.616184,4.795809,7.309051,6.301079,5.57524
TCGA-91-6840-01,8.325622,6.271965,4.6989956,4.8410625,4.60599,4.5944276,5.08316,5.9511404,5.068058,5.5938883,5.9598017,5.7519197,7.0699487,7.3608847,6.9000006,3.0825536,5.5448213,4.4297028,5.644032,5.1880817,5.180599,3.963473,5.00527,6.3086114,5.2325087,5.9358363,7.5499463,2.2494757,3.9855487,6.09186,5.116307,4.5459476,5.7995696,3.9200687,5.000971,5.085765,3.5669546,4.266139,4.8119626,4.2007394,4.136658,4.3250647,4.7912874,5.5866394,5.0111547,3.0550153,5.549951,4.5608397,6.507588,5.701917,3.7330148,3.9413798,3.2835445,4.546436,5.6590095,4.00431,6.4158792,4.974111,4.267472,5.675836,5.1662154,6.8461523,6.6155443,5.796659
TCGA-44-2665-01,9.158279,5.0071893,4.0253677,4.6410513,4.189085,4.358271,5.2373023,6.024768,5.0335445,5.3771257,5.282929,5.3821726,7.3884015,6.2645335,6.6170387,3.0748417,5.2368627,4.0585985,5.374992,5.0767736,4.865986,4.3468575,4.943274,6.5586195,5.042127,6.6019907,7.0230207,2.3196454,4.3930707,6.083655,4.8260465,5.091048,5.4212346,4.0126615,5.165619,5.317136,3.9779758,4.2253137,4.268309,4.351382,4.2215624,4.290827,5.0949993,6.0141034,5.3893914,3.2033284,5.6185236,5.0551653,6.7225323,5.2238035,4.1205163,4.189156,3.511252,4.939328,5.335283,4.516108,6.136114,4.7733784,3.922702,5.599082,4.966365,6.4884806,6.7203717,5.842307
TCGA-95-7039-01,5.568249,6.740161,5.196669,4.827834,5.069676,3.2074037,4.2597923,6.653981,5.011333,5.7133713,6.1218033,5.385548,7.155989,7.1766257,6.3543615,3.6101665,5.4887223,4.428636,6.077606,5.74045,5.875337,3.7385614,4.6284876,5.6326995,5.442092,5.4679976,7.0370207,3.042318,3.8030126,5.717583,5.104857,5.5018144,5.3841496,4.0455756,5.4752507,5.420302,4.59634,4.5327644,5.7582827,4.931405,4.591167,4.524815,3.9547682,5.151762,4.86831,3.6141136,6.62312,4.7469444,5.928905,5.6951323,3.354466,4.161181,2.9620025,4.201141,6.1586266,5.2710557,6.0818615,5.2970524,4.2131815,5.706111,4.6389017,6.9604855,6.339572,5.4319434
TCGA-78-7147-01,6.7806873,7.3454623,5.4644647,5.0720763,5.2699814,3.9870462,4.482506,6.2414484,5.037648,5.7042866,6.5766726,5.6912246,6.948221,7.7929306,6.9109244,3.4064395,5.8442483,4.6520066,6.07529,5.547328,5.655512,3.521206,4.8933816,5.886621,5.588652,5.1422462,7.603145,2.5050087,3.5982554,5.8626814,5.237,4.6410747,5.861988,3.9416502,5.1342015,4.949878,3.6639755,4.424122,5.492663,4.465828,4.16418,4.432073,4.181627,5.077438,4.667475,3.344988,6.058668,4.338891,6.294523,6.1156726,3.2940574,3.8681867,2.960478,4.252116,6.1198497,4.271686,6.6111684,5.2362123,4.466133,5.67844,4.9544816,7.2209897,6.473272,5.6606765
TCGA-05-4427-01,5.5673666,6.9207697,5.305714,4.8734703,5.1410847,3.2053735,4.219615,6.6538672,4.999737,5.715283,6.264464,5.3941474,7.1058946,7.275579,6.422945,3.5847406,5.580008,4.4769144,6.118643,5.7669683,5.9077716,3.650274,4.6381893,5.60548,5.4921446,5.345997,7.0655355,2.9979649,3.7068682,5.7157464,5.107494,5.3893995,5.465074,4.039275,5.4492583,5.323982,4.488935,4.523289,5.783967,4.901509,4.5472946,4.5073037,3.9409013,5.0825095,4.8166537,3.5919235,6.591265,4.6567116,5.9210153,5.791777,3.3196445,4.091141,2.9255939,4.210715,6.1714573,5.1835856,6.1755714,5.308466,4.2388854,5.7027044,4.636195,7.036004,6.3343277,5.450489
TCGA-17-Z047-01,9.135698,4.9384985,3.922411,4.684042,4.219124,4.2690053,5.166843,6.0878572,5.048008,5.39234,5.1811757,5.3344955,7.4234977,6.249768,6.67466,3.1353076,5.269361,4.073718,5.369805,5.108233,4.807191,4.3502636,4.9581795,6.526786,5.0210037,6.579867,6.9030886,2.3609118,4.4176836,6.059044,4.8279734,5.1030006,5.3578186,4.033943,5.1762443,5.3518043,4.031512,4.204267,4.286689,4.3734145,4.188393,4.248324,5.1340313,6.0136037,5.406752,3.1925962,5.68193,5.072543,6.796564,5.2755632,4.121553,4.20704,3.5171816,4.911455,5.36568,4.544364,6.153908,4.7639804,3.8825707,5.5975666,4.9152093,6.532539,6.795061,5.8008327
TCGA-86-8671-01,8.783615,5.2883167,4.1831074,4.716696,4.381703,4.286744,5.120692,6.0211678,5.140203,5.4313307,5.36624,5.3329573,7.395178,6.475152,6.6407514,3.2136137,5.281966,4.154742,5.3943644,5.098518,4.745078,4.2570224,4.9745946,6.5603952,5.0392647,6.4315066,6.927912,2.3421655,4.3769593,6.0396523,4.911096,5.068975,5.4439178,4.0505223,5.226107,5.278142,3.9228222,4.2406726,4.4647465,4.293086,4.221226,4.3083105,5.1188264,5.9453297,5.2112107,3.1379747,5.6955433,5.041593,6.8381386,5.422572,4.1184525,4.1760798,3.5136232,4.8573403,5.522868,4.4151154,6.221765,4.7592607,3.9806194,5.6487203,4.9798965,6.7208967,6.831755,5.7429776
TCGA-44-7669-01,5.7324266,7.4819946,5.7045126,5.1667037,5.3687973,3.4574416,4.067977,6.5352216,5.0872083,5.800636,6.6543074,5.450949,7.103229,7.613433,6.700792,3.6411335,5.802213,4.6995735,6.019136,5.6788106,5.7236853,3.309047,4.8176103,5.6631174,5.666287,4.9106913,7.2726374,2.7640302,3.7759,5.7684174,5.2318954,5.0253506,5.659293,3.8725924,5.2025695,5.169153,4.0555086,4.5163646,5.8405786,4.5654106,4.254424,4.53067,4.0424194,4.8657475,4.7470193,3.4845984,6.495714,4.4351416,6.224411,6.0920734,3.2947428,3.9193726,3.0111828,4.097144,6.189088,4.625312,6.406917,5.181086,4.510225,5.7125144,4.8342395,7.3845387,6.33338,5.52373
TCGA-55-A4DF-01,5.7919846,6.9727697,5.397364,4.8614974,5.1657057,3.4009142,4.3093114,6.491023,5.074274,5.7639008,6.2871766,5.5334673,7.0327597,7.4195623,6.5369353,3.597527,5.5681753,4.577344,6.1184244,5.6784406,5.911853,3.5627766,4.5767407,5.6370735,5.5833383,5.269203,7.2619014,2.9735177,3.7612584,5.703148,5.2314277,5.275945,5.454268,3.8446512,5.4703717,5.318661,4.319613,4.5865316,5.7704406,4.870913,4.4711127,4.5450225,3.9679627,5.0754642,4.752365,3.5802572,6.502654,4.6011376,6.050629,5.8706083,3.2326984,4.1110177,2.8933728,4.146405,6.2872634,4.906307,6.276789,5.2725058,4.3515306,5.629939,4.7954984,7.1235757,6.3111267,5.5433125
TCGA-50-5933-01,5.8181186,7.180871,5.532344,4.967787,5.2614164,3.4639757,4.230144,6.4685206,5.097134,5.779951,6.4164233,5.529111,7.0491962,7.516592,6.6324525,3.6080813,5.6644545,4.6371617,6.0893545,5.6777015,5.8787065,3.4666066,4.6440964,5.6592364,5.630277,5.108138,7.279893,2.9488506,3.7569625,5.7139063,5.2450533,5.1953278,5.485674,3.8160832,5.4082956,5.2555933,4.1963325,4.591592,5.7784986,4.774425,4.4123116,4.5509133,4.003237,5.005183,4.741911,3.5546176,6.5010552,4.553147,6.144891,5.974428,3.2443533,4.0754185,2.9106877,4.124775,6.2908597,4.8058133,6.3649416,5.235853,4.4184337,5.632007,4.820014,7.255001,6.3237295,5.5531325
TCGA-05-4417-01,6.5504704,7.346215,5.559009,5.0314517,5.2101765,4.0505466,4.4307833,6.257299,5.138261,5.7992845,6.539254,5.6287932,6.942048,7.7942495,6.8990455,3.5320075,5.7286096,4.7400894,5.878262,5.469892,5.6100187,3.4014306,4.815364,5.8453603,5.5797424,5.1517935,7.601863,2.5509598,3.8287358,5.841548,5.304722,4.7205577,5.8146143,3.7739275,5.1361127,5.1236806,3.7035482,4.4374027,5.590619,4.4134836,4.141286,4.451672,4.2263923,5.076049,4.676579,3.2585254,6.067718,4.351668,6.4089155,6.1207337,3.2438264,3.8355327,3.023281,4.0408635,6.2189126,4.232122,6.537187,5.1411033,4.4962406,5.670332,5.0706716,7.3263626,6.4826317,5.638094
TCGA-86-6562-01,9.052985,5.1667104,4.272155,4.7314267,4.278821,4.3631034,5.111462,6.0491147,4.9652834,5.434236,5.3933644,5.504429,7.4076552,6.4807568,6.69492,3.0916386,5.374754,4.1109247,5.4637184,5.101668,5.052103,4.2590165,4.951005,6.437875,5.1438785,6.3919797,7.082245,2.2920427,4.285202,6.0593724,4.8350706,5.0208135,5.4689,3.9572752,5.1056337,5.291317,3.997103,4.22434,4.376953,4.368227,4.114317,4.271652,4.9492188,5.8494506,5.3255916,3.2576864,5.6578064,4.99195,6.6997595,5.2941766,4.0426807,4.106317,3.4844117,4.9136252,5.3741727,4.5756965,6.193797,4.8192844,3.9906242,5.5768657,4.9865537,6.585403,6.685072,5.8979836
TCGA-44-6145-01,6.758075,7.2950172,5.5172606,5.014487,5.176711,4.1542807,4.5118327,6.237241,5.131282,5.8009944,6.4608045,5.6402426,6.930164,7.8135233,6.9668107,3.5581036,5.6830087,4.712102,5.8443937,5.449915,5.5582438,3.412094,4.837015,5.867545,5.5552325,5.163535,7.661208,2.5265865,3.8782558,5.838671,5.3153753,4.7287083,5.817796,3.720217,5.0955367,5.1458554,3.6971421,4.4382334,5.5272026,4.394172,4.104379,4.4328713,4.2495737,5.1381726,4.725603,3.2328126,5.997194,4.345514,6.4921546,6.1134534,3.2166228,3.8054588,3.0274856,3.997207,6.218113,4.189816,6.575974,5.1636615,4.4921107,5.6712313,5.1128383,7.308382,6.493285,5.664738
TCGA-91-A4BC-01,5.859141,7.4329453,5.733783,5.104857,5.3284936,3.5842793,4.130457,6.4228635,5.0995817,5.8217607,6.7106953,5.4830112,7.013933,7.7444916,6.7383237,3.5920336,5.849015,4.744204,5.9872646,5.63078,5.779953,3.2939496,4.732973,5.6567492,5.7301345,4.9588666,7.3508835,2.7851024,3.7399564,5.7608876,5.2587323,4.937305,5.679847,3.8170462,5.2584853,5.122222,3.9589198,4.51193,5.845744,4.5235085,4.2391443,4.542228,4.0661607,4.882048,4.6650295,3.4371037,6.436063,4.3920302,6.1942663,6.1431055,3.253444,3.8809886,3.0088997,4.058981,6.255764,4.5150795,6.462634,5.132937,4.526542,5.682938,4.9231925,7.395698,6.346413,5.5999875
TCGA-86-A4D0-01,5.63904,6.661384,5.284553,4.878435,4.9997234,3.2849905,4.2107134,6.5251775,4.994364,5.668701,6.1533647,5.3992662,7.2096567,7.242424,6.4091215,3.6216912,5.574989,4.429353,5.9324594,5.701296,5.836847,3.7525485,4.6722083,5.700228,5.5022507,5.3736176,7.0205894,3.0836012,3.9167151,5.755389,5.0812387,5.429002,5.343967,4.0179667,5.4727626,5.392618,4.512668,4.557919,5.7177315,4.8402376,4.5645623,4.552757,4.0764217,5.1520267,4.9017396,3.6540902,6.638229,4.776286,6.039412,5.725597,3.4727192,4.1663127,3.0573506,4.1699357,6.137783,5.2325273,6.1219363,5.192003,4.271431,5.6888194,4.692934,7.049955,6.3369017,5.4924216
TCGA-05-4424-01,5.6981783,6.8651586,5.3306174,4.8037453,5.1231127,3.3535855,4.308566,6.496494,5.088731,5.7764354,6.2195883,5.519313,7.049564,7.3512816,6.4599504,3.5993412,5.5209227,4.5624566,6.1202188,5.674342,5.9495344,3.6105516,4.524985,5.620535,5.5830836,5.363888,7.2076764,3.0538383,3.7920237,5.690346,5.224357,5.386243,5.3727303,3.836545,5.53138,5.383727,4.4243283,4.6064663,5.797815,4.923816,4.5364237,4.5716915,3.9440594,5.093599,4.7523637,3.6084805,6.564396,4.6706514,5.990407,5.8008056,3.2347,4.181331,2.8968134,4.1497803,6.300682,4.994859,6.200824,5.255894,4.327151,5.610482,4.782725,7.0711703,6.299388,5.538509
TCGA-49-4486-01,7.7866096,6.6056256,4.999485,4.93008,4.828035,4.4495864,4.830363,6.0053105,5.1493855,5.6321325,6.103737,5.6726284,7.0960994,7.398914,6.9302983,3.2740083,5.5769033,4.556346,5.645744,5.2244935,5.199261,3.7829664,4.9596634,6.264443,5.312251,5.6917505,7.480243,2.351967,4.0363846,6.0090065,5.1871657,4.638095,5.748009,3.866392,5.067602,5.1268134,3.5529976,4.3294206,5.017875,4.2387376,4.125647,4.3680644,4.708556,5.4547443,4.904835,3.1205852,5.7199135,4.5831137,6.6667957,5.8602304,3.6462975,3.9790304,3.2463212,4.392217,5.8810925,4.0504704,6.469368,4.9630594,4.3438015,5.6553364,5.1373925,7.0948157,6.6526446,5.7137756
TCGA-17-Z045-01,5.578958,7.065553,5.4930763,4.938218,5.2437325,3.338849,4.191977,6.5359597,5.0788193,5.7983727,6.324439,5.5134425,7.092207,7.4554524,6.518672,3.6881,5.5848494,4.6012397,6.117248,5.6997986,5.9027,3.4938643,4.602726,5.605416,5.6186986,5.145862,7.258115,2.9989517,3.8306165,5.688862,5.2593627,5.325661,5.4246283,3.8255095,5.443969,5.3651266,4.359452,4.6171727,5.8612347,4.86695,4.446444,4.5852313,3.9224954,5.000315,4.772454,3.6326878,6.595581,4.6127367,6.1008406,5.9015784,3.224751,4.125409,2.9092898,4.072946,6.320134,4.936307,6.254565,5.2700195,4.4172926,5.6442714,4.798891,7.20437,6.2729964,5.512406
TCGA-50-5072-01,7.918515,6.711852,4.9947934,4.909886,4.801816,4.518369,4.989132,5.9599857,5.1544824,5.6837435,6.1933265,5.742683,6.9556174,7.579151,6.924012,3.1766067,5.612713,4.534439,5.697949,5.223024,5.3111014,3.7780383,4.919408,6.2146864,5.3511095,5.681716,7.630592,2.3153677,3.8833969,6.0382447,5.1662045,4.488179,5.8496685,3.8929055,5.0765324,4.9921618,3.5044441,4.3139143,4.9889,4.212543,4.1356025,4.3634806,4.6891613,5.4900637,4.8436885,3.0480833,5.6378503,4.435454,6.457146,5.8542976,3.5449543,3.852787,3.198468,4.4308147,5.833236,3.9345853,6.5201244,5.0146565,4.3502994,5.6633053,5.2185116,6.9604187,6.607944,5.7848196
TCGA-44-8119-01,5.776462,6.8862906,5.3303847,4.804426,5.1318426,3.3569546,4.3284907,6.5113664,5.066224,5.760455,6.23003,5.5495777,7.022736,7.3651032,6.4859357,3.5934532,5.5223517,4.5650535,6.158403,5.688766,5.9545984,3.5958436,4.5312204,5.6074634,5.582216,5.33209,7.261471,2.9982178,3.7622788,5.6913137,5.231804,5.3275304,5.4247994,3.8343198,5.506687,5.359036,4.3843913,4.6008844,5.7859573,4.9479847,4.5114083,4.5519614,3.9229167,5.079493,4.7453947,3.6125946,6.526584,4.6258516,5.992702,5.81632,3.2049239,4.1540956,2.860427,4.16533,6.292273,4.947589,6.229045,5.2934856,4.328057,5.6074653,4.7717476,7.0666857,6.2840796,5.542067
TCGA-49-AARR-01,8.685097,5.4787493,4.3161116,4.7622685,4.431472,4.3421054,5.0655017,6.0401077,5.1272287,5.4693985,5.486236,5.393145,7.3391633,6.5906897,6.7135,3.2050264,5.3246236,4.212354,5.403935,5.110757,4.846265,4.185772,4.9878345,6.4955387,5.087357,6.3275075,7.0356107,2.2970665,4.33897,6.0520754,4.904644,4.9615827,5.4888716,4.0244474,5.169442,5.2540545,3.8441048,4.232759,4.5139914,4.2778172,4.180799,4.2940702,5.068918,5.890226,5.202754,3.1325366,5.6754155,4.9630504,6.8290396,5.492643,4.043762,4.110303,3.475982,4.759423,5.552386,4.3312516,6.2872567,4.784661,4.014792,5.655824,5.0183635,6.76685,6.804793,5.7369375
TCGA-49-AARE-01,5.5115805,6.7302094,5.247334,4.8375134,5.044318,3.1903827,4.22482,6.6203265,4.9962735,5.691353,6.1557856,5.3780956,7.1642966,7.205263,6.359546,3.6110659,5.5306325,4.4273415,6.0359864,5.7454906,5.892177,3.7424362,4.629506,5.63442,5.471281,5.425106,7.008884,3.081052,3.8157544,5.7219925,5.087565,5.484516,5.372684,4.0503025,5.4936748,5.402366,4.5870843,4.542562,5.768569,4.9170175,4.599155,4.534066,3.9791322,5.140972,4.8673954,3.6379166,6.6511164,4.752741,5.926619,5.7084494,3.390864,4.1554317,2.9872634,4.1883063,6.16025,5.2946324,6.0920215,5.26868,4.223584,5.703146,4.6383977,6.9881597,6.333562,5.448413
TCGA-75-7027-01,7.1388874,7.3000784,5.410621,4.959658,5.1024685,4.3079586,4.692055,6.165875,5.1170874,5.7431874,6.460139,5.753996,6.8461018,7.842753,7.0196075,3.4131777,5.6830363,4.6826286,5.8797245,5.4121203,5.519346,3.522464,4.9006195,5.96765,5.482899,5.2915545,7.7750235,2.3472703,3.746058,5.9220953,5.2902155,4.5082445,5.9494114,3.809323,5.042544,5.0273185,3.5407257,4.363146,5.391829,4.3229113,4.0774903,4.356171,4.324528,5.2319,4.6734667,3.143321,5.794775,4.268539,6.4480386,6.100409,3.255298,3.7526891,3.013072,4.118938,6.132115,4.0307336,6.6295915,5.2014375,4.4408455,5.692692,5.1243334,7.1878614,6.5685334,5.6853065
TCGA-62-A472-01,9.386395,5.0421467,4.109972,4.669285,4.1246877,4.409173,5.303985,6.018904,4.9831257,5.4398227,5.243301,5.5147667,7.398457,6.45695,6.662775,3.0598874,5.3264523,4.110008,5.477164,5.0866213,4.8927283,4.3472624,4.9184628,6.45598,5.0403485,6.5092816,7.0647693,2.381075,4.3438234,6.051689,4.9638977,4.9940467,5.453674,3.92825,5.102592,5.396817,4.034343,4.213799,4.367853,4.437845,4.15506,4.2692814,4.993267,5.885209,5.4515963,3.166772,5.5946264,4.9591393,6.6640854,5.2269893,4.028458,4.202209,3.488296,4.922372,5.3474674,4.491843,6.05324,4.868215,3.9869802,5.549431,4.9833865,6.464937,6.65865,5.8978553
TCGA-69-7973-01,6.8235145,7.29373,5.4702663,5.0137553,5.1940885,4.138199,4.5671225,6.2943134,5.157941,5.797795,6.4472384,5.587023,6.9386935,7.7490325,6.940061,3.5570505,5.6177177,4.6628995,5.835563,5.4505825,5.501052,3.4209044,4.8705235,5.886699,5.4957123,5.1683784,7.662787,2.482689,3.8735955,5.822339,5.3045697,4.778882,5.8361964,3.769977,5.089471,5.151337,3.7122376,4.422024,5.474107,4.3826933,4.104644,4.4192243,4.2587843,5.1812067,4.740877,3.1959975,5.9884524,4.3463073,6.4657655,6.0695987,3.2098932,3.7806745,3.0216947,4.0372014,6.1724567,4.2045183,6.5472083,5.1848316,4.455125,5.7109056,5.082747,7.237438,6.5238194,5.637127
TCGA-91-6835-01,9.011103,5.224354,4.117136,4.7512956,4.247884,4.466809,5.2604346,5.9385567,5.066631,5.414796,5.3764405,5.519217,7.379231,6.596878,6.662231,3.0337374,5.3091464,4.0893626,5.4518795,5.0703387,4.834985,4.372143,5.042585,6.578642,5.0076776,6.4789124,7.0918713,2.2901218,4.2817526,6.142021,4.8502383,4.9670544,5.5057354,4.0746317,5.118655,5.2020106,3.8904555,4.2442083,4.3514595,4.261717,4.299748,4.317165,5.1069665,5.97526,5.3618846,3.1361942,5.5613356,5.0074596,6.7082324,5.2770705,4.14723,4.1700225,3.527177,4.906334,5.32259,4.3077946,6.2247186,4.831599,4.015618,5.6359034,5.0552254,6.5539064,6.684286,5.8223352
TCGA-50-8459-01,9.065641,5.2191663,4.11711,4.7278376,4.253606,4.488611,5.28773,5.949307,4.9303603,5.3848324,5.427761,5.5920973,7.310029,6.759857,6.73952,2.9158711,5.3868103,4.159148,5.548164,5.1526685,4.9608483,4.319202,5.0091944,6.460173,5.049825,6.421614,7.222436,2.3436542,4.187627,6.087059,4.9269476,4.875147,5.609154,3.9930348,5.0060115,5.2048154,3.8899684,4.2418284,4.358435,4.3078103,4.1962123,4.3093166,5.0090356,5.875759,5.377823,3.1572971,5.5711346,4.9164824,6.548808,5.3405833,4.000367,4.137594,3.4229996,4.8787584,5.2990465,4.396653,6.2493515,4.8856163,4.037427,5.6373687,5.0285153,6.5364,6.5866733,5.891501
TCGA-55-8510-01,6.4290905,7.334021,5.594192,5.0516744,5.2310038,3.9989877,4.389157,6.2847915,5.123714,5.8276286,6.5837984,5.578472,6.943155,7.8258133,6.8720956,3.5424747,5.762404,4.7411532,5.883099,5.481583,5.6138854,3.3646197,4.792454,5.8073125,5.597454,5.1514606,7.564917,2.5588505,3.808133,5.8310924,5.3026414,4.732856,5.8240504,3.7991261,5.136834,5.1131597,3.7388518,4.4189305,5.647257,4.38579,4.119465,4.4624114,4.2117743,5.0532484,4.6788964,3.2517996,6.1029434,4.335936,6.374314,6.1483803,3.2397296,3.7880626,3.0520923,4.0145087,6.228602,4.257719,6.529873,5.13123,4.504384,5.7000194,5.0829544,7.3390856,6.4684267,5.635962
TCGA-78-7542-01,6.2105722,7.3768907,5.590009,5.0830455,5.266541,3.7115724,4.2525744,6.378471,5.138538,5.761394,6.519187,5.5772133,7.0660143,7.58696,6.800214,3.592045,5.7160754,4.7062106,5.961873,5.577399,5.684803,3.3807652,4.80484,5.776105,5.6416574,4.99099,7.405215,2.7333763,3.8699558,5.7888007,5.262111,4.958897,5.625722,3.760518,5.2163444,5.1890125,3.9175577,4.5461783,5.665964,4.573113,4.2608967,4.5164533,4.1403465,4.9745293,4.7494326,3.4581113,6.3468575,4.4691405,6.352404,6.0400763,3.2783015,3.996667,2.990239,4.1385994,6.188543,4.445721,6.4535747,5.147545,4.505187,5.6256523,4.9119864,7.343504,6.3761134,5.5983543
TCGA-MN-A4N1-01,5.9529486,7.449932,5.6319103,5.1764708,5.3371935,3.5329738,4.1275992,6.4986534,5.0996323,5.757333,6.5886507,5.4859166,7.1327295,7.5389214,6.7505755,3.618932,5.768171,4.677766,5.996898,5.64669,5.6533675,3.3518355,4.8722763,5.734972,5.6325417,4.9264474,7.292884,2.720123,3.8252182,5.7900267,5.221634,5.0055327,5.6492615,3.8650377,5.164015,5.167471,4.003642,4.518244,5.7327952,4.5566506,4.251366,4.5139394,4.100523,4.907452,4.791032,3.4865978,6.451011,4.463597,6.301223,6.051373,3.3255763,3.9605944,3.0230143,4.163223,6.1270266,4.5564365,6.4178524,5.1693163,4.50403,5.689393,4.8260207,7.356779,6.3542867,5.5366297
TCGA-55-A490-01,5.739789,6.672372,5.1954103,4.7239137,5.0231795,3.2876353,4.3383565,6.5221167,5.0500383,5.7341084,6.1564054,5.4918833,7.0423636,7.237544,6.3913755,3.5273595,5.507399,4.506996,6.1297207,5.7004166,5.9909363,3.7062292,4.493162,5.605289,5.557749,5.50874,7.1215644,3.0806975,3.7464213,5.706417,5.1528788,5.4295306,5.3484454,3.8950205,5.5715013,5.37871,4.504035,4.5821924,5.7645874,4.977108,4.6105947,4.5496902,3.9514308,5.1299567,4.7646575,3.6167438,6.583491,4.705403,5.8733087,5.7155533,3.2766714,4.2038727,2.8945365,4.243222,6.228094,5.0920625,6.1451483,5.251558,4.241846,5.600438,4.712349,6.9645233,6.2932954,5.5432086
TCGA-55-6987-01,7.002698,7.3878784,5.3675685,5.011394,5.096477,4.1225924,4.597946,6.2535787,5.2494793,5.7120247,6.354405,5.7689037,6.974392,7.528256,7.033955,3.4111958,5.601183,4.7316117,5.8247657,5.436188,5.492709,3.482658,4.9605036,5.996078,5.454259,5.1327415,7.5898685,2.4534066,3.9255881,5.934965,5.256646,4.6798778,5.747967,3.6604655,5.023055,5.1320424,3.621859,4.4731703,5.301067,4.415772,4.1824665,4.3659616,4.4134264,5.172407,4.8102536,3.2037752,5.9372125,4.3696713,6.543531,5.991293,3.3001914,3.945197,2.9692154,4.2895675,6.0024357,4.0948315,6.571758,5.112846,4.4326825,5.5810127,5.014277,7.257164,6.5247993,5.667446
TCGA-78-7154-01,7.1387076,7.2975955,5.4079733,4.9163423,5.033213,4.316293,4.68686,6.17119,5.117224,5.7302628,6.425455,5.79174,6.839829,7.830753,7.0234594,3.4293427,5.6495395,4.684438,5.8391795,5.4174943,5.545159,3.5465648,4.9097905,5.9616456,5.485856,5.2939034,7.786907,2.3641193,3.792542,5.9428005,5.277749,4.5101767,5.9286175,3.7587535,5.0355067,5.0740933,3.5708253,4.3801417,5.4034934,4.336109,4.1021824,4.345601,4.320674,5.237576,4.6743937,3.1558564,5.7864285,4.2796426,6.4502187,6.062026,3.2617662,3.7728388,3.0112374,4.083042,6.1285605,4.0395684,6.6072245,5.2029715,4.4311543,5.6722775,5.1164684,7.1759386,6.563397,5.6868143
TCGA-49-6743-01,5.9727607,6.9882655,5.36353,4.861213,5.1613536,3.5543644,4.378078,6.452085,5.1103563,5.782201,6.2264156,5.5945387,7.030471,7.438832,6.5844617,3.617173,5.507004,4.606639,6.087584,5.6157036,5.839172,3.5578105,4.6008053,5.687397,5.5413322,5.2931457,7.3696833,2.8982058,3.8483517,5.716541,5.283653,5.227434,5.483043,3.7918038,5.410536,5.366292,4.2410035,4.5811367,5.719252,4.8484607,4.4203277,4.5364084,3.995989,5.105494,4.7638,3.535428,6.4075847,4.59449,6.156521,5.8667736,3.196108,4.121957,2.8897815,4.1082077,6.2984867,4.784983,6.277796,5.274121,4.37834,5.6188626,4.861094,7.1285386,6.338362,5.5438485
TCGA-62-A46S-01,8.649923,5.8535547,4.450092,4.7926908,4.459953,4.610918,5.186223,5.918118,5.0336657,5.534589,5.7379923,5.7492905,7.14404,7.1831837,6.81433,3.0232997,5.4794374,4.2995806,5.599074,5.150976,5.146974,4.1325517,5.00541,6.3851233,5.1375556,6.148573,7.443234,2.257542,4.042742,6.144445,5.0021677,4.6435933,5.727253,3.976309,5.000496,5.096023,3.6791925,4.2378526,4.6125727,4.2166753,4.214027,4.3116527,4.875222,5.7277217,5.152908,3.0714464,5.4906473,4.7001023,6.515505,5.5221725,3.8644514,3.9951735,3.341349,4.6689186,5.471765,4.115709,6.3555226,4.9588513,4.1755624,5.6575313,5.1463027,6.7034698,6.602215,5.822162
TCGA-44-7671-01,7.239701,7.2142262,5.342547,4.8873487,4.9688864,4.4526443,4.756695,6.111619,5.160145,5.7557383,6.3694324,5.868137,6.8212852,7.8568974,7.0623264,3.3389187,5.657103,4.7147527,5.798741,5.3810363,5.542877,3.5901854,4.8950324,5.9973288,5.4193797,5.3864207,7.783075,2.378248,3.8175223,5.9921026,5.272171,4.4542856,5.8913574,3.7411597,4.9838376,5.080662,3.5225315,4.3589683,5.346947,4.3002887,4.114815,4.3261695,4.4175253,5.2841897,4.7178845,3.0670972,5.706012,4.271419,6.4417896,6.05681,3.2584395,3.794888,3.0088153,4.0998755,6.090388,4.0023823,6.6098704,5.154333,4.4102316,5.6612177,5.1696954,7.154964,6.5993023,5.717038
TCGA-62-A46Y-01,9.150882,5.2751894,4.080005,4.6968737,4.188852,4.2611775,5.113089,6.113791,5.1106234,5.4471073,5.233546,5.3615623,7.428447,6.234203,6.6293554,3.162958,5.253906,4.1242495,5.342175,5.094018,4.886434,4.2204714,4.8625326,6.4268484,5.053084,6.459627,6.941679,2.3632784,4.475993,6.005515,4.882152,5.021846,5.33182,3.9509685,5.15741,5.4385667,4.018469,4.1597767,4.3807273,4.465295,4.143724,4.24304,5.113673,5.897125,5.43673,3.1386049,5.650795,4.998167,6.806258,5.3227153,4.1019607,4.1899834,3.4791017,4.9127655,5.4151597,4.4349933,6.072497,4.718692,3.884975,5.582031,4.8990345,6.631059,6.765604,5.7851057
TCGA-55-8615-01,8.796009,5.6700063,4.3440714,4.775602,4.4163003,4.6449366,5.254448,5.8945885,5.015697,5.503229,5.6699395,5.7614665,7.120301,7.120011,6.816459,2.9673262,5.4698067,4.2697353,5.5900965,5.1656027,5.121927,4.218004,5.0304723,6.4111876,5.081526,6.2277346,7.4298835,2.257586,4.035945,6.1841283,4.968612,4.6290145,5.7433667,4.0118623,4.9757085,5.065727,3.6767454,4.228978,4.5077634,4.196079,4.2452164,4.299145,4.9255214,5.805833,5.2091336,3.0557048,5.447641,4.714315,6.4958777,5.492759,3.883116,3.9939325,3.3369713,4.699762,5.370921,4.1110477,6.3699555,4.979301,4.142657,5.669744,5.1475368,6.6366563,6.593817,5.8200364
TCGA-MP-A4TE-01,8.320041,6.2502193,4.683724,4.834503,4.6118197,4.5919123,5.092687,5.9466195,5.0743737,5.605938,5.958314,5.74651,7.061266,7.380231,6.88552,3.0809503,5.538362,4.417841,5.639788,5.1874676,5.1869545,3.9729948,4.9939313,6.299291,5.222056,5.948229,7.5550947,2.2542808,3.9716024,6.0904884,5.1149745,4.5428376,5.797556,3.9390824,5.0200677,5.077612,3.5640306,4.257652,4.821421,4.1964273,4.1570387,4.3267784,4.792723,5.5912647,4.9994326,3.041141,5.559558,4.559909,6.485118,5.700661,3.7462597,3.9350812,3.278603,4.548536,5.6464343,3.9900491,6.4127226,4.9699817,4.257349,5.6884174,5.164853,6.8451457,6.6199746,5.778756
TCGA-64-1677-01,7.180082,7.158225,5.310244,4.8740234,4.986249,4.392708,4.7670445,6.134813,5.1269474,5.7535024,6.3339534,5.8616586,6.8194447,7.8455186,7.0188923,3.336745,5.652451,4.6896133,5.873811,5.398975,5.559939,3.6210732,4.853588,5.9816184,5.3999166,5.4438515,7.760693,2.3945699,3.7665246,5.972656,5.2744513,4.4887476,5.8932915,3.7955554,5.010938,5.0786114,3.5856898,4.3473277,5.364843,4.3550014,4.116363,4.3284187,4.3732615,5.3007073,4.7217402,3.097358,5.719369,4.2847877,6.405288,6.0471916,3.236754,3.80347,2.9941924,4.110307,6.1176357,4.0846863,6.5927324,5.204897,4.390322,5.675757,5.1536026,7.1087384,6.5920157,5.7044106
TCGA-75-7030-01,8.861903,5.127168,4.0552154,4.6890454,4.2952003,4.294139,5.170334,6.02523,5.0880685,5.396146,5.350618,5.301717,7.411936,6.379756,6.615103,3.111123,5.2273407,4.0222244,5.378897,5.0962567,4.7620277,4.3831325,5.0331283,6.5781984,5.0211296,6.561438,6.9533715,2.2917807,4.350238,6.098425,4.7847495,5.1299767,5.413798,4.1438856,5.2381124,5.241656,3.9786365,4.2457194,4.3810425,4.234316,4.3330536,4.3212194,5.1590495,6.0475736,5.294637,3.1901653,5.7282224,5.1031036,6.736218,5.300606,4.2057652,4.1675563,3.572675,4.9205356,5.3826356,4.4493036,6.210406,4.740072,3.93016,5.698366,4.9772086,6.565291,6.782217,5.7472625
TCGA-69-7764-01,9.017909,5.374547,4.177911,4.7490816,4.2959485,4.5307665,5.2553515,5.933991,5.0331726,5.4848804,5.4614162,5.657724,7.249116,6.8405766,6.72483,3.0317197,5.3992476,4.1706305,5.516656,5.111516,5.0516033,4.2976084,4.9616947,6.448045,5.0555415,6.370887,7.245877,2.3229034,4.1832647,6.1431227,4.919764,4.7892065,5.580161,4.0161314,5.0716505,5.1872416,3.8269064,4.2213907,4.4142637,4.307032,4.261604,4.292829,4.974014,5.879767,5.3131747,3.1173213,5.511724,4.856345,6.585714,5.338245,3.9843702,4.0954123,3.4124331,4.8005133,5.3276563,4.258705,6.2383504,4.914586,4.054873,5.6049485,5.078478,6.5507545,6.6335435,5.836589
TCGA-50-6673-01,9.073745,5.502776,4.2115774,4.8412695,4.2531743,4.533005,5.214352,5.9709396,5.097713,5.544763,5.397158,5.693814,7.382041,6.644027,6.754263,3.0820386,5.4161654,4.108716,5.5041895,5.0375547,4.9960365,4.304145,5.070554,6.5120206,5.0657277,6.3647265,7.167306,2.194568,4.204168,6.2203736,4.847136,4.847476,5.4639897,4.04732,5.075326,5.2032294,3.8857152,4.203802,4.4458513,4.2455263,4.2427163,4.2561855,5.0263042,5.861174,5.36427,3.117674,5.479744,4.8824196,6.745898,5.2748003,4.133458,4.109432,3.5484984,4.864406,5.341543,4.1743875,6.208294,4.875895,4.0739384,5.5859656,5.112412,6.5699315,6.6972036,5.8444386
TCGA-97-A4M5-01,8.010649,6.60579,4.928369,4.869404,4.7901697,4.5575604,4.948522,5.992462,5.1606865,5.6489325,6.1379952,5.7798166,6.986941,7.5442843,6.914263,3.1514547,5.5429,4.5562954,5.6457067,5.2346683,5.2241993,3.8314922,5.029748,6.291627,5.248103,5.720872,7.607691,2.2416036,3.9190776,6.091866,5.168927,4.5370092,5.8646455,3.896971,5.0082674,5.038663,3.4914932,4.2948413,4.964521,4.169302,4.154728,4.337149,4.7507014,5.487878,4.837613,2.981737,5.580517,4.472017,6.52045,5.848309,3.6456811,3.8819327,3.1827285,4.470266,5.7810254,3.9561965,6.4915514,5.015976,4.331554,5.703762,5.1798105,7.011438,6.6526685,5.696163
TCGA-44-3918-01,5.5924273,6.8962655,5.294261,4.8873687,5.125576,3.2303462,4.206641,6.6435695,4.998629,5.7101417,6.2583084,5.3802786,7.1305404,7.2677026,6.424486,3.5814588,5.5924735,4.4687967,6.080591,5.758624,5.8840485,3.667057,4.663265,5.6273165,5.4833717,5.357725,7.0425935,3.0007496,3.7339814,5.732133,5.089343,5.390267,5.4548473,4.0552254,5.43344,5.3252935,4.4836774,4.515025,5.7672453,4.8698764,4.549341,4.508012,3.9738173,5.090544,4.834795,3.58365,6.5942216,4.6743994,5.942044,5.7851043,3.3559399,4.0950456,2.9552505,4.2132487,6.1454196,5.1939087,6.168014,5.281908,4.237234,5.708599,4.637407,7.0421853,6.346481,5.4492683
TCGA-17-Z043-01,7.506605,7.1087747,5.2381554,4.8854,4.9478316,4.484641,4.8547325,6.0618587,5.142985,5.7002077,6.327008,5.8395085,6.8403015,7.776988,7.071947,3.3001585,5.6489406,4.656995,5.809276,5.3440857,5.475538,3.6650493,4.92861,6.0853467,5.4112034,5.4474382,7.788152,2.3276718,3.7793229,5.9897666,5.2656436,4.430813,5.907423,3.788089,5.020165,5.0263066,3.4665616,4.3517036,5.209412,4.2962728,4.1046114,4.3164196,4.4655976,5.3530846,4.7250156,3.0783904,5.6572747,4.3064075,6.4735456,6.0189743,3.33243,3.822615,3.0301812,4.211599,6.0364847,3.9651885,6.632228,5.1563196,4.388991,5.6521053,5.1533875,7.1035624,6.6228504,5.7408314
TCGA-73-4666-01,6.0871525,7.3961987,5.592717,5.101614,5.269092,3.744381,4.2527595,6.421059,5.1267657,5.803514,6.5175657,5.5456095,7.063206,7.6402807,6.7823396,3.6007922,5.7173595,4.700652,5.9266715,5.566557,5.628845,3.3846176,4.8475747,5.7862263,5.564132,5.0641084,7.399457,2.65027,3.8586643,5.8283615,5.25241,4.920774,5.703079,3.8277009,5.148021,5.18989,3.92902,4.477504,5.6880946,4.4875145,4.2088094,4.482279,4.1711254,5.0064454,4.7624345,3.3673904,6.2598696,4.4313636,6.3690996,6.0668344,3.3035932,3.905071,3.03765,4.074179,6.176522,4.4830484,6.4440393,5.15939,4.4838934,5.6957726,4.9522753,7.348362,6.4205837,5.5548267
TCGA-44-A4SS-01,5.6092896,7.5111904,5.7801657,5.18078,5.420247,3.3908694,4.038539,6.5166183,5.114203,5.808303,6.6116543,5.4554267,7.14231,7.5923724,6.701816,3.7167542,5.767791,4.689191,6.038782,5.6844206,5.7732677,3.2772295,4.7649627,5.6609187,5.701368,4.800944,7.2509694,2.8813071,3.8258505,5.7160525,5.2669635,5.140539,5.536771,3.804316,5.291433,5.2150187,4.120867,4.596936,5.86294,4.626033,4.2861257,4.581534,4.023557,4.8712497,4.776594,3.5792556,6.5862784,4.5043397,6.283744,6.097309,3.2825217,3.991591,2.9964733,4.059779,6.276572,4.693979,6.4195395,5.1887474,4.548436,5.684152,4.847395,7.441657,6.3025618,5.527839
TCGA-49-AARQ-01,5.563715,7.0861716,5.4914837,4.944239,5.2688346,3.3313313,4.2107944,6.5554733,5.0798054,5.803603,6.3000174,5.512881,7.0947824,7.449551,6.516913,3.7134655,5.553436,4.591057,6.1400065,5.6986732,5.883967,3.4897394,4.6024694,5.6062293,5.5939,5.1421394,7.2787876,2.9833689,3.83326,5.6729918,5.2792654,5.3429255,5.434242,3.8341746,5.4406085,5.3818765,4.374566,4.6159716,5.8604136,4.88436,4.432952,4.582274,3.9011164,5.0152802,4.7820377,3.636005,6.585711,4.6147213,6.1192937,5.90151,3.2015796,4.1218348,2.8983293,4.055719,6.340755,4.944157,6.250207,5.3036733,4.4172297,5.6588135,4.800819,7.194496,6.279317,5.4933386
TCGA-97-A4LX-01,7.9908333,6.647112,4.9237766,4.8801136,4.7452774,4.5308075,5.0042863,6.0073633,5.1138506,5.6307807,6.114786,5.7919292,6.9801035,7.5159273,6.956089,3.1857238,5.584195,4.5196652,5.7155147,5.255116,5.300895,3.8503034,5.004422,6.235099,5.324416,5.7139735,7.656943,2.2590752,3.8947241,6.0673738,5.1695952,4.488207,5.863335,3.8672729,5.0219436,5.0401335,3.5382288,4.3240347,4.9519444,4.24738,4.1335373,4.3272543,4.6640735,5.4953976,4.8822393,3.0740874,5.586459,4.440419,6.5004683,5.814071,3.5778854,3.888374,3.184373,4.434968,5.7924533,3.9800239,6.507794,5.0642037,4.33399,5.653645,5.161404,6.9330406,6.605336,5.782172
TCGA-67-3771-01,5.6046815,6.7278757,5.2509522,4.745413,5.035735,3.1920416,4.2829266,6.561991,5.0128202,5.712181,6.218035,5.456956,7.0407047,7.2567987,6.379307,3.5292964,5.5544877,4.4929347,6.143991,5.746813,6.023124,3.6931522,4.502185,5.571181,5.5689583,5.4480367,7.074488,3.0942636,3.6925037,5.698982,5.1227155,5.4202967,5.3784795,3.9458785,5.5762277,5.3419833,4.5266743,4.572511,5.8012223,4.9886236,4.617663,4.539347,3.9258757,5.0982847,4.7602925,3.6385276,6.620487,4.683911,5.8188806,5.7379966,3.288486,4.1644654,2.8914182,4.2442307,6.221646,5.159761,6.1545215,5.273944,4.228825,5.6227994,4.6644053,6.9767327,6.2847505,5.5272765
TCGA-50-5066-01,6.784162,7.443037,5.4997663,5.021628,5.1867375,4.1037374,4.485703,6.2292967,5.235859,5.7470756,6.4614344,5.7380533,6.9605207,7.651842,6.992942,3.4868357,5.65616,4.7850137,5.8492804,5.460054,5.6063223,3.4163435,4.8733673,5.9142394,5.5580916,5.0474334,7.620954,2.5832422,3.9167452,5.861027,5.3090334,4.7348723,5.7267013,3.6350265,5.1148787,5.156694,3.6233315,4.5204873,5.442928,4.484145,4.2133484,4.435729,4.295037,5.0763617,4.715346,3.2666962,6.049603,4.3797903,6.494819,6.056347,3.238667,3.9787667,2.9318836,4.1665616,6.1486235,4.1557937,6.560751,5.115978,4.4930067,5.5630746,5.0177956,7.345628,6.482991,5.6579514
TCGA-73-4662-01,7.23327,7.2964735,5.3667946,4.937902,4.99395,4.4370065,4.7154236,6.136021,5.1562905,5.7472014,6.375844,5.867528,6.858678,7.846753,7.093539,3.364711,5.6716976,4.728969,5.79228,5.382184,5.4957137,3.557175,4.9438353,6.0105,5.421533,5.3124666,7.778183,2.3530297,3.863427,5.9980364,5.2728887,4.4465575,5.907801,3.720088,4.9247503,5.0894647,3.512353,4.362336,5.338624,4.287928,4.0717883,4.3221335,4.4178276,5.2494116,4.752799,3.0818493,5.7066584,4.2643633,6.507751,6.0592976,3.2539206,3.7958844,3.020751,4.102816,6.065072,3.9851077,6.6185036,5.1587496,4.435391,5.651679,5.1642456,7.1854696,6.592142,5.7204328
TCGA-95-8494-01,8.849262,5.608916,4.3010993,4.8089776,4.3787374,4.6165047,5.2783775,5.884293,5.030422,5.5239553,5.60588,5.7433,7.195125,7.049866,6.778703,2.9819355,5.461044,4.193466,5.584723,5.118944,5.090106,4.272175,5.035174,6.438308,5.0822153,6.2835073,7.3756657,2.257209,4.0508256,6.186083,4.9303255,4.6848702,5.6768064,4.057315,5.0463014,5.069175,3.7327487,4.241067,4.4821935,4.2061234,4.2820606,4.3121586,4.9380965,5.83978,5.229973,3.0922377,5.4767714,4.7735696,6.526905,5.4081783,3.9692392,4.030589,3.407024,4.761351,5.3359036,4.1206336,6.336276,4.9593325,4.1319127,5.6509695,5.1568995,6.5940676,6.599888,5.8396873
TCGA-91-6849-01,8.5738735,5.916998,4.4847865,4.784699,4.469514,4.4634714,5.073257,5.9957542,5.0717545,5.5277863,5.7478447,5.6151953,7.1855783,6.9867163,6.7945566,3.1012342,5.441017,4.303072,5.5633388,5.1687183,5.072482,4.0786133,4.9662914,6.363049,5.1611285,6.138944,7.345248,2.2972414,4.137177,6.0957427,5.020809,4.7258115,5.6418586,3.977373,5.059418,5.1843047,3.723704,4.2361526,4.724138,4.248411,4.2045035,4.319995,4.8972397,5.701385,5.149689,3.1111054,5.607136,4.725433,6.561902,5.554697,3.8784702,4.031671,3.3809566,4.660198,5.5836053,4.1433473,6.2885184,4.889045,4.154495,5.672289,5.074812,6.743648,6.650512,5.767083
TCGA-97-7941-01,8.744962,5.4567986,4.284428,4.784967,4.412802,4.4800835,5.177595,5.953128,5.104492,5.4737754,5.502628,5.5077667,7.2938414,6.7960525,6.7445645,3.122966,5.3590083,4.202989,5.4445558,5.0918183,4.8604846,4.2564006,5.039978,6.532027,5.0485134,6.3472033,7.1395454,2.2634177,4.246164,6.1149383,4.909751,4.8543105,5.575771,4.0600867,5.1305623,5.1658764,3.7726717,4.238896,4.4544725,4.2213163,4.2266183,4.298492,5.072162,5.9248915,5.2063646,3.0918524,5.57585,4.922305,6.7728534,5.4650116,4.047864,4.0880146,3.4690218,4.7637143,5.4644103,4.2256985,6.3362927,4.8496614,4.0534916,5.6605463,5.0920486,6.709922,6.7609253,5.767023
TCGA-86-8073-01,5.660855,6.5915155,5.2018046,4.7937913,4.96906,3.271531,4.2656927,6.528876,5.0068197,5.6809735,6.1163716,5.4208975,7.1584573,7.2003937,6.371351,3.57425,5.5348,4.4361033,5.9911103,5.7017336,5.900315,3.780343,4.5980015,5.6690674,5.504271,5.4832187,7.0220695,3.1080265,3.8637214,5.7427764,5.085436,5.463266,5.322749,3.9962547,5.5258226,5.4056764,4.5504355,4.561872,5.7248545,4.906417,4.614525,4.551092,4.037466,5.166548,4.862034,3.6448214,6.6309056,4.7818484,5.94783,5.683742,3.4224598,4.2015758,3.0067623,4.2108603,6.1525164,5.237563,6.096403,5.2063413,4.2328176,5.655741,4.681802,6.9816966,6.3258753,5.505701
TCGA-78-7167-01,8.7778635,5.7183833,4.3842044,4.7758985,4.411635,4.6337566,5.2481685,5.8848214,5.020949,5.5062366,5.6915083,5.768751,7.1454253,7.1348524,6.779471,2.9703712,5.4619784,4.250707,5.6041265,5.1575093,5.1400733,4.200905,5.024993,6.4086347,5.1033134,6.209868,7.4304805,2.2626486,4.0380087,6.1795206,4.9584594,4.667786,5.731952,4.00372,4.983666,5.063233,3.708807,4.2436757,4.535427,4.197247,4.2705216,4.322275,4.9033184,5.7836046,5.206524,3.0739758,5.459111,4.728979,6.4815598,5.4685555,3.8985481,4.0036287,3.3546872,4.7172103,5.3785257,4.1383204,6.352234,4.9708486,4.1603217,5.667243,5.154513,6.642194,6.5620036,5.8371935
TCGA-62-A470-01,8.614809,5.730627,4.381878,4.7634177,4.40511,4.637534,5.2558393,5.8930097,5.037753,5.492935,5.692077,5.7640114,7.1059265,7.1509256,6.7554603,2.9917295,5.4265423,4.2614903,5.5867586,5.1821904,5.153498,4.220545,5.024382,6.4041057,5.0689497,6.2092314,7.4193187,2.292852,4.0657363,6.1957026,4.9218802,4.6935205,5.7429643,4.0106435,4.9590883,5.0634413,3.7169898,4.25922,4.5004363,4.2144246,4.3391623,4.329399,4.898441,5.841578,5.2563214,3.0638945,5.4366097,4.7436914,6.4700613,5.4610496,3.845241,3.998339,3.3210874,4.638172,5.363188,4.1432977,6.3724604,5.0212517,4.1485486,5.6688604,5.165441,6.6169324,6.528165,5.8157907
TCGA-05-5428-01,6.177198,7.4142756,5.5846586,5.17876,5.292191,3.6788816,4.201261,6.449518,5.1079383,5.749168,6.5820804,5.4954724,7.1182203,7.560385,6.8020263,3.5870984,5.762043,4.6820827,5.92764,5.5868177,5.5669985,3.365796,4.912362,5.791141,5.5951138,4.983552,7.3541656,2.6228614,3.8598535,5.821757,5.227803,4.9058423,5.721864,3.8712134,5.0945535,5.15016,3.8990576,4.4695644,5.6555567,4.476742,4.1944165,4.4839582,4.172909,4.9485445,4.8014617,3.4054918,6.3472342,4.4326243,6.3505907,6.053824,3.3399627,3.9111667,3.0593941,4.1660933,6.0792394,4.4278107,6.430771,5.140717,4.5032873,5.703877,4.874502,7.3372607,6.3988414,5.555506
TCGA-97-8552-01,9.3677845,4.952407,4.164002,4.706516,4.1915402,4.356012,5.1934204,6.0069118,5.0190606,5.357391,5.21156,5.4277277,7.487637,6.1685076,6.6343455,3.0512786,5.3005795,4.1098175,5.3873615,5.0820203,4.7205725,4.3941946,5.001827,6.5879774,4.9943123,6.517453,6.843726,2.2960517,4.4273825,6.0549774,4.8675437,5.077242,5.4340453,4.00927,5.094427,5.3288693,3.979007,4.1901073,4.297484,4.343938,4.074165,4.2734685,5.1629844,5.944133,5.380828,3.1667833,5.5884743,5.0981226,6.8707786,5.337459,4.2277164,4.1912646,3.5589566,5.047047,5.332273,4.5324492,6.158067,4.736604,3.9437056,5.630003,4.958403,6.658222,6.788245,5.8283057
TCGA-17-Z003-01,6.918703,7.316268,5.496364,5.024302,5.1858954,4.2512236,4.590516,6.20607,5.1891427,5.8144646,6.4798098,5.632765,6.9094653,7.801195,7.005463,3.5060508,5.6720157,4.725898,5.813082,5.3926916,5.484484,3.398998,4.846564,5.930679,5.501367,5.2060447,7.6786494,2.4471529,3.8637588,5.856514,5.326162,4.6592126,5.8541965,3.7453752,5.07367,5.105766,3.591399,4.3973947,5.450428,4.3171225,4.0679507,4.4057045,4.3351936,5.1857567,4.719931,3.1374354,5.90883,4.318768,6.5269637,6.129981,3.2192695,3.7732115,3.04419,4.0410943,6.187608,4.0828156,6.6018577,5.126918,4.475767,5.6844463,5.1529613,7.2987137,6.559292,5.6727633
TCGA-44-7667-01,5.6227236,7.480113,5.7233515,5.1798043,5.4161325,3.3399627,4.050812,6.5496335,5.0907307,5.781122,6.599837,5.440097,7.150679,7.537737,6.678347,3.6879528,5.7678213,4.6592865,6.0781703,5.7019873,5.7483387,3.3143938,4.779647,5.6613283,5.680107,4.8464813,7.223354,2.8613098,3.7891886,5.7170587,5.2436533,5.151645,5.5537524,3.8637376,5.285534,5.1955233,4.1492667,4.576196,5.8437824,4.646902,4.299126,4.567691,4.0068016,4.878221,4.785082,3.5900009,6.595169,4.510499,6.24599,6.0679173,3.2959323,3.9974315,2.991798,4.1187525,6.2347817,4.7191076,6.3989663,5.212667,4.5193987,5.696593,4.7988834,7.3851056,6.305082,5.5139637
TCGA-97-8179-01,8.002963,6.649264,4.922812,4.888478,4.7559347,4.5394497,5.0114374,5.9906454,5.117937,5.643735,6.1433306,5.7741046,6.981041,7.5334587,6.944802,3.153123,5.590712,4.524015,5.7118015,5.241899,5.2840724,3.8300557,4.9930267,6.237267,5.322031,5.716542,7.6459603,2.2653139,3.887736,6.058458,5.173276,4.490763,5.8625236,3.8812056,5.0277486,5.025741,3.5156007,4.314715,4.954047,4.2208276,4.131627,4.3400555,4.6876264,5.4851503,4.8780046,3.0525432,5.6003227,4.4391384,6.473553,5.8237686,3.587818,3.8843136,3.19464,4.4565372,5.78623,3.946028,6.500071,5.0364265,4.340234,5.667848,5.175835,6.9378157,6.600598,5.778452
TCGA-49-4501-01,9.298191,5.03621,4.125552,4.6700273,4.212567,4.440482,5.232709,5.9933434,5.034784,5.4206915,5.2722473,5.5007253,7.3498783,6.4322004,6.6293807,3.105822,5.307056,4.1784945,5.381826,5.0729356,4.94047,4.2669806,4.86303,6.4918613,5.0425024,6.4864845,7.042894,2.353768,4.4142222,6.0385165,4.915821,4.942034,5.484871,3.9043562,5.08867,5.346341,3.905829,4.1846843,4.2711453,4.4437656,4.090258,4.2628326,5.043132,5.9179993,5.370322,3.1308348,5.509247,4.98326,6.7684164,5.31132,4.030633,4.1522727,3.4194546,4.891946,5.3533573,4.4759674,6.1468554,4.813766,3.9519987,5.545927,4.994704,6.601251,6.71183,5.8628654
TCGA-MP-A4T7-01,8.44437,6.1122746,4.6117086,4.841778,4.541613,4.566715,5.0861964,5.953483,5.0567346,5.563821,5.8623953,5.726438,7.1306086,7.213004,6.8689365,3.078438,5.524766,4.3881145,5.619285,5.171595,5.1643553,4.0069966,4.9772162,6.3266625,5.1992655,6.012927,7.458078,2.2936757,4.0470448,6.096497,5.0682383,4.61832,5.721084,3.9265997,4.99452,5.1305056,3.6218307,4.2623453,4.731428,4.241977,4.164822,4.329187,4.8195634,5.6325836,5.1204815,3.1021209,5.5546975,4.6474633,6.53066,5.6174207,3.7782288,4.003592,3.3179142,4.581059,5.597537,4.074703,6.3664217,4.950642,4.2292805,5.648059,5.1407695,6.799971,6.5928907,5.8120494
TCGA-55-A491-01,6.480319,7.408269,5.544915,5.038514,5.2273517,3.8593004,4.4094505,6.345407,5.0970497,5.7581186,6.490988,5.627652,6.9770923,7.690911,6.874603,3.5742617,5.697418,4.6535335,5.9884677,5.548045,5.635339,3.4343817,4.8567867,5.8312774,5.5896053,5.0778384,7.5464606,2.5645924,3.7716722,5.836154,5.257562,4.8163652,5.7523913,3.8074462,5.1636457,5.113625,3.843315,4.4790215,5.6002,4.4948754,4.180234,4.446215,4.1513147,5.0826664,4.718715,3.3829322,6.1411195,4.3865285,6.382314,6.0589895,3.2545671,3.8780618,2.9985712,4.1049514,6.18519,4.3381524,6.5431447,5.2328863,4.472619,5.6665154,4.978066,7.2655735,6.440214,5.6226225
TCGA-55-1592-01,5.8669434,7.370739,5.6172557,5.1075845,5.3660655,3.38859,4.171598,6.5025587,5.0761743,5.736776,6.521314,5.475494,7.10634,7.4867005,6.7080812,3.6080396,5.74776,4.613352,6.1262283,5.7038774,5.784281,3.4081528,4.758779,5.703341,5.6474757,4.9566526,7.223156,2.8728719,3.6950653,5.7201915,5.2124114,5.148228,5.535632,3.8846617,5.3398957,5.1443615,4.138549,4.573406,5.7359905,4.684808,4.346821,4.535857,4.032178,4.9689436,4.7783346,3.5834177,6.5253,4.5293193,6.224264,6.036303,3.3049407,4.0228086,2.9609418,4.2079115,6.2214894,4.7444024,6.4497547,5.24289,4.449953,5.668742,4.7761717,7.3076615,6.336207,5.544309
TCGA-86-7713-01,7.9371095,6.669823,4.929355,4.8880563,4.7740746,4.485598,5.0049405,6.0170913,5.111165,5.6412053,6.1579423,5.755352,6.976567,7.527495,6.9200363,3.15805,5.584237,4.5158844,5.7403107,5.2639117,5.3098893,3.8298173,4.995815,6.221799,5.342451,5.6957545,7.645516,2.2740638,3.850607,6.044577,5.173924,4.522612,5.8649406,3.89136,5.061445,5.0152593,3.550867,4.3320856,4.968174,4.250615,4.1506543,4.348132,4.6556616,5.472112,4.8561444,3.0710952,5.6367574,4.4319453,6.436288,5.817391,3.5808103,3.8862426,3.1785252,4.474755,5.7918906,3.9829214,6.495939,5.0619426,4.3418097,5.6661654,5.1527066,6.92401,6.583418,5.771291
TCGA-93-7347-01,8.709888,5.730184,4.365498,4.773281,4.4166183,4.5397296,5.211998,5.918086,5.042626,5.4983654,5.6609898,5.6872897,7.210841,7.0335526,6.7764535,3.0165224,5.447896,4.243099,5.603291,5.1522593,5.0471873,4.1874065,5.027784,6.437219,5.111293,6.224859,7.3481545,2.2857287,4.0727167,6.144025,4.997185,4.7541747,5.6708655,4.007487,5.03936,5.1181345,3.7613547,4.2592397,4.6003947,4.2041664,4.2550044,4.331368,4.9249945,5.7640786,5.17939,3.1012228,5.5387444,4.7676625,6.528586,5.4694433,3.9402246,4.0605326,3.4019837,4.752849,5.459214,4.182072,6.302165,4.924819,4.160195,5.6664915,5.111197,6.6642747,6.6130104,5.8273273
TCGA-69-7761-01,9.113452,5.0058193,3.9952967,4.678407,4.210343,4.3009872,5.210869,6.023072,5.045371,5.3523817,5.240155,5.372875,7.4157267,6.260346,6.6600976,3.073076,5.27625,4.0849295,5.4085183,5.1129136,4.755142,4.3869977,4.982202,6.5834317,4.999933,6.5671873,6.9312415,2.370277,4.37327,6.078296,4.8745875,5.0918202,5.4135265,4.0538282,5.164883,5.3097453,3.9856727,4.2294436,4.3163166,4.335258,4.2154026,4.2882833,5.146612,6.000731,5.3766127,3.1926723,5.6485176,5.06451,6.7574353,5.284581,4.1532216,4.2355947,3.527154,4.9664903,5.361057,4.5027943,6.151708,4.768168,3.933151,5.620395,4.9309397,6.5412703,6.765676,5.809471
TCGA-97-7546-01,7.245268,7.130275,5.3308015,5.002122,5.1310577,4.226276,4.674936,6.2245092,5.1856914,5.736901,6.3676653,5.5900435,6.9395494,7.6016197,7.026147,3.4543478,5.60701,4.6541057,5.7863536,5.3897476,5.3767157,3.4637697,4.9089165,5.9854136,5.455787,5.270723,7.626881,2.3803108,3.8856895,5.860226,5.264589,4.7094398,5.8439336,3.7515316,5.0559106,5.0781,3.587674,4.384427,5.2824492,4.3165874,4.076567,4.3683414,4.414947,5.262591,4.779964,3.129229,5.889921,4.357767,6.5869613,6.064312,3.2830904,3.7850025,3.0464914,4.203015,6.0668774,4.0498147,6.6234202,5.1099353,4.4083,5.6817737,5.092631,7.2255282,6.5816727,5.6836195
TCGA-17-Z017-01,7.2445455,7.2419615,5.35205,4.9195766,5.0370383,4.421117,4.7676167,6.1323237,5.1599755,5.765961,6.4059086,5.8053355,6.8195047,7.863143,7.0448995,3.3852468,5.6538367,4.697853,5.8212714,5.3760333,5.5138273,3.55137,4.9033237,5.9920077,5.4468594,5.341082,7.8226533,2.3374689,3.795242,5.9540453,5.292281,4.471805,5.9434857,3.7561982,5.0119085,5.052679,3.5069282,4.3616047,5.3358874,4.300547,4.0791473,4.33971,4.3777494,5.278201,4.6862884,3.0742455,5.711336,4.250961,6.451665,6.070755,3.2356367,3.7549498,3.002663,4.1034627,6.1066813,3.9889772,6.628066,5.177146,4.4276276,5.6718516,5.1756573,7.1601915,6.591744,5.71955
TCGA-73-4677-01,6.9996095,7.439128,5.5063767,5.012387,5.1628094,4.29705,4.5966053,6.1716037,5.216345,5.776053,6.4844484,5.7489147,6.8946257,7.8022046,7.062937,3.475392,5.6687374,4.77094,5.804854,5.399507,5.5170536,3.4155025,4.900652,5.9620967,5.5168934,5.1260924,7.738709,2.4374924,3.88765,5.8959947,5.324513,4.585105,5.8510456,3.673353,5.040537,5.100975,3.510787,4.437791,5.4107985,4.338398,4.096134,4.3923497,4.35113,5.157623,4.693985,3.1531622,5.873741,4.2993045,6.5519385,6.1187143,3.219779,3.8323271,2.990433,4.088483,6.160669,4.0077844,6.630718,5.1267242,4.493445,5.6272016,5.131646,7.31984,6.554875,5.685524
TCGA-55-7911-01,7.031601,7.4326496,5.4818954,4.9658546,5.053545,4.370428,4.6157346,6.175402,5.199265,5.7588115,6.438152,5.8410063,6.876852,7.8257294,7.0902305,3.4061465,5.647455,4.776934,5.765481,5.3942833,5.4947305,3.4807534,4.9520116,5.99562,5.431173,5.2192726,7.740673,2.3674579,3.8921866,5.9837503,5.2929406,4.4839363,5.88319,3.68728,4.940649,5.119789,3.5096917,4.385245,5.406481,4.275654,4.086258,4.331449,4.423126,5.1965923,4.72959,3.0895936,5.7725596,4.2741394,6.561291,6.1002507,3.2678423,3.8138332,3.0189793,4.0689454,6.1099114,3.9874463,6.6121078,5.128337,4.4550705,5.6572227,5.1421385,7.2807794,6.594752,5.664503
TCGA-86-8054-01,7.2743416,7.300689,5.3551946,4.9177947,5.043707,4.453689,4.7753735,6.1088233,5.14684,5.751898,6.4298577,5.876872,6.7935214,7.914602,7.0758357,3.3392222,5.6959844,4.717806,5.8660703,5.3913484,5.5478873,3.5740633,4.91641,5.999594,5.4433746,5.332575,7.8535643,2.3260636,3.7412577,5.9791613,5.286924,4.40227,5.9681616,3.7743366,4.9811916,5.013559,3.4594166,4.3534775,5.3352437,4.308039,4.0802636,4.324613,4.367731,5.2622194,4.6646914,3.0708108,5.676426,4.220147,6.4241676,6.0905976,3.2175972,3.765845,2.9674468,4.1274443,6.101992,3.969104,6.6574965,5.2005177,4.428983,5.661133,5.166515,7.1520395,6.6003523,5.7292514
TCGA-05-4250-01,6.1271,7.0001,5.363703,4.861987,5.1466374,3.6500096,4.425007,6.4016128,5.106305,5.7751007,6.2577434,5.6116786,6.9988103,7.4952497,6.6331964,3.5846703,5.536123,4.613475,6.0650315,5.588433,5.812916,3.561753,4.621909,5.7199397,5.543489,5.3086057,7.4192786,2.8427303,3.8222158,5.737326,5.2829833,5.1380777,5.537692,3.7965713,5.3855157,5.315761,4.1528325,4.556111,5.677656,4.7908034,4.3853674,4.5180044,4.0354424,5.1263847,4.741135,3.4903798,6.332128,4.557431,6.1780868,5.89585,3.2039793,4.0794506,2.902281,4.112023,6.2858896,4.6957526,6.3250694,5.261385,4.382448,5.6226635,4.896268,7.1310167,6.3653684,5.57086
TCGA-55-7914-01,7.83745,6.8753996,5.0505733,4.894299,4.8299146,4.541266,4.940821,6.0205293,5.146489,5.663917,6.194349,5.848515,6.917768,7.630853,7.0171247,3.214127,5.6164656,4.5884085,5.738755,5.278997,5.3600183,3.771684,4.9824095,6.1926427,5.329286,5.6080866,7.707997,2.2623508,3.8613698,6.0704165,5.1866064,4.4217167,5.894579,3.841053,4.9815407,5.0168295,3.478557,4.316243,5.0383167,4.244044,4.1187034,4.3080716,4.61729,5.4467154,4.8264995,3.048622,5.5750475,4.374214,6.5121818,5.897789,3.4763067,3.8461254,3.1200314,4.362865,5.8672385,3.9409256,6.5711536,5.095293,4.3506336,5.649974,5.174632,7.0050235,6.632289,5.75951
TCGA-MP-A4TF-01,6.0183015,7.3988023,5.6266346,5.1468,5.334184,3.494114,4.1334004,6.4586964,5.1000266,5.7237644,6.5840745,5.507795,7.123584,7.505428,6.761887,3.5985148,5.7804966,4.6713047,6.0413136,5.666411,5.730001,3.362473,4.811859,5.7184873,5.6979446,4.8915696,7.276942,2.820311,3.8012223,5.7517085,5.219324,5.0527577,5.56608,3.824148,5.2481995,5.15049,4.014308,4.5747786,5.7186255,4.632527,4.310483,4.543732,4.0737524,4.896849,4.777652,3.5667622,6.5308204,4.5007167,6.267192,6.036886,3.304699,4.0327563,2.9833891,4.218858,6.151944,4.5712147,6.4403,5.162155,4.5072737,5.6317363,4.791838,7.3453226,6.3184648,5.581046
TCGA-55-8614-01,7.1930447,7.3075943,5.3800735,4.8839397,5.007691,4.3187304,4.7198024,6.145767,5.0823317,5.699944,6.3831844,5.8837337,6.8119507,7.8507776,7.05025,3.3954833,5.666826,4.6741185,5.910614,5.440682,5.5814953,3.6078038,4.899815,5.9717436,5.467681,5.322996,7.8049793,2.3724825,3.7459562,5.968985,5.2652936,4.4688473,5.9208436,3.7857966,5.018587,5.051176,3.5745628,4.372689,5.405328,4.3781304,4.112367,4.3254194,4.2961764,5.257464,4.674867,3.187713,5.7502427,4.271369,6.427511,6.0557,3.2349849,3.8003552,2.9774973,4.110288,6.1351247,4.0520687,6.6321373,5.2592173,4.41493,5.6596036,5.1032815,7.1245446,6.570701,5.698644
TCGA-62-A46O-01,5.6372976,6.910677,5.328988,4.8271284,5.181283,3.2549844,4.2859325,6.5953035,5.055266,5.7755604,6.21174,5.5027585,7.0558715,7.321446,6.4363923,3.6350129,5.499135,4.5389333,6.2037563,5.7238345,5.951125,3.5877547,4.533701,5.5778556,5.554373,5.3248262,7.2149334,3.011813,3.7499814,5.6692758,5.228908,5.410148,5.4090548,3.879637,5.5101357,5.3886757,4.476229,4.5985875,5.8292127,4.982641,4.5209193,4.557078,3.8709345,5.0693693,4.770868,3.6379852,6.5816307,4.6476846,5.972545,5.8045487,3.196305,4.1590657,2.85403,4.1550403,6.3004355,5.047514,6.1919556,5.3352213,4.315052,5.639412,4.731331,7.0562797,6.275331,5.493015
TCGA-55-7907-01,5.6118917,6.7055793,5.2588453,4.743799,5.02882,3.2365675,4.286047,6.5247827,5.036378,5.7248073,6.1917667,5.476938,7.0553303,7.266644,6.3812714,3.552848,5.534017,4.5069904,6.1128645,5.720312,6.0125604,3.694613,4.495578,5.586715,5.5793953,5.448026,7.0977197,3.1193233,3.7546556,5.6980505,5.1474776,5.4383245,5.341363,3.9057894,5.5844502,5.37905,4.523972,4.5946345,5.8044205,4.981398,4.6177716,4.5618196,3.939322,5.105141,4.764574,3.6483004,6.631258,4.708371,5.8618383,5.7302685,3.2894943,4.1968403,2.9063895,4.2114515,6.2448435,5.1399536,6.141095,5.2493906,4.256072,5.609339,4.7005157,6.992443,6.2806168,5.536633
TCGA-MP-A4T4-01,6.6268797,7.470009,5.548674,5.008278,5.2111506,4.010463,4.4005475,6.245584,5.2201185,5.7393155,6.504637,5.7534256,6.9642715,7.664808,6.946462,3.5013337,5.68593,4.8017673,5.8968277,5.5177665,5.7267795,3.4104428,4.83016,5.847603,5.6276584,4.978173,7.597199,2.7006822,3.8993433,5.8291135,5.306073,4.797332,5.6688013,3.6151378,5.1776175,5.1761055,3.68167,4.57567,5.525766,4.577403,4.28694,4.4765625,4.2075696,5.0022116,4.6762724,3.352609,6.1654677,4.4042544,6.4069147,6.049864,3.216287,4.049149,2.880414,4.1582117,6.191911,4.2491226,6.532298,5.1285787,4.508854,5.530042,4.958745,7.3619094,6.4277177,5.6531987
TCGA-97-7937-01,5.7196283,7.4510293,5.714164,5.198307,5.3928037,3.3309767,4.0387836,6.5368204,5.0698657,5.749169,6.613176,5.4280953,7.1738434,7.505026,6.6870594,3.6915777,5.784012,4.636416,6.0669913,5.6945133,5.713252,3.3174386,4.8004107,5.671979,5.7089705,4.8273683,7.21357,2.8386986,3.8177073,5.7226057,5.2250752,5.1352496,5.552811,3.8782954,5.2672443,5.179851,4.13871,4.5729523,5.8331323,4.633491,4.282759,4.572877,4.015278,4.866585,4.801824,3.6300898,6.630543,4.5230746,6.2528996,6.047894,3.313854,3.9981055,3.0214233,4.14888,6.192604,4.6602592,6.3931785,5.195138,4.53404,5.6920743,4.7871327,7.3633018,6.291355,5.5358815
TCGA-83-5908-01,6.9591446,7.354944,5.443903,4.9476438,5.0764203,4.3429413,4.681145,6.208916,5.185965,5.8171725,6.419835,5.7778172,6.82833,7.887654,7.056698,3.4638193,5.6349277,4.742204,5.7891703,5.4099617,5.5286593,3.449427,4.8912354,5.910504,5.461132,5.2216263,7.803546,2.396212,3.8821688,5.9247384,5.317523,4.5489016,5.911878,3.6742675,4.9667006,5.1262674,3.585031,4.386246,5.4344444,4.3106375,4.0609317,4.3524866,4.33739,5.215591,4.7261114,3.0717273,5.7908206,4.2230964,6.4759536,6.102775,3.1558504,3.726883,2.989368,4.0115266,6.1443644,4.034302,6.6131597,5.171623,4.45769,5.6790514,5.1856027,7.2267575,6.5550165,5.7009287
TCGA-NJ-A4YQ-01,5.631963,6.721227,5.179458,4.787627,5.076375,3.2790594,4.2889776,6.6022563,5.0714836,5.7682004,6.1165447,5.4255433,7.123084,7.194245,6.3593726,3.586313,5.4729033,4.484294,6.093154,5.699435,5.908503,3.7107964,4.564048,5.630164,5.486612,5.52495,7.072319,3.0744057,3.8104465,5.7121,5.147107,5.5187798,5.327568,3.9522853,5.513379,5.4399767,4.5748525,4.559351,5.7749467,4.9276767,4.603092,4.5541806,3.955562,5.1445603,4.82464,3.5895312,6.6176996,4.753831,5.9252343,5.6986156,3.3078907,4.2107778,2.9443402,4.2011366,6.2050066,5.180636,6.0885625,5.25279,4.2396827,5.656133,4.699107,6.9741735,6.330011,5.4715734
TCGA-93-A4JO-01,9.246489,5.038156,3.9940886,4.659669,4.1523967,4.393328,5.2388935,6.006455,5.0339284,5.385459,5.216195,5.4548583,7.3683863,6.4400907,6.6310706,3.0901122,5.283666,4.13428,5.3958287,5.099448,4.8581924,4.340273,4.8885775,6.489266,4.9914193,6.541995,6.980763,2.4010968,4.4378123,6.0634136,4.8964915,4.956086,5.4502687,3.9694126,5.0868397,5.368085,3.9629622,4.178663,4.2947054,4.427537,4.2022448,4.2631636,5.097006,5.9688272,5.462111,3.132678,5.5644455,5.009997,6.72043,5.2754593,4.0517945,4.199764,3.467063,4.8820305,5.330724,4.450302,6.106734,4.816442,3.925987,5.571988,4.956589,6.5272717,6.704592,5.8277583
TCGA-55-6984-01,9.144868,5.3197303,4.0882077,4.7052197,4.17622,4.2665734,5.126337,6.1087317,5.115647,5.459408,5.2315288,5.385632,7.429436,6.2725554,6.624355,3.1691103,5.2616224,4.1295347,5.3571377,5.0901985,4.904198,4.2079806,4.84891,6.4120708,5.05851,6.438981,6.9606276,2.3782346,4.4696455,6.0010724,4.9021893,5.01152,5.33328,3.9333105,5.154455,5.4488444,4.0267954,4.1625857,4.39404,4.48747,4.147674,4.245928,5.091799,5.8747244,5.448575,3.1331081,5.6404376,4.9789133,6.793068,5.308847,4.085815,4.197125,3.4714396,4.9087524,5.4169483,4.419654,6.0526505,4.734878,3.9001167,5.5646715,4.904298,6.624284,6.7434807,5.7990627
TCGA-97-8547-01,9.298915,5.040284,3.9845407,4.665888,4.121642,4.455328,5.290995,5.995841,4.9302278,5.390745,5.2237167,5.616577,7.360088,6.5852427,6.6954775,2.9924495,5.3779073,4.1442647,5.5217385,5.1277003,5.0230045,4.3409967,4.9057226,6.444738,5.0192246,6.524369,7.098616,2.4175348,4.3012667,6.1058555,4.921827,4.917086,5.4822054,3.9178274,4.9982314,5.351061,4.0170856,4.200916,4.2922482,4.4482293,4.1896267,4.253289,4.980647,5.8877068,5.5082316,3.1825972,5.521821,4.953226,6.5882745,5.203784,3.973884,4.2159925,3.4263492,4.896246,5.2709856,4.532356,6.093076,4.9078436,3.9762723,5.521016,4.9706936,6.426864,6.6020403,5.925883
TCGA-44-A4SU-01,8.222166,6.4285836,4.7745924,4.8701625,4.679735,4.5523605,5.0898023,6.006782,5.0835023,5.604954,6.060714,5.7258935,7.0384984,7.4180818,6.922933,3.0815368,5.5379925,4.483003,5.6855702,5.2228427,5.1946573,3.8786805,5.0386357,6.27075,5.2780514,5.8214774,7.5987697,2.2261949,3.9264133,6.0394673,5.156575,4.5546703,5.8472085,3.8801727,4.9999857,5.0617466,3.5239203,4.3018765,4.845089,4.216646,4.1153955,4.3316765,4.744809,5.5165644,4.9608665,3.0336492,5.5926366,4.483456,6.4733515,5.75803,3.6638086,3.9169757,3.2230647,4.547995,5.6818404,3.920753,6.4508615,4.993541,4.3052845,5.678182,5.145358,6.878135,6.5807023,5.790927
TCGA-69-7763-01,9.184756,5.200676,4.137073,4.7264395,4.200096,4.4495163,5.267595,6.005374,5.0019646,5.4111977,5.3693514,5.5478024,7.263878,6.5362263,6.753084,3.0576675,5.3519964,4.2056837,5.463348,5.1377544,4.940015,4.2753263,4.933932,6.428893,5.0693965,6.3845673,7.1923194,2.3821757,4.317773,6.0636587,4.962322,4.87279,5.56833,3.9125748,5.02818,5.30363,3.8545218,4.2209387,4.3346863,4.412263,4.130649,4.2675476,4.989654,5.8866854,5.4245095,3.1338902,5.528687,4.849605,6.659411,5.344546,3.9083729,4.1361203,3.3924518,4.7832394,5.3642063,4.351332,6.19103,4.9084005,4.027916,5.559673,5.011555,6.532686,6.617459,5.877111
TCGA-50-6595-01,8.808849,5.6593666,4.3480215,4.796665,4.412956,4.633423,5.2537265,5.8831043,5.0404434,5.508898,5.655152,5.7619104,7.140919,7.079635,6.788811,2.9872377,5.458497,4.243288,5.5817165,5.152345,5.118796,4.2322974,5.0329056,6.4269557,5.078564,6.2318416,7.408868,2.2615318,4.048736,6.196574,4.9393945,4.6637263,5.719915,4.030009,4.9969325,5.0533957,3.6926641,4.2406015,4.4935875,4.1957784,4.280396,4.313079,4.9314613,5.8264155,5.2191715,3.06892,5.4430075,4.741874,6.521686,5.4620066,3.911944,4.0048923,3.3559363,4.712088,5.352886,4.1066084,6.367492,4.9779663,4.145835,5.6624875,5.1601067,6.6328535,6.583184,5.819717
TCGA-50-5941-01,6.155507,7.39153,5.6404366,5.1271515,5.3189564,3.7908907,4.2554116,6.384188,5.1333528,5.821382,6.5786095,5.517009,7.0389395,7.693968,6.823123,3.6054852,5.751079,4.731798,5.9307284,5.5402913,5.6162753,3.3159006,4.799586,5.771114,5.607751,5.034569,7.4370427,2.6400645,3.8444574,5.791791,5.2923503,4.8816047,5.7313056,3.8074594,5.1591635,5.157876,3.8553255,4.4686627,5.6948786,4.4566817,4.1609306,4.4976807,4.167218,4.9857564,4.7429347,3.352209,6.2672167,4.4030523,6.394735,6.130899,3.2591202,3.857525,3.0491672,4.054076,6.2189593,4.391773,6.4870124,5.1385555,4.518782,5.695701,4.995685,7.3897796,6.417749,5.581749
TCGA-86-A4P7-01,8.756418,5.1047497,3.970746,4.717511,4.2919044,4.3390694,5.2655554,6.006573,5.003963,5.4117856,5.3824472,5.366462,7.3220696,6.705212,6.709677,3.0336578,5.286586,4.0051894,5.471181,5.1538267,4.827273,4.4534984,5.07689,6.4918685,5.023568,6.532169,7.1007037,2.327524,4.195355,6.11293,4.8153386,5.033076,5.514002,4.183621,5.2140193,5.172825,3.9704926,4.2703915,4.3772798,4.211809,4.385994,4.3209915,5.084293,6.0547194,5.30799,3.1901293,5.7508874,5.0031157,6.5647635,5.300183,4.1047897,4.1188254,3.5257263,4.8504343,5.30025,4.410967,6.26662,4.857941,3.969178,5.719219,5.0099907,6.4523997,6.6917157,5.780473
TCGA-MP-A4T9-01,9.020857,5.0405955,3.9761674,4.653117,4.217533,4.2680597,5.158574,6.0833945,5.073598,5.3888946,5.274559,5.2664757,7.4198956,6.236215,6.608318,3.1268125,5.189031,4.0193653,5.319088,5.077081,4.833332,4.32813,4.943634,6.5366282,5.0481877,6.6205435,6.9603376,2.3113122,4.443975,6.0623183,4.7616935,5.134953,5.3493147,4.062171,5.2260613,5.3358393,4.0128155,4.218465,4.2889647,4.342223,4.2687297,4.286292,5.145032,6.056491,5.388485,3.2159812,5.715607,5.104551,6.758365,5.234785,4.161396,4.1863627,3.5442772,4.9138627,5.365914,4.519768,6.1501045,4.713798,3.8656628,5.630888,4.9321294,6.5104213,6.768203,5.78721
TCGA-50-5044-01,8.538714,5.5874367,4.4008107,4.7924757,4.5128303,4.3586316,5.029853,6.0337152,5.161986,5.495412,5.533344,5.387633,7.3342104,6.6939917,6.734517,3.248215,5.340637,4.2498918,5.397,5.1010017,4.821144,4.1390305,5.0158944,6.511423,5.095258,6.2647314,7.031434,2.260169,4.322566,6.0467105,4.9198236,4.9364476,5.5147443,4.0262246,5.1813984,5.2204347,3.7958813,4.2365236,4.5508423,4.2399945,4.157496,4.2907233,5.07499,5.8714046,5.1258698,3.1006541,5.676978,4.9487348,6.8941383,5.5658727,4.0450215,4.0799184,3.472832,4.7283587,5.6098065,4.2849255,6.347668,4.7836847,4.0371084,5.669765,5.0453963,6.859168,6.852111,5.7130604
TCGA-78-8662-01,5.45599,6.942811,5.3129973,4.864997,5.2296762,3.1862416,4.263446,6.687597,5.051357,5.7884364,6.155479,5.44463,7.1132,7.2705436,6.387582,3.7022598,5.442089,4.49207,6.2115583,5.7446795,5.897753,3.6044292,4.575489,5.577389,5.4778156,5.3313417,7.1790237,3.0093575,3.7783122,5.6509147,5.2289433,5.5068426,5.404708,3.9515975,5.484223,5.447424,4.5776772,4.5818324,5.8468204,4.9950047,4.521441,4.5531187,3.8341184,5.095966,4.8247805,3.6432426,6.617981,4.6868887,5.98693,5.7773876,3.2000577,4.155872,2.8717163,4.1150856,6.3009067,5.1688585,6.133447,5.387436,4.29526,5.7000194,4.6958256,7.030876,6.29842,5.4161987
TCGA-MP-A4TA-01,6.768005,7.493942,5.504059,5.0010552,5.17859,4.094178,4.472153,6.234262,5.259426,5.7351184,6.462784,5.787373,6.9481473,7.6384544,7.0026107,3.474113,5.644664,4.8178945,5.849434,5.482401,5.6679244,3.416402,4.872222,5.8942013,5.5752907,4.9943333,7.6377535,2.6336439,3.9351275,5.860149,5.3133426,4.7444363,5.696933,3.5787575,5.12019,5.179375,3.6191068,4.5594063,5.4444313,4.5405965,4.2632003,4.4391727,4.27338,5.0418262,4.7013125,3.2823591,6.0773907,4.3753695,6.4633923,6.0384765,3.2124853,4.035799,2.8737748,4.183114,6.147536,4.1687927,6.5505652,5.117638,4.4959683,5.521801,4.983457,7.3530083,6.46189,5.659522
TCGA-38-A44F-01,8.916301,5.316035,4.1213384,4.6712666,4.3212295,4.2497687,5.095214,6.0365047,5.1245084,5.412083,5.396391,5.348245,7.3950405,6.3231497,6.613173,3.1752748,5.274987,4.124144,5.419999,5.117809,4.798639,4.2604957,4.947755,6.5460987,5.0638638,6.4651937,6.9552636,2.3600523,4.3772717,6.069471,4.90199,5.108036,5.401717,4.0520678,5.2112374,5.309224,3.9603121,4.2354302,4.52969,4.2880526,4.264359,4.328025,5.100952,5.907481,5.2400427,3.1847165,5.706135,5.0350585,6.724825,5.358549,4.134467,4.208035,3.531756,4.893686,5.516631,4.438881,6.1263404,4.7220182,3.9871767,5.6559367,4.939105,6.6437926,6.7865376,5.746082
TCGA-97-8174-01,7.904443,6.7265053,4.9829736,4.878049,4.8025775,4.5299873,4.95738,6.017501,5.126501,5.662734,6.195088,5.7806745,6.9521556,7.5973854,6.9639707,3.1573465,5.5988636,4.5627985,5.711932,5.267293,5.3207393,3.7806504,4.979438,6.1969013,5.3191967,5.6597695,7.658407,2.2845275,3.872689,6.0405235,5.181676,4.4947386,5.8681693,3.8622313,5.0041957,5.0341434,3.4974275,4.3080587,5.0139637,4.227347,4.1264277,4.3324714,4.6521506,5.4436283,4.844735,3.0301564,5.621358,4.4144673,6.4456887,5.870632,3.5350707,3.8648062,3.1478224,4.4173174,5.825279,3.9672813,6.517681,5.043235,4.3364286,5.6792817,5.162872,6.9860773,6.613077,5.755556
TCGA-55-7913-01,6.0481825,7.405355,5.676211,5.0718584,5.2745094,3.67673,4.192001,6.383835,5.1103263,5.8019886,6.6583095,5.5317626,7.004853,7.7279515,6.769206,3.5802457,5.8095274,4.7394323,5.9593444,5.599655,5.7609277,3.325681,4.7495646,5.6918955,5.7188153,4.9840603,7.408624,2.7539048,3.7875574,5.777243,5.2598104,4.9086237,5.6807733,3.7777472,5.2382927,5.140832,3.9161706,4.5185995,5.784903,4.5287294,4.2393045,4.5309434,4.091374,4.9131327,4.6712804,3.4291735,6.381564,4.399235,6.2286634,6.104914,3.2449372,3.905368,3.0003855,4.072522,6.2316947,4.44212,6.463403,5.1271663,4.522347,5.653373,4.9392114,7.3634143,6.356774,5.624267
TCGA-44-7670-01,5.429433,6.905985,5.2751555,4.8795276,5.2025113,3.1796527,4.2219076,6.7014656,5.053246,5.785806,6.153858,5.394558,7.1569552,7.22945,6.36348,3.6805017,5.467106,4.476251,6.1521883,5.7455745,5.874985,3.6392891,4.614492,5.598449,5.4579954,5.381313,7.094179,3.0327291,3.7943385,5.679517,5.177987,5.540311,5.384515,3.9970548,5.4624624,5.451582,4.6042123,4.558121,5.834056,4.944566,4.5505676,4.55113,3.878903,5.101227,4.851495,3.6179364,6.648255,4.7242856,5.9738955,5.7509327,3.265903,4.1613703,2.921994,4.137435,6.241015,5.2296844,6.0983734,5.337878,4.2706437,5.7137523,4.6708,7.0248594,6.323019,5.401808
TCGA-17-Z060-01,7.0499496,7.3919153,5.4538865,4.9696426,5.075353,4.3365593,4.648734,6.176537,5.167805,5.7599525,6.4484687,5.799442,6.86485,7.8386827,7.060747,3.4318318,5.6676807,4.7345,5.8100514,5.405558,5.5154877,3.4913163,4.9294643,5.971135,5.4718375,5.2254763,7.76761,2.372042,3.8456612,5.950748,5.2927423,4.5039515,5.9089713,3.7253659,4.9854608,5.087325,3.5354247,4.3887753,5.4070077,4.305968,4.0826488,4.350102,4.3603697,5.203035,4.70569,3.1235564,5.795358,4.266901,6.504081,6.091531,3.2405715,3.782926,3.0128593,4.0769916,6.118093,4.0064807,6.6176553,5.1649866,4.4592886,5.6619115,5.1376767,7.2371492,6.5725536,5.6866484
TCGA-49-AAR3-01,8.26573,6.3009043,4.730909,4.857064,4.6309037,4.5675607,5.049212,5.958182,5.0844107,5.5794897,5.961967,5.7603097,7.080649,7.313075,6.905495,3.0948076,5.545524,4.435466,5.655146,5.2036734,5.192972,3.95229,5.0137897,6.3113894,5.229045,5.8928246,7.5187716,2.262318,3.9989955,6.099648,5.095688,4.5883613,5.780519,3.9106898,4.9863873,5.079976,3.5805085,4.281629,4.801382,4.2089705,4.15877,4.328562,4.7888246,5.5839396,5.0277524,3.0783107,5.5544605,4.5863986,6.540171,5.7032866,3.7227075,3.9623883,3.265119,4.5564227,5.6489477,4.0334973,6.4333396,4.9753447,4.267754,5.665128,5.15323,6.871325,6.6047626,5.794708
TCGA-55-7903-01,8.051634,6.529521,4.89336,4.862788,4.7467384,4.5537577,4.9907207,5.950984,5.100692,5.6360993,6.114481,5.7332706,7.010037,7.5134974,6.93599,3.1523962,5.591028,4.51785,5.682259,5.2128286,5.255064,3.8433762,4.937383,6.2493186,5.2987714,5.7843027,7.5884266,2.3209133,3.9314036,6.025332,5.180509,4.541449,5.813764,3.8956788,5.0527444,5.066511,3.506787,4.292025,4.959776,4.219914,4.1222377,4.3506413,4.704526,5.503899,4.893733,3.06315,5.6214747,4.5163956,6.4964414,5.8264737,3.6143095,3.924341,3.2176402,4.435464,5.822315,3.993363,6.4749074,4.9913573,4.3165064,5.6768446,5.177099,6.9631753,6.6286592,5.771226
TCGA-86-8074-01,9.278992,5.142634,4.0613565,4.7116404,4.138641,4.528308,5.355139,5.9494843,4.9565015,5.4045234,5.3045673,5.619326,7.336449,6.6626678,6.7277565,2.9419703,5.3669376,4.1383705,5.525116,5.113561,4.8942156,4.3887234,5.005349,6.4811635,4.9958477,6.483295,7.164763,2.344918,4.250589,6.1198816,4.946342,4.862955,5.562495,3.9773762,5.0010233,5.2815623,3.927189,4.2113075,4.325617,4.3509183,4.2071066,4.271815,5.037006,5.9080386,5.4755225,3.1129723,5.50065,4.909483,6.602687,5.2714567,4.02161,4.1729035,3.460716,4.8979254,5.2661133,4.345262,6.156064,4.915234,4.022582,5.592793,5.03452,6.464389,6.608349,5.8947926
TCGA-86-A4P8-01,8.62485,5.1598783,3.98876,4.7369394,4.346042,4.306984,5.2378745,6.0041933,5.02993,5.418323,5.4208727,5.330581,7.3326306,6.7176642,6.7169495,3.0525303,5.2899375,3.9950843,5.4746256,5.1559024,4.7858377,4.4555545,5.110985,6.517979,5.026883,6.5237885,7.0798287,2.316322,4.1720066,6.1218276,4.805231,5.0578604,5.5062947,4.2346225,5.2549443,5.1354513,3.9609544,4.2885537,4.4249716,4.1552167,4.420373,4.3384013,5.106898,6.066621,5.248089,3.2002966,5.7977915,5.022761,6.5762935,5.3291607,4.1422195,4.1199822,3.556808,4.8463717,5.338244,4.394709,6.300393,4.8362093,3.9808722,5.751671,5.016542,6.4850616,6.7246203,5.7523346
TCGA-50-5942-01,9.300586,5.0657897,4.1001616,4.6773486,4.154668,4.4982123,5.3554015,5.943412,5.017552,5.445622,5.303986,5.5277495,7.328924,6.674074,6.634208,3.0550313,5.2957325,4.1289287,5.4268794,5.058952,4.909117,4.341861,4.886863,6.4651794,5.023819,6.5203257,7.1444416,2.3756518,4.3570414,6.053583,4.945291,4.889669,5.5281363,3.9465194,5.1096997,5.3284154,3.9078717,4.2180247,4.3024178,4.4200416,4.202704,4.2997446,5.0189605,5.949138,5.4052796,3.1207466,5.5316043,4.9533997,6.638117,5.2458725,4.01406,4.162633,3.4489007,4.8574166,5.313148,4.3967514,6.121658,4.871713,3.9931161,5.5643244,5.0480304,6.482239,6.6273675,5.8857903
TCGA-75-6205-01,9.271514,5.1460686,4.029579,4.7274404,4.1369786,4.486562,5.3540006,5.994995,4.935311,5.3825746,5.304502,5.5751157,7.342959,6.525179,6.810547,2.9330935,5.3877015,4.155827,5.54967,5.1408696,4.801716,4.3824887,5.078776,6.493859,5.01514,6.4846506,7.1602564,2.3226428,4.2376757,6.126604,4.973519,4.898046,5.567239,3.9754398,4.976862,5.290159,3.9281788,4.2193975,4.360702,4.30506,4.150059,4.2514668,5.0569263,5.891307,5.4855614,3.120882,5.539991,4.8707285,6.6210318,5.3114567,4.0061445,4.182916,3.4919538,4.8834333,5.3216343,4.334821,6.1684294,4.915389,4.0456786,5.6072865,5.0157275,6.4568033,6.633131,5.8994055
TCGA-MP-A4TJ-01,8.829263,5.2312884,4.032504,4.7585654,4.2909536,4.4584613,5.3128567,5.9526033,5.011628,5.455474,5.428107,5.4991426,7.2806554,6.879507,6.753021,3.012401,5.3375897,4.0483036,5.50486,5.1283736,4.8817663,4.435418,5.0862823,6.4824276,5.022287,6.47355,7.204774,2.2952824,4.14286,6.15382,4.850207,4.90023,5.574818,4.160003,5.157314,5.1358824,3.8897815,4.260773,4.3934383,4.1967044,4.375401,4.3135433,5.050835,6.0143967,5.303138,3.14403,5.6451626,4.9257603,6.553449,5.3109117,4.0664883,4.089513,3.505231,4.809368,5.288662,4.277437,6.289735,4.9102583,4.0270925,5.696188,5.0800786,6.4590764,6.657278,5.8047423
TCGA-69-7978-01,5.469701,6.954889,5.5396805,4.968264,5.162308,3.2886143,4.0814285,6.4709334,5.063017,5.7510977,6.382734,5.421444,7.165537,7.43263,6.493658,3.6432884,5.70408,4.5626965,5.978284,5.7172365,5.9224367,3.5541437,4.630286,5.6393714,5.6753397,5.1380167,7.0722017,3.1508431,3.8507273,5.721253,5.1545343,5.3738756,5.3127017,3.8816876,5.504624,5.314163,4.404853,4.6258726,5.854379,4.77568,4.525247,4.6152062,4.0402455,5.0031166,4.805815,3.6672158,6.7296734,4.6939964,6.0634193,5.890202,3.395428,4.150618,3.031992,4.1158533,6.2533197,5.0585866,6.246415,5.1349564,4.4018397,5.6462126,4.761183,7.2448487,6.283064,5.546004
TCGA-55-7570-01,6.7278223,6.971476,5.3266196,5.004883,5.0435815,3.9996853,4.480048,6.2515836,5.106813,5.7488723,6.3671227,5.616097,7.0721884,7.5832405,6.76756,3.4575834,5.680361,4.6151443,5.8308544,5.4523125,5.5440817,3.577886,4.868764,5.9246507,5.510619,5.3285007,7.453245,2.5738866,3.9211748,5.9058623,5.2156963,4.8144803,5.7009454,3.848991,5.1452236,5.1777015,3.8473768,4.4410563,5.4614973,4.418816,4.216156,4.4733562,4.332989,5.1632733,4.8135624,3.308645,6.0927687,4.4947066,6.346902,5.9360003,3.4519527,3.9425843,3.1202543,4.195745,6.0258684,4.3504653,6.3965716,5.0810294,4.441842,5.678612,5.025602,7.1876063,6.446991,5.647393
TCGA-MP-A4TD-01,9.284039,5.3709354,4.1233845,4.794873,4.1551027,4.4642067,5.208346,6.024839,5.101881,5.5245485,5.2732244,5.6183057,7.422951,6.4526424,6.7007,3.1158159,5.360896,4.106115,5.444918,5.0323005,4.9660306,4.2796564,4.97559,6.466411,5.055127,6.413141,7.0816827,2.2594497,4.3422894,6.1500673,4.8659315,4.8926325,5.3909464,3.973606,5.0741973,5.3360023,3.9611652,4.1664867,4.400179,4.372744,4.1916676,4.231825,5.0492897,5.8593216,5.4734583,3.1088731,5.4966516,4.9104023,6.783162,5.236213,4.117572,4.1552777,3.5354357,4.8907537,5.3404922,4.2430625,6.1006637,4.8338027,4.0037704,5.5408525,5.0397277,6.5498276,6.699375,5.8517437
TCGA-95-A4VK-01,6.995853,7.3464804,5.4608583,5.053144,5.0843844,4.3133693,4.5413156,6.112687,5.226212,5.7217827,6.388814,5.778855,7.029267,7.648209,7.025601,3.4352896,5.652194,4.7742267,5.742722,5.3342566,5.400091,3.514851,4.936339,6.1004148,5.430102,5.250261,7.5879297,2.4534938,3.9891853,5.9662747,5.3110695,4.574785,5.7741423,3.7325242,5.031992,5.161683,3.5102465,4.4272604,5.3565903,4.3076167,4.1295614,4.399815,4.4952044,5.1870947,4.779441,3.1900444,5.8743205,4.4385486,6.682949,6.051505,3.4182563,3.9765573,3.109055,4.1526165,6.1008635,4.0256405,6.534773,5.0535874,4.495435,5.6170573,5.1162205,7.3513865,6.587032,5.629056
TCGA-44-2657-01,6.430463,7.4885798,5.5546956,5.115549,5.2595334,3.8244302,4.3281326,6.351178,5.2167745,5.7463956,6.488311,5.6179566,7.069529,7.5213585,6.9105926,3.5618773,5.672427,4.745562,5.8920674,5.5197716,5.5743575,3.3507257,4.893613,5.8628197,5.5912,4.938044,7.4533052,2.6251478,3.9330173,5.8273354,5.2724037,4.880448,5.66064,3.680895,5.1277337,5.1757293,3.7802699,4.5431447,5.5216155,4.506596,4.2167416,4.4723587,4.254938,5.003249,4.783855,3.3708835,6.2341156,4.4351916,6.4920616,6.0406833,3.2873209,3.9888852,2.9828606,4.210539,6.1103163,4.2839565,6.5099483,5.104295,4.5092854,5.5916057,4.9411216,7.3839316,6.4224367,5.6151485
TCGA-49-6744-01,7.0172634,7.2522054,5.472266,4.9998665,5.1383147,4.290322,4.6267395,6.178661,5.1690807,5.8009915,6.4504843,5.6466484,6.902991,7.819328,7.012144,3.5198941,5.655903,4.6915646,5.783346,5.3830256,5.4662123,3.43494,4.8694043,5.949948,5.509072,5.2241607,7.715177,2.4245026,3.8848553,5.8722095,5.3115745,4.646657,5.8615017,3.7374403,5.071007,5.104369,3.5934489,4.398678,5.427299,4.2948837,4.0576243,4.4023213,4.3459167,5.2242227,4.7186117,3.1455693,5.8759995,4.3228416,6.541325,6.108165,3.2403212,3.7529576,3.0655344,4.024653,6.1782722,4.058669,6.612045,5.133181,4.4743123,5.6893044,5.174299,7.267148,6.56245,5.6928844
TCGA-78-7158-01,6.8761897,7.095394,5.4634557,5.009562,5.123497,4.198977,4.5544343,6.137572,5.1604953,5.8053136,6.4676976,5.5747604,6.9611807,7.783416,6.920592,3.522259,5.713371,4.661513,5.755898,5.3814206,5.5089765,3.470972,4.819872,5.9411063,5.568385,5.2532096,7.5971627,2.5446484,3.901892,5.8588,5.2756476,4.7338552,5.756506,3.7864103,5.1766095,5.102905,3.6635091,4.425064,5.4623003,4.307544,4.120833,4.4631505,4.360683,5.2142973,4.7180877,3.2135606,6.0042825,4.411536,6.4717145,6.080841,3.320491,3.816164,3.11893,4.052704,6.174291,4.159759,6.5608716,5.0555387,4.4801455,5.6802616,5.163245,7.2711897,6.5388274,5.7095175
TCGA-05-4432-01,5.876627,7.1407895,5.451843,4.9066086,5.191572,3.433455,4.2631955,6.4719005,5.095986,5.7532225,6.39401,5.5466323,7.031583,7.440127,6.5992165,3.5672674,5.6317954,4.627272,6.106833,5.6732116,5.902043,3.5083647,4.6363645,5.6524277,5.6440578,5.180212,7.2679105,2.9396415,3.7480755,5.7273498,5.2167706,5.206184,5.4838967,3.8065944,5.4219065,5.2640576,4.2282667,4.5941296,5.7643685,4.808666,4.4535813,4.5450234,3.9853005,5.0091596,4.7148066,3.5709236,6.5013,4.5689445,6.072385,5.900762,3.241657,4.1087074,2.9026895,4.1884933,6.243599,4.788074,6.3241477,5.227666,4.388348,5.5978494,4.7907076,7.174456,6.3095937,5.572867
TCGA-49-4505-01,7.5438523,7.1258,5.2169914,4.8848314,4.957196,4.4710636,4.857446,6.0563517,5.128876,5.681005,6.330348,5.8788247,6.8319435,7.777134,7.063132,3.269064,5.663784,4.655073,5.8520174,5.361656,5.501911,3.6884139,4.9356785,6.081669,5.4079313,5.4507604,7.8027425,2.3184142,3.7389195,6.0023055,5.2539744,4.401076,5.927378,3.811989,5.0214977,4.9983053,3.4516852,4.3487487,5.2041163,4.323516,4.1261573,4.3128896,4.447539,5.34007,4.708141,3.0926702,5.6526866,4.295648,6.4367905,6.0144033,3.33587,3.8342214,2.9994338,4.260498,6.0193152,3.9652395,6.6357584,5.17756,4.3838983,5.64648,5.128331,7.0867033,6.613048,5.7343087
TCGA-73-4670-01,6.374675,7.364897,5.5774527,5.1030054,5.2767344,3.7558868,4.3017216,6.382538,5.112322,5.7512302,6.5222626,5.555297,7.056994,7.6042438,6.84636,3.595598,5.722887,4.666707,5.968944,5.5711412,5.6242757,3.3771029,4.8333807,5.795364,5.623641,4.9925847,7.433543,2.6659322,3.8478937,5.7878423,5.25346,4.9229856,5.6739097,3.7983902,5.174216,5.148528,3.8881452,4.511221,5.6266856,4.5253406,4.2047625,4.4920154,4.150187,5.0125465,4.773681,3.4383397,6.296712,4.4426384,6.3861885,6.058573,3.2677417,3.9287562,3.013253,4.138101,6.1681113,4.394645,6.4959607,5.17558,4.4974446,5.659537,4.9255185,7.3111277,6.401455,5.6109524
TCGA-05-4410-01,5.4800825,6.794124,5.3444743,4.8271365,5.084675,3.2175374,4.1830363,6.5417504,5.056094,5.752415,6.2580805,5.434337,7.111431,7.2998266,6.3905716,3.5883052,5.590221,4.5290804,6.066817,5.7289,5.9846663,3.6435292,4.5471845,5.5908184,5.6123333,5.3607936,7.052358,3.1461682,3.7919989,5.708376,5.1419272,5.4601974,5.3100753,3.9034567,5.551641,5.376406,4.5270414,4.602846,5.849063,4.90482,4.600971,4.587984,3.9601774,5.0541697,4.784137,3.6513462,6.7032766,4.717286,5.9048195,5.7710886,3.3315752,4.193584,2.9599268,4.1794353,6.236906,5.147816,6.1474557,5.2001715,4.3034625,5.6279006,4.7068925,7.0752983,6.2775126,5.524218
TCGA-55-6978-01,8.856071,5.2607927,4.064951,4.6696916,4.3445864,4.259146,5.2134542,5.945621,5.155335,5.420979,5.3255577,5.4196696,7.412819,6.432783,6.5749674,3.2049437,5.3163123,4.1227937,5.5053596,5.0989985,4.7588825,4.2965817,4.935194,6.627586,5.03066,6.484659,6.9321046,2.433093,4.3016686,6.0790954,4.993457,5.1547475,5.421415,4.051624,5.264573,5.265224,3.995246,4.2883325,4.526904,4.2912064,4.3116627,4.3648634,5.0616617,5.9037995,5.1659846,3.179763,5.668101,5.045793,6.7074876,5.3017683,4.1402016,4.2794847,3.5302591,4.95651,5.520674,4.4651284,6.0995493,4.786192,4.0498934,5.6026034,4.9686804,6.6204815,6.7796683,5.8023567
TCGA-17-Z061-01,7.9530306,6.7075524,4.97455,4.8838863,4.7976704,4.5131993,5.0058975,5.9826794,5.1302233,5.666564,6.203645,5.7469225,6.941075,7.5854526,6.9377337,3.1593058,5.6059685,4.5393224,5.7224994,5.237606,5.338614,3.781045,4.9220376,6.198109,5.3631067,5.678921,7.6605406,2.308441,3.851397,6.011712,5.1743827,4.485041,5.8639297,3.8788645,5.078288,5.0006413,3.4947689,4.3174577,4.979177,4.261628,4.1233706,4.3491564,4.6462116,5.4738703,4.8227997,3.0573962,5.637364,4.421002,6.414049,5.8489304,3.5204997,3.8643005,3.1614172,4.443694,5.84311,3.9691603,6.5216208,5.0422263,4.332471,5.650134,5.1810784,6.943828,6.6062675,5.7938986
TCGA-44-7661-01,6.9602504,7.14152,5.4647818,5.107161,5.211415,4.222579,4.4967403,6.1244783,5.171974,5.765278,6.447056,5.546899,7.070308,7.6481404,6.9145045,3.5386188,5.6945367,4.7056227,5.774272,5.324433,5.3609543,3.4290886,4.852411,6.0318522,5.530269,5.2676,7.5380707,2.4737945,3.9778955,5.836119,5.316323,4.745196,5.791041,3.8027384,5.151863,5.125903,3.570481,4.4191356,5.3996396,4.3191237,4.0780406,4.482145,4.407353,5.166578,4.7366014,3.2396393,5.9911575,4.488762,6.6645255,6.0984473,3.406616,3.8959167,3.1580315,4.1176915,6.182786,4.0920577,6.5378184,5.0267262,4.5191474,5.66134,5.140994,7.3837857,6.549743,5.6461377
TCGA-55-7726-01,8.58632,5.8421574,4.4723024,4.79729,4.4663424,4.575678,5.1791205,5.9312654,5.032003,5.518262,5.7478943,5.7111874,7.1503386,7.142196,6.814383,3.036896,5.46475,4.3088374,5.60182,5.168556,5.0999413,4.137488,5.021782,6.3910646,5.13834,6.142013,7.422486,2.2802,4.059625,6.124145,5.014632,4.693477,5.7307744,3.9761262,5.006458,5.11175,3.6955209,4.2651305,4.6272955,4.2226663,4.214922,4.3279953,4.871526,5.7392983,5.1586585,3.08751,5.524278,4.716224,6.5296984,5.537234,3.8420708,4.0104556,3.3442519,4.645203,5.502416,4.136045,6.358165,4.9722066,4.1870623,5.664277,5.143087,6.7035317,6.5930004,5.8202443
TCGA-62-A46P-01,7.258718,7.0308466,5.350606,4.9746413,5.0309205,4.401653,4.6788616,6.0469656,5.1590242,5.732976,6.3161488,5.677641,6.984285,7.694007,7.0045905,3.4193869,5.6454015,4.66687,5.744163,5.2929573,5.3666644,3.5891335,4.8412786,6.1054206,5.4129267,5.452257,7.602777,2.458785,3.9174092,5.9195113,5.3072,4.6201057,5.7855234,3.814972,5.1139793,5.1288757,3.5495882,4.36517,5.3094015,4.2755885,4.0956173,4.4005704,4.501415,5.3226094,4.78776,3.1565373,5.821453,4.4704843,6.6467395,6.0447145,3.4108078,3.8931766,3.163276,4.1150966,6.139548,4.053577,6.5525784,5.0702014,4.437795,5.674743,5.1812253,7.2400494,6.6269917,5.677038
TCGA-71-6725-01,9.146467,5.166662,4.076958,4.668096,4.162739,4.429618,5.2933655,5.955836,5.0333595,5.376417,5.3226247,5.494789,7.3797154,6.3955574,6.6441793,3.028938,5.312712,4.1335697,5.4444785,5.077456,4.863794,4.3043623,4.930471,6.550491,5.030917,6.5532084,7.081264,2.3485706,4.3567057,6.1095605,4.9276757,4.965027,5.484542,3.972126,5.087169,5.310429,3.9103448,4.218186,4.3408494,4.345511,4.19664,4.303773,5.0858173,5.9233627,5.394986,3.166377,5.542003,4.9777846,6.6567507,5.2500677,4.096496,4.2216625,3.5038683,4.9415665,5.3650084,4.40458,6.102296,4.7927823,4.0013933,5.5808935,4.994273,6.5147967,6.6643634,5.882351
TCGA-55-8096-01,8.097649,6.4798,4.8513966,4.8628044,4.7140584,4.5782285,5.0060587,5.945235,5.117611,5.6321607,6.0691504,5.7717366,7.013273,7.4718885,6.9164343,3.1448421,5.57443,4.4979796,5.658103,5.2047195,5.236557,3.8886712,4.974237,6.2809753,5.2668557,5.8188753,7.5873537,2.273351,3.9448106,6.081618,5.147846,4.511659,5.8264813,3.913274,5.0310426,5.050958,3.5141096,4.281388,4.9139466,4.196883,4.144589,4.33745,4.7468467,5.5391197,4.906895,3.0425103,5.571721,4.517024,6.519086,5.795234,3.6624403,3.9128861,3.2318227,4.4661217,5.7625165,3.9775503,6.4712996,4.994397,4.3048654,5.677977,5.1882167,6.9420414,6.6389375,5.7600937
TCGA-86-A4JF-01,5.55237,6.6498218,5.2424855,4.814679,4.99333,3.2120242,4.214871,6.5624013,4.9954314,5.679003,6.1596265,5.391065,7.16415,7.2072535,6.3566294,3.5845551,5.5585012,4.4347005,6.001396,5.7352467,5.92082,3.7617452,4.6074204,5.639765,5.5125384,5.441064,6.988402,3.124637,3.8362117,5.7353115,5.071355,5.4773245,5.331538,4.0229716,5.524361,5.3947735,4.5744085,4.5590367,5.7646885,4.910904,4.6238656,4.5501795,4.012837,5.135683,4.8589416,3.6561325,6.67455,4.770864,5.917773,5.696805,3.4229605,4.183223,3.0054624,4.2056723,6.150716,5.2813334,6.09154,5.2179804,4.2298126,5.6723876,4.650402,6.994668,6.3176827,5.4860735
TCGA-55-6543-01,9.193968,4.9581466,3.9090767,4.631578,4.2550693,4.313816,5.1777487,6.0609345,5.042825,5.3845253,5.241288,5.368997,7.371136,6.226968,6.690361,3.1108167,5.294882,4.111404,5.396799,5.111797,4.8605103,4.2972865,4.940117,6.5594845,5.03673,6.60968,6.9719787,2.3470478,4.3780894,6.0901027,4.867634,5.066032,5.3879976,4.008086,5.1608243,5.326561,3.9759629,4.206638,4.3058577,4.3300443,4.1752543,4.2508364,5.1171455,5.990022,5.3431416,3.195193,5.644653,5.033569,6.7422748,5.288438,4.0883117,4.209952,3.4909656,4.911528,5.4075656,4.5335913,6.151221,4.7560744,3.9023645,5.591898,4.918326,6.521179,6.8064857,5.812873
TCGA-55-7227-01,7.922811,6.69213,4.9956794,4.951755,4.8160825,4.4444656,4.9770203,6.0014105,5.154238,5.688477,6.2124014,5.6902924,6.991522,7.518768,6.8723035,3.18763,5.609428,4.5145164,5.7084002,5.2339425,5.295438,3.7495708,4.935143,6.204343,5.383777,5.6530895,7.5898623,2.3053277,3.893108,6.0198984,5.144598,4.5349636,5.8466644,3.903512,5.088109,4.98262,3.5537035,4.335145,4.9700656,4.2303424,4.129885,4.386865,4.681683,5.4690194,4.863054,3.0762684,5.6849985,4.4372597,6.4351687,5.830629,3.5637178,3.8420253,3.223022,4.4769363,5.7954373,3.9531305,6.4962564,5.011116,4.3642926,5.661776,5.202391,6.9440064,6.566252,5.792147
TCGA-MP-A4T2-01,9.21457,5.139464,4.1240435,4.7656264,4.260365,4.5364647,5.248445,5.958478,5.024385,5.471671,5.356318,5.643259,7.3124747,6.698806,6.7037416,3.0762548,5.3714166,4.1602035,5.45772,5.0677276,5.0319076,4.2904186,4.963579,6.485133,5.066007,6.403553,7.180337,2.2931213,4.2770333,6.118286,4.8674984,4.869468,5.5410423,3.9539096,5.0487328,5.2259645,3.859446,4.2123013,4.2949114,4.363741,4.1688857,4.268425,4.9853797,5.9048705,5.3640156,3.1233802,5.4650145,4.9220376,6.7187524,5.286105,4.0049415,4.0999265,3.42137,4.818148,5.3064384,4.3514547,6.24247,4.903022,4.0264673,5.5489154,5.0835834,6.5610795,6.6499276,5.8789425
TCGA-05-4398-01,5.573776,7.1414185,5.4979897,4.9724383,5.272284,3.3606272,4.2025585,6.567534,5.0855055,5.806748,6.323844,5.49977,7.105781,7.454177,6.530388,3.7165732,5.556888,4.600154,6.108597,5.682339,5.83114,3.4738057,4.6458836,5.622545,5.5751624,5.1373434,7.2854896,2.9299035,3.8551207,5.691407,5.2768164,5.3054557,5.4817576,3.8486245,5.3841934,5.3803406,4.3417864,4.588053,5.853258,4.834562,4.399259,4.567909,3.9206705,5.007569,4.7889743,3.6000173,6.5554557,4.596645,6.142525,5.907037,3.212676,4.088018,2.9251409,4.0471287,6.3095965,4.898847,6.243172,5.294112,4.424244,5.678583,4.8096194,7.201053,6.2990937,5.480164
TCGA-78-8655-01,8.905271,5.663891,4.3401184,4.7500577,4.421024,4.577811,5.1866198,5.9396706,5.0739293,5.5355034,5.6116896,5.7233977,7.1374817,6.9215627,6.76615,3.0546787,5.4537387,4.271561,5.5447564,5.155997,5.1560545,4.159964,4.953361,6.3906345,5.090605,6.2277393,7.341804,2.2738142,4.1078157,6.166566,4.9683256,4.670306,5.6547127,3.9807298,5.0206666,5.128588,3.7102067,4.1923895,4.5310736,4.253034,4.2139215,4.273416,4.928039,5.779681,5.195332,3.0496347,5.450913,4.7203445,6.5606623,5.4936123,3.9036517,4.0010366,3.3285942,4.724402,5.41144,4.143143,6.3033657,4.9318805,4.098266,5.6416297,5.0986977,6.6817956,6.654426,5.7844687
TCGA-17-Z051-01,7.599255,7.0282226,5.186107,4.912554,4.931603,4.5013957,4.8313274,6.039946,5.164678,5.696635,6.2553997,5.8297644,6.910797,7.6889253,7.0448613,3.279885,5.6241674,4.6440854,5.754271,5.2939086,5.382029,3.6788323,4.931178,6.1500006,5.3371224,5.5207734,7.6976333,2.314659,3.868081,6.025874,5.2320232,4.4620404,5.870222,3.8192863,4.9922376,5.0508466,3.4685247,4.319807,5.1606374,4.259828,4.106184,4.320503,4.559696,5.3866386,4.7941594,3.0653691,5.638933,4.3795085,6.561311,5.9780984,3.4135559,3.8468688,3.0959172,4.266102,5.980978,3.9586928,6.5906067,5.1009274,4.373696,5.66098,5.1751294,7.1130266,6.6499968,5.7124586
TCGA-44-8120-01,5.5468845,7.1129665,5.5552683,4.9607534,5.230968,3.3136609,4.0979304,6.503896,5.0843263,5.790341,6.459206,5.481093,7.0885997,7.484771,6.53891,3.614728,5.713115,4.64219,6.073414,5.7220154,5.958946,3.4654958,4.612812,5.592785,5.707151,5.104982,7.1602383,3.0587215,3.7751079,5.718852,5.200542,5.2870493,5.399726,3.8167534,5.455414,5.2828174,4.314192,4.619256,5.887617,4.7932467,4.4797473,4.597157,3.9707797,4.9299674,4.7341075,3.6218066,6.6592355,4.5957093,6.04075,5.939697,3.2884393,4.1207614,2.943901,4.1296782,6.2721896,4.923583,6.293663,5.174903,4.4268565,5.615288,4.7762523,7.264076,6.2622027,5.5584507
TCGA-17-Z021-01,7.9239845,6.6890945,4.9451294,4.8940597,4.763511,4.499223,4.9792256,6.0288806,5.111918,5.6294565,6.118914,5.778795,6.9951544,7.513638,6.9632845,3.2094321,5.5881963,4.526748,5.726437,5.271839,5.2992883,3.8385754,5.0179734,6.2315354,5.3351126,5.6772203,7.6393633,2.2760427,3.9022202,6.0622106,5.1791134,4.5200996,5.84632,3.8565748,5.0232587,5.051365,3.5615687,4.342411,4.9744897,4.2496276,4.136449,4.3346214,4.65232,5.477192,4.892249,3.0932968,5.613193,4.446178,6.521478,5.821781,3.5734274,3.9017298,3.1860795,4.4196296,5.8068447,3.992421,6.510637,5.0720325,4.3501267,5.653604,5.1514378,6.9514875,6.5938015,5.7750797
TCGA-49-4507-01,7.519356,7.1740284,5.2621126,4.9099684,4.9506025,4.5190773,4.8701916,6.060381,5.1722097,5.73104,6.334503,5.8296514,6.8389006,7.7949896,7.1482058,3.25537,5.668439,4.666348,5.778181,5.3379507,5.4499445,3.621697,4.9467845,6.0851293,5.387777,5.4171658,7.765263,2.3265378,3.779478,6.0030036,5.260848,4.4063597,5.866993,3.764333,4.9803176,5.008981,3.4460526,4.3382735,5.1991377,4.229263,4.0847597,4.2984657,4.539149,5.36206,4.791446,3.021955,5.65684,4.2774434,6.5025363,6.060172,3.3162334,3.7904801,3.0498297,4.2306056,5.9949427,3.8956373,6.679085,5.113839,4.3870144,5.671818,5.1852627,7.1286755,6.641371,5.758723
TCGA-62-8399-01,5.573473,7.385403,5.6875715,5.0934663,5.388217,3.31276,4.047791,6.5383315,5.0983553,5.7945256,6.5712314,5.4697804,7.106521,7.534199,6.6472316,3.6478882,5.769169,4.681464,6.119649,5.737295,5.8944077,3.34403,4.6883297,5.6097336,5.718024,4.9088836,7.191803,2.9813092,3.735541,5.700016,5.23573,5.217203,5.4717746,3.8115687,5.376538,5.2124863,4.201899,4.617993,5.8753614,4.734682,4.3909874,4.585256,3.9653594,4.8680215,4.744851,3.6115377,6.6405177,4.5316033,6.1601825,6.0503235,3.2633247,4.063519,2.9309232,4.1328397,6.281376,4.825262,6.3963337,5.2084966,4.486842,5.6384044,4.7735977,7.3756404,6.2736254,5.5378065
TCGA-99-8033-01,7.6695437,7.045599,5.1702504,4.941457,4.948987,4.5219383,4.8069105,6.04864,5.168589,5.6913557,6.2600427,5.8253665,6.937156,7.685679,7.083575,3.249584,5.6644454,4.6699953,5.7487373,5.303023,5.3613267,3.659804,4.953148,6.14587,5.3360095,5.4862795,7.671366,2.3344917,3.8998516,6.021652,5.2272363,4.4557014,5.855752,3.7952313,4.9355655,5.053403,3.4372866,4.3200235,5.137977,4.2524486,4.091894,4.321893,4.587409,5.3516684,4.8395286,3.0555787,5.6553974,4.3727503,6.5785103,5.9965367,3.3982859,3.8628802,3.0832183,4.302684,5.948441,3.9380732,6.6033897,5.0686707,4.38217,5.653562,5.1611824,7.1404176,6.6443486,5.728236
TCGA-55-8089-01,5.452015,6.814933,5.403632,4.876953,5.0972033,3.2315438,4.1437345,6.519791,5.0463696,5.7421694,6.2800455,5.4166784,7.147116,7.336082,6.4128156,3.6181085,5.6253214,4.519084,6.018577,5.728255,5.9554834,3.6358573,4.583509,5.61496,5.618552,5.2914653,7.040974,3.1608853,3.8284514,5.714592,5.133972,5.4480124,5.3009477,3.9198651,5.540129,5.364579,4.507963,4.6083713,5.8450446,4.8622646,4.5830774,4.5975485,3.9967587,5.0532413,4.8095317,3.666445,6.721414,4.728021,5.963622,5.8005075,3.3754604,4.1809077,2.998681,4.1488924,6.2368383,5.162182,6.1682196,5.1784186,4.327719,5.6458073,4.7179394,7.1262946,6.2848244,5.5226274
TCGA-50-5936-01,8.660149,5.738979,4.3951926,4.7864933,4.406223,4.6016173,5.2368264,5.916473,4.997969,5.4767184,5.6802635,5.7614393,7.167052,7.1336617,6.8252487,2.9833343,5.4688306,4.293946,5.6304603,5.185506,5.1025176,4.1997266,5.0545173,6.418058,5.098453,6.178508,7.4108934,2.3065467,4.046828,6.156801,4.9966664,4.725099,5.7309933,3.9674685,4.9456005,5.1120615,3.7482064,4.281283,4.547056,4.230983,4.2460527,4.326966,4.8799515,5.769649,5.243554,3.1004238,5.4772005,4.7481747,6.5071754,5.4765773,3.8409061,4.0508947,3.3394744,4.671438,5.4258246,4.1968937,6.351414,5.010805,4.1845145,5.646523,5.139802,6.6398916,6.5447063,5.859388
TCGA-86-7701-01,6.2203946,7.265318,5.534201,4.9503307,5.1935935,3.750712,4.3315525,6.325599,5.151983,5.7733855,6.481596,5.643411,6.978814,7.645332,6.7615137,3.5438595,5.6870146,4.720843,5.97411,5.594842,5.853462,3.4410007,4.7114406,5.7227383,5.6823797,5.0495405,7.4687123,2.8520243,3.8258948,5.768443,5.2724442,4.9912434,5.5795445,3.6749296,5.3256392,5.2134776,3.9502573,4.6003313,5.6684065,4.6725435,4.3630133,4.535207,4.0955553,4.9966607,4.6744733,3.4506412,6.339363,4.4637303,6.214045,6.003,3.2274792,4.0466137,2.8950355,4.1233234,6.247583,4.5248218,6.442005,5.1537113,4.4739766,5.5677967,4.918565,7.297091,6.3431425,5.644244
TCGA-55-8203-01,6.1342945,7.3191223,5.557156,5.007465,5.2384753,3.6666102,4.2716208,6.3806787,5.1429744,5.7646065,6.486992,5.6047335,7.0290885,7.577406,6.7563686,3.5757816,5.688431,4.7063794,5.999595,5.608246,5.796231,3.4157135,4.741009,5.7293367,5.6623273,5.0207095,7.405805,2.8223038,3.8342013,5.7673407,5.2623377,5.0197406,5.5742874,3.7244706,5.2941866,5.2157316,3.982779,4.5859733,5.6893196,4.664823,4.3399997,4.5307436,4.0879245,4.9763203,4.7146263,3.4844637,6.382859,4.4846,6.2556267,6.0045404,3.2450366,4.04618,2.9273114,4.1432905,6.224447,4.5366497,6.4298463,5.1675673,4.478045,5.5906835,4.8843803,7.3088713,6.3459415,5.6072655
TCGA-91-6830-01,6.934078,7.2158856,5.483435,5.0855155,5.201345,4.2876506,4.5688243,6.167965,5.184672,5.8189607,6.48587,5.5764246,6.9824815,7.7768087,6.9612904,3.5167985,5.6916676,4.7118187,5.765943,5.3417683,5.387338,3.3925054,4.8722687,5.9834003,5.5007052,5.2543874,7.6284146,2.3983078,3.9234228,5.859306,5.3138733,4.66293,5.8718114,3.7884748,5.069863,5.093368,3.5575123,4.3808956,5.4134407,4.2530165,4.030732,4.4364777,4.401101,5.190964,4.727451,3.1303904,5.9004326,4.3686943,6.589468,6.136184,3.3159525,3.7583954,3.1303773,4.0602865,6.1659126,4.048399,6.584949,5.061185,4.50255,5.7072096,5.1911497,7.342946,6.566833,5.6671624
TCGA-50-5935-01,8.825935,5.6222224,4.2995095,4.78931,4.3003144,4.6493826,5.2959127,5.9021387,4.9792924,5.4524145,5.6122866,5.7539062,7.2214007,7.0848927,6.871929,2.940629,5.451932,4.261695,5.594829,5.131758,5.0063553,4.260516,5.095803,6.4773993,5.0768223,6.2701077,7.4043736,2.266019,4.0948853,6.18118,4.999948,4.717376,5.7019014,3.9677367,4.9325747,5.15711,3.739395,4.26792,4.4925256,4.213033,4.2171226,4.307901,4.954748,5.8082705,5.317088,3.10131,5.451974,4.7709527,6.557225,5.409426,3.9058392,4.0949183,3.4133651,4.71671,5.4032593,4.170332,6.305631,4.9718695,4.177499,5.6285906,5.1477885,6.566046,6.563996,5.892652
TCGA-55-7284-01,9.034994,5.0430655,4.023225,4.6283517,4.249807,4.283062,5.145581,6.0403466,5.0615396,5.3551254,5.3457184,5.3067746,7.3734946,6.2597823,6.5862246,3.0795434,5.2041354,4.0526915,5.3515077,5.121539,4.8478513,4.3443575,4.936667,6.5372863,5.026774,6.577359,6.9729924,2.351496,4.4125957,6.0694685,4.786779,5.1169434,5.404258,4.077784,5.189798,5.298138,3.9778166,4.22727,4.33161,4.317173,4.305451,4.3199296,5.142852,6.037952,5.355394,3.2129698,5.697679,5.1051297,6.6881385,5.2856407,4.139931,4.18649,3.503887,4.917102,5.3598666,4.5150084,6.165266,4.716821,3.8870866,5.6710267,4.9275146,6.5416107,6.737483,5.7602873
TCGA-55-6975-01,9.031766,5.3823676,4.133581,4.793424,4.2677283,4.582704,5.3324127,5.9273252,4.9554844,5.442974,5.470209,5.69314,7.2715077,6.8696957,6.845683,2.907775,5.4508557,4.1721215,5.60563,5.142229,4.9260716,4.3537164,5.1245847,6.483074,5.0378895,6.3764224,7.2965155,2.2672281,4.087872,6.181201,4.9463224,4.776588,5.6497197,4.0414295,4.974915,5.1384706,3.8225598,4.242929,4.422245,4.2030535,4.2287793,4.282331,5.0084877,5.867473,5.363627,3.1038811,5.5043063,4.8166556,6.5538406,5.368515,3.9953296,4.1049023,3.4622352,4.818833,5.310833,4.2068505,6.29569,4.957682,4.1100507,5.650443,5.1040645,6.5127263,6.604704,5.8792205
TCGA-75-5147-01,9.014231,4.8800597,4.0069795,4.631703,4.281975,4.271178,5.1259475,6.085314,5.042576,5.383636,5.2579517,5.3288674,7.334837,6.3771415,6.6278467,3.1655412,5.2552543,4.145141,5.370532,5.1582155,4.8659406,4.30611,4.8902617,6.456133,5.016528,6.5141635,6.9151216,2.4179258,4.4425807,6.018971,4.859735,5.0480294,5.4376817,3.9932652,5.1476207,5.357778,3.9902227,4.2013254,4.324572,4.4224563,4.207831,4.2595596,5.079596,5.996563,5.3645587,3.1619065,5.686214,5.046129,6.7407284,5.361527,4.000778,4.1663747,3.421243,4.8253865,5.4020243,4.5627685,6.180072,4.8046303,3.8758888,5.611041,4.9074354,6.589617,6.7696753,5.7612476
TCGA-97-7938-01,6.493082,7.351273,5.5245056,5.079695,5.209118,3.891094,4.3637085,6.293072,5.1931005,5.7455873,6.4227095,5.636257,7.07631,7.531133,6.879334,3.5439923,5.655795,4.7272635,5.8885326,5.4783735,5.550069,3.419143,4.840728,5.9089174,5.544202,5.0897064,7.4331555,2.6371348,3.936998,5.8425922,5.285033,4.86582,5.6450415,3.730869,5.1616397,5.198279,3.7946024,4.5131764,5.5220623,4.492623,4.2146482,4.4751234,4.2929378,5.0694556,4.7967286,3.36983,6.18819,4.4860344,6.520962,6.0294094,3.3341572,4.010718,3.0381765,4.177317,6.151041,4.3046637,6.4797735,5.1049557,4.493946,5.611237,4.98465,7.355439,6.4506326,5.6024156
TCGA-49-AAQV-01,9.15778,5.2584925,4.026707,4.677445,4.199741,4.474168,5.2552648,6.028716,4.937911,5.431038,5.307778,5.583999,7.3292675,6.655714,6.800083,2.9596727,5.4023876,4.1266327,5.543956,5.148646,4.985905,4.331535,5.021643,6.4351044,5.030769,6.487569,7.145615,2.2867212,4.1848106,6.1447606,4.9207673,4.855741,5.5076118,3.9902585,5.0163116,5.289358,3.9768653,4.1797256,4.3832817,4.3012776,4.1868587,4.21527,5.021475,5.8741374,5.4144506,3.138776,5.570467,4.8763876,6.580292,5.3123794,4.0162916,4.1313477,3.461764,4.9043026,5.3079095,4.416924,6.1634884,4.8881454,3.9779837,5.616087,4.9792347,6.469503,6.6912622,5.8683333
TCGA-55-8514-01,7.3119316,6.928858,5.2773924,4.9654694,4.98837,4.259117,4.702802,6.1981773,5.0651965,5.7698197,6.373202,5.5607305,6.940276,7.7319574,6.9315424,3.4449086,5.678938,4.571898,5.7679453,5.376836,5.4062114,3.5129776,4.8773894,5.9330473,5.5114236,5.386166,7.6506996,2.3753939,3.8974802,5.887739,5.2238483,4.6734767,5.882626,3.8139353,5.0295005,5.090329,3.6945522,4.328134,5.3557405,4.266669,4.0206227,4.3935633,4.378617,5.274854,4.825807,3.1422975,5.8712897,4.3316064,6.4348645,6.0122027,3.3014088,3.6835647,3.1573844,4.117828,6.0358,4.1056733,6.541026,5.1048737,4.4203596,5.7273655,5.1693254,7.0986547,6.524817,5.761648
TCGA-55-6969-01,5.6651464,7.4526653,5.6992974,5.143773,5.375448,3.4847074,4.086081,6.517946,5.113994,5.8169107,6.556003,5.4939694,7.124028,7.6058273,6.6925426,3.7033381,5.723857,4.702121,6.0201726,5.6536016,5.716348,3.3178194,4.7743235,5.6734705,5.649642,4.911835,7.3243666,2.8105433,3.865154,5.74417,5.2829995,5.0964346,5.590343,3.8121617,5.2392254,5.25507,4.096988,4.5600023,5.8481684,4.6250725,4.270404,4.5580297,4.02416,4.892257,4.7737136,3.5260258,6.502483,4.4856505,6.294309,6.0659585,3.262349,3.985138,2.991103,4.03686,6.258254,4.655826,6.378292,5.2022057,4.5326343,5.687428,4.866944,7.3959384,6.3213587,5.5127172
TCGA-44-3919-01,9.233825,5.341151,4.0788736,4.7220387,4.142605,4.320424,5.155479,6.106913,5.1069226,5.4798546,5.220355,5.4440327,7.418053,6.2920117,6.663188,3.1511223,5.286752,4.1388016,5.367181,5.077433,4.9350295,4.2044597,4.8609066,6.3994393,5.0607862,6.4353228,7.008282,2.3525298,4.4536157,6.027858,4.9098234,4.953642,5.341403,3.9114032,5.1172037,5.45391,4.007349,4.147397,4.37828,4.490111,4.123017,4.2216005,5.081311,5.859288,5.486564,3.1142745,5.589381,4.932339,6.7908087,5.2927866,4.0683312,4.1858153,3.4691396,4.895864,5.396299,4.3659034,6.0454535,4.7596526,3.912699,5.5426517,4.9253078,6.5951896,6.7291865,5.821117
TCGA-17-Z005-01,8.829507,5.576118,4.3642483,4.8386946,4.4276013,4.6602387,5.236767,5.867703,5.0368505,5.4793773,5.6603622,5.7806807,7.128893,7.051835,6.837916,2.9916131,5.4912443,4.2754703,5.573424,5.1675825,5.0885167,4.2518144,5.0828166,6.464175,5.0714903,6.199817,7.394928,2.2631953,4.0606794,6.227759,4.9250298,4.6625915,5.746471,4.026446,4.948534,5.025021,3.6525226,4.258909,4.42936,4.1729574,4.252245,4.3095474,4.9546266,5.8532357,5.2434435,3.0809252,5.397018,4.748313,6.591207,5.4866304,3.8824198,4.0072656,3.3456953,4.6856885,5.3293524,4.100697,6.419119,5.0028715,4.1709504,5.6507497,5.182085,6.641593,6.578357,5.8326373
TCGA-17-Z056-01,5.721918,7.329735,5.6740575,5.085086,5.34871,3.3608646,4.1028385,6.471035,5.096405,5.7567067,6.5548344,5.4701777,7.1012707,7.5176473,6.6877933,3.608644,5.7847047,4.654178,6.088329,5.717459,5.872993,3.383692,4.691053,5.6604204,5.7142644,4.9294086,7.1756186,2.9991038,3.71924,5.7047157,5.2142105,5.193101,5.4516363,3.823319,5.407252,5.165221,4.1633644,4.6175876,5.7982564,4.706553,4.399408,4.5758185,4.0336685,4.9258943,4.7557673,3.6090472,6.613965,4.5499487,6.188666,6.05221,3.3063893,4.065075,2.9578996,4.1770735,6.267244,4.8001227,6.4413104,5.1816053,4.468466,5.6306634,4.7829847,7.3642783,6.3012795,5.5710363
TCGA-55-8204-01,7.222154,6.947821,5.191636,4.852875,4.967612,4.2389956,4.8111715,6.166369,5.1341743,5.7236414,6.2094574,5.733111,6.8932095,7.605832,6.919329,3.3717997,5.5379286,4.5767884,5.871978,5.3881645,5.506937,3.6678586,4.8216944,6.00647,5.384104,5.519506,7.651509,2.4436274,3.797071,5.9182067,5.2551885,4.6954126,5.782476,3.8257582,5.153813,5.118597,3.719914,4.3824115,5.288543,4.4158053,4.1924624,4.3611503,4.393363,5.3799696,4.78269,3.173168,5.826451,4.408885,6.41819,5.940183,3.3273098,3.8690486,3.0328104,4.2189455,6.0790687,4.17056,6.5245967,5.1911807,4.34457,5.680081,5.100582,7.0421576,6.567227,5.6746845
TCGA-97-A4M1-01,9.358302,4.9652243,4.131932,4.7078595,4.1795683,4.374379,5.205807,6.004792,5.0268373,5.370213,5.210217,5.436071,7.475662,6.200029,6.630455,3.0532653,5.290518,4.0919776,5.3773932,5.070649,4.754929,4.395023,4.994511,6.580927,4.9960885,6.5317183,6.875771,2.2894855,4.4242554,6.0679083,4.8449664,5.06329,5.4264817,4.0150924,5.1018934,5.3232865,3.9774683,4.18771,4.2750893,4.3472996,4.1048536,4.270325,5.158968,5.964145,5.399432,3.163575,5.5755477,5.092318,6.857063,5.3071995,4.2208915,4.183787,3.5548224,5.0307274,5.3101463,4.508827,6.157195,4.744624,3.9343116,5.6210723,4.9696918,6.6258,6.7751684,5.8314047
TCGA-49-4490-01,9.219298,5.03558,4.0291495,4.6357565,4.1833687,4.382944,5.235867,6.0266094,5.000944,5.383209,5.281028,5.445821,7.3512983,6.3828235,6.66053,3.0529315,5.2929115,4.120091,5.425595,5.118613,4.8999534,4.324841,4.9217725,6.487577,5.0298123,6.547649,7.041248,2.3609557,4.3689623,6.0765357,4.8931756,4.9947357,5.462214,3.9707437,5.0942187,5.343752,3.9713697,4.2000074,4.319738,4.380124,4.1901426,4.267263,5.06444,5.9491906,5.4140863,3.1697037,5.600121,4.9891753,6.6634173,5.278163,4.0410028,4.1804395,3.4639835,4.9023495,5.346487,4.494091,6.121002,4.8132753,3.937815,5.5943465,4.951757,6.5010595,6.698548,5.8432155
TCGA-97-8172-01,6.933306,7.411232,5.53415,5.0328,5.206133,4.2815537,4.5678606,6.1749234,5.218731,5.802559,6.512078,5.690376,6.9054017,7.8190475,7.0345244,3.5115595,5.680097,4.7748723,5.800026,5.392552,5.5137863,3.37779,4.8671703,5.9399776,5.539252,5.11958,7.724152,2.4627404,3.8966343,5.8607974,5.341226,4.629953,5.84883,3.6806653,5.0731325,5.1079144,3.5221646,4.4397345,5.443167,4.3369756,4.0856004,4.4190965,4.3301787,5.141899,4.6796126,3.1557498,5.910015,4.3107047,6.553091,6.140699,3.2091005,3.8167508,3.003711,4.053124,6.19905,4.0294223,6.6220584,5.1121235,4.509106,5.6377373,5.147952,7.349089,6.5474586,5.68137
TCGA-75-7031-01,7.4521313,7.1398087,5.2806373,4.8628016,4.8952475,4.5686636,4.8208485,6.0669866,5.145043,5.7434616,6.332437,5.8841524,6.8240542,7.8828316,7.110788,3.2817745,5.6676393,4.6829963,5.7455344,5.3522835,5.488655,3.6459348,4.930633,6.050008,5.373344,5.45861,7.7858653,2.3480585,3.8324037,6.0313554,5.246435,4.4066305,5.8867283,3.760567,4.930622,5.0728874,3.4849946,4.3228703,5.285605,4.2237515,4.093548,4.301409,4.498908,5.34495,4.7661185,3.0216267,5.629895,4.284195,6.4655476,6.041989,3.2985795,3.7802415,3.0531187,4.112182,6.029892,3.9404752,6.623405,5.124796,4.3845577,5.684509,5.1990047,7.1148853,6.6414375,5.7431555
TCGA-MN-A4N4-01,5.5346007,6.706641,5.196107,4.8018284,5.0408072,3.195601,4.244211,6.631337,5.0131884,5.710323,6.134282,5.380537,7.1472235,7.1739435,6.335391,3.5898082,5.50476,4.434996,6.0659056,5.744159,5.915181,3.7509007,4.598996,5.619094,5.4662833,5.491838,7.0045323,3.0901675,3.7953057,5.717644,5.0904713,5.5168447,5.355168,4.039404,5.509642,5.418475,4.6108027,4.54084,5.776738,4.9412546,4.6247697,4.534986,3.9586947,5.1442327,4.8512487,3.6228318,6.653989,4.760421,5.888256,5.6841283,3.3627958,4.1783967,2.965631,4.210108,6.1618958,5.292982,6.0698133,5.2709503,4.204605,5.6893387,4.633533,6.9550385,6.331594,5.4466786
TCGA-55-8513-01,8.738979,5.335344,4.138562,4.699893,4.3964252,4.215765,5.1325383,6.007465,5.1564207,5.437841,5.3630533,5.3477407,7.417336,6.443243,6.6072373,3.2282724,5.3052235,4.1359925,5.469123,5.115088,4.7479205,4.2541246,4.9571033,6.576243,5.0541034,6.4294753,6.9119368,2.3977869,4.3213573,6.0391445,4.965863,5.145142,5.4142,4.0612245,5.274512,5.2754536,3.9876282,4.2736473,4.5549345,4.288291,4.268595,4.3441553,5.077132,5.8943224,5.1530375,3.1720397,5.7385645,5.041071,6.762813,5.3850203,4.135396,4.2316017,3.527644,4.91374,5.560067,4.4588237,6.1552935,4.7593384,4.020216,5.639786,4.9531827,6.696969,6.8190503,5.75841
TCGA-86-8673-01,5.9170613,7.3913493,5.6513953,5.107497,5.3279195,3.4802861,4.1256666,6.4445333,5.111522,5.746583,6.5875945,5.5167933,7.097539,7.5435715,6.736516,3.5934827,5.785426,4.689687,6.042241,5.675326,5.806299,3.3639686,4.7587714,5.691885,5.7176266,4.90217,7.2673807,2.890703,3.7822933,5.740448,5.2260575,5.0831766,5.531024,3.7925694,5.3076034,5.1627507,4.0444884,4.5973,5.7554755,4.658021,4.3480144,4.559769,4.0600886,4.8956738,4.745487,3.565345,6.5428247,4.505675,6.227937,6.04576,3.2940729,4.0493083,2.9594002,4.1883106,6.2043633,4.630434,6.4389844,5.155873,4.5018334,5.616552,4.8061256,7.363094,6.310138,5.5883894
TCGA-80-5607-01,8.743594,5.590042,4.294639,4.730975,4.3733735,4.3401003,5.1347094,6.008571,5.017783,5.4258504,5.5688605,5.477826,7.308892,6.7103686,6.752742,3.0511816,5.3950763,4.2401695,5.5491223,5.177822,4.903635,4.166476,4.960755,6.4190583,5.121429,6.303334,7.1694117,2.3784196,4.231451,6.027144,5.0191865,4.891706,5.5674543,3.9840379,5.085418,5.2602344,3.8609197,4.256879,4.6159787,4.2883353,4.172683,4.3375335,4.9863176,5.7708607,5.2295456,3.179409,5.7108316,4.874155,6.580156,5.4860554,3.9672778,4.151955,3.448509,4.7976227,5.544503,4.3522277,6.2207127,4.8100734,4.083981,5.669553,4.9860573,6.68744,6.6663017,5.8178225
TCGA-17-Z062-01,5.6840067,7.535112,5.7765083,5.1843195,5.431955,3.394379,4.05283,6.4922056,5.1186876,5.791815,6.635913,5.4912653,7.1271234,7.596018,6.7219462,3.6765993,5.794454,4.69908,6.0724626,5.7002444,5.7918043,3.2861073,4.784521,5.672912,5.7215924,4.771642,7.2670903,2.8783228,3.7807667,5.724881,5.2563014,5.112738,5.5362425,3.799998,5.3034134,5.1682034,4.0808597,4.61361,5.830805,4.639869,4.3052073,4.576665,4.0299225,4.860833,4.7500634,3.5861444,6.566276,4.487316,6.278084,6.1077766,3.2912471,4.018172,2.9674158,4.1206646,6.259789,4.660706,6.4581113,5.1842847,4.545597,5.6602945,4.825079,7.448071,6.298827,5.5429416
TCGA-55-7573-01,9.25159,5.0175414,4.016315,4.6859016,4.2414722,4.455884,5.197258,5.997156,5.0035305,5.4038644,5.2977896,5.568599,7.3140683,6.466761,6.702971,3.0759785,5.35054,4.152477,5.43517,5.102769,5.017961,4.3011017,4.933009,6.51497,5.0496616,6.4937177,7.0870576,2.3283281,4.3276334,6.1286707,4.8444233,4.9413276,5.48644,3.956057,5.0451217,5.2678847,3.9063454,4.1976066,4.2636333,4.363074,4.1697364,4.249935,5.02312,5.9440637,5.380876,3.1742039,5.500647,4.971872,6.7123456,5.273159,4.0069757,4.140859,3.426622,4.853827,5.3173018,4.4709215,6.201966,4.855969,3.9664326,5.549302,5.0019784,6.5245996,6.6991687,5.8632174
TCGA-17-Z044-01,8.789644,5.683132,4.345524,4.814366,4.386184,4.643241,5.252039,5.8943853,5.045173,5.515687,5.6355395,5.7792177,7.1500783,7.083031,6.8174615,3.0157483,5.4684334,4.275034,5.572396,5.1337414,5.1085305,4.223157,5.021262,6.435765,5.076218,6.2280154,7.409037,2.272163,4.077799,6.1961746,4.9680996,4.6418266,5.7086663,4.0021005,4.983811,5.0967917,3.6791549,4.2389417,4.497947,4.232711,4.246939,4.300023,4.924869,5.8167953,5.2466745,3.0695808,5.418621,4.731202,6.5600715,5.446694,3.8855615,4.0270333,3.3582046,4.6772165,5.3866773,4.082041,6.343719,4.992624,4.1586957,5.6237307,5.164974,6.6198034,6.5911827,5.832193
TCGA-99-8025-01,5.6404467,7.5950217,5.784294,5.1921115,5.456455,3.3768206,4.0304155,6.554088,5.106494,5.8141336,6.660137,5.474365,7.10994,7.6095905,6.714317,3.6827962,5.798028,4.713256,6.090183,5.7304854,5.8022532,3.2705235,4.817426,5.642648,5.6971602,4.7780175,7.2562566,2.8360767,3.7420056,5.7380524,5.251187,5.09307,5.5950923,3.8215287,5.254227,5.16995,4.089938,4.586057,5.8648825,4.6277523,4.289277,4.551782,3.9931962,4.8379784,4.735757,3.5465803,6.5548224,4.4487166,6.2582707,6.1269603,3.2714396,3.9679039,2.955661,4.0938225,6.25261,4.692182,6.4570527,5.219526,4.530376,5.6885014,4.809285,7.453777,6.304662,5.507
TCGA-67-6217-01,7.6048484,7.0487375,5.1610184,4.833211,4.8810487,4.41603,4.8902636,6.102913,5.104247,5.6536455,6.254385,5.9111643,6.8215065,7.707331,7.044701,3.2944758,5.624499,4.595073,5.856934,5.3876505,5.553498,3.7493563,4.9449697,6.077987,5.4020195,5.4890733,7.792551,2.3051734,3.7312558,6.0307016,5.195192,4.416045,5.90289,3.8092387,5.0305166,5.0105505,3.5394158,4.3544073,5.1679406,4.365197,4.1500854,4.2780657,4.41582,5.3942633,4.723524,3.1362143,5.617837,4.316128,6.412599,5.934513,3.3491166,3.831597,2.9932125,4.263216,5.9799933,4.0405354,6.627382,5.231541,4.3311377,5.6258993,5.0883875,7.0044746,6.612685,5.7448993
TCGA-44-A47G-01,8.97112,5.3620777,4.200389,4.766555,4.3149514,4.52186,5.2404017,5.9498577,5.056018,5.463628,5.443796,5.5945487,7.280769,6.781275,6.7540593,3.0609553,5.3763976,4.1908946,5.483927,5.1053014,4.9242425,4.2879205,5.023325,6.496154,5.0353584,6.367826,7.187889,2.2882788,4.229256,6.137569,4.922215,4.826658,5.5810547,4.015819,5.057899,5.1965666,3.8119705,4.2236514,4.4126983,4.2699018,4.2242117,4.2816052,5.036847,5.9029675,5.3100486,3.089776,5.5128546,4.88197,6.6952624,5.3921995,4.010105,4.101473,3.4437785,4.786385,5.3835545,4.2400804,6.2756104,4.8960576,4.0552354,5.625345,5.083298,6.6131554,6.6860604,5.8161473
TCGA-91-A4BD-01,8.862159,5.2952805,4.1057205,4.6851807,4.3476915,4.191673,5.1237254,6.04785,5.1194572,5.4337354,5.321329,5.355378,7.4267697,6.357824,6.6190515,3.2012942,5.312675,4.13304,5.474602,5.1302958,4.7993135,4.240898,4.926195,6.5272493,5.0688014,6.4370575,6.9120693,2.4117088,4.334338,6.019049,4.9681244,5.142813,5.386219,4.0212116,5.245837,5.3261456,4.032372,4.2541814,4.534832,4.343339,4.220258,4.3209677,5.055456,5.863944,5.2120705,3.1907585,5.7467756,5.024299,6.7373714,5.363539,4.114216,4.2363944,3.5102193,4.9375615,5.5333514,4.5125656,6.1137,4.754201,3.9927506,5.6190553,4.9145107,6.6659875,6.7991405,5.7822223
TCGA-50-5068-01,8.719903,5.4434586,4.2149067,4.7467895,4.363383,4.5084085,5.204434,5.9889817,4.9873424,5.4541903,5.5617404,5.589589,7.238602,6.8352118,6.761635,2.956594,5.3694525,4.095985,5.5292945,5.1670327,5.0470457,4.3603683,5.1235104,6.4702134,5.0498433,6.387211,7.2610974,2.2017844,4.0766816,6.2148023,4.786529,4.8728495,5.60413,4.144037,5.0607576,5.0831294,3.8597891,4.2399435,4.4284983,4.1457725,4.3450956,4.2950025,5.010143,5.945702,5.286205,3.1501377,5.584963,4.890735,6.538418,5.373939,4.050018,4.0175357,3.4562063,4.8028145,5.283931,4.2935143,6.3525777,4.914313,4.0339785,5.7311153,5.0834384,6.536161,6.6458826,5.7775097
TCGA-86-8281-01,7.387654,6.848399,5.1912374,4.9802284,4.9965067,4.2813334,4.700634,6.1503296,5.1522236,5.7198544,6.193613,5.590028,7.0279717,7.489546,6.944411,3.45389,5.587841,4.574976,5.7211585,5.322432,5.311146,3.594475,4.8934884,6.072426,5.397435,5.4760046,7.526729,2.4027624,4.011692,5.9222264,5.198525,4.767118,5.767475,3.8061495,5.060223,5.1332397,3.672216,4.358929,5.2015657,4.296701,4.100937,4.389883,4.505877,5.370765,4.8870463,3.1672406,5.839331,4.492081,6.647984,5.9519677,3.409313,3.8412921,3.1680744,4.2057457,6.004816,4.124808,6.5423765,5.058449,4.3804517,5.670558,5.1451883,7.153052,6.589017,5.7011027
TCGA-93-A4JP-01,9.006728,5.0547943,3.986003,4.6832023,4.2156367,4.3942447,5.2925787,5.9806094,5.0188932,5.399746,5.3292384,5.417213,7.349097,6.550198,6.6584616,3.025633,5.2701383,4.0239663,5.4367485,5.1074634,4.8464255,4.42609,5.013658,6.521842,5.010224,6.5720563,7.086195,2.3219664,4.278135,6.117634,4.8284197,5.017703,5.4887857,4.1069236,5.171058,5.2321806,3.9607286,4.240419,4.320082,4.27189,4.334188,4.3093,5.098536,6.0376177,5.36637,3.1739163,5.6508284,5.018549,6.6112914,5.246737,4.12062,4.152845,3.5206194,4.907133,5.283276,4.411802,6.1915503,4.828018,3.9545782,5.663618,5.007923,6.450206,6.6831317,5.817041
TCGA-O1-A52J-01,7.8717623,6.7273045,5.0030913,4.9298625,4.8043427,4.454416,4.955242,6.0128775,5.160641,5.664707,6.158144,5.762854,6.9800735,7.5261054,6.907253,3.2304769,5.599092,4.5322514,5.7056584,5.251786,5.3237777,3.7990942,4.964502,6.230838,5.3573403,5.641939,7.607802,2.308534,3.8999207,6.0642676,5.145044,4.50769,5.842731,3.8810542,5.0668077,5.003186,3.5639298,4.3473616,4.9706683,4.2620893,4.148033,4.3580294,4.6673446,5.490317,4.857966,3.0913363,5.638358,4.443542,6.493806,5.8217745,3.5542552,3.8677008,3.1907732,4.4359064,5.8217063,4.0085716,6.5187664,5.065822,4.357485,5.636124,5.186808,6.955817,6.5948052,5.775209
TCGA-55-8512-01,9.217788,4.926798,3.9702857,4.6469846,4.2184954,4.247223,5.112478,6.0910926,4.9796963,5.339383,5.1627994,5.3723974,7.4600043,6.2139688,6.6566057,3.0926063,5.3209047,4.117242,5.4168177,5.142849,4.862071,4.2974944,4.916234,6.5102067,5.034066,6.5521894,6.84741,2.3860526,4.421925,6.0315084,4.8534846,5.111658,5.374272,3.9620492,5.0919456,5.376303,4.084267,4.1835794,4.2924232,4.4055977,4.094069,4.2420783,5.100321,5.924592,5.4101057,3.2278209,5.677754,5.0907474,6.7719564,5.2983847,4.1091385,4.2149334,3.495882,4.9887333,5.366905,4.6928606,6.128788,4.743674,3.8825433,5.582888,4.863832,6.5897746,6.780601,5.8487673
TCGA-64-5774-01,8.366336,6.140198,4.6288533,4.8349304,4.5676236,4.5609174,5.1052985,5.955524,5.083253,5.561235,5.866542,5.740407,7.092487,7.251811,6.886408,3.0976388,5.513497,4.3920636,5.6270223,5.195804,5.1603103,4.042092,5.018919,6.355997,5.1853356,5.992105,7.4772367,2.28686,4.013767,6.12538,5.060659,4.6289697,5.7477446,3.9465396,5.008459,5.0888624,3.6343443,4.2841134,4.7383018,4.2129283,4.202202,4.321921,4.8260894,5.667751,5.07829,3.078504,5.541928,4.6315446,6.547558,5.637442,3.7545767,3.9846268,3.294883,4.5567536,5.606911,4.0730224,6.4163957,4.99362,4.2358103,5.6563373,5.152396,6.792726,6.6171966,5.793257
TCGA-55-8302-01,5.547478,6.9422903,5.5130587,4.962138,5.1815624,3.3551307,4.156273,6.47401,5.057822,5.766573,6.285555,5.4864163,7.1612635,7.457197,6.5071344,3.718727,5.6101804,4.556641,6.007827,5.6841063,5.869195,3.5511315,4.6314797,5.6544237,5.6211724,5.1303244,7.20298,3.067604,3.9273996,5.7079134,5.225522,5.355524,5.3560596,3.852991,5.46575,5.3831706,4.386734,4.631252,5.837391,4.823491,4.4627423,4.609668,4.001667,5.0384407,4.827696,3.675154,6.643993,4.6824136,6.161219,5.884005,3.3294978,4.1490583,2.9934192,4.040153,6.304293,5.0132446,6.235806,5.208796,4.4283957,5.6571465,4.8138604,7.230428,6.2811074,5.523128
TCGA-05-4249-01,6.6737404,7.399247,5.5320807,5.024696,5.2178793,4.013865,4.410091,6.245645,5.1556635,5.736349,6.5404286,5.714624,6.9570622,7.721957,6.9252095,3.4879432,5.7401476,4.757585,5.9261646,5.5251374,5.7073884,3.4316826,4.8387322,5.8386736,5.6329293,5.0343957,7.6028104,2.6458051,3.8311448,5.83245,5.2831564,4.752913,5.737872,3.7099617,5.1608696,5.1177,3.681591,4.523824,5.538358,4.5333896,4.242915,4.470441,4.189589,5.015451,4.6664987,3.3468668,6.145693,4.3809233,6.3624864,6.0742154,3.2348263,3.9711812,2.9193714,4.1560345,6.176511,4.2507215,6.5447454,5.148833,4.501544,5.5826306,4.966707,7.3210154,6.434993,5.6589966
TCGA-86-8359-01,8.020049,6.506721,4.900434,4.8687377,4.7448106,4.471864,4.96158,6.018092,5.0977836,5.617199,6.085382,5.7268744,7.027537,7.4273863,6.909841,3.178692,5.5645733,4.503831,5.694959,5.2508593,5.281561,3.8491068,4.9663215,6.2341228,5.30917,5.755935,7.565297,2.3119662,3.9376729,6.0272784,5.150668,4.592291,5.80789,3.8800647,5.046373,5.079318,3.5845275,4.317489,4.9426694,4.267403,4.1362133,4.3431396,4.6748776,5.498109,4.9123683,3.098177,5.6523404,4.517051,6.4992323,5.794598,3.6079063,3.921614,3.20062,4.4632273,5.795032,4.0691814,6.465828,5.0233903,4.3066044,5.66079,5.1323986,6.9418364,6.605038,5.76764
TCGA-67-3773-01,8.842468,5.4764814,4.206748,4.7924366,4.3195486,4.5266814,5.312326,5.894012,5.020788,5.4533362,5.526258,5.639217,7.281721,6.9291306,6.7695713,2.9826202,5.4124694,4.175243,5.580025,5.1164913,4.9150066,4.3217916,5.053338,6.503712,5.054789,6.359001,7.2758718,2.3269544,4.12482,6.138283,4.969678,4.8166738,5.631004,4.0547853,5.0732336,5.139826,3.806077,4.2836804,4.475433,4.230182,4.2929006,4.3429856,4.994088,5.8758574,5.2827516,3.1325376,5.5631437,4.8661623,6.560549,5.361353,4.0039616,4.141192,3.4652717,4.8037515,5.377667,4.209308,6.2796593,4.9247756,4.1284437,5.641956,5.1108155,6.555918,6.6045094,5.860888
TCGA-73-4658-01,6.870624,7.3509865,5.3655014,5.0464525,5.137244,3.971574,4.530423,6.313584,5.244108,5.709028,6.3609586,5.6848574,7.028995,7.4304013,6.9759464,3.4448996,5.600261,4.705804,5.84421,5.4674554,5.4840446,3.4477165,4.9567866,5.9605536,5.4859996,5.0841002,7.4995174,2.4971993,3.9440238,5.8961487,5.235001,4.7933235,5.6952853,3.6712847,5.057936,5.142102,3.7043445,4.496544,5.321619,4.448799,4.2002134,4.3957477,4.387774,5.136488,4.8360734,3.2605464,6.0494905,4.4087563,6.5265074,5.9739895,3.3199313,3.9731703,2.978814,4.3362427,5.9831066,4.1729937,6.5441904,5.092731,4.4330125,5.584037,4.9660497,7.2707415,6.4848104,5.655709
TCGA-55-8097-01,8.865124,5.638693,4.321975,4.7573833,4.3774176,4.6013675,5.2470345,5.9423885,4.9872518,5.467923,5.64985,5.69185,7.1448073,6.94263,6.8474035,2.9122097,5.4513855,4.2637672,5.5909405,5.207023,5.0474873,4.2220902,5.0751514,6.388703,5.0702076,6.261013,7.3861465,2.2456067,4.0641384,6.1676903,4.9761066,4.6660404,5.7228465,4.009352,4.940273,5.116665,3.717224,4.2254043,4.5066214,4.1800604,4.2156754,4.2881417,4.974156,5.8090906,5.2825537,3.0627973,5.501551,4.7172637,6.4955893,5.529843,3.8950727,4.0090103,3.3592634,4.727097,5.367812,4.1297245,6.3445888,4.949612,4.1156807,5.713884,5.1033545,6.626712,6.591438,5.809814
TCGA-05-4430-01,6.735726,7.2523108,5.5405965,5.018631,5.177458,4.169515,4.4989796,6.2276454,5.123542,5.824306,6.4618187,5.609794,6.9219413,7.8533654,6.98774,3.577311,5.7001204,4.7222195,5.819552,5.445108,5.5565643,3.3793385,4.80584,5.84066,5.572481,5.165,7.6517353,2.5525548,3.8953958,5.822799,5.3264875,4.739942,5.8107133,3.692007,5.092455,5.1522717,3.7084894,4.4317527,5.5504146,4.37291,4.081008,4.4380417,4.2552443,5.1386366,4.744269,3.217458,6.0088673,4.3368254,6.5150104,6.1493173,3.1979892,3.7671301,3.04735,3.9490507,6.247068,4.1926403,6.595573,5.14529,4.5017776,5.679143,5.1471863,7.3418393,6.4858975,5.680364
TCGA-91-8497-01,8.904207,5.4251957,4.204814,4.681015,4.3208303,4.3038616,5.0741863,6.0334806,5.1086545,5.4208794,5.4730105,5.3929973,7.3434114,6.422854,6.6282516,3.1450832,5.2815094,4.15729,5.414551,5.130645,4.866985,4.2340183,4.9329324,6.4901595,5.0754814,6.403804,7.0335093,2.3461175,4.3705044,6.070791,4.8975444,5.016747,5.450306,4.0336704,5.159561,5.302363,3.903014,4.217501,4.5454836,4.298964,4.2584085,4.3251534,5.0768013,5.8814974,5.262807,3.1642475,5.6705613,4.984741,6.689682,5.3979473,4.083132,4.1601152,3.4914305,4.838911,5.5004683,4.3747935,6.150305,4.7398515,3.9971576,5.6696835,4.9596925,6.6625495,6.74311,5.73523
TCGA-93-8067-01,5.573658,7.4902964,5.778771,5.128444,5.4227653,3.3458014,4.0377135,6.5245705,5.1127663,5.81428,6.63073,5.4564977,7.088811,7.5965233,6.697063,3.660977,5.798125,4.7044516,6.093887,5.7344527,5.8805146,3.287735,4.7083664,5.6169953,5.727706,4.8346767,7.2030563,2.9623272,3.71681,5.701866,5.245872,5.1701503,5.503563,3.787877,5.36273,5.1771708,4.151674,4.615014,5.8786077,4.6732,4.351061,4.575535,3.9953191,4.865508,4.7331786,3.5731747,6.6033072,4.490915,6.213291,6.116681,3.2665987,4.0034456,2.946341,4.094866,6.307499,4.7793202,6.4594107,5.2002306,4.5052953,5.656362,4.8106523,7.444995,6.291255,5.540866
TCGA-17-Z026-01,5.4900875,6.8452463,5.315586,4.8199368,5.106922,3.175141,4.237839,6.612537,5.013206,5.7233443,6.237081,5.423472,7.0826793,7.2828712,6.3921504,3.5928519,5.5535283,4.4854503,6.1286097,5.7591023,5.967394,3.660312,4.564177,5.580133,5.534082,5.365322,7.077834,3.0700972,3.7204525,5.6917014,5.1352267,5.4321146,5.405796,3.9828331,5.5260205,5.3561926,4.53454,4.5635605,5.818942,4.954324,4.579966,4.537111,3.9162338,5.089111,4.7928295,3.633854,6.631636,4.678796,5.880742,5.77103,3.294479,4.132234,2.9120274,4.188541,6.230142,5.1961584,6.1567307,5.301357,4.250924,5.6715393,4.659948,7.020801,6.3032823,5.478636
TCGA-S2-AA1A-01,8.755135,5.768491,4.3900366,4.817319,4.367964,4.689747,5.275552,5.8762226,5.0102587,5.4906316,5.6804004,5.8387327,7.144937,7.1628995,6.854665,2.9536104,5.4905972,4.2916427,5.6195955,5.1535177,5.129009,4.223767,5.0676146,6.4431305,5.077719,6.202464,7.4633985,2.262698,4.031368,6.222914,4.97854,4.62295,5.746969,3.9843187,4.9150186,5.0803294,3.678745,4.261192,4.5054126,4.20389,4.2535768,4.310783,4.905841,5.7940097,5.2774744,3.080915,5.385654,4.7119274,6.519293,5.446226,3.8610141,4.0343666,3.3553357,4.6717477,5.3751745,4.0808077,6.359308,5.024504,4.197867,5.6314497,5.184588,6.602867,6.5352664,5.8693094
TCGA-95-7944-01,7.0611806,7.4075665,5.461152,4.9437885,5.0919547,4.3692594,4.646753,6.141245,5.210264,5.7612534,6.453612,5.8400774,6.8448844,7.836791,7.062896,3.4205291,5.651645,4.7888255,5.811882,5.40208,5.579317,3.4794564,4.8839893,5.9575553,5.4954405,5.1955247,7.797481,2.4462302,3.8639526,5.924804,5.329223,4.524703,5.871746,3.6569295,5.033228,5.1148534,3.4923613,4.434465,5.4047728,4.3758454,4.1382823,4.373955,4.3422027,5.1709256,4.6640873,3.1288745,5.820581,4.2780423,6.4871745,6.0932674,3.2062912,3.8589287,2.945389,4.0816245,6.163512,4.0027275,6.6092567,5.1488733,4.4735928,5.609881,5.128123,7.273871,6.5556555,5.688543
TCGA-MP-A4TC-01,7.0235133,7.3929753,5.372368,5.010243,5.089307,4.15146,4.607029,6.2358985,5.2517424,5.7131276,6.352375,5.7834935,6.969724,7.545238,7.042693,3.4084692,5.603421,4.737004,5.8172574,5.4237547,5.4835014,3.489294,4.959846,6.010291,5.446582,5.1458354,7.601312,2.44476,3.9283838,5.9443808,5.2615237,4.6542163,5.754935,3.6634696,5.0168285,5.130355,3.6025758,4.465772,5.297974,4.403852,4.1729007,4.3618517,4.425889,5.182201,4.806894,3.1948152,5.914422,4.365314,6.5583496,5.9961324,3.3031228,3.9407642,2.9769123,4.280599,6.008685,4.075747,6.5756493,5.1118355,4.435165,5.581097,5.0293884,7.258388,6.53644,5.669046
TCGA-99-8032-01,6.051112,7.4152226,5.660626,5.0861363,5.284446,3.6505802,4.187157,6.3988724,5.118528,5.7879157,6.620226,5.5399404,7.035469,7.6687465,6.771354,3.5952587,5.780831,4.7285395,5.9715395,5.6053843,5.7430353,3.333225,4.7696285,5.7078805,5.703257,4.9609,7.393451,2.7573962,3.8137753,5.7756686,5.2591968,4.941893,5.6520805,3.7708404,5.2341337,5.1608987,3.934932,4.536779,5.7613378,4.5557823,4.252122,4.5319014,4.0930743,4.9160247,4.7010255,3.45758,6.3992095,4.4263864,6.263243,6.082208,3.2556565,3.9427996,2.9942663,4.0984178,6.216282,4.4588733,6.4546885,5.1374283,4.5218806,5.642725,4.915165,7.3648214,6.3503547,5.609655
TCGA-95-7567-01,5.5299454,6.6419115,5.2742276,4.7532926,4.9849515,3.1852717,4.2521276,6.5257945,4.986177,5.673808,6.183575,5.457381,7.0886006,7.2658963,6.371095,3.5657396,5.5678487,4.465195,6.058959,5.737668,6.0166755,3.744976,4.515329,5.6023245,5.567445,5.4287014,7.0493326,3.161489,3.7828526,5.7071514,5.1044044,5.436562,5.33378,3.966076,5.5993047,5.3710475,4.5520306,4.5951543,5.79012,4.9893637,4.6388693,4.56091,3.9671774,5.1217093,4.7949467,3.690371,6.6533594,4.740101,5.851772,5.722272,3.356099,4.1947403,2.9357297,4.1968155,6.2264175,5.2544603,6.1334343,5.2412,4.240024,5.623616,4.6655602,6.9994187,6.284442,5.5319285
TCGA-05-4395-01,6.840574,7.4215703,5.523685,5.0304775,5.2085,4.071583,4.5644503,6.25672,5.0901694,5.759319,6.499865,5.658357,6.905489,7.802055,6.9888935,3.5399728,5.7052836,4.6289587,5.966358,5.480233,5.5476484,3.4480524,4.9008775,5.9150796,5.561712,5.129185,7.6822877,2.4085686,3.7156444,5.871035,5.271855,4.6550736,5.8614717,3.826848,5.1125956,5.021439,3.6895297,4.4196773,5.496574,4.3683615,4.0798726,4.3959155,4.221473,5.180176,4.69881,3.287996,5.9530177,4.311275,6.4613357,6.109116,3.2408674,3.7604027,3.0355055,4.09129,6.177278,4.1497416,6.6551266,5.2525964,4.4720287,5.693688,5.076794,7.234197,6.5131683,5.674716
TCGA-95-7947-01,5.614682,7.349305,5.682855,5.0851693,5.3743963,3.3020892,4.0796022,6.5028567,5.101728,5.7737637,6.560027,5.464444,7.1026907,7.5097084,6.6593337,3.612224,5.782455,4.6592164,6.1197124,5.7431993,5.90586,3.377847,4.6868405,5.637711,5.714597,4.9203167,7.1494255,3.0222406,3.6917045,5.699513,5.2136717,5.2318945,5.436943,3.8247032,5.4228196,5.172834,4.206227,4.6281943,5.8279333,4.7302356,4.420819,4.5805364,4.0061593,4.9095984,4.7476325,3.6142826,6.6371813,4.5503674,6.1574297,6.0525527,3.3031273,4.07807,2.938239,4.1792426,6.2783976,4.8569055,6.431017,5.196077,4.4622464,5.6339164,4.763567,7.3710394,6.2901664,5.5516396
TCGA-69-A59K-01,5.577269,7.547572,5.7847347,5.200608,5.4269342,3.3371487,3.985144,6.553058,5.0936937,5.7920732,6.6828094,5.425072,7.141519,7.585779,6.698629,3.6795497,5.82707,4.6988115,6.051933,5.712332,5.7786283,3.2643425,4.7813134,5.633844,5.7294908,4.7988563,7.2065954,2.8724368,3.7819254,5.7239313,5.234392,5.119224,5.565259,3.8399293,5.266335,5.171918,4.1167655,4.5745583,5.888529,4.60834,4.2889633,4.574262,4.0082593,4.8201056,4.7629795,3.5783203,6.6241574,4.478891,6.233,6.1054096,3.2936144,3.973513,3.001625,4.103338,6.231077,4.691319,6.418409,5.176101,4.5424266,5.687433,4.8015714,7.434197,6.2919655,5.5314384
TCGA-78-7163-01,9.179828,4.9293766,4.1032743,4.65933,4.2095523,4.3556085,5.227013,6.0147266,4.991293,5.3855824,5.3011913,5.4879546,7.328173,6.4074574,6.625601,3.080548,5.3046947,4.1206307,5.4573503,5.146078,4.948009,4.3728495,4.904434,6.4686637,5.0392804,6.4614387,7.0500255,2.439381,4.341321,6.0503664,4.8969164,5.0545807,5.486128,3.9733117,5.1158066,5.325386,4.003991,4.243064,4.314398,4.4410214,4.2234306,4.298395,4.983688,5.9455304,5.414489,3.2038949,5.6071873,5.003436,6.656569,5.266002,3.980041,4.187085,3.413772,4.876528,5.3197145,4.547791,6.138754,4.883719,3.9639473,5.568336,4.9600167,6.497198,6.6463194,5.850683
TCGA-78-7149-01,8.132026,6.5642858,4.8627214,4.8695717,4.724586,4.630805,5.0317636,5.960197,5.077791,5.6336646,6.171819,5.7620344,7.015591,7.599667,6.9498897,3.0605023,5.5869823,4.55226,5.683059,5.221584,5.1760006,3.8390715,5.0551558,6.285869,5.2749515,5.763212,7.648451,2.2399082,3.9152215,6.05888,5.2272835,4.5024605,5.887392,3.8846333,4.9633226,5.065981,3.4559007,4.2935615,4.9560304,4.1478815,4.0910387,4.3571777,4.7436013,5.450351,4.899493,2.991048,5.5746546,4.4553943,6.4443126,5.8418956,3.6612592,3.9091864,3.2294428,4.4768715,5.763133,3.9098186,6.451891,4.99556,4.3680654,5.722386,5.1923566,6.965974,6.591601,5.762353
TCGA-75-6214-01,5.568184,7.0297446,5.3727345,4.8820677,5.2790546,3.2482033,4.2843456,6.6477046,5.066397,5.8068476,6.202114,5.506226,7.0713606,7.343562,6.454276,3.707787,5.458098,4.543038,6.2549553,5.727993,5.903692,3.533082,4.560439,5.5739026,5.5233674,5.2513933,7.2775803,2.959494,3.7630062,5.6430836,5.2816396,5.425167,5.4391775,3.877772,5.470796,5.4154024,4.479423,4.603077,5.8501773,4.991637,4.4667206,4.557948,3.8212845,5.0615225,4.7885356,3.642343,6.5673895,4.628969,6.0458126,5.838852,3.1418908,4.1405134,2.831188,4.1028466,6.344287,5.0265956,6.2050834,5.39878,4.347958,5.6713667,4.746527,7.086332,6.276947,5.450153
TCGA-05-4433-01,8.914837,5.2625422,4.0879717,4.669403,4.3234057,4.192049,5.135847,6.0442886,5.1061034,5.417522,5.306068,5.3574486,7.4241834,6.3313465,6.6092114,3.1803715,5.3080626,4.134784,5.4732866,5.135215,4.80689,4.245118,4.9048257,6.521019,5.062695,6.452038,6.9125695,2.427588,4.3449254,6.009417,4.9753904,5.135749,5.3897843,4.007722,5.233348,5.339851,4.036065,4.24789,4.51323,4.3657126,4.2102966,4.320526,5.0574307,5.863656,5.232704,3.192726,5.7368455,5.02552,6.719565,5.3543506,4.1082444,4.245049,3.4981697,4.9560127,5.5146728,4.530435,6.096725,4.7499804,3.981516,5.6131883,4.90067,6.6536555,6.785719,5.792489
TCGA-93-A4JN-01,9.096811,5.219312,4.086661,4.7231793,4.2721233,4.534302,5.2970843,5.919644,5.03286,5.444557,5.38959,5.6390963,7.268337,6.7144985,6.7096906,2.9991274,5.3851233,4.16398,5.508173,5.1182537,4.9698453,4.3469367,4.9910727,6.5103965,5.001177,6.442331,7.1794176,2.3277686,4.201412,6.1584964,4.9200773,4.829748,5.572444,4.033302,5.056175,5.186162,3.8386934,4.216728,4.35667,4.2876887,4.257091,4.2870893,5.041317,5.924366,5.3332624,3.09602,5.478995,4.8988805,6.609532,5.3331423,4.033319,4.1301723,3.421461,4.8565116,5.2981873,4.2796,6.2322288,4.8997,4.0290403,5.6182036,5.0604715,6.5429564,6.662508,5.829196
TCGA-44-2655-01,7.690722,6.9719934,5.1163087,4.887669,4.848893,4.5498095,4.9076686,6.0348115,5.149945,5.7048335,6.2079244,5.848341,6.9002376,7.7076454,7.0374694,3.2614536,5.624133,4.5979433,5.733169,5.2811747,5.383209,3.7290442,4.9442215,6.1550994,5.3281217,5.5856867,7.7230644,2.2866018,3.8769774,6.06027,5.2004843,4.4215827,5.8831935,3.824264,4.9658456,5.04772,3.5054631,4.3075695,5.116442,4.2327414,4.095499,4.307213,4.5823183,5.441566,4.8270726,3.0462728,5.5754447,4.3657894,6.5204782,5.925208,3.4155226,3.8124573,3.125456,4.2652493,5.92643,3.9513664,6.579498,5.108451,4.354872,5.6626973,5.2066708,7.0284557,6.647401,5.7604895
TCGA-17-Z002-01,9.070076,5.0819187,4.027035,4.690238,4.2819905,4.26985,5.1267176,6.081382,5.092476,5.4257812,5.2534614,5.3494844,7.443179,6.2138042,6.6645665,3.1818802,5.2867517,4.0827575,5.391628,5.0869436,4.798497,4.3035,4.99636,6.571165,5.051853,6.541523,6.895112,2.2984724,4.3890057,6.092408,4.840404,5.1384487,5.349143,4.0422974,5.2018337,5.3241773,4.0153966,4.2151666,4.391272,4.3006916,4.188455,4.2609534,5.11918,5.962304,5.307173,3.1916075,5.6842027,5.061256,6.829342,5.3012767,4.1657906,4.19578,3.5602994,4.9242096,5.4520054,4.5110226,6.150978,4.743276,3.9344745,5.6123004,4.941187,6.5923467,6.838998,5.783983
TCGA-50-5932-01,9.170484,5.0924516,4.0262694,4.7117987,4.1942964,4.455275,5.25992,5.986417,4.9294424,5.4230175,5.280304,5.662718,7.359456,6.7212195,6.697646,2.997667,5.4082794,4.1233907,5.5714273,5.137995,5.075692,4.356421,4.9522533,6.438067,5.037792,6.4556584,7.1250076,2.4045727,4.216227,6.1223664,4.8892827,4.940661,5.4969163,3.9647884,5.017205,5.28057,4.0357704,4.2297482,4.3373494,4.4088264,4.247922,4.2738433,4.9340405,5.871956,5.4594088,3.1981044,5.550255,4.9600596,6.568172,5.20859,3.9768598,4.188966,3.4254153,4.880008,5.259919,4.5294976,6.149825,4.945048,4.008737,5.5392475,5.0028834,6.4433174,6.5865946,5.915512
TCGA-MP-A4TK-01,6.256614,7.322725,5.6181445,5.055559,5.238113,3.8225572,4.284028,6.319757,5.13011,5.806768,6.610035,5.5433173,6.9922776,7.7339525,6.801931,3.553101,5.7817054,4.740339,5.9043636,5.532544,5.691198,3.3520033,4.755166,5.755416,5.6711698,5.0735025,7.4534574,2.694962,3.8259473,5.795159,5.2745614,4.856943,5.712536,3.773984,5.2183776,5.1390805,3.8379161,4.4878006,5.7013884,4.4751716,4.205094,4.5136404,4.167398,4.9809246,4.679305,3.3581824,6.2749023,4.400378,6.2976975,6.1039066,3.2604601,3.886612,3.0289204,4.071379,6.221863,4.3585377,6.4779267,5.0983987,4.512184,5.6562023,5.002729,7.351266,6.403822,5.63996
TCGA-55-6981-01,6.3162866,7.366753,5.633077,5.0871854,5.271551,3.9723668,4.346534,6.3111815,5.133121,5.855513,6.6188207,5.54936,6.955043,7.838508,6.8569627,3.5503023,5.7788625,4.764915,5.88283,5.478628,5.5970883,3.3216372,4.7842345,5.793616,5.5854206,5.1441784,7.5379677,2.5449781,3.8075275,5.8292174,5.315146,4.7274485,5.8422303,3.821403,5.1191053,5.114279,3.7389483,4.398461,5.685001,4.355579,4.0951605,4.4662704,4.2168655,5.0281057,4.6847005,3.2284455,6.11641,4.3226676,6.381048,6.181381,3.2379653,3.7577085,3.0744956,3.9966598,6.237513,4.2654576,6.519243,5.1173754,4.5165086,5.7249517,5.096429,7.374252,6.4709673,5.6123056
TCGA-17-Z033-01,8.00911,6.6010723,4.8658404,4.898633,4.7634163,4.5205927,5.0276637,5.9844246,5.0891395,5.650048,6.185666,5.711174,7.023963,7.531484,6.928106,3.084229,5.610439,4.522472,5.7222314,5.233682,5.2338996,3.8018556,4.992719,6.24099,5.3200808,5.727919,7.5756335,2.3140712,3.8779426,6.015575,5.1881833,4.5625787,5.812207,3.9060788,5.0403976,5.02731,3.501242,4.308178,4.953929,4.173041,4.1308227,4.3745522,4.7329106,5.440781,4.909626,3.0347633,5.6664696,4.4717007,6.4011827,5.824998,3.6340294,3.9296749,3.2235472,4.509099,5.7555404,3.9094148,6.460021,4.9652915,4.3493986,5.70337,5.164735,6.93915,6.5685277,5.7725534
TCGA-78-7150-01,5.992193,7.429963,5.6257086,5.1074867,5.284905,3.6132169,4.1670346,6.447196,5.131117,5.785243,6.5429773,5.550782,7.0948825,7.581911,6.747962,3.6371396,5.718542,4.712339,5.967282,5.6079473,5.6970863,3.3493717,4.821727,5.7306986,5.6547375,4.94868,7.371177,2.735733,3.8918405,5.7936325,5.2548213,4.9986806,5.6212583,3.7659302,5.196249,5.2246456,3.9897459,4.5509195,5.7476077,4.581295,4.261025,4.5290265,4.097132,4.9203234,4.7558494,3.4828374,6.409031,4.467334,6.321798,6.0310974,3.2796001,3.9915218,2.9988432,4.1049376,6.181277,4.50133,6.408185,5.1527567,4.5203376,5.6422253,4.89209,7.3631306,6.3436713,5.5680175
TCGA-17-Z042-01,5.769258,7.5349507,5.711906,5.178772,5.3961167,3.4757748,4.0678096,6.527162,5.1182714,5.798518,6.6079407,5.5023046,7.125973,7.581984,6.733847,3.6752832,5.758455,4.7166085,6.035667,5.6752644,5.7180047,3.2926672,4.832337,5.6815796,5.6726513,4.8422666,7.310898,2.775491,3.8338099,5.7618,5.259942,5.0546913,5.611966,3.8008187,5.200023,5.207648,4.0444713,4.566122,5.8169885,4.6068654,4.265092,4.5434365,4.034719,4.855324,4.7669935,3.5239418,6.502206,4.458181,6.307113,6.0807815,3.27533,3.9822674,2.9801433,4.1002913,6.204664,4.6046777,6.41999,5.1920733,4.537885,5.6713853,4.833714,7.4195576,6.3145537,5.5222354
TCGA-95-A4VP-01,8.60775,5.8807693,4.4874105,4.799066,4.478804,4.6128798,5.1907835,5.9026356,5.033576,5.527572,5.777863,5.76306,7.11488,7.1819296,6.8060737,2.9985185,5.484679,4.3014684,5.616038,5.1781435,5.162833,4.1374865,5.012465,6.3729253,5.130272,6.1276517,7.462335,2.2716982,4.0179653,6.1545033,4.9926615,4.6408525,5.7521424,3.993546,4.985728,5.0610843,3.6641243,4.2523217,4.6133466,4.1997924,4.2479086,4.3304744,4.8673277,5.7358403,5.1574135,3.0762172,5.495305,4.6903033,6.475656,5.5409336,3.8479955,3.98601,3.32186,4.6578846,5.4433885,4.1015973,6.381094,4.976155,4.185156,5.679046,5.154792,6.70728,6.566254,5.814453
TCGA-38-4627-01,8.824203,5.085936,3.9322536,4.6837234,4.275281,4.304978,5.2546616,6.004846,5.0519085,5.391821,5.354375,5.306166,7.3717546,6.506015,6.666954,3.0553806,5.2402916,3.9764595,5.4298086,5.1176205,4.75314,4.447742,5.066845,6.565505,5.0119486,6.6112328,7.036332,2.3111317,4.261694,6.1232386,4.7984977,5.103838,5.448483,4.1950574,5.255189,5.19881,3.9825842,4.270128,4.376998,4.1879706,4.399627,4.3318796,5.147873,6.0874624,5.294255,3.2047236,5.7605968,5.06787,6.6164227,5.2625594,4.183086,4.1707335,3.579926,4.909679,5.3377876,4.425937,6.2197285,4.7817183,3.9435422,5.7190356,4.9878316,6.4561753,6.7431383,5.767425
TCGA-86-7953-01,9.273671,5.0354548,4.027105,4.685765,4.17147,4.42051,5.269508,6.004444,4.9988256,5.424381,5.254281,5.5136223,7.362161,6.526744,6.668375,3.0702543,5.320683,4.1114726,5.44751,5.0918684,4.9335227,4.341811,4.9191446,6.4719853,5.0355425,6.5152183,7.072442,2.3735034,4.3437347,6.073562,4.8971086,4.965422,5.4678855,3.962412,5.0965214,5.3325496,3.9815075,4.20887,4.304514,4.4114,4.19344,4.2683215,5.020009,5.9386096,5.429849,3.16359,5.5706906,4.977438,6.6744785,5.2387786,4.0250406,4.175533,3.4632087,4.879803,5.315673,4.476637,6.127853,4.8630514,3.9657404,5.556401,4.9937134,6.4804516,6.66744,5.876059
TCGA-97-8177-01,9.049604,5.0552473,4.048691,4.7112093,4.2433877,4.2722535,5.1232443,6.0512757,5.102544,5.4058814,5.2345915,5.3627563,7.479926,6.2390795,6.585355,3.1986737,5.2712135,4.0774384,5.365664,5.0635767,4.8433185,4.2818933,4.930882,6.5582876,5.0577,6.5155244,6.8872023,2.3459013,4.457254,6.0618715,4.8115687,5.1527553,5.3479047,4.0027943,5.1860805,5.33887,4.0345273,4.2160587,4.32851,4.376026,4.199249,4.2861934,5.1096478,5.958365,5.37272,3.2025862,5.656814,5.1071906,6.8436804,5.2449694,4.161959,4.2132597,3.5470169,4.940622,5.4066305,4.5357914,6.1304626,4.7343097,3.9299986,5.5675755,4.9457245,6.607167,6.773278,5.8244
TCGA-75-5125-01,7.669733,6.8557854,5.121611,4.9691463,4.8765283,4.4406805,4.878392,6.0477986,5.141043,5.7285953,6.3062,5.71289,6.972081,7.6571746,6.9208307,3.2332857,5.6631274,4.577,5.727342,5.2821183,5.337405,3.670582,4.9556794,6.1351748,5.4099045,5.5454545,7.6309094,2.3135853,3.8873239,6.012761,5.1906133,4.513489,5.868868,3.8676872,5.0222907,5.0153866,3.5502996,4.3366957,5.1207023,4.1977887,4.0904236,4.387736,4.610474,5.3753777,4.837388,3.0689826,5.7100444,4.3788424,6.4306774,5.918995,3.4944506,3.8042464,3.1977377,4.351447,5.8643093,3.9363413,6.5146146,5.022855,4.4107327,5.6927094,5.208018,7.0284925,6.560064,5.7760158
TCGA-50-6592-01,6.776258,7.495839,5.5440426,5.01494,5.1867065,4.171563,4.479354,6.2013683,5.247403,5.7594867,6.48497,5.769303,6.9424887,7.711754,7.0169606,3.4874465,5.660582,4.820937,5.8288317,5.443189,5.612887,3.4017732,4.866515,5.9219775,5.5570717,5.043672,7.6565795,2.5808303,3.9276009,5.869407,5.3319836,4.6913776,5.741613,3.6113608,5.1039658,5.167606,3.577138,4.517934,5.466228,4.4625926,4.2025347,4.4341364,4.304393,5.0672407,4.690587,3.2426434,6.017171,4.366051,6.521419,6.0845747,3.227281,3.9785602,2.9322124,4.1163216,6.185951,4.117298,6.569882,5.107913,4.5091906,5.5600457,5.047272,7.37999,6.4979563,5.65439
TCGA-91-7771-01,7.4565353,7.178784,5.2603908,4.9277015,4.983318,4.493214,4.8038588,6.074016,5.1505013,5.705175,6.338023,5.8686457,6.859804,7.8001647,7.1076946,3.289487,5.6829143,4.687431,5.8102765,5.3549447,5.4720464,3.6455805,4.9573793,6.0831375,5.387257,5.4099345,7.774093,2.3228765,3.7852178,6.015617,5.2572055,4.399778,5.9174166,3.7856379,4.965699,5.0191545,3.446044,4.3429875,5.2207594,4.2859306,4.100497,4.304882,4.4755044,5.3177543,4.75172,3.0639114,5.654183,4.2929797,6.5032477,6.0409517,3.3283565,3.8227847,3.019395,4.2150774,6.01676,3.9770548,6.6479273,5.156684,4.39883,5.6487513,5.1452036,7.147017,6.627818,5.729347
TCGA-50-5055-01,8.814027,5.2802143,4.0774364,4.675251,4.3636184,4.2233515,5.1801987,5.9665837,5.1636915,5.428604,5.3267837,5.3970594,7.426836,6.412575,6.567116,3.2242506,5.312357,4.1178555,5.502666,5.105036,4.7613463,4.2820487,4.9332952,6.615226,5.0404544,6.467065,6.9063864,2.4338193,4.307285,6.0650535,4.9852896,5.180472,5.401117,4.0560966,5.280633,5.2724648,4.0173593,4.2885914,4.548938,4.29625,4.310406,4.365126,5.058847,5.892933,5.1548214,3.1870966,5.700509,5.055974,6.72055,5.313809,4.148915,4.276639,3.5337067,4.958929,5.5373116,4.4839926,6.0998163,4.7732983,4.041652,5.6093864,4.954884,6.643805,6.792509,5.7892857
TCGA-MP-A4T6-01,9.140519,5.1053348,4.0982857,4.7039337,4.2071424,4.424168,5.2581534,5.985941,5.028905,5.4275146,5.317369,5.513751,7.3404717,6.5675287,6.649423,3.10977,5.323113,4.149441,5.443574,5.089694,4.936899,4.2890596,4.9008937,6.4685736,5.0608597,6.4567595,7.101561,2.3888319,4.3623543,6.0610757,4.9170628,4.958539,5.5038505,3.9387028,5.095656,5.3166723,3.934709,4.2257195,4.328932,4.4161806,4.1903505,4.291672,4.998113,5.9156713,5.402959,3.1569288,5.5638924,4.9555683,6.681366,5.2669215,3.987427,4.1674185,3.4448075,4.834957,5.3600698,4.432328,6.1445127,4.8700705,4.003851,5.5459585,5.01564,6.5260158,6.6415687,5.880081
TCGA-17-Z010-01,6.814378,7.312409,5.530398,5.042269,5.21075,4.183438,4.5246816,6.2221546,5.1692395,5.8138213,6.5061226,5.6015806,6.9326158,7.797603,6.972662,3.5467756,5.6885805,4.7270174,5.8203616,5.4149923,5.5103846,3.37135,4.836778,5.892711,5.5557055,5.156747,7.657789,2.4872105,3.8825257,5.829819,5.3245516,4.7106385,5.837192,3.7307272,5.1006207,5.118174,3.631501,4.4245186,5.4983363,4.348143,4.078729,4.436966,4.2892804,5.1382585,4.7075443,3.1923308,5.9839754,4.336914,6.5153465,6.13393,3.22137,3.785361,3.045336,4.0250444,6.209337,4.1191087,6.5882134,5.122489,4.500485,5.6763744,5.1344433,7.328292,6.51862,5.6702127
TCGA-55-6971-01,7.2324934,7.250048,5.3382406,4.9162574,5.0374193,4.430375,4.807867,6.18657,5.1943145,5.810335,6.385268,5.786322,6.7921314,7.868092,7.050732,3.4256275,5.6109867,4.6808796,5.7912407,5.363087,5.4764867,3.5162897,4.924443,5.984064,5.411683,5.34419,7.858743,2.257461,3.8153355,5.968343,5.279913,4.4666843,5.9839387,3.7372289,4.966519,5.054601,3.524057,4.338449,5.316607,4.253921,4.0328946,4.309408,4.385229,5.3227124,4.6958947,3.0155869,5.6384873,4.2022157,6.4700017,6.0598884,3.1921146,3.6679316,3.0079193,4.0665116,6.0866623,3.9634998,6.6470065,5.1935654,4.408085,5.6929965,5.219846,7.134366,6.615578,5.729918
TCGA-55-7283-01,7.1236334,7.337003,5.4498525,4.948385,5.013391,4.435729,4.664972,6.12662,5.145961,5.762408,6.43527,5.832759,6.857864,7.9027944,7.108077,3.3657768,5.708693,4.735555,5.772486,5.3799596,5.4807386,3.527578,4.9244275,6.007961,5.4206924,5.3167324,7.7324347,2.3591626,3.845911,6.000093,5.271129,4.43887,5.8996863,3.764731,4.9196477,5.0765853,3.5110643,4.3308063,5.4082775,4.218244,4.0468006,4.3222213,4.442572,5.2454095,4.7513547,3.0696182,5.730383,4.2695837,6.532116,6.118171,3.2667944,3.755132,3.0715523,4.0514174,6.10372,3.983062,6.6317687,5.1317496,4.438394,5.6965265,5.1833267,7.221345,6.6249647,5.702253
TCGA-69-8453-01,8.727634,5.4173746,4.1543255,4.6938,4.3988757,4.166422,5.116861,6.02279,5.1523247,5.44674,5.3671336,5.364543,7.42377,6.4321065,6.5989933,3.2301273,5.3274574,4.155327,5.5130253,5.1374726,4.786101,4.2105846,4.915746,6.5358,5.077467,6.386659,6.916363,2.4439473,4.301923,6.006489,5.0188236,5.1551933,5.400716,4.025766,5.2765102,5.306636,4.0262814,4.2792845,4.615503,4.332816,4.2494,4.3526917,5.0315785,5.8240337,5.1427593,3.1869633,5.766014,5.012651,6.718251,5.3915243,4.1074324,4.2549086,3.50437,4.9351816,5.5899935,4.4904404,6.1094975,4.75983,4.0356836,5.6236377,4.920696,6.710614,6.7965903,5.7739754
TCGA-49-6767-01,5.6662383,7.5887485,5.7589254,5.188285,5.4374437,3.40938,4.0468407,6.5713005,5.110692,5.811434,6.65617,5.4640846,7.1024294,7.6018705,6.722404,3.6760304,5.7793756,4.716705,6.0611043,5.7224455,5.7639036,3.270656,4.8349247,5.6438875,5.6665397,4.8027396,7.2748785,2.7953713,3.7540872,5.7445683,5.2500114,5.0672717,5.6370916,3.830108,5.2162175,5.1801076,4.0685368,4.560903,5.844704,4.616336,4.276818,4.5299244,4.0048594,4.8443937,4.7449527,3.503074,6.5181665,4.4273496,6.254921,6.1191077,3.264929,3.9396486,2.958573,4.090606,6.2250476,4.6751947,6.4427795,5.219781,4.5140615,5.700743,4.80246,7.4397526,6.320371,5.4948025
TCGA-55-6968-01,5.4541516,7.3531885,5.6674676,5.0882483,5.368348,3.3079216,4.0436525,6.5924525,5.082992,5.825049,6.513118,5.4615574,7.1289525,7.543195,6.580813,3.7274828,5.695228,4.661412,6.0962615,5.724008,5.842007,3.3494022,4.7039294,5.5899315,5.66595,4.9400806,7.242654,2.9186609,3.8236377,5.7063127,5.2603135,5.2363205,5.5129147,3.8343096,5.330005,5.302528,4.268281,4.595507,5.928936,4.746793,4.353905,4.5840774,3.926853,4.8778744,4.769179,3.6053772,6.621036,4.5335298,6.16804,6.013133,3.2424314,4.03381,2.9482818,4.039494,6.2897663,4.8485365,6.3120766,5.245342,4.4930973,5.685334,4.7992415,7.34455,6.2675295,5.488444
TCGA-49-4487-01,6.4093313,7.4069114,5.5669236,5.0290074,5.249958,3.848806,4.331254,6.3147607,5.178839,5.755517,6.5029116,5.672877,7.002074,7.625197,6.8645854,3.5385323,5.698966,4.7574806,5.9582186,5.5589857,5.739546,3.4012537,4.7873816,5.8000965,5.6331263,5.0010395,7.4943295,2.7436197,3.8601606,5.797945,5.2906895,4.8947253,5.6298275,3.6880708,5.2271767,5.182868,3.8144484,4.5689535,5.6060677,4.6065164,4.292662,4.4990096,4.15606,4.991132,4.7034783,3.4140182,6.2613378,4.44194,6.360305,6.049208,3.2338653,4.0388317,2.9128199,4.1512065,6.215176,4.3777404,6.497094,5.1545753,4.4970703,5.570956,4.927751,7.3511677,6.398062,5.6215253
TCGA-17-Z007-01,9.166009,5.2476807,4.1444483,4.779877,4.202447,4.505245,5.3309727,5.937442,5.0265503,5.462775,5.354963,5.6369815,7.335562,6.719293,6.7005754,3.0245714,5.37459,4.1425724,5.5347505,5.096933,4.8976083,4.3696527,5.0053473,6.475411,5.023408,6.3834577,7.175326,2.3655143,4.2376175,6.104411,4.9555893,4.886929,5.5555124,3.9977565,5.0662904,5.248553,3.9104373,4.244324,4.389735,4.3607707,4.248662,4.303103,4.9984117,5.8855276,5.4253874,3.1043074,5.5220714,4.8983665,6.645019,5.284852,4.0152717,4.16851,3.459485,4.848864,5.310225,4.2738223,6.1808996,4.939252,4.0699697,5.5797477,5.072661,6.517789,6.6024675,5.870658
TCGA-49-4506-01,8.51812,6.031315,4.53812,4.828375,4.4711313,4.577112,5.167977,5.95153,5.015422,5.5298967,5.8086824,5.7622886,7.1253066,7.1916027,6.8798213,2.9850276,5.5122128,4.335652,5.66581,5.2038083,5.138347,4.0991716,5.050599,6.361765,5.1431804,6.0926104,7.4684753,2.2769637,3.9853525,6.156094,5.0404944,4.633922,5.746113,3.9738877,4.95165,5.0958323,3.6919272,4.27283,4.691467,4.19419,4.2159886,4.3209705,4.8435144,5.689049,5.1923394,3.0919578,5.5255914,4.6370177,6.4731,5.5608277,3.7938654,3.9971523,3.3446295,4.631745,5.514962,4.0747294,6.3629737,5.010849,4.2257776,5.671564,5.147262,6.6818166,6.555594,5.8321795
TCGA-86-8668-01,9.164915,5.2157235,3.9978788,4.656197,4.247996,4.378836,5.195868,6.0798454,4.9788375,5.4145737,5.2888536,5.418102,7.356003,6.437259,6.7798204,2.9718869,5.340892,4.109794,5.46004,5.1577992,4.852549,4.3232665,5.0366106,6.4611144,5.0128145,6.538791,7.029968,2.2438931,4.249762,6.0951943,4.896281,4.911352,5.461857,4.0464706,5.0850577,5.299827,3.9668872,4.152517,4.384855,4.2566733,4.139187,4.206403,5.1405315,5.9206185,5.354966,3.1151495,5.6598773,4.929466,6.662819,5.4068975,4.1191993,4.1128073,3.4953794,4.9586267,5.3468904,4.4199624,6.1911173,4.772258,3.9019544,5.6974087,4.923655,6.56604,6.8076854,5.782334
TCGA-75-6207-01,9.24009,5.038302,4.0117197,4.6946287,4.157185,4.460366,5.283114,5.9859486,4.916846,5.4016094,5.257389,5.653556,7.361225,6.654834,6.694246,2.9884663,5.396253,4.128509,5.5589747,5.1353025,5.049616,4.3648996,4.9441137,6.447961,5.0333714,6.4808717,7.123037,2.4135816,4.2476907,6.114927,4.900687,4.9525967,5.5015035,3.9400532,5.001087,5.3060594,4.037159,4.226933,4.309218,4.426255,4.2218795,4.2708073,4.942377,5.879533,5.489062,3.1985998,5.53426,4.962989,6.5737624,5.1949787,3.9684176,4.2015276,3.4253733,4.8877854,5.2546635,4.545958,6.1279564,4.942806,4.005715,5.52783,4.995877,6.424637,6.577929,5.9315257
TCGA-73-7498-01,8.803878,5.619713,4.3237143,4.8184853,4.379817,4.6506534,5.277701,5.871786,5.0346065,5.494393,5.6223598,5.778122,7.1660724,7.074543,6.8131614,2.9890563,5.4656434,4.245866,5.5808992,5.136417,5.084035,4.265299,5.0548453,6.4625816,5.0650387,6.247913,7.3941526,2.2737641,4.0669327,6.2083845,4.9398913,4.6813602,5.7112417,4.0256596,4.98133,5.066928,3.6975179,4.257865,4.4567666,4.2050376,4.2770004,4.314528,4.9426265,5.8505144,5.259583,3.085044,5.420778,4.767695,6.5579805,5.426953,3.9117343,4.0394683,3.3751104,4.701867,5.3463316,4.113799,6.3658056,4.9945297,4.159526,5.6355057,5.1750846,6.60261,6.5750647,5.847205
TCGA-95-8039-01,8.941042,5.501782,4.226287,4.7982125,4.314803,4.5798454,5.2831798,5.911014,5.0201793,5.489106,5.5241675,5.6983547,7.2473965,6.9546266,6.7812343,2.9871507,5.429862,4.1809754,5.5583625,5.1120853,5.023155,4.291082,5.036904,6.4582815,5.0647607,6.3257074,7.31867,2.2785592,4.1152124,6.165519,4.9314556,4.747393,5.6349044,4.0322847,5.0332355,5.1331387,3.787099,4.2387133,4.445836,4.2422595,4.258275,4.30241,4.9744735,5.856708,5.2989206,3.10258,5.49122,4.8175945,6.572142,5.3685336,3.986954,4.076761,3.431497,4.78614,5.336479,4.1793904,6.292832,4.937533,4.107676,5.630717,5.1231995,6.566936,6.606243,5.856138
TCGA-05-4425-01,9.162266,5.1633196,4.013449,4.6652355,4.1670623,4.291064,5.185774,6.090817,5.06989,5.4258976,5.2158475,5.3623276,7.4009213,6.2964106,6.632378,3.1168072,5.2491345,4.092228,5.372224,5.1102343,4.8597074,4.298783,4.895855,6.4397516,5.0237527,6.5173087,6.961322,2.368792,4.4273276,6.0260005,4.886076,5.0253954,5.371936,3.986276,5.1601014,5.410702,4.030473,4.169942,4.3514414,4.4359174,4.191541,4.245774,5.111522,5.9425716,5.44646,3.1333866,5.655579,4.995364,6.7384315,5.297315,4.0924106,4.186369,3.4797034,4.920899,5.3667865,4.4523344,6.0769134,4.762992,3.8838115,5.6024766,4.906967,6.5534544,6.748281,5.7901835
TCGA-64-1680-01,9.203384,5.2059746,3.9194298,4.7124753,4.1650844,4.431194,5.2743306,5.9982123,5.0514274,5.431273,5.2599993,5.5841804,7.285549,6.508574,6.7940445,3.0975475,5.3812313,4.152822,5.481514,5.1122494,4.913023,4.3496284,4.95905,6.514201,5.016073,6.5151267,7.1196094,2.3846595,4.2860374,6.183746,4.937543,4.8689137,5.4618287,3.9990377,5.0696154,5.2991986,3.8960779,4.1998453,4.364018,4.338981,4.238211,4.2327414,5.044928,5.946227,5.414759,3.1468618,5.4964375,4.8682933,6.655962,5.2499027,3.9877033,4.2037196,3.4751656,4.8036013,5.3671784,4.323544,6.126821,4.901087,4.013928,5.536641,4.997075,6.426361,6.707417,5.848724
TCGA-67-3770-01,7.3105903,7.2093587,5.330393,4.8655224,4.9567623,4.5326247,4.803228,6.09945,5.1497755,5.76274,6.3854313,5.88772,6.7860246,7.9280987,7.0823426,3.3137217,5.663104,4.7127314,5.801039,5.3794994,5.5526376,3.6097522,4.9083133,5.999632,5.4074,5.410692,7.844462,2.3497906,3.7763422,5.9992404,5.280784,4.406642,5.9351645,3.750169,4.965406,5.06578,3.4871655,4.343554,5.337601,4.279146,4.102355,4.311774,4.411818,5.2987127,4.6967053,3.0261354,5.6526327,4.2389536,6.4133506,6.067686,3.2392027,3.7695749,2.9936154,4.0706906,6.0929775,3.9765005,6.624929,5.1733494,4.403865,5.675523,5.1846213,7.1322875,6.614838,5.7274585
TCGA-L9-A743-01,8.507482,5.9785843,4.5108094,4.8023167,4.4951816,4.554901,5.1417923,5.969503,5.0367146,5.54803,5.7855945,5.7555146,7.106898,7.196819,6.839682,3.0377848,5.4885287,4.332287,5.635072,5.1998944,5.1840115,4.094446,5.006185,6.3475833,5.1385307,6.0955043,7.46647,2.277655,3.99598,6.1518793,5.030112,4.633012,5.7306895,3.9776356,4.9891043,5.1038356,3.6913738,4.247577,4.69819,4.2280498,4.2288513,4.3076053,4.8297687,5.6879,5.148053,3.0773225,5.5224085,4.6422286,6.4771433,5.5561166,3.807213,3.984435,3.3118079,4.6231546,5.5136223,4.100559,6.353544,5.004464,4.193249,5.6663346,5.1235886,6.7056437,6.5889273,5.7874584
TCGA-97-A4M3-01,7.082133,7.23505,5.4231105,5.0554175,5.069498,4.3514833,4.5584345,6.0628924,5.219624,5.7108407,6.359608,5.7468467,7.0592065,7.61633,7.007397,3.4222739,5.653183,4.759329,5.721853,5.2962303,5.3569174,3.546359,4.912789,6.1409173,5.4187927,5.3245554,7.5541086,2.470029,4.006574,5.9573936,5.3178005,4.5905123,5.7551646,3.7618427,5.0680633,5.165214,3.4934783,4.416745,5.3215237,4.2978497,4.131855,4.416069,4.537171,5.2172804,4.791005,3.192528,5.873681,4.4906635,6.7156134,6.0422263,3.4712844,4.007362,3.1499972,4.1690907,6.105439,4.0231953,6.5158286,5.0212107,4.49332,5.6199875,5.131649,7.352567,6.6012855,5.6289854
TCGA-99-AA5R-01,8.724947,5.3373547,4.245586,4.751654,4.4135284,4.3596187,5.121466,6.011174,5.1352787,5.4506216,5.4213552,5.365173,7.3562374,6.5909142,6.6926103,3.203544,5.298443,4.17718,5.3817883,5.0903783,4.7654166,4.253713,5.016411,6.5542674,5.042366,6.3977814,6.9899716,2.289796,4.35045,6.065296,4.88852,4.990651,5.492313,4.061759,5.1975837,5.2345138,3.850914,4.2362857,4.446283,4.2548356,4.210951,4.2932525,5.11956,5.962286,5.2045836,3.1133122,5.661205,5.0076914,6.863806,5.4639726,4.0922093,4.124004,3.5027251,4.7931495,5.515448,4.33805,6.2975707,4.7882495,3.994752,5.661783,5.02961,6.7403655,6.8335843,5.733598
TCGA-44-3917-01,7.3306313,7.2818127,5.3036923,4.933503,4.9847116,4.403803,4.7875066,6.1500916,5.11558,5.7388363,6.3364124,5.860942,6.84445,7.8450727,7.0905185,3.367441,5.6784406,4.6514006,5.8444095,5.3937497,5.49901,3.5933204,4.966688,6.011632,5.43155,5.3272123,7.813593,2.295322,3.8095758,6.005066,5.234103,4.429062,5.934243,3.760488,4.9265194,5.0335016,3.5521824,4.3502665,5.2892013,4.293487,4.0474253,4.3069024,4.389639,5.299765,4.7679305,3.1053524,5.668684,4.2417517,6.4776225,6.0284615,3.2371116,3.7395616,3.022545,4.150752,6.017681,3.9952161,6.65868,5.213381,4.4130816,5.6600347,5.168574,7.1027575,6.585306,5.7594323
TCGA-J2-A4AD-01,6.7078285,7.051551,5.378289,4.992081,5.0886025,4.0192575,4.4834995,6.269691,5.1097636,5.758897,6.3884015,5.638322,7.019702,7.630919,6.805834,3.4882774,5.6683326,4.648931,5.8646994,5.469289,5.5806427,3.532408,4.8479085,5.887835,5.5222845,5.2877593,7.5133142,2.5627832,3.8923724,5.8786473,5.245088,4.8025794,5.739439,3.8121626,5.1399584,5.176549,3.8212872,4.44536,5.4955854,4.452861,4.201774,4.4583306,4.2732186,5.1430573,4.7695565,3.2984588,6.0713296,4.448294,6.3620386,5.9809604,3.3852196,3.918714,3.0620563,4.1393633,6.088223,4.3322964,6.437819,5.1283135,4.446486,5.668051,5.026866,7.2146163,6.451845,5.6395903
TCGA-17-Z004-01,9.118258,4.917022,3.9516044,4.656291,4.2906938,4.2666774,5.115514,6.0383196,5.04906,5.3514686,5.2416816,5.3807306,7.429813,6.2210727,6.6442146,3.1507838,5.3191442,4.134142,5.4163523,5.1125817,4.8537316,4.2670016,4.9228654,6.5942154,5.0497155,6.5629597,6.896094,2.393945,4.411749,6.074652,4.860088,5.1367297,5.3809824,3.9860833,5.144612,5.3146996,4.005105,4.2325745,4.3235474,4.3471823,4.166903,4.2856064,5.1001773,5.9526706,5.316967,3.239181,5.653675,5.1020374,6.781345,5.2801156,4.1048675,4.2510805,3.50302,4.93692,5.4397683,4.616779,6.1580334,4.739386,3.9335163,5.5649877,4.9100637,6.588791,6.7912116,5.8396378
TCGA-MP-A4SW-01,9.241214,5.0836554,4.079355,4.648128,4.1454954,4.452264,5.3239813,6.0159507,4.9602876,5.4273305,5.278461,5.5630817,7.3087687,6.4738674,6.684346,3.0149906,5.3293433,4.108696,5.4910903,5.118442,5.008807,4.3570156,4.927862,6.4503202,5.047138,6.505022,7.1608133,2.3641376,4.2625127,6.091519,4.9321513,4.9662685,5.4980283,3.9379306,5.0861893,5.335969,3.9973032,4.215694,4.2954345,4.428625,4.1862574,4.2526407,4.958435,5.914863,5.452538,3.1639774,5.539556,4.902016,6.6102123,5.225115,3.9701762,4.1595874,3.4144351,4.9007764,5.2804456,4.4831343,6.102019,4.923965,3.976619,5.547264,4.9896793,6.417976,6.6306305,5.8986416
TCGA-78-7166-01,7.2914815,7.1521125,5.2264338,4.959788,4.9954696,4.244356,4.7357817,6.1950707,5.2002025,5.7017145,6.30136,5.7498693,6.954332,7.5479817,7.006534,3.3451629,5.594167,4.656982,5.784593,5.3855453,5.4225836,3.5727298,4.977871,6.0464516,5.414866,5.3107395,7.6285367,2.370375,3.9107118,5.964732,5.223538,4.624637,5.8057075,3.7294176,5.0062647,5.092748,3.5941124,4.407281,5.2076073,4.3364506,4.1435165,4.346467,4.481264,5.2752295,4.8172636,3.1338341,5.818361,4.3634233,6.503559,5.9547043,3.3618915,3.8903337,3.0300496,4.3212633,5.9408836,4.0527105,6.5645623,5.0915446,4.3916197,5.62802,5.070784,7.1509776,6.5562706,5.7075496
TCGA-78-7159-01,6.6508393,7.2734385,5.5204544,5.061443,5.195812,4.026817,4.441769,6.2553763,5.134486,5.793128,6.5435143,5.5890326,6.985082,7.745736,6.8783927,3.519205,5.743236,4.697887,5.868762,5.46218,5.5588484,3.4071271,4.8410316,5.8684483,5.593642,5.148981,7.551939,2.543493,3.8496468,5.845032,5.2738414,4.7518067,5.7851405,3.7994466,5.131465,5.1040707,3.7218401,4.4413795,5.551532,4.384581,4.131223,4.469421,4.260083,5.0850096,4.714404,3.2777808,6.091903,4.378526,6.397471,6.084473,3.289173,3.842317,3.0651011,4.100601,6.1519556,4.208052,6.523594,5.110974,4.50157,5.6762767,5.0673456,7.2915034,6.4672303,5.665349
TCGA-50-5944-01,9.216886,5.073731,4.1500053,4.693313,4.235839,4.5094566,5.283261,5.979679,5.0403748,5.4619083,5.3040004,5.5621963,7.319062,6.6011457,6.644722,3.0787604,5.314905,4.155011,5.430482,5.0876675,4.9317117,4.3272967,4.9626284,6.486242,5.01182,6.4302344,7.1090245,2.3034847,4.309614,6.0830164,4.92328,4.934145,5.536996,3.949492,5.081973,5.2933784,3.916901,4.191514,4.3129663,4.38177,4.1625376,4.2563815,5.0330977,5.9149556,5.364911,3.0612257,5.4829545,4.935433,6.7370076,5.327283,4.0308266,4.1061463,3.4086354,4.8818207,5.3132806,4.3672657,6.1780167,4.8869967,3.9852512,5.589812,5.04204,6.586413,6.6988163,5.8296514
TCGA-86-A456-01,6.519064,7.3638415,5.512299,5.0870547,5.2000318,3.890004,4.3702025,6.2953877,5.20295,5.73765,6.4064765,5.6446805,7.088305,7.4996123,6.8889894,3.5376527,5.6452255,4.727597,5.882486,5.470891,5.525506,3.422373,4.8583674,5.9284477,5.5301204,5.088895,7.4227657,2.6188138,3.9503236,5.8547683,5.281061,4.857966,5.641792,3.7258437,5.146183,5.200391,3.7879717,4.5125422,5.4987736,4.484738,4.2101836,4.467079,4.316135,5.0758963,4.8134155,3.3667974,6.1764655,4.4901614,6.5460057,6.018726,3.3487697,4.018408,3.0456824,4.2008696,6.1284027,4.2873406,6.4792175,5.09855,4.4917655,5.605873,4.982034,7.355365,6.4557395,5.6010895
TCGA-69-7974-01,5.732286,7.3007445,5.6780252,5.0655003,5.310563,3.3879998,4.111321,6.4513164,5.089845,5.7646027,6.590602,5.453091,7.0766654,7.565357,6.671441,3.593067,5.807317,4.656902,6.047008,5.69798,5.8697968,3.387811,4.680503,5.6534534,5.726836,4.9685674,7.1866813,2.9839997,3.7172384,5.715273,5.2040195,5.1560726,5.4840603,3.8404033,5.4075627,5.1509767,4.1489944,4.5908084,5.817821,4.6641693,4.3860874,4.5739474,4.0467806,4.9316344,4.726166,3.5766964,6.5957603,4.529821,6.145584,6.055175,3.3097856,4.02495,2.9846585,4.153528,6.264273,4.765434,6.429824,5.153567,4.465454,5.6451197,4.8116784,7.3454494,6.3148713,5.5885983
TCGA-55-7994-01,5.7729764,6.602437,5.114378,4.740735,4.9960957,3.2690413,4.3465366,6.580317,5.015773,5.7020173,6.0800886,5.448731,7.0989795,7.1563396,6.362015,3.5406017,5.4739685,4.4394097,6.1024146,5.713243,5.9231315,3.7747054,4.5606217,5.637723,5.4752107,5.5593925,7.0763273,3.044763,3.778768,5.7262444,5.10894,5.4671607,5.3618526,3.9831858,5.525708,5.403426,4.5590577,4.547467,5.7128205,4.9706764,4.615536,4.5236716,3.97276,5.1774125,4.832036,3.6129677,6.574024,4.7426786,5.8944864,5.663979,3.3367703,4.198616,2.9271004,4.262665,6.15742,5.190107,6.0983057,5.2764397,4.19636,5.645561,4.664335,6.912304,6.320394,5.4954805
TCGA-75-7025-01,9.289961,5.282539,4.1279936,4.8107376,4.1782866,4.441349,5.1753244,6.0313587,5.1280513,5.5277696,5.2369866,5.5888357,7.4906526,6.30731,6.6830163,3.157558,5.3533583,4.0643444,5.417865,4.9966707,4.9110503,4.3126287,5.0301423,6.5487523,5.0536556,6.457492,6.985299,2.199911,4.364196,6.184175,4.8046556,4.985745,5.334093,4.0160213,5.1152134,5.3154244,3.9883027,4.173998,4.3822155,4.3176646,4.185613,4.2293797,5.0880275,5.895477,5.4354615,3.136877,5.508873,4.986178,6.8828173,5.2080674,4.2181706,4.164537,3.6082716,4.9408154,5.350912,4.2889647,6.1146474,4.7962413,3.9971936,5.5451117,5.049784,6.570974,6.7686467,5.841571
TCGA-NJ-A4YI-01,5.9977307,7.532141,5.6981106,5.1299934,5.3806,3.5627348,4.1645355,6.4475803,5.1428823,5.783883,6.579058,5.568508,7.072006,7.59391,6.7991877,3.633163,5.743608,4.723657,6.059339,5.658392,5.760401,3.3096333,4.803038,5.716582,5.6880627,4.8377295,7.365424,2.7949183,3.7907166,5.754827,5.271508,5.02463,5.5853887,3.734189,5.254883,5.169799,3.9766104,4.601001,5.737644,4.6301994,4.2871866,4.534724,4.062653,4.9053183,4.7357974,3.51853,6.431333,4.452861,6.3397985,6.092611,3.2529683,4.010687,2.9342728,4.138927,6.2386427,4.538073,6.499355,5.196727,4.5260286,5.620276,4.8603334,7.4206157,6.3292065,5.570149
TCGA-44-2668-01,6.3429236,7.3090386,5.5688906,5.0264797,5.192096,3.8828244,4.3474255,6.301015,5.1399193,5.7859893,6.4678755,5.60612,7.0188203,7.679689,6.8227453,3.5961447,5.685896,4.70664,5.8829346,5.5045357,5.640285,3.416997,4.7944045,5.827688,5.6003456,5.1048083,7.491789,2.6658995,3.9071813,5.821803,5.278129,4.8788295,5.681176,3.7471972,5.2060738,5.201692,3.8576267,4.50524,5.6334953,4.493038,4.2084365,4.4938846,4.202117,5.063433,4.723355,3.3769004,6.196206,4.4507327,6.421357,6.0512843,3.282397,3.9319007,3.0375655,4.0501304,6.2281904,4.375534,6.4746256,5.1321816,4.4943156,5.641189,5.02351,7.3323646,6.434321,5.6205716
TCGA-55-8092-01,5.930856,7.002613,5.4123764,4.872468,5.181405,3.4440787,4.337098,6.464395,5.0793424,5.766285,6.330398,5.546477,7.0011997,7.445754,6.5893373,3.5619156,5.6044245,4.590347,6.135972,5.6705766,5.902169,3.5360918,4.580972,5.6517596,5.6031623,5.2569795,7.2846704,2.9298058,3.7078526,5.715032,5.230386,5.2086535,5.4810143,3.8318605,5.458148,5.2548027,4.249237,4.5747695,5.7417874,4.8274384,4.439738,4.5301785,3.9960701,5.0772624,4.734541,3.5517879,6.455028,4.5594664,6.070454,5.9111114,3.229702,4.077527,2.890824,4.180385,6.276848,4.8154936,6.342062,5.2626624,4.3577228,5.6235614,4.816513,7.141001,6.3196282,5.574204
TCGA-75-6203-01,8.853454,5.0991006,4.0217905,4.6753893,4.2701435,4.2791076,5.1768026,6.0531106,5.0894756,5.406189,5.3413115,5.276045,7.418477,6.299096,6.5981097,3.107161,5.195997,3.9648912,5.3632164,5.0902367,4.7880754,4.410265,5.050309,6.574975,5.0271516,6.6045194,6.959352,2.2609425,4.3452187,6.121995,4.7310762,5.1782246,5.3755293,4.1724334,5.2662416,5.2441783,4.018679,4.245761,4.361834,4.2222013,4.3762627,4.315362,5.160688,6.0821495,5.323511,3.2073627,5.7503123,5.115618,6.7162695,5.2479615,4.232015,4.157764,3.5931005,4.9331646,5.3493595,4.463496,6.192046,4.73534,3.9033551,5.707815,4.9721413,6.505806,6.7779245,5.7394333
TCGA-69-8255-01,6.7645826,7.174485,5.400856,4.8889046,5.082528,4.059763,4.6191916,6.2815003,5.1161914,5.7686806,6.382515,5.7145166,6.855836,7.731377,6.8988333,3.485677,5.6287074,4.644085,5.9457345,5.4957485,5.664557,3.5396411,4.7759514,5.8466372,5.4970565,5.319244,7.644932,2.5297718,3.7417045,5.86899,5.2640076,4.7214847,5.793897,3.8005483,5.156865,5.124904,3.7955866,4.416506,5.5183506,4.4855857,4.191777,4.3841724,4.20047,5.2242208,4.6960998,3.24812,5.959871,4.343265,6.307383,6.0209093,3.1974568,3.8280573,2.9658039,4.075004,6.1914406,4.292463,6.5382915,5.250193,4.3871408,5.672599,5.0435643,7.12991,6.51117,5.659917
TCGA-44-7659-01,7.054297,7.1772327,5.4225984,5.075362,5.0920606,4.318158,4.5263395,6.056165,5.2125497,5.711781,6.3590055,5.6951437,7.0955043,7.582134,6.972733,3.442278,5.662223,4.749034,5.7228203,5.287728,5.342767,3.537139,4.889039,6.140576,5.437763,5.335339,7.507358,2.5012481,4.0242023,5.9303865,5.3192925,4.646207,5.728467,3.7779996,5.1071134,5.173469,3.5155501,4.424467,5.328762,4.31196,4.1371703,4.4440637,4.53335,5.2066817,4.7963276,3.2232778,5.9232593,4.534373,6.728792,6.040326,3.4967978,4.0286546,3.1733181,4.1744385,6.120554,4.0541167,6.496739,4.998866,4.502233,5.6189065,5.126828,7.373211,6.589815,5.6243854
TCGA-93-A4JQ-01,8.807901,5.7975965,4.4082437,4.8215885,4.3877783,4.6416507,5.2462125,5.888767,5.0202236,5.5259924,5.725093,5.7678857,7.1761622,7.1392546,6.8453617,2.9590943,5.5035024,4.289465,5.616655,5.1351185,5.081755,4.148923,5.0348167,6.391221,5.138005,6.174901,7.4597697,2.256688,4.0531845,6.151764,5.0359483,4.61155,5.728944,3.9691703,4.9741163,5.108624,3.6620095,4.245212,4.5974464,4.20327,4.1941442,4.320889,4.9134307,5.7159657,5.218304,3.0745227,5.4836235,4.67683,6.502032,5.498452,3.8965628,4.0335145,3.3890004,4.71049,5.445944,4.054574,6.32078,4.93606,4.200891,5.6532416,5.1586914,6.662047,6.5627728,5.8652267
TCGA-38-6178-01,9.137335,5.198322,4.169677,4.7493176,4.3000417,4.5009265,5.179115,6.0180902,4.99071,5.4656844,5.3991,5.652469,7.2651443,6.697855,6.748403,3.0871112,5.394024,4.2088423,5.4770393,5.117416,5.129017,4.229616,4.9396663,6.4242277,5.109484,6.342674,7.2198153,2.3087564,4.2536316,6.095276,4.8724284,4.8576593,5.551775,3.9023488,5.0168915,5.2424893,3.8628144,4.2122846,4.3192368,4.407775,4.115755,4.242935,4.919172,5.8578463,5.3494005,3.1495843,5.4861197,4.877381,6.6936474,5.332319,3.9065623,4.0745807,3.3504784,4.762754,5.3475885,4.4224973,6.2719913,4.9301515,4.0160813,5.5335903,5.0455513,6.5792513,6.6454864,5.880434
TCGA-44-2662-01,6.8936777,7.3151026,5.4303813,5.078088,5.251005,4.051354,4.5107493,6.201533,5.0376205,5.6970234,6.583014,5.721029,6.9468327,7.8166933,6.9314547,3.3537064,5.875715,4.6598506,6.0620995,5.528861,5.638276,3.5435398,4.9144573,5.917212,5.5775228,5.1657114,7.615997,2.479681,3.5942845,5.8894653,5.2264795,4.583438,5.8804617,3.9545388,5.1015363,4.9204793,3.605202,4.40718,5.447949,4.43591,4.15122,4.4247108,4.2260423,5.0841517,4.673532,3.3142645,6.015012,4.326667,6.2924495,6.1184306,3.3124819,3.8676262,2.9669793,4.290611,6.079557,4.2253065,6.6235456,5.2111077,4.4670167,5.674737,4.970776,7.210038,6.4872417,5.683342
TCGA-55-A492-01,6.7996783,7.450223,5.5428467,5.05672,5.1959434,4.2026796,4.48735,6.1925216,5.244564,5.772751,6.467036,5.721834,6.985177,7.6948647,7.009855,3.509396,5.65602,4.7991967,5.8032575,5.3980565,5.507535,3.4018645,4.879127,5.9780145,5.5101633,5.1041026,7.6198587,2.5265784,3.9540489,5.8803554,5.3403163,4.684576,5.757724,3.6702309,5.085467,5.1707015,3.567439,4.478172,5.4499717,4.3898206,4.145165,4.4325404,4.359058,5.1090674,4.727611,3.2209642,5.976174,4.3942404,6.6042104,6.0921636,3.2799428,3.9479022,3.015909,4.0964327,6.1797185,4.0937567,6.5592837,5.09341,4.5147257,5.6004243,5.090208,7.3881693,6.533022,5.636035
TCGA-50-5045-01,6.792095,7.0102134,5.450257,4.995357,5.106372,4.129062,4.519299,6.127772,5.137106,5.7956166,6.453338,5.5519977,6.9830694,7.7572265,6.871615,3.5242894,5.729135,4.639981,5.7695107,5.398728,5.5531645,3.5008886,4.7860456,5.9204288,5.6013327,5.274195,7.5423255,2.6188858,3.8939404,5.8443265,5.260633,4.7929373,5.7000017,3.7986224,5.238891,5.11145,3.7288494,4.44709,5.490314,4.350941,4.1667113,4.490628,4.341221,5.2061133,4.719452,3.26975,6.0791707,4.458475,6.425269,6.0596256,3.353847,3.8608313,3.1261277,4.065287,6.1856284,4.2378707,6.5337152,5.0430603,4.4765973,5.6704865,5.1395774,7.2663593,6.50943,5.7132654
TCGA-NJ-A4YP-01,5.5756536,7.316684,5.6967354,5.1129737,5.3608656,3.3113396,4.0618186,6.502133,5.093211,5.762084,6.51251,5.44173,7.1557164,7.4952955,6.6545625,3.6710026,5.7554245,4.629762,6.0618033,5.724055,5.846141,3.3893018,4.706365,5.6631765,5.688602,4.9003434,7.1440005,3.0303943,3.785542,5.6958466,5.2187953,5.261934,5.415567,3.8376389,5.40813,5.219403,4.2341056,4.629774,5.8222175,4.7144604,4.402412,4.5918064,4.030666,4.9340363,4.8023114,3.6406245,6.6607194,4.592326,6.22847,6.0366335,3.3334785,4.079768,2.9848337,4.128749,6.2815433,4.885907,6.400795,5.1908264,4.4782457,5.656494,4.7784915,7.381683,6.296562,5.534655
TCGA-49-6761-01,6.7456074,7.447582,5.5521326,5.002489,5.1956882,4.157008,4.4702215,6.194844,5.2221575,5.7702446,6.499279,5.7560387,6.933138,7.7506313,6.983157,3.5089402,5.67729,4.805541,5.8534064,5.454852,5.6527815,3.404575,4.8315477,5.890808,5.590597,5.053208,7.668722,2.610509,3.9094815,5.847829,5.33373,4.7151837,5.7390447,3.625888,5.1403937,5.1661305,3.605646,4.5247974,5.5053067,4.48526,4.2091002,4.457028,4.255301,5.059621,4.66447,3.2725298,6.042433,4.372793,6.4774985,6.087193,3.2109756,3.9704232,2.9295104,4.085287,6.219815,4.1499357,6.5629587,5.122577,4.516344,5.5639753,5.053193,7.367007,6.4784126,5.6643615
TCGA-44-2656-01,5.4670997,6.988598,5.376623,4.8980002,5.215763,3.2217433,4.220695,6.6447215,5.0421457,5.771421,6.236544,5.4368567,7.113688,7.330344,6.4284434,3.679915,5.519464,4.512777,6.1500783,5.741242,5.8941607,3.5850754,4.608114,5.592242,5.5122156,5.2724185,7.160603,3.0073333,3.7794993,5.6758404,5.2035737,5.432033,5.4318795,3.954851,5.4595914,5.3964505,4.503423,4.571511,5.842161,4.928423,4.5045342,4.5491548,3.8855717,5.067362,4.8141794,3.6258917,6.611418,4.6608987,6.002425,5.8191094,3.2442393,4.120241,2.9056027,4.1120567,6.275709,5.1310706,6.171953,5.3383336,4.313839,5.6988673,4.7056847,7.084579,6.307818,5.440643
TCGA-05-4434-01,8.997958,5.284713,4.1596684,4.688251,4.268717,4.3057714,5.145146,6.052444,5.0045114,5.383151,5.388992,5.3813515,7.3715687,6.461341,6.7041535,3.0559278,5.3181453,4.180963,5.4415326,5.1502466,4.8470383,4.22991,4.9255924,6.436616,5.074347,6.4370894,7.03684,2.376753,4.3708305,5.999849,4.9406285,4.961666,5.484037,3.9719005,5.093882,5.3437467,3.9344158,4.2118406,4.4457445,4.3624425,4.129306,4.2942033,5.0727267,5.8701677,5.3476624,3.1822834,5.705136,4.974214,6.6801867,5.41613,4.032696,4.1739893,3.4716008,4.8662457,5.457397,4.463502,6.1756973,4.7553864,3.9664295,5.646043,4.932463,6.6432347,6.711408,5.818001
TCGA-05-4382-01,5.596188,6.6088634,5.181558,4.751369,4.9737535,3.2180626,4.2557282,6.5528793,5.010952,5.6943545,6.131891,5.408054,7.1240697,7.1702905,6.3241415,3.554091,5.517827,4.444689,6.051772,5.7356296,5.9653387,3.771506,4.5502286,5.607998,5.518723,5.5212803,6.997665,3.1333299,3.8015935,5.723048,5.0828276,5.5077276,5.317871,3.9942064,5.5590725,5.4123597,4.5948777,4.5631113,5.7789807,4.9627705,4.6548367,4.5498376,3.9782498,5.1389055,4.8283362,3.6493216,6.6753817,4.7683926,5.8672233,5.6618166,3.3750763,4.2071095,2.966326,4.236771,6.162151,5.2565346,6.0654936,5.2316856,4.2062755,5.6476808,4.6506495,6.940201,6.3017974,5.4948354
TCGA-J2-A4AE-01,9.134689,4.986289,3.990751,4.6550093,4.263148,4.2462635,5.0996222,6.0745025,5.036142,5.35967,5.2365847,5.3365164,7.4284577,6.294573,6.6307125,3.1443105,5.2685895,4.1290956,5.3728323,5.1163707,4.870115,4.244634,4.882666,6.516689,5.05907,6.524798,6.9123793,2.400759,4.4513288,6.0033274,4.8512354,5.119872,5.38156,3.9534557,5.143739,5.3635106,4.0232697,4.2178655,4.3038483,4.4191346,4.1414757,4.281188,5.0888276,5.9470954,5.3482,3.2246213,5.6772566,5.0984874,6.7858677,5.3014145,4.0802717,4.219532,3.4684198,4.922096,5.418878,4.6299396,6.155618,4.7295394,3.8957703,5.57551,4.894663,6.612869,6.7636547,5.8341193
TCGA-17-Z011-01,8.793731,5.762911,4.393096,4.74076,4.3804226,4.612819,5.2217035,5.9225802,4.9706783,5.500392,5.6988287,5.7416816,7.2033525,7.1723537,6.7979107,2.9520652,5.460329,4.252441,5.6209564,5.139925,5.1343646,4.1499677,5.012504,6.388927,5.148914,6.2071233,7.4368663,2.2496543,4.049005,6.123444,5.0041275,4.696797,5.7048626,3.9446223,4.976939,5.1389947,3.75824,4.2320023,4.6074367,4.221475,4.1978273,4.31232,4.872685,5.701934,5.2010217,3.092655,5.5186095,4.7303247,6.4631014,5.459536,3.9039564,4.0268364,3.381089,4.750158,5.448918,4.2163825,6.293983,4.925977,4.1610746,5.6585264,5.116422,6.650469,6.5741525,5.874496
TCGA-35-4123-01,7.5134783,6.94413,5.211837,4.988256,4.9230723,4.421065,4.8190975,6.0745683,5.134703,5.762483,6.3808904,5.698042,6.961241,7.738988,6.930916,3.2658308,5.696066,4.6100616,5.7396464,5.3089767,5.3662834,3.604214,4.948021,6.0821075,5.4454007,5.4719048,7.644967,2.334422,3.8805246,5.9883714,5.217708,4.5201244,5.876401,3.8495805,5.008111,5.028405,3.5574608,4.344141,5.2153535,4.1830096,4.065781,4.402735,4.563225,5.3144865,4.815835,3.0707736,5.7515855,4.345562,6.4114246,5.9755616,3.4483094,3.774336,3.1902168,4.276325,5.9149337,3.9288943,6.5215077,5.0220447,4.4440002,5.7121615,5.2165074,7.079138,6.54359,5.770543
TCGA-55-8206-01,9.181116,4.9478,3.9707355,4.700981,4.2327757,4.2875824,5.174926,6.084468,5.103218,5.4262314,5.170473,5.381234,7.4628487,6.0950627,6.6595426,3.2164476,5.296717,4.098691,5.385743,5.057419,4.797796,4.2924685,4.97948,6.6052012,5.0549617,6.570362,6.8849993,2.3184974,4.4275165,6.098671,4.863456,5.168632,5.324704,3.9808338,5.1913104,5.3598633,4.023752,4.217005,4.317853,4.3635736,4.1332846,4.2385626,5.104496,5.9588175,5.3667235,3.183456,5.622313,5.048414,6.8881454,5.2369795,4.141865,4.237811,3.5500681,4.9294896,5.449412,4.5250673,6.1120043,4.774456,3.9429817,5.531654,4.943613,6.5542474,6.8314123,5.8318486
TCGA-75-5146-01,7.7239943,6.995097,5.1414495,4.894051,4.889502,4.578343,4.8823442,6.023494,5.1452956,5.691736,6.244121,5.851904,6.8896685,7.729641,7.080648,3.2311547,5.6354947,4.6310835,5.7404757,5.2902584,5.3632693,3.704425,4.956537,6.1517963,5.313776,5.5644765,7.7382174,2.2755837,3.8549469,6.0483966,5.2246056,4.4015317,5.904866,3.8236296,4.9383287,5.0350876,3.437131,4.290314,5.1329308,4.214279,4.086474,4.29813,4.5916677,5.41092,4.8176055,3.020642,5.584855,4.346317,6.542488,5.9831285,3.4107506,3.8086586,3.101104,4.2759995,5.942898,3.9077601,6.606332,5.0975175,4.360057,5.6831026,5.1922283,7.078075,6.6607833,5.735009
TCGA-73-7499-01,9.145226,5.2830753,4.102675,4.692735,4.169179,4.520356,5.2709217,5.970127,5.0213256,5.449563,5.357831,5.6028457,7.277901,6.708868,6.6386237,3.0210838,5.321851,4.1445723,5.452748,5.10938,5.032995,4.303322,4.9021926,6.403461,5.020018,6.439834,7.1829734,2.343133,4.319691,6.110982,4.886721,4.812597,5.5430937,3.9638014,5.0261483,5.2918878,3.8955383,4.172018,4.33688,4.40046,4.25668,4.271802,5.01413,5.908133,5.4686637,3.0855305,5.4880257,4.8881025,6.586407,5.284273,3.9906063,4.105758,3.4066975,4.8241363,5.2642465,4.294225,6.144178,4.890343,3.980891,5.5931897,5.0323396,6.5094867,6.595354,5.8370223
TCGA-69-7980-01,5.535979,6.7897315,5.337317,4.767173,5.07214,3.2175927,4.2618003,6.5152755,5.047846,5.744058,6.240365,5.495805,7.0417275,7.3231077,6.4021163,3.579918,5.5508094,4.539632,6.1370144,5.72176,6.0301137,3.6370077,4.480774,5.5666337,5.622145,5.3683543,7.131407,3.1231065,3.748419,5.6802363,5.1836166,5.4216805,5.3467474,3.8634088,5.5912333,5.3717756,4.502496,4.617025,5.8468485,4.9827757,4.5912414,4.5783424,3.9104478,5.067398,4.741438,3.6670914,6.645931,4.682431,5.876464,5.7728357,3.2542403,4.1877966,2.8925097,4.177102,6.293416,5.0945134,6.1704993,5.257277,4.299324,5.601341,4.7250957,7.039606,6.2608366,5.5468397
TCGA-55-7281-01,5.5977244,7.628196,5.8114343,5.2297153,5.4722905,3.3502634,4.0004025,6.5690913,5.0957355,5.79831,6.7028913,5.417534,7.13248,7.607655,6.7272,3.6779206,5.8343806,4.700245,6.0664754,5.720325,5.755154,3.2473938,4.8158207,5.64946,5.69882,4.768461,7.218841,2.8316658,3.738926,5.7262726,5.2371793,5.091461,5.61092,3.8611004,5.2439394,5.14029,4.0857697,4.5581856,5.865002,4.580116,4.2642336,4.5519533,4.0180597,4.833041,4.759798,3.541044,6.571071,4.44904,6.265121,6.1441336,3.2962275,3.9328504,2.9951108,4.1024466,6.2351646,4.6880574,6.4593873,5.201954,4.534358,5.713161,4.803234,7.459187,6.319377,5.509263
TCGA-67-4679-01,7.0570245,7.0842776,5.4151893,5.0831137,5.1317244,4.2857423,4.5268664,6.071429,5.1830163,5.7359796,6.386326,5.601309,7.0911193,7.6061883,6.930759,3.484952,5.680363,4.70912,5.7331324,5.2920737,5.3356185,3.5031204,4.863585,6.0981913,5.4828157,5.342341,7.5097136,2.4893963,4.0091357,5.882755,5.3100696,4.7050233,5.7531757,3.8048193,5.142537,5.147965,3.547662,4.413377,5.3475456,4.3038993,4.1055856,4.4678335,4.4878106,5.2081623,4.7728653,3.2288568,5.9525404,4.530054,6.6972566,6.05967,3.47458,3.9617708,3.1876843,4.150587,6.1453238,4.0781446,6.5102234,4.9970636,4.5035615,5.645739,5.1445093,7.3649783,6.5755515,5.644592
TCGA-86-8669-01,8.482892,6.067041,4.5741663,4.8249993,4.5358586,4.5887036,5.1256304,5.941728,5.06557,5.56578,5.847906,5.738589,7.111572,7.241798,6.8601246,3.0644379,5.5076823,4.3701105,5.6137795,5.169063,5.143082,4.0467668,5.0082026,6.351432,5.177804,6.042322,7.483191,2.254901,4.023008,6.120174,5.0656056,4.596783,5.7512026,3.954782,5.0080357,5.100528,3.6138494,4.252488,4.7218137,4.2102537,4.1801972,4.3186116,4.84502,5.65831,5.0853534,3.063131,5.527048,4.6316915,6.5272837,5.616922,3.8074477,3.9811764,3.316524,4.605527,5.574124,4.039081,6.3776784,4.959161,4.2213526,5.6671333,5.1499534,6.7822213,6.617989,5.7938695
TCGA-L4-A4E5-01,6.466516,7.3273306,5.5011425,5.118422,5.2057333,3.8881633,4.339124,6.364618,5.1242824,5.748801,6.527681,5.544429,7.064761,7.6094055,6.852074,3.5447068,5.723017,4.683155,5.852686,5.5141215,5.518559,3.4214544,4.926057,5.85375,5.548555,5.097588,7.4625645,2.5444436,3.889284,5.8571005,5.242779,4.80924,5.781661,3.8456273,5.0603256,5.149388,3.7961252,4.4331365,5.5600863,4.4215198,4.1645966,4.4502215,4.242533,5.0326,4.785274,3.3069005,6.1926055,4.4049945,6.3837085,6.0361876,3.337537,3.8786178,3.0678034,4.143861,6.062791,4.3112364,6.4480467,5.1255593,4.4841743,5.6993403,4.9483747,7.2911854,6.452696,5.590152
TCGA-17-Z023-01,6.331536,7.3970175,5.5564003,5.075562,5.2483253,3.7734134,4.30772,6.362776,5.1570406,5.757457,6.4916296,5.608073,7.0522046,7.569738,6.833786,3.568429,5.6903024,4.713381,5.9531074,5.5492935,5.644154,3.39205,4.8310895,5.81698,5.6052294,5.0221033,7.437121,2.6683986,3.8693538,5.814126,5.267919,4.907127,5.6561985,3.7484899,5.1850147,5.180447,3.866816,4.53026,5.6093674,4.547394,4.23984,4.4898853,4.1803546,5.0061464,4.7544417,3.4158723,6.267605,4.4524255,6.3938613,6.034099,3.284924,3.9866588,2.9906015,4.1632395,6.162957,4.3799767,6.472811,5.1503167,4.495097,5.619904,4.9326906,7.3355494,6.4012156,5.6008697
TCGA-99-8028-01,5.9051294,7.213876,5.6246367,5.052525,5.2571325,3.5653658,4.185777,6.3732214,5.115052,5.789886,6.4974,5.5053005,7.091785,7.598651,6.6969395,3.6343741,5.740276,4.652917,5.9656157,5.6220546,5.787932,3.4150207,4.716047,5.7191935,5.6952367,5.008205,7.291985,2.9138813,3.8496585,5.750516,5.2364783,5.1200013,5.486402,3.784406,5.3611116,5.2123103,4.091324,4.591306,5.7585115,4.620118,4.3417974,4.5753284,4.1084757,4.99104,4.755155,3.5384915,6.495934,4.545867,6.2630553,6.0285816,3.3201036,4.0318093,3.0168803,4.0892367,6.2603874,4.663217,6.4191794,5.126621,4.4937296,5.6384587,4.9044943,7.3485603,6.3363843,5.6036725
TCGA-49-AAR4-01,5.7090855,7.053913,5.590569,4.9926987,5.2167616,3.4611547,4.16724,6.386831,5.094526,5.7968864,6.429362,5.479758,7.1029706,7.56367,6.599546,3.6504362,5.7159,4.610043,5.983982,5.6531844,5.8684425,3.4765482,4.639814,5.6780806,5.697734,5.0837936,7.2209625,3.0332534,3.8431358,5.7276216,5.2185965,5.2422657,5.390863,3.8109279,5.46185,5.259821,4.237343,4.6166205,5.81384,4.698499,4.4191613,4.6044855,4.0716386,5.018263,4.7624936,3.5967343,6.584565,4.611263,6.176658,5.979522,3.334004,4.083397,3.014182,4.071542,6.3017497,4.8359976,6.357128,5.1340857,4.458869,5.6392264,4.8790994,7.304439,6.309818,5.5931816
TCGA-75-6212-01,9.335795,5.146675,4.132444,4.7825403,4.1831284,4.4298716,5.177225,6.024063,5.1098585,5.4957314,5.2090044,5.5559645,7.502307,6.2456093,6.655706,3.164018,5.338654,4.0719695,5.3967586,4.9961934,4.8776517,4.3279285,5.0153522,6.577447,5.045675,6.4887986,6.9320745,2.214617,4.4011645,6.1602497,4.8037844,5.0305905,5.3412895,4.0009074,5.119002,5.324194,3.9931636,4.1782546,4.3396363,4.332651,4.1493583,4.234932,5.09584,5.9164224,5.4161177,3.1505399,5.5109563,5.032548,6.9149103,5.2141094,4.223811,4.173248,3.6033177,4.9623423,5.3517337,4.375075,6.120146,4.784588,3.982689,5.540999,5.0385714,6.5882764,6.7865252,5.8488126
TCGA-55-7728-01,8.697767,5.353888,4.1176248,4.775328,4.3637705,4.4528165,5.26506,5.9495196,5.0312734,5.466457,5.505195,5.5180807,7.264784,6.903429,6.763714,3.0262134,5.3652906,4.0830145,5.526623,5.1416802,4.9070725,4.389953,5.1013684,6.492149,5.0442295,6.412057,7.2217736,2.2840173,4.103646,6.161941,4.8619256,4.896762,5.591618,4.1653566,5.15954,5.0982785,3.8564644,4.2750463,4.4534535,4.16205,4.370901,4.325581,5.0333505,5.9765005,5.235224,3.1471136,5.6507144,4.9080167,6.5586686,5.36457,4.05882,4.077125,3.492209,4.79142,5.339877,4.26128,6.3281107,4.907333,4.0580387,5.7108397,5.0894375,6.5230427,6.6714764,5.7879095
TCGA-50-5946-01,5.4678154,7.18782,5.5228906,4.982942,5.314445,3.261456,4.1391516,6.627917,5.068094,5.8104286,6.370098,5.4788055,7.1030674,7.445002,6.5091677,3.711861,5.5917745,4.6075106,6.1650386,5.7363358,5.890492,3.444898,4.631605,5.5699515,5.6013694,5.0937543,7.23974,2.956136,3.794968,5.678232,5.259448,5.332905,5.4744964,3.861481,5.3980064,5.3612604,4.3800516,4.598114,5.9032745,4.873989,4.4234495,4.572019,3.8695352,4.952779,4.777153,3.6274698,6.613712,4.581958,6.084906,5.9225645,3.1983268,4.090162,2.8892634,4.0703135,6.308644,4.963982,6.2471395,5.3145356,4.4171,5.6749196,4.757701,7.217858,6.267127,5.467678
TCGA-55-1595-01,6.8326163,7.3979635,5.48931,5.0026336,5.2026167,4.0364523,4.5576444,6.2370815,5.0591955,5.725491,6.497597,5.7077084,6.899118,7.793822,6.9527583,3.5001729,5.7350597,4.6247144,6.035994,5.5097857,5.6319656,3.514738,4.8833055,5.9091487,5.5809813,5.1607947,7.6778736,2.4538486,3.6449275,5.8748336,5.2596464,4.6478634,5.8468156,3.860932,5.1632595,5.001196,3.7005372,4.438662,5.5030494,4.4476285,4.1429343,4.405101,4.1741304,5.161183,4.6579876,3.343478,5.9751463,4.33525,6.3833275,6.085878,3.260263,3.8328388,2.9875927,4.141339,6.182888,4.210802,6.640122,5.2824597,4.4591722,5.6649427,5.022993,7.207357,6.4943037,5.67053
TCGA-86-7955-01,6.852965,7.3144073,5.4447427,5.0829773,5.2482514,4.068636,4.4987516,6.2098036,5.0541673,5.7180276,6.5836983,5.7078514,6.9490504,7.826698,6.9360332,3.3680267,5.8665586,4.6787148,6.0272074,5.517169,5.619715,3.516444,4.9082284,5.907554,5.568037,5.164651,7.6130767,2.4810908,3.6343896,5.8872814,5.236924,4.591036,5.880978,3.9328005,5.079803,4.94681,3.6051855,4.4004545,5.463445,4.419072,4.1353974,4.4252305,4.238968,5.0783496,4.685648,3.2859457,6.0135694,4.319976,6.310602,6.127321,3.297374,3.851497,2.9784625,4.254314,6.0866017,4.215287,6.612357,5.1916585,4.4734273,5.6814485,4.9924283,7.228739,6.491929,5.680415
TCGA-49-4494-01,7.581026,7.1121984,5.164802,4.953146,4.9400606,4.433097,4.8597655,6.04751,5.2188067,5.6536174,6.251776,5.867826,6.957112,7.5592723,7.049305,3.2800543,5.60682,4.662449,5.7840347,5.29955,5.3803797,3.714988,5.0197973,6.2299504,5.3673816,5.436266,7.6723876,2.3044713,3.8618743,6.051391,5.2396646,4.4723153,5.822095,3.7881682,5.044512,5.0331907,3.4525514,4.4074388,5.067319,4.299623,4.1592984,4.326226,4.58222,5.369252,4.781508,3.1198757,5.6497517,4.40105,6.5866647,5.9220386,3.485565,3.971755,3.0726264,4.3775606,5.925572,3.9548492,6.590445,5.105177,4.402693,5.5812864,5.114032,7.1236806,6.626135,5.7218385
TCGA-44-7660-01,6.397049,7.4775076,5.603973,5.086588,5.2869024,3.7689264,4.330953,6.3598475,5.1332974,5.756168,6.5279922,5.602192,7.0208116,7.61868,6.8785243,3.603422,5.69964,4.6890464,6.007214,5.5565467,5.641661,3.3544064,4.8342824,5.80906,5.646413,4.9609103,7.496607,2.618158,3.8057427,5.7948313,5.2786,4.875118,5.690479,3.7446148,5.1948857,5.1320806,3.8454936,4.532141,5.6183405,4.533911,4.1958365,4.483811,4.137147,5.011588,4.731426,3.4433324,6.249777,4.4180937,6.4155345,6.0698633,3.2453206,3.930154,2.989652,4.143049,6.1956964,4.3158884,6.541078,5.1972456,4.5130954,5.6269245,4.9500737,7.3383036,6.395991,5.6233687
TCGA-95-7043-01,5.588616,6.692603,5.1767483,4.7628164,5.082511,3.233254,4.294052,6.6091475,5.0653243,5.7708497,6.0944896,5.443177,7.1106772,7.1850123,6.337566,3.5995772,5.4519863,4.4816813,6.137988,5.714441,5.948891,3.7099361,4.5233774,5.6022725,5.502045,5.519918,7.0837183,3.1012154,3.7988958,5.6919136,5.163033,5.550504,5.303875,3.9319944,5.552118,5.456378,4.611586,4.5835485,5.7996736,4.98684,4.6198072,4.565977,3.9148207,5.1382523,4.8152714,3.6274285,6.641959,4.759328,5.903582,5.688725,3.278812,4.2350225,2.910992,4.198732,6.2376933,5.205855,6.081089,5.2789063,4.240931,5.6413774,4.6922717,6.9627786,6.3015585,5.4741898
TCGA-73-4676-01,8.94955,5.4115257,4.1647754,4.8072968,4.307468,4.6013875,5.3327613,5.869619,5.0093436,5.4701843,5.5134864,5.7121844,7.234322,7.035234,6.794463,2.963878,5.4304657,4.1589317,5.5663886,5.1081624,4.994839,4.369101,5.061018,6.49884,5.036193,6.368283,7.338237,2.2988055,4.0826044,6.1924577,4.925066,4.7396665,5.658624,4.079484,5.0526977,5.092609,3.7683485,4.2632976,4.4098215,4.2176275,4.31521,4.3199983,4.9898562,5.912993,5.2940607,3.1166677,5.490847,4.840458,6.5470185,5.332452,3.9984434,4.0954823,3.4409084,4.785682,5.2942505,4.1714892,6.315031,4.964106,4.119375,5.6331296,5.1451173,6.511235,6.594555,5.8594327
TCGA-38-7271-01,8.562858,5.6081185,4.397504,4.80355,4.4964175,4.398874,5.067978,6.004819,5.1456556,5.4991713,5.5649943,5.451499,7.298457,6.759099,6.74064,3.210532,5.3579173,4.2431607,5.4308577,5.109101,4.8756943,4.1628923,5.014326,6.4959884,5.094747,6.255311,7.1037774,2.2739968,4.276806,6.074211,4.917767,4.897803,5.546624,4.0365157,5.1593537,5.1878176,3.776968,4.2471185,4.546853,4.236745,4.200091,4.3053055,5.0420847,5.8715887,5.1487865,3.107589,5.6430244,4.918611,6.8254066,5.535918,4.0153327,4.0728645,3.4555721,4.711631,5.5650854,4.245574,6.351852,4.823994,4.0631714,5.665352,5.0711737,6.807978,6.7923923,5.7299466
TCGA-86-8278-01,8.927377,5.4449224,4.188219,4.781357,4.3165975,4.587456,5.273251,5.9282846,5.0041857,5.485541,5.4990396,5.686797,7.2418737,6.958994,6.8098125,2.9850404,5.434627,4.1675076,5.5542192,5.1225467,5.0190787,4.320299,5.070972,6.465588,5.0516057,6.351944,7.295429,2.25082,4.1021333,6.1910834,4.9094214,4.7500186,5.627413,4.050408,5.026827,5.1313777,3.802775,4.226483,4.428902,4.2118063,4.2585673,4.2763476,4.990122,5.881835,5.299247,3.1000872,5.492767,4.821448,6.5834126,5.3749313,3.9929235,4.0604677,3.4390993,4.785831,5.3226876,4.2037716,6.304307,4.9444675,4.0874004,5.6440845,5.116087,6.5475593,6.64097,5.8439827
TCGA-17-Z057-01,6.1527476,7.4145885,5.623632,5.0954022,5.302005,3.647046,4.227082,6.4000754,5.1242423,5.7585297,6.554165,5.566259,7.0593843,7.59819,6.8037114,3.60414,5.7389107,4.694792,6.0080338,5.6170254,5.7254763,3.3608294,4.8021655,5.7438993,5.679808,4.9269376,7.398061,2.7591078,3.8186667,5.769819,5.2561326,4.979648,5.6131015,3.7605548,5.238813,5.162385,3.942789,4.566994,5.6912007,4.5980935,4.2728996,4.5244827,4.097134,4.949103,4.7400274,3.4956005,6.3944826,4.4573293,6.318456,6.0563307,3.2633736,3.9905536,2.968647,4.147824,6.198946,4.4767694,6.4797115,5.1716895,4.511461,5.623787,4.882567,7.3519216,6.3499722,5.6041474
TCGA-55-7574-01,6.867919,7.4040837,5.5211225,5.018713,5.19171,4.234471,4.55701,6.260327,5.17404,5.801374,6.5030613,5.6389413,6.894929,7.8015676,7.0078764,3.5200045,5.64008,4.7467527,5.811974,5.4232216,5.5130744,3.3636665,4.8753343,5.878816,5.518693,5.1518555,7.729581,2.4206822,3.8705816,5.842524,5.338097,4.6460905,5.90754,3.6997204,5.0427575,5.131483,3.597302,4.4077706,5.4792504,4.3498235,4.078312,4.39649,4.283888,5.132131,4.7034187,3.138829,5.935275,4.2820992,6.5067043,6.1365376,3.195694,3.754539,3.0065718,4.018946,6.1876907,4.0717325,6.5875144,5.1516724,4.485053,5.6891084,5.1145177,7.319332,6.523611,5.6411724
TCGA-86-8358-01,5.3996663,6.930975,5.3237023,4.8741713,5.175415,3.132325,4.227584,6.6992903,5.007192,5.734242,6.2084513,5.385977,7.1221366,7.260952,6.3816557,3.6566446,5.5095387,4.4542994,6.1510243,5.776899,5.902126,3.648119,4.6198087,5.5842366,5.463974,5.330758,7.0825586,3.021755,3.7318966,5.6767654,5.1484566,5.4736547,5.44203,4.0399456,5.4751086,5.387822,4.5804,4.5434318,5.823448,4.954023,4.5465627,4.522083,3.8814633,5.103389,4.836829,3.6274743,6.6277614,4.680666,5.924761,5.774167,3.2826974,4.1031857,2.914167,4.1514573,6.2309494,5.256436,6.1364093,5.365974,4.2462125,5.729821,4.6371484,7.0169816,6.32525,5.411035
TCGA-NJ-A7XG-01,9.201937,4.839645,3.8965008,4.73969,4.257749,4.2647963,5.1068664,6.058167,5.0047946,5.367666,5.1607575,5.4786177,7.4797697,6.2011995,6.700253,3.1587143,5.390172,4.121879,5.4528437,5.10786,4.920541,4.293105,4.9448733,6.582371,5.0765643,6.5383177,6.8936687,2.4261787,4.396234,6.0972795,4.812719,5.181813,5.329157,3.9677398,5.0963864,5.318151,4.074512,4.2487674,4.267869,4.3924093,4.1276016,4.270271,5.044784,5.935618,5.4142184,3.303903,5.628948,5.1264334,6.8196282,5.197871,4.078935,4.280863,3.5110896,4.906749,5.383602,4.697266,6.167289,4.7895885,3.9558263,5.4944324,4.925677,6.5297294,6.7391896,5.908236
TCGA-55-8616-01,5.809707,7.4500904,5.7305937,5.1185017,5.3317475,3.5270658,4.0939927,6.452986,5.0961747,5.8070073,6.70092,5.4785438,7.0454926,7.698661,6.7213655,3.6072316,5.8415365,4.732194,5.99544,5.6529307,5.7863746,3.298189,4.7515335,5.649195,5.734568,4.9229546,7.3191123,2.8067553,3.7600932,5.7586236,5.244018,4.978592,5.650246,3.8196397,5.255501,5.1403894,3.9982708,4.5300627,5.853895,4.5526595,4.261325,4.5494604,4.050269,4.861551,4.685845,3.4765828,6.485552,4.415151,6.1872907,6.116985,3.2647853,3.914946,3.0039883,4.0788774,6.234173,4.551477,6.439247,5.137287,4.527138,5.6761465,4.8838654,7.3916802,6.32858,5.587559
TCGA-35-4122-01,6.63144,7.422209,5.5466785,5.0117874,5.220888,4.02141,4.4127283,6.2449017,5.2013345,5.754964,6.5024943,5.725019,6.960796,7.686054,6.9346128,3.507066,5.6931825,4.7846236,5.9088273,5.5072904,5.7043457,3.4108841,4.812835,5.850145,5.613921,5.0286803,7.5907655,2.677385,3.8776243,5.824457,5.310999,4.793115,5.685919,3.6544545,5.1844687,5.164207,3.6912768,4.5491147,5.5385575,4.554201,4.259087,4.474657,4.208056,5.0248065,4.679545,3.340673,6.1452723,4.403932,6.4118214,6.067062,3.2210832,4.015477,2.9080775,4.1353583,6.209921,4.2524524,6.537712,5.1385674,4.5037866,5.558176,4.9829516,7.3550296,6.4392524,5.64868
TCGA-05-4389-01,7.0844464,7.397111,5.424308,4.9522786,5.110549,4.3002586,4.685972,6.1930175,5.144937,5.7502613,6.4716244,5.8139195,6.8207073,7.86062,7.0357122,3.4185207,5.6849327,4.707074,5.893256,5.442703,5.5749774,3.5142407,4.9207754,5.9401445,5.4933324,5.224636,7.816997,2.354635,3.7495143,5.9356513,5.2793794,4.488624,5.9490066,3.767789,5.0157523,5.0298676,3.5350924,4.388865,5.403208,4.356755,4.098972,4.346086,4.289856,5.2044396,4.649852,3.1436608,5.7882957,4.230172,6.414161,6.0907416,3.198064,3.7658246,2.9503543,4.1209965,6.1223445,4.030738,6.6439586,5.222767,4.4405603,5.661331,5.1050763,7.1823993,6.561423,5.6969843
TCGA-55-A494-01,7.1797414,7.3438463,5.4222717,4.953889,5.0784945,4.4082537,4.6970534,6.133576,5.1660686,5.752921,6.4448633,5.820168,6.83788,7.864043,7.0838914,3.3984706,5.6787014,4.736923,5.8232813,5.3927894,5.518476,3.5099409,4.9163685,5.9866624,5.4675083,5.2584467,7.8040853,2.363423,3.8153229,5.9470816,5.299001,4.4732146,5.9221754,3.73066,4.9924545,5.0574074,3.4758394,4.3790035,5.36757,4.3065968,4.080703,4.344997,4.371076,5.2247367,4.6861625,3.1000278,5.753194,4.255873,6.4997683,6.1072764,3.2276425,3.7830107,2.9903948,4.096327,6.1275935,3.9696355,6.64834,5.166357,4.4518313,5.655092,5.1514716,7.225044,6.5895963,5.70463
TCGA-86-8280-01,9.3537855,4.959182,4.1475787,4.7025976,4.1919117,4.3543367,5.185666,6.0142946,5.023328,5.359767,5.2130785,5.418044,7.48117,6.1699233,6.629023,3.0537543,5.2895823,4.1023154,5.3748493,5.0810843,4.7406673,4.3865156,4.9937243,6.5800853,4.9972734,6.523104,6.8524685,2.2925148,4.433027,6.0545893,4.8502145,5.0759296,5.4263654,4.011123,5.099169,5.328981,3.980166,4.1861053,4.2842503,4.348208,4.085447,4.2705345,5.165425,5.95478,5.388034,3.1663542,5.590452,5.1000957,6.8673167,5.3309307,4.224276,4.1842523,3.552111,5.0393596,5.3241982,4.530397,6.1612597,4.73148,3.929557,5.630179,4.955297,6.6518817,6.786942,5.8234634
TCGA-44-5644-01,5.4168534,6.910046,5.3014097,4.864979,5.165401,3.1357238,4.2253346,6.699377,5.0059047,5.733273,6.20353,5.383257,7.1234264,7.246771,6.3736124,3.6434863,5.5124145,4.4533424,6.1515203,5.777388,5.9088492,3.6581388,4.6151953,5.583717,5.463056,5.3544297,7.068894,3.0273457,3.7289689,5.681835,5.1378107,5.4792123,5.4346466,4.045514,5.4772043,5.387971,4.5840936,4.5399833,5.820525,4.957462,4.558941,4.5217624,3.8847148,5.10249,4.835927,3.6249144,6.631334,4.688482,5.912344,5.7637873,3.2872634,4.112848,2.9133322,4.166376,6.218844,5.2627683,6.1280236,5.3573656,4.236818,5.7236238,4.6296306,7.0079045,6.3254266,5.4126773
TCGA-55-8205-01,5.6720586,7.411805,5.7077456,5.126215,5.3910174,3.3436365,4.079156,6.505178,5.104206,5.764859,6.5735354,5.452115,7.1206493,7.517892,6.6981807,3.6343932,5.7818274,4.6585183,6.085499,5.722788,5.841477,3.3535821,4.726035,5.6635466,5.6973224,4.878753,7.1722417,2.974106,3.7302656,5.7023315,5.22162,5.195827,5.474068,3.8308444,5.373488,5.169545,4.1607366,4.611455,5.804229,4.6864777,4.376575,4.570517,4.029846,4.9122634,4.77084,3.5979917,6.613883,4.539684,6.219805,6.069189,3.3069634,4.045328,2.962332,4.1611676,6.263691,4.8004117,6.4436684,5.1957912,4.48026,5.6522427,4.77796,7.390146,6.3097987,5.544714
TCGA-78-7535-01,8.108278,6.6096506,4.8876495,4.90776,4.7488956,4.5923657,5.046097,5.9639635,5.134872,5.654322,6.171082,5.743339,7.002857,7.5303698,6.932638,3.0802739,5.5849366,4.5384007,5.6705513,5.2089214,5.2005844,3.8068924,5.0215154,6.279585,5.2953467,5.733667,7.614547,2.248253,3.913641,6.062949,5.178945,4.4991627,5.8657126,3.8905542,5.00235,5.010801,3.4583836,4.300408,4.911533,4.138384,4.119053,4.3596053,4.7846193,5.4778576,4.8955717,2.9860017,5.5949078,4.4415145,6.4642897,5.8311872,3.6406498,3.8823476,3.2299795,4.5173793,5.735886,3.8456402,6.4793506,4.9628553,4.3590474,5.7014337,5.208119,6.9487443,6.593569,5.7687817
TCGA-75-5126-01,5.633043,6.958077,5.530234,4.9438233,5.1915836,3.4164078,4.1811695,6.404473,5.0993395,5.802115,6.3469133,5.4871197,7.1140003,7.5027847,6.54009,3.658682,5.658668,4.5934258,6.009803,5.6588984,5.9018435,3.5217357,4.5921316,5.663518,5.67487,5.1593437,7.193581,3.0916305,3.8619137,5.711727,5.225907,5.329986,5.3300896,3.807877,5.509034,5.321532,4.3271255,4.634807,5.8290052,4.76933,4.469101,4.618827,4.041036,5.0415773,4.7748904,3.6268382,6.6222286,4.6631694,6.1408286,5.924953,3.323325,4.1443367,2.996082,4.07197,6.3243284,4.9259396,6.2975645,5.1514354,4.434466,5.627461,4.861154,7.258399,6.2967434,5.5758433
TCGA-44-3396-01,7.515175,7.1240644,5.1846952,4.9210486,4.931148,4.426204,4.8713813,6.0594687,5.202978,5.6647725,6.258507,5.8694735,6.9204206,7.6112294,7.0422006,3.3136573,5.601342,4.6509013,5.7982183,5.31628,5.434565,3.7192829,4.9931407,6.192742,5.3931093,5.4299927,7.715433,2.3228714,3.83514,6.034856,5.24802,4.4760065,5.8322697,3.7773366,5.0707555,5.0417376,3.4867616,4.416653,5.1037655,4.3264403,4.1619234,4.3258367,4.5241423,5.3763766,4.7499194,3.1328855,5.650591,4.384889,6.5443616,5.9211035,3.439441,3.9504917,3.0520895,4.3164015,5.968129,3.99204,6.595328,5.1437607,4.3980846,5.5798264,5.117381,7.10128,6.6188436,5.733024
TCGA-17-Z019-01,9.050927,5.152565,4.092846,4.6881332,4.2913933,4.2466083,5.105692,6.0990334,5.08619,5.427277,5.277926,5.3199396,7.4604363,6.187249,6.669964,3.1645224,5.2772174,4.0769114,5.392276,5.098838,4.751961,4.3150625,5.026546,6.5595527,5.0487175,6.52737,6.8629446,2.270295,4.3845816,6.0821986,4.842977,5.149798,5.3463306,4.0657153,5.2044797,5.332816,4.0268445,4.209501,4.4467034,4.270528,4.1792526,4.2637553,5.1376953,5.948126,5.2879105,3.1892362,5.724889,5.067778,6.832893,5.346655,4.2008314,4.1808276,3.5861964,4.94241,5.4713817,4.5107727,6.15125,4.7189183,3.9334033,5.659505,4.9333305,6.6280537,6.859289,5.7551937
TCGA-69-8254-01,8.859086,5.4403744,4.191901,4.784393,4.3069673,4.4994655,5.309099,5.9007373,5.0335445,5.448863,5.4914365,5.6211495,7.3041444,6.867697,6.7381673,3.0000622,5.3941507,4.16046,5.5716558,5.1132207,4.899432,4.3361754,5.0423746,6.5138288,5.0436707,6.3755293,7.2314534,2.344422,4.150402,6.131534,4.961415,4.86022,5.601694,4.0578113,5.0913477,5.159001,3.8413846,4.2866325,4.4667425,4.250806,4.3100977,4.3470488,5.0015574,5.888628,5.3006396,3.138522,5.5748634,4.8971915,6.578619,5.338956,4.020932,4.162577,3.4734714,4.8218584,5.3731375,4.2378592,6.2558384,4.918858,4.1143446,5.6339746,5.0968904,6.5506573,6.610114,5.854754
TCGA-62-A46V-01,9.010226,5.482654,4.241629,4.698053,4.374593,4.4960775,5.1611247,5.9919353,5.088457,5.5063353,5.4806542,5.637363,7.187577,6.687945,6.7403855,3.1204877,5.4170485,4.2650537,5.4921436,5.152808,5.08589,4.1748376,4.9196267,6.427706,5.0648913,6.3046865,7.1992526,2.3120487,4.2105017,6.1451697,4.9725122,4.7791576,5.565936,3.9518054,5.0471687,5.2238603,3.7882168,4.1747265,4.491349,4.3080387,4.17051,4.243539,4.970358,5.8110323,5.2290483,3.0629485,5.4708257,4.784532,6.645735,5.4612327,3.9270766,4.0570264,3.3461964,4.759854,5.4423056,4.265696,6.228536,4.894315,4.040702,5.6073728,5.0311112,6.667009,6.7269487,5.7738633
TCGA-50-6590-01,5.7277384,6.7007203,5.231191,4.7375937,5.0287967,3.310311,4.332544,6.502009,5.0536056,5.733147,6.168367,5.5010133,7.044944,7.2699504,6.4084067,3.5435152,5.5136123,4.5167847,6.1079445,5.6904526,5.9822583,3.6955004,4.5003076,5.614264,5.562605,5.4750485,7.140231,3.0830426,3.7695637,5.705233,5.1650906,5.4108953,5.3541565,3.8848448,5.566238,5.381425,4.480901,4.588332,5.76687,4.9644403,4.5970306,4.5545464,3.9607205,5.127908,4.763881,3.6185303,6.5768538,4.7021365,5.9015584,5.732152,3.2770977,4.198207,2.9023712,4.214439,6.2444625,5.077705,6.1555243,5.246011,4.260032,5.601824,4.730521,6.988964,6.297348,5.545923
TCGA-17-Z041-01,9.2213745,5.1001325,4.042745,4.6504126,4.185206,4.477986,5.2607718,6.013389,4.9938006,5.4152665,5.3073483,5.52801,7.2714343,6.5520716,6.6799817,2.9999516,5.296092,4.1258354,5.4177794,5.1364927,4.992106,4.3481917,4.937248,6.4315157,5.002376,6.491892,7.1400633,2.3154602,4.30247,6.0995784,4.8745165,4.876162,5.5260334,3.9821303,5.0521684,5.2986345,3.913171,4.1644816,4.2798095,4.381772,4.20473,4.2391777,5.0604672,5.954936,5.4271398,3.093961,5.5136714,4.916141,6.6267085,5.3175316,4.0155506,4.095627,3.3890183,4.8778996,5.251231,4.383416,6.1728854,4.8615375,3.9214215,5.624465,4.983541,6.5082383,6.6727986,5.8114257
TCGA-17-Z048-01,9.161201,5.0362244,4.0858455,4.618001,4.198727,4.2834525,5.151338,6.0531607,5.0274925,5.340221,5.2813597,5.300776,7.3925724,6.2642446,6.581135,3.0641706,5.2082624,4.1051846,5.3303337,5.127314,4.821617,4.315955,4.873637,6.475687,5.0153255,6.5436435,6.926083,2.3758514,4.4779496,5.9888506,4.850365,5.0493417,5.4316635,3.9962838,5.138825,5.3774624,3.9805288,4.1816163,4.303654,4.413589,4.1731496,4.290822,5.1456456,5.98414,5.395479,3.1740167,5.6756725,5.0820785,6.730855,5.3459115,4.116108,4.1731167,3.4702213,4.9536057,5.350769,4.551645,6.1324463,4.7056794,3.8630104,5.6539288,4.8956165,6.6135073,6.739956,5.7826376
TCGA-MP-A4SV-01,6.5085697,7.179193,5.466066,4.9066706,5.130991,3.9975166,4.4797597,6.2418284,5.1417623,5.8008657,6.4468203,5.6654806,6.9076877,7.752811,6.823165,3.4969592,5.675824,4.721211,5.921287,5.4973726,5.7524123,3.4757879,4.7065654,5.7920685,5.6035166,5.2357345,7.582196,2.7008133,3.8036819,5.808659,5.3014145,4.8392982,5.6991706,3.7130198,5.261328,5.183252,3.8218737,4.5002317,5.6025968,4.5542254,4.2603583,4.48179,4.1751,5.1005445,4.658944,3.3072402,6.127307,4.4079347,6.2734203,6.0381336,3.2105925,3.9379015,2.9461977,4.0594754,6.258867,4.3629956,6.481863,5.1535077,4.452465,5.613053,5.041683,7.2533064,6.433237,5.6681027
TCGA-55-8091-01,9.143203,5.0123515,3.9483333,4.649632,4.192544,4.242563,5.150227,6.143933,5.0253325,5.395373,5.188978,5.2906466,7.4254417,6.229742,6.6618114,3.1224344,5.2381644,4.0700426,5.35647,5.116763,4.8506017,4.2894526,4.930546,6.471251,5.0529437,6.5736732,6.93181,2.3398821,4.428384,6.01874,4.834498,5.1175475,5.347615,3.9804218,5.1693926,5.4031696,4.069809,4.1873193,4.2927876,4.416445,4.1414275,4.2309484,5.1059055,5.9720416,5.4253783,3.189653,5.710736,5.0397153,6.767605,5.2743278,4.0997076,4.1827407,3.4945085,4.9267626,5.377921,4.591932,6.1175804,4.7494874,3.8564513,5.598588,4.8811197,6.530278,6.778723,5.8125887
TCGA-64-5778-01,5.563412,7.455709,5.718959,5.169973,5.397509,3.366734,4.022599,6.565959,5.0798826,5.8190775,6.5931063,5.4747157,7.15267,7.584763,6.6299133,3.748993,5.7330084,4.679484,6.073962,5.6921077,5.747954,3.294232,4.790443,5.6251926,5.695501,4.8441653,7.3081307,2.7943616,3.8669791,5.737775,5.273768,5.1216774,5.5945725,3.8375714,5.23376,5.265744,4.1598063,4.574568,5.9192505,4.6610885,4.2630444,4.5808115,3.9513698,4.832378,4.7683043,3.6001287,6.5877333,4.489242,6.237677,6.04536,3.2568123,3.9832404,2.9921744,4.041742,6.2374144,4.6898136,6.336551,5.2238646,4.557319,5.7016573,4.8327293,7.3805933,6.2665024,5.4998083
TCGA-67-6216-01,9.11056,4.987553,4.0114856,4.6787753,4.3283143,4.3128552,5.0739007,6.0567327,4.9932976,5.357685,5.316558,5.3970566,7.410082,6.353607,6.717734,3.0718312,5.33268,4.1178904,5.4214253,5.1381984,4.8682556,4.3064823,5.015306,6.5590005,5.0412145,6.5400124,6.919314,2.2962544,4.3534474,6.109158,4.7859797,5.065834,5.422778,4.0545917,5.084607,5.2553744,3.9759178,4.212947,4.3457537,4.244237,4.17562,4.2709584,5.12237,5.9706063,5.308811,3.2385788,5.682162,5.100635,6.755534,5.351894,4.1324096,4.162738,3.5313098,4.904262,5.3975005,4.5855207,6.253917,4.7363434,3.9238625,5.656079,4.940025,6.6122384,6.7998586,5.7986345
TCGA-44-6146-01,9.028499,5.04595,3.9617271,4.641652,4.2062917,4.23421,5.19945,6.056258,4.996231,5.327619,5.249249,5.2442384,7.399967,6.4388433,6.654028,3.0351071,5.2322564,4.086669,5.38297,5.1598516,4.7195234,4.356083,4.9212275,6.457299,4.9951806,6.573314,6.928232,2.4152882,4.4198656,5.9684763,4.8920193,5.0257683,5.4542413,4.050636,5.1609077,5.3576646,4.006403,4.2006397,4.336663,4.37404,4.2067075,4.293494,5.1720433,6.004676,5.3871865,3.1756883,5.7710133,5.068143,6.6683183,5.3691134,4.112411,4.195713,3.5012054,4.9407544,5.3609695,4.540381,6.1602917,4.7234664,3.869355,5.6880817,4.8789015,6.575729,6.745609,5.785374
TCGA-91-6848-01,5.447415,6.9969854,5.5008354,4.9348626,5.183047,3.259508,4.10199,6.530009,5.0684824,5.7764916,6.3779993,5.449037,7.124734,7.4219084,6.472595,3.639566,5.6637244,4.589906,6.048813,5.7282305,5.9500213,3.5303657,4.6060658,5.5923853,5.6661024,5.171935,7.114271,3.1004767,3.81751,5.712253,5.181469,5.3711867,5.35842,3.8607914,5.481816,5.338934,4.4175525,4.616363,5.89,4.8278203,4.5176606,4.6021943,3.964947,4.97315,4.773819,3.649114,6.7030754,4.6539083,6.0095325,5.876417,3.3181224,4.1456556,2.9707165,4.116669,6.2635045,5.0361624,6.2220936,5.185328,4.3937945,5.6375213,4.7501264,7.2066364,6.2652473,5.529887
TCGA-55-6985-01,5.4641604,7.449989,5.7419834,5.144707,5.395335,3.348161,4.0052667,6.576514,5.0929155,5.830339,6.571414,5.456089,7.1455398,7.5960264,6.6256027,3.7457633,5.7341223,4.6860633,6.049279,5.7097173,5.8020406,3.300623,4.745769,5.608234,5.6840825,4.855717,7.2598114,2.8912504,3.857608,5.7182035,5.2670517,5.185824,5.5378184,3.8174489,5.2873387,5.2828274,4.206576,4.5929794,5.9315457,4.680227,4.3103676,4.5870676,3.9620373,4.8507056,4.7751284,3.5895157,6.6101933,4.509718,6.2324004,6.0584235,3.2607298,4.0024586,2.9783695,4.0106726,6.2849855,4.776484,6.3445325,5.2160287,4.533098,5.695011,4.8277497,7.4097943,6.2751374,5.494503
TCGA-55-8511-01,5.955839,7.119275,5.4956083,4.9103317,5.1847954,3.571953,4.286862,6.385428,5.1273675,5.7750344,6.401546,5.59012,7.015226,7.5460663,6.646053,3.5691843,5.650833,4.6681805,6.026795,5.641182,5.9164906,3.494573,4.6302366,5.6752033,5.6610823,5.129854,7.3424754,2.9733808,3.8079927,5.7320795,5.251508,5.1546907,5.474987,3.7329967,5.425421,5.27012,4.1360793,4.6185527,5.7331266,4.7744994,4.443216,4.561107,4.0426464,5.0170293,4.706022,3.5275433,6.4587727,4.5485425,6.1314645,5.947364,3.2445493,4.1084523,2.8924553,4.1293674,6.2834806,4.7408547,6.3616114,5.181556,4.426594,5.5808945,4.858961,7.2474866,6.316663,5.602975
TCGA-67-3774-01,8.886231,5.6056466,4.294955,4.821813,4.3268695,4.645104,5.2781334,5.894467,5.0321836,5.497021,5.578508,5.772139,7.20579,7.0025854,6.8160496,2.9832304,5.453606,4.232365,5.5650887,5.117727,5.0746384,4.26212,5.0525413,6.4563894,5.0643864,6.272252,7.37628,2.2593977,4.1022396,6.202355,4.935913,4.6884604,5.6725974,4.006494,4.9727187,5.1160693,3.7255003,4.2437644,4.443198,4.2332397,4.2532024,4.2988133,4.9575596,5.8426466,5.3141103,3.0870614,5.4192634,4.7752542,6.5831504,5.394251,3.9375598,4.0584817,3.398349,4.7257357,5.340794,4.110455,6.323755,4.974545,4.1422467,5.6188545,5.1607156,6.5849266,6.576098,5.860673
TCGA-78-7162-01,8.810269,5.4134707,4.1644006,4.7131414,4.362443,4.310358,5.184272,5.9454536,5.1396775,5.453057,5.4124045,5.493237,7.3813868,6.586944,6.6043577,3.1780002,5.3469243,4.14696,5.532098,5.109514,4.842417,4.265028,4.947705,6.562907,5.057277,6.386209,7.020654,2.4086761,4.2580647,6.084328,4.987864,5.071313,5.464677,4.0408516,5.2152615,5.2419395,3.9590034,4.2819133,4.5736094,4.2908287,4.3131237,4.364984,5.0148687,5.850209,5.1822834,3.1647356,5.6495876,4.987987,6.672153,5.3362856,4.096185,4.2294197,3.502588,4.9026165,5.509638,4.3904395,6.134326,4.818628,4.081855,5.6140494,5.002003,6.6462965,6.7275543,5.800834
TCGA-05-4418-01,6.941888,7.2162876,5.4921956,5.083223,5.228962,4.2275405,4.5288534,6.168383,5.197752,5.795195,6.456841,5.553154,7.0083475,7.6923013,6.966604,3.5503278,5.6719446,4.7193465,5.778787,5.3494415,5.3949823,3.3853679,4.83734,5.983946,5.518311,5.2160916,7.587585,2.47755,3.9518318,5.8219614,5.3316636,4.749698,5.7997084,3.7592154,5.125801,5.1299825,3.5799885,4.417302,5.4181714,4.319727,4.066452,4.455555,4.377523,5.175321,4.740557,3.1943772,5.9740906,4.426006,6.6442604,6.1220903,3.3052862,3.8419201,3.1065905,4.073133,6.200644,4.084602,6.5738897,5.061794,4.503495,5.6687527,5.149605,7.3676996,6.558915,5.655207
TCGA-86-7954-01,7.615208,6.998472,5.166398,4.8508053,4.897834,4.4885864,4.9139833,6.074565,5.1794434,5.6887217,6.275559,5.8129153,6.849583,7.6947765,7.0416517,3.3361838,5.571404,4.6583185,5.746935,5.325454,5.468434,3.6810668,4.9461303,6.097873,5.432621,5.4327903,7.8133893,2.3399327,3.8599818,5.9658933,5.2801037,4.498418,5.891997,3.6971962,5.072885,5.084378,3.4798043,4.4059944,5.125565,4.3482633,4.123422,4.327075,4.4633856,5.3700757,4.7128787,3.0763662,5.6502404,4.3316836,6.4768686,5.9463153,3.3407993,3.8693042,3.0036643,4.220087,6.0148635,4.002306,6.5951753,5.141249,4.385057,5.597319,5.140307,7.0906057,6.59586,5.764752
TCGA-73-A9RS-01,5.388913,7.059173,5.4085884,4.935321,5.228655,3.161474,4.219691,6.6965103,5.022156,5.7450976,6.26106,5.383291,7.1252394,7.3195972,6.4347725,3.6893923,5.5243945,4.4746466,6.130657,5.764968,5.848705,3.5918715,4.667457,5.601596,5.4653096,5.2386503,7.1233516,2.9723158,3.7431285,5.674014,5.1780324,5.4243503,5.490963,4.0263243,5.4280996,5.3681564,4.5216837,4.537743,5.822274,4.8941593,4.4841294,4.5161858,3.8942633,5.0912766,4.839361,3.6032498,6.597984,4.6404033,5.993873,5.829282,3.276731,4.0525823,2.9326189,4.1093917,6.2471704,5.189207,6.1797566,5.37362,4.286469,5.756177,4.669663,7.0711174,6.3415937,5.4040804
TCGA-97-7547-01,7.9368043,6.74377,4.976152,4.9056625,4.813744,4.5594435,4.9767065,5.998509,5.140669,5.6783853,6.211514,5.77394,6.952802,7.599823,6.93837,3.1267784,5.5953474,4.55002,5.7072067,5.2464685,5.286817,3.768113,4.987929,6.2129583,5.307016,5.6727004,7.667033,2.243307,3.8619318,6.057772,5.1676993,4.474805,5.9001827,3.8934727,4.9951034,4.996401,3.4766705,4.2921586,4.987939,4.1864595,4.131063,4.3437243,4.689572,5.449898,4.8488708,2.998894,5.6035385,4.3986363,6.4397454,5.867603,3.559047,3.8319812,3.1725795,4.457397,5.7858343,3.9111352,6.513501,5.0307684,4.3461137,5.697418,5.192814,6.9751043,6.6043453,5.7481685
TCGA-78-7153-01,8.609592,6.0098705,4.529258,4.8164244,4.496029,4.6274614,5.1584997,5.9204087,5.054994,5.5539136,5.822414,5.733471,7.132445,7.2124434,6.8689985,3.0312264,5.5093756,4.360025,5.599077,5.1459465,5.1042175,4.061431,5.0180397,6.3701286,5.174343,6.0809402,7.4733896,2.2373302,4.051887,6.119922,5.0671897,4.581948,5.74851,3.9465725,4.9950523,5.1109934,3.60099,4.2404776,4.680907,4.194933,4.1538343,4.3122115,4.8852353,5.6705813,5.110292,3.0530438,5.507282,4.6431937,6.540702,5.6060734,3.8369622,3.9913983,3.3431072,4.637958,5.5567966,4.02715,6.3643293,4.9268107,4.2132645,5.666492,5.155974,6.7685204,6.6258984,5.8176084
TCGA-55-1596-01,7.660898,7.0178847,5.1889734,4.8848286,4.9095755,4.5539966,4.889193,6.030446,5.1488404,5.7090325,6.2787895,5.8166113,6.8635993,7.761822,7.06905,3.281048,5.622946,4.6379366,5.7488713,5.295376,5.3903656,3.6718044,4.9271836,6.1201444,5.3638606,5.521138,7.7757583,2.297791,3.8432546,6.006643,5.258562,4.432983,5.9129453,3.7954583,4.995481,5.0447435,3.454109,4.3173747,5.17034,4.2356806,4.0801835,4.3177543,4.5394855,5.3971562,4.7727127,3.0361934,5.61513,4.329432,6.5251393,5.998974,3.3665898,3.7952745,3.0880537,4.2198114,6.0008426,3.9135854,6.610236,5.115165,4.3816237,5.6766553,5.2039313,7.087584,6.6410656,5.7442317
TCGA-05-4415-01,7.499323,7.093834,5.256139,4.8481874,4.9469266,4.463613,4.85823,6.0663204,5.1341343,5.7169952,6.324102,5.824443,6.8051963,7.7963285,6.996092,3.347976,5.596292,4.6528773,5.813687,5.3342433,5.487118,3.6384075,4.858391,6.038537,5.426196,5.4832087,7.8403373,2.3242455,3.8073075,5.958676,5.2897215,4.4560137,5.9528756,3.7858336,5.0663404,5.0594316,3.4966521,4.342179,5.2716465,4.3235965,4.104803,4.342863,4.411592,5.3556733,4.672063,3.0923707,5.665772,4.294328,6.445136,6.0122285,3.2912273,3.775888,3.0284734,4.160126,6.10223,3.9443226,6.585776,5.1753974,4.397435,5.6727195,5.1854367,7.075544,6.597831,5.716135
TCGA-64-1678-01,6.130545,6.7661066,5.1350384,4.837927,5.0307426,3.4944913,4.3798685,6.5449142,5.0259123,5.6985817,6.1687202,5.452226,7.0993357,7.250186,6.5011587,3.4964342,5.545314,4.472135,6.0176063,5.6622834,5.7836637,3.7354636,4.7098904,5.7315397,5.436781,5.515871,7.15611,2.8721864,3.7784564,5.7891846,5.097787,5.278245,5.507171,4.006278,5.3598566,5.3138776,4.343606,4.473402,5.6009417,4.7850084,4.502356,4.469524,4.0816402,5.1827507,4.8407016,3.4770482,6.411843,4.659392,6.0262218,5.7456865,3.3778515,4.092558,2.9779837,4.270422,6.0687037,4.990938,6.1942053,5.240923,4.2220387,5.682384,4.7137766,6.9745893,6.4010887,5.5031915
TCGA-44-A47F-01,9.153513,5.3273277,4.1477427,4.755168,4.2377887,4.577639,5.3062515,5.920979,5.0056157,5.480036,5.41277,5.6943064,7.271538,6.864,6.7280593,2.9843073,5.3931394,4.140915,5.5238113,5.0972605,5.0404263,4.3409486,4.98728,6.446418,5.03499,6.389555,7.2628713,2.2967916,4.17503,6.149081,4.906762,4.775141,5.591953,4.0088763,5.0359817,5.1925974,3.8528802,4.208873,4.36541,4.313142,4.2546473,4.2809696,4.9851975,5.8900824,5.371115,3.0981066,5.4713078,4.861238,6.5845075,5.301527,4.0059776,4.088576,3.4240339,4.841316,5.2621403,4.2480087,6.2280364,4.9307604,4.047772,5.6021924,5.0931787,6.5156317,6.6087623,5.865672
TCGA-05-4390-01,5.6402173,7.040476,5.3842688,4.946465,5.1832004,3.2669098,4.170597,6.6243634,5.007977,5.7182593,6.367595,5.38892,7.1131444,7.3396077,6.4949875,3.5690389,5.663947,4.5168843,6.081973,5.756533,5.870186,3.5882537,4.693646,5.631058,5.5267935,5.2539973,7.0706005,2.9533844,3.7015228,5.7419724,5.0995607,5.29642,5.506955,4.0309153,5.390503,5.257942,4.376474,4.5098677,5.7732043,4.807866,4.4969816,4.5026093,3.9930873,5.0357103,4.8081493,3.5585413,6.567926,4.612518,5.984892,5.8627734,3.3474603,4.0487857,2.9543662,4.2180557,6.142753,5.081164,6.2422256,5.2613926,4.2799673,5.7036333,4.658873,7.1206822,6.3466315,5.470376
TCGA-J2-A4AG-01,8.680289,5.2384152,3.9943283,4.7547755,4.3309555,4.3755937,5.2886214,5.949171,5.0434775,5.4216795,5.4515214,5.401591,7.32329,6.783756,6.730297,3.0235045,5.313537,4.011027,5.5013814,5.128636,4.780733,4.4478803,5.1091585,6.545823,5.0231323,6.520149,7.148917,2.3162458,4.1491666,6.145897,4.840419,4.9918447,5.5404677,4.224195,5.2318296,5.108564,3.903997,4.2977514,4.433334,4.1346245,4.4374547,4.3560057,5.1068807,6.052183,5.2437506,3.1859586,5.7392535,4.9956613,6.5533233,5.3099957,4.1394706,4.1407814,3.5640466,4.84928,5.3381853,4.320627,6.2962027,4.845257,4.0247188,5.733706,5.055862,6.4723134,6.693308,5.7837768
TCGA-50-6597-01,9.300476,5.116758,4.130065,4.762245,4.1833644,4.4534335,5.225607,5.99664,5.078673,5.4770865,5.2312846,5.5726943,7.4618583,6.3391194,6.668834,3.143902,5.3538857,4.0978484,5.4281178,5.013467,4.8801827,4.3340025,5.002594,6.5715256,5.0455246,6.492989,6.9823036,2.2541413,4.3732104,6.1533995,4.848621,5.0062494,5.397203,3.9811919,5.1032147,5.3137097,3.9713461,4.196798,4.337179,4.3390713,4.151846,4.247683,5.061938,5.9141097,5.403596,3.1539063,5.502647,5.0057726,6.8552027,5.218456,4.1608744,4.179578,3.5732234,4.933876,5.3563995,4.39205,6.125519,4.8257766,4.009305,5.5318327,5.0486937,6.5570254,6.750598,5.874681
TCGA-55-8508-01,7.66917,6.610277,4.9550147,4.896147,4.7791204,4.386236,4.8696365,6.074253,5.106951,5.661797,6.1170535,5.7604957,7.022679,7.4875326,6.875713,3.2417467,5.5990167,4.509378,5.7226796,5.303054,5.3626347,3.824919,4.974013,6.1569977,5.333001,5.672696,7.568081,2.336252,3.9325414,6.057669,5.139829,4.5919733,5.796154,3.8815188,5.0335917,5.0900965,3.6603038,4.333097,5.056813,4.2793455,4.1797695,4.3559437,4.601769,5.4386644,4.9046106,3.1285164,5.7005687,4.4864454,6.4500284,5.7971115,3.5846875,3.908109,3.1811712,4.3955283,5.790427,4.108038,6.4488883,5.0498595,4.329361,5.666259,5.122049,6.965601,6.566539,5.7405934
TCGA-55-A57B-01,9.299057,5.0178633,4.1067777,4.687232,4.207764,4.347931,5.1223555,6.0677648,5.081644,5.4365754,5.197109,5.4106874,7.4560466,6.2032275,6.592745,3.1550803,5.2534485,4.0832205,5.320689,5.0523214,4.878234,4.317507,4.9236517,6.520325,5.023682,6.5212603,6.867664,2.2781518,4.478644,6.060556,4.7891974,5.0622215,5.3485003,3.9894826,5.145578,5.3723474,4.010585,4.1580186,4.2814074,4.404642,4.137934,4.2378426,5.124301,5.9695,5.40278,3.151472,5.5865073,5.0894876,6.8910923,5.286947,4.1808114,4.150592,3.5208166,4.959104,5.339082,4.5092673,6.1335316,4.735229,3.8762276,5.5881677,4.955278,6.6317134,6.809198,5.791394
TCGA-78-7145-01,7.551663,7.104837,5.2204623,4.921216,4.961456,4.4802275,4.789606,6.0827203,5.1420527,5.681143,6.341787,5.841789,6.877287,7.7355275,7.0337167,3.3004766,5.634409,4.689666,5.7707024,5.338684,5.4127183,3.6281471,4.969462,6.0777235,5.3933268,5.431906,7.784764,2.2730033,3.8683033,6.0037866,5.255447,4.4266176,5.9759064,3.7789147,4.942479,5.0491133,3.4270756,4.3292427,5.2093644,4.2847395,4.089218,4.3243504,4.4784765,5.295765,4.727885,3.0621984,5.66123,4.299753,6.501266,6.013714,3.3644395,3.8068447,3.0331502,4.2436213,5.9956393,3.9369795,6.5853486,5.1211853,4.4077654,5.663734,5.138439,7.1399937,6.5991435,5.703549
TCGA-44-A47B-01,9.289856,5.096005,4.1168942,4.6467023,4.1786637,4.3914604,5.163499,6.0684133,5.071599,5.4415646,5.2259884,5.4196334,7.4123287,6.2243266,6.589796,3.118404,5.2305818,4.083062,5.31539,5.051126,4.9229293,4.3060994,4.90685,6.502753,5.0248322,6.5497613,6.9363422,2.2583823,4.45931,6.07215,4.7998147,5.020693,5.365248,3.9757223,5.1397443,5.381959,3.987877,4.1488466,4.2732673,4.4094663,4.1502223,4.2314243,5.110548,5.9737,5.4176855,3.1343286,5.5579653,5.0447793,6.83554,5.2755933,4.155383,4.1343045,3.4955075,4.9475417,5.326127,4.480829,6.112459,4.747686,3.8681042,5.593353,4.9610834,6.588175,6.7853665,5.793039
TCGA-64-1681-01,9.16253,5.3151765,4.1362433,4.7899413,4.220989,4.5809073,5.341817,5.9350243,4.963066,5.4521847,5.416135,5.722005,7.2858114,6.8178496,6.804693,2.932059,5.439196,4.176001,5.601982,5.134629,4.9443517,4.3521056,5.0818267,6.459204,5.0318575,6.356971,7.2706423,2.3074331,4.1383405,6.159685,4.9593863,4.799803,5.6252427,3.9913192,4.9592175,5.1912246,3.8636322,4.2351737,4.402707,4.2817826,4.219761,4.2770557,4.9812827,5.8482914,5.431471,3.0924428,5.474694,4.819646,6.5772467,5.331895,3.9690404,4.125402,3.4415243,4.822145,5.2910657,4.229229,6.2425423,4.9795723,4.104222,5.6074934,5.0950427,6.5017896,6.5748,5.8931212
TCGA-78-8660-01,7.0133157,7.4444475,5.4651265,5.006638,5.1884055,4.3001933,4.676396,6.2113338,5.236357,5.8042502,6.4523864,5.7304807,6.849139,7.7878094,7.0896497,3.4623346,5.6380453,4.758688,5.844211,5.3940625,5.493351,3.3991287,4.886104,5.955012,5.459792,5.171935,7.758794,2.3753998,3.8223548,5.8901525,5.3371487,4.5727763,5.889546,3.6930773,5.0210905,5.0729146,3.513925,4.399868,5.37511,4.332675,4.0644784,4.351299,4.3539357,5.2078395,4.712931,3.0850766,5.81,4.247714,6.543839,6.133778,3.1614714,3.7691028,2.963897,4.1003456,6.155035,3.9997368,6.664995,5.166994,4.457658,5.6504717,5.1494727,7.28535,6.582463,5.683776
TCGA-78-7539-01,5.5987787,7.581424,5.78888,5.2007875,5.440683,3.3812673,4.000206,6.551518,5.115133,5.81097,6.6538777,5.4720526,7.1356153,7.6025176,6.7109103,3.7012453,5.791406,4.7210054,6.0549216,5.7143116,5.7759504,3.2588992,4.8105254,5.6428304,5.708879,4.7696476,7.2622905,2.8466644,3.8060577,5.7366753,5.257126,5.106677,5.572909,3.801984,5.2445493,5.200396,4.0952444,4.5929856,5.878494,4.6255274,4.2866726,4.5666285,4.0043554,4.8203945,4.756936,3.5624075,6.5785685,4.464236,6.2777705,6.111023,3.2765167,3.9883993,2.9739351,4.079796,6.244769,4.678025,6.4279795,5.1921535,4.5501094,5.6778646,4.813867,7.46301,6.292108,5.5127125
TCGA-86-8279-01,5.3699965,7.205971,5.5233345,5.0162506,5.288068,3.1831043,4.1159863,6.6655784,5.0557837,5.7677445,6.3981333,5.3791237,7.142214,7.3827124,6.4957047,3.6751328,5.628973,4.5497146,6.0976267,5.7620163,5.849653,3.4965708,4.702335,5.6011147,5.5569563,5.116459,7.1013,2.982278,3.74895,5.69279,5.1802874,5.3682094,5.480896,3.9663825,5.3897543,5.314567,4.4310308,4.5546565,5.859864,4.801295,4.4540806,4.542078,3.9292052,4.9947133,4.8160877,3.5953584,6.648185,4.6069193,6.036801,5.904266,3.2994926,4.0465407,2.9644866,4.1181746,6.2336087,5.0794196,6.236615,5.292892,4.3587937,5.730397,4.6929083,7.186778,6.322746,5.4384704
TCGA-49-4488-01,6.7981544,7.3940625,5.48412,4.9469495,5.1556525,4.044487,4.579653,6.2539606,5.0703506,5.7350183,6.452628,5.744416,6.8654213,7.787419,6.9538674,3.511264,5.6820216,4.6363792,6.02897,5.511088,5.6629214,3.5210233,4.8521113,5.887506,5.5593123,5.1964073,7.698437,2.462388,3.6616611,5.8808084,5.2710085,4.652495,5.836051,3.8171961,5.16345,5.0485,3.7354949,4.440989,5.527858,4.475059,4.1595244,4.387639,4.1574836,5.1797953,4.655002,3.3292954,5.9497337,4.3280535,6.372983,6.066336,3.2270298,3.8347592,2.9681685,4.09441,6.210482,4.2225833,6.621961,5.304154,4.4399314,5.656608,5.0313277,7.1897016,6.4951057,5.661771
TCGA-05-4405-01,6.1094804,7.232299,5.4711723,4.9319534,5.195771,3.575802,4.319688,6.426131,5.1080627,5.749015,6.420295,5.593946,7.000978,7.50107,6.696624,3.5521293,5.643702,4.654427,6.078782,5.63167,5.8349395,3.4807208,4.692481,5.7062807,5.631129,5.1499248,7.3631687,2.8252974,3.75214,5.7602344,5.2348948,5.0744314,5.5652823,3.77875,5.346258,5.2192345,4.089506,4.5677056,5.7005377,4.730489,4.379316,4.5105066,4.037551,5.025021,4.7051454,3.509978,6.3787007,4.508355,6.168946,5.946357,3.2317479,4.0538244,2.9107382,4.182265,6.2254014,4.6247053,6.397843,5.226292,4.4108715,5.596505,4.8442283,7.20523,6.3461466,5.5950866
TCGA-NJ-A55R-01,7.1288805,7.1613207,5.3202477,4.870835,5.0184,4.3155622,4.7385187,6.1423936,5.2117167,5.7777195,6.4029384,5.772949,6.8408923,7.7860985,6.930221,3.4015615,5.592776,4.735606,5.802739,5.389992,5.6288695,3.5227358,4.839202,5.922141,5.54363,5.2731147,7.8058743,2.4855034,3.86909,5.8871374,5.3243775,4.6198926,5.8512683,3.611855,5.148209,5.141033,3.5828726,4.47703,5.346862,4.439434,4.191234,4.419163,4.323771,5.2017922,4.643578,3.1309428,5.846497,4.3048115,6.348859,5.994576,3.238841,3.8824131,2.9317844,4.1417303,6.1263924,4.089598,6.5367994,5.1148534,4.452187,5.583536,5.135553,7.1968417,6.4782906,5.7405295
TCGA-73-4675-01,9.291392,5.1252065,4.0704045,4.7089844,4.160167,4.5399327,5.3521023,5.950619,4.9783864,5.4153123,5.327791,5.6146235,7.2933717,6.62441,6.7267957,2.9732413,5.3541827,4.152643,5.4956756,5.1096435,4.913695,4.367444,4.991498,6.480903,5.012203,6.4673624,7.195543,2.3307617,4.264514,6.1184263,4.9417696,4.855768,5.5797005,3.9635735,5.0111203,5.268782,3.8819032,4.2087693,4.305415,4.3515124,4.188789,4.2682757,5.0289845,5.9200597,5.448687,3.0993168,5.475926,4.884049,6.6223087,5.289521,3.9936237,4.141287,3.434138,4.8632517,5.275688,4.31425,6.176165,4.918643,4.024682,5.5874505,5.0480766,6.477857,6.6160727,5.883862
TCGA-NJ-A4YG-01,8.13932,6.487108,4.8141866,4.9005995,4.694986,4.568501,5.0383105,5.981687,5.1517572,5.627386,6.0359554,5.7975903,7.030295,7.401959,6.890396,3.1334531,5.5386634,4.485543,5.643433,5.2040105,5.199825,3.902126,5.0471377,6.311123,5.252486,5.8045506,7.5970726,2.1911318,3.953979,6.1302733,5.1205826,4.475845,5.8582377,3.9115252,5.000332,5.027211,3.5192456,4.291539,4.840406,4.1954746,4.158296,4.325247,4.7912006,5.5460367,4.9286666,3.0209842,5.540837,4.479006,6.5388455,5.750366,3.7126117,3.8940558,3.2403352,4.5497475,5.665511,3.921142,6.460053,5.0045285,4.3112864,5.6650143,5.178087,6.912141,6.6201673,5.747384
TCGA-55-8507-01,5.4209538,6.941668,5.4310846,4.9057493,5.1455636,3.213291,4.1283855,6.571217,5.0551295,5.757443,6.3353295,5.4144063,7.1296678,7.3509583,6.431895,3.615813,5.6332774,4.549454,6.048689,5.7393556,5.940169,3.5840545,4.612342,5.594084,5.615136,5.2558036,7.0607643,3.0964553,3.7930126,5.715739,5.14728,5.409413,5.367006,3.9182143,5.485006,5.348102,4.4775033,4.5872993,5.8663654,4.843581,4.5469637,4.5786495,3.965009,5.0119467,4.792134,3.6326075,6.6988564,4.674273,5.9526916,5.827239,3.339493,4.1394606,2.9798877,4.150619,6.2253723,5.111798,6.1802197,5.204342,4.3377557,5.6594534,4.707953,7.1374907,6.2871184,5.504445
TCGA-35-5375-01,6.1531157,7.4327435,5.62068,5.162351,5.3479776,3.555215,4.176859,6.4584465,5.0930414,5.7201996,6.5934677,5.511492,7.107183,7.5284476,6.804134,3.6027882,5.773244,4.6607175,6.0466123,5.6557946,5.6830697,3.3503325,4.8454895,5.7351065,5.680656,4.8780866,7.3326197,2.744424,3.788562,5.7546525,5.2274184,5.0010524,5.624364,3.8368814,5.20284,5.126981,3.962953,4.5510144,5.68538,4.602968,4.265281,4.5205517,4.075291,4.91431,4.7804203,3.5374148,6.467052,4.465544,6.2995367,6.053874,3.283235,3.9848568,2.984444,4.214472,6.138126,4.491769,6.471413,5.1870794,4.5085554,5.65087,4.8044324,7.3316793,6.3392296,5.582649
TCGA-55-8094-01,5.9980545,7.3897653,5.6110754,5.0816755,5.2791576,3.6230116,4.2121825,6.4308915,5.1232567,5.7807884,6.4966164,5.5483594,7.0837283,7.583973,6.7500086,3.6323016,5.703752,4.6780386,5.9781694,5.6112294,5.711437,3.3919492,4.8059044,5.7509108,5.625429,4.9922833,7.358716,2.7666502,3.8565264,5.7864256,5.2446404,5.0314913,5.598301,3.7889895,5.2396026,5.213263,4.0196633,4.5512767,5.7191367,4.5888696,4.282124,4.5210934,4.109005,4.982536,4.760437,3.4802563,6.3789926,4.488687,6.331424,6.030981,3.2927768,3.9910786,2.9989693,4.0984616,6.2117195,4.569701,6.43255,5.175952,4.488844,5.6516905,4.897614,7.3445735,6.3696017,5.565732
TCGA-97-A4M2-01,8.927433,4.9820004,3.9586327,4.689052,4.299787,4.239116,5.1317825,6.059518,5.0936074,5.382664,5.2593026,5.2666144,7.4466596,6.2503567,6.633636,3.16101,5.240565,4.0336423,5.359587,5.0956683,4.736779,4.368956,5.019745,6.60694,5.0202985,6.5963235,6.8657494,2.3183675,4.3961434,6.0884137,4.780579,5.183021,5.355746,4.1233273,5.247336,5.2746797,4.013741,4.2393193,4.339544,4.2623725,4.2771406,4.2945232,5.1791,6.0575347,5.300936,3.2111773,5.738816,5.1389575,6.8112206,5.2895403,4.211076,4.2050395,3.578767,4.93029,5.4090114,4.5296245,6.202193,4.719364,3.9010596,5.658782,4.937745,6.573347,6.8378363,5.754882
TCGA-50-6594-01,5.7686095,7.0667257,5.4193864,4.886906,5.2485547,3.350022,4.3050637,6.5473676,5.078152,5.786652,6.296716,5.534509,7.025791,7.4105854,6.5432367,3.6288006,5.547673,4.5826044,6.207389,5.701972,5.9121933,3.5115857,4.5740156,5.611404,5.583397,5.218278,7.2913,2.9406567,3.717356,5.676109,5.261216,5.297749,5.468138,3.8368413,5.4654584,5.314713,4.3366013,4.5976257,5.796014,4.905493,4.4466634,4.5448995,3.9062843,5.052322,4.74581,3.5979798,6.506724,4.578737,6.0661464,5.8951855,3.1772246,4.1058,2.8505278,4.150075,6.317072,4.8901014,6.300231,5.32909,4.3642807,5.6367297,4.7838383,7.135729,6.293931,5.5219088
TCGA-44-5643-01,8.545796,5.929225,4.489931,4.801419,4.4892287,4.600312,5.1604347,5.9396915,5.0457783,5.544528,5.7797523,5.736228,7.1247244,7.20204,6.8444858,3.045497,5.485996,4.33942,5.598816,5.1648536,5.1267724,4.1066833,5.020632,6.378891,5.1417937,6.1136913,7.455911,2.2545571,4.036998,6.14016,5.037619,4.625744,5.7394047,3.9719627,4.998952,5.1105514,3.6479084,4.243751,4.6634946,4.210992,4.1971054,4.308388,4.8689723,5.7064734,5.128569,3.0609004,5.5045214,4.668847,6.5270257,5.5692577,3.8362947,3.9935641,3.3282135,4.622706,5.525521,4.0801234,6.3615913,4.9679804,4.193359,5.6661744,5.1440988,6.7314873,6.619831,5.7967086
TCGA-05-4402-01,8.396096,6.1499944,4.6180387,4.815294,4.562085,4.5947967,5.134044,5.946617,5.07925,5.583841,5.886382,5.7781916,7.050893,7.307902,6.868398,3.049908,5.5142846,4.377266,5.642275,5.2053223,5.20501,4.041237,5.018254,6.3366175,5.1708302,6.004244,7.528552,2.2581322,3.9649308,6.157369,5.0574937,4.5709476,5.781448,3.9696155,4.996494,5.05308,3.626313,4.25695,4.756999,4.177266,4.225976,4.31265,4.8271537,5.6571674,5.063139,3.032671,5.5154786,4.5759706,6.473781,5.640284,3.7648401,3.9336321,3.2855392,4.5780964,5.568738,4.0202475,6.410173,5.0060267,4.232203,5.6876407,5.163373,6.768838,6.6058064,5.7747645
TCGA-55-7910-01,6.230203,7.332604,5.5079618,5.066743,5.191446,3.8680356,4.338366,6.387214,5.115763,5.796762,6.457944,5.5840974,7.0488734,7.668012,6.7878785,3.564018,5.6955104,4.6722455,5.875554,5.531571,5.585432,3.4710279,4.903474,5.8449044,5.49657,5.179439,7.446944,2.578057,3.869016,5.8853307,5.231534,4.858337,5.7517443,3.863621,5.099168,5.187645,3.8971403,4.435221,5.6238723,4.4363437,4.198394,4.447458,4.226743,5.079432,4.7677207,3.299002,6.137836,4.4223113,6.374855,6.0311,3.3485086,3.8855042,3.0597973,4.0644236,6.1303787,4.4623833,6.434447,5.164357,4.453334,5.717534,4.9850445,7.2911034,6.4666467,5.5556426
TCGA-05-5429-01,9.268573,4.992888,4.0055337,4.65684,4.273671,4.252351,5.0702925,6.1294036,4.9996195,5.3617344,5.235008,5.333671,7.428333,6.137481,6.7366433,3.0808153,5.315401,4.157008,5.392703,5.1524677,4.801062,4.2649417,4.9751577,6.507125,5.046558,6.5281897,6.870134,2.3159976,4.415262,6.03156,4.8691416,5.0675535,5.381853,3.9766054,5.086725,5.371643,4.0038595,4.173408,4.355778,4.338016,4.045126,4.221898,5.1475954,5.914729,5.352845,3.1919577,5.698442,5.0484495,6.8112693,5.406751,4.1120434,4.182692,3.5001922,4.947834,5.4377975,4.5900426,6.1803436,4.7030435,3.8816662,5.637496,4.868288,6.6504345,6.847214,5.790202
TCGA-55-6642-01,8.448631,6.103419,4.5940037,4.819235,4.556368,4.615956,5.1308184,5.932681,5.0537605,5.5919986,5.896535,5.7219276,7.1023335,7.319814,6.852522,3.059087,5.5126133,4.382891,5.6083536,5.1475506,5.1214085,4.0137715,5.0031557,6.32964,5.20626,6.0355844,7.5321627,2.2088614,4.014897,6.0831738,5.10816,4.544363,5.7975774,3.952689,5.030335,5.1012855,3.5630786,4.2310157,4.767022,4.1986623,4.1212163,4.3192406,4.837391,5.6206865,5.015731,3.0295768,5.5371947,4.5947256,6.510602,5.663884,3.818357,3.9435124,3.3185966,4.6057644,5.615034,3.982477,6.374335,4.935138,4.231424,5.6920342,5.1651773,6.8174806,6.640687,5.7883563
TCGA-64-1679-01,5.94588,7.3716846,5.6383233,5.143168,5.3409824,3.4456508,4.1116652,6.4637094,5.1027117,5.7256966,6.568253,5.4999347,7.1359563,7.4823895,6.7444963,3.6108024,5.776524,4.6662464,6.0546083,5.6814847,5.755909,3.3632033,4.7868767,5.706034,5.710081,4.881937,7.2415395,2.873031,3.8021002,5.7375493,5.2192945,5.1030316,5.5156775,3.8147209,5.2866216,5.163616,4.057814,4.5980945,5.736719,4.661528,4.336646,4.55939,4.064118,4.894102,4.7862163,3.6001887,6.5781565,4.526914,6.2634983,6.032456,3.3097088,4.0620227,2.980207,4.2201686,6.172629,4.623274,6.4348445,5.1602006,4.506882,5.6224504,4.7799854,7.3561716,6.302057,5.5786796
TCGA-55-6979-01,5.503071,6.900626,5.510401,4.93874,5.152989,3.3165207,4.127907,6.4482594,5.065768,5.763718,6.330144,5.4483204,7.1547337,7.4387345,6.4844213,3.6642745,5.659918,4.5516343,5.9932184,5.6977882,5.92249,3.5712113,4.599975,5.645701,5.661487,5.169953,7.1134834,3.1492658,3.8738956,5.710635,5.18109,5.391702,5.2973466,3.8633852,5.527936,5.3438225,4.417056,4.636792,5.845551,4.807162,4.521011,4.6218314,4.029535,5.038203,4.8075657,3.675325,6.70141,4.707184,6.084463,5.8769746,3.3702762,4.1672826,3.0150418,4.0897245,6.289494,5.0572743,6.2403173,5.1547008,4.4030704,5.640689,4.7928534,7.2250886,6.282133,5.5503554
TCGA-53-7626-01,5.675379,6.674328,5.1625175,4.7371664,5.055506,3.2804208,4.3235307,6.567847,5.0791016,5.7731605,6.111465,5.4622903,7.0802426,7.197333,6.3552375,3.558999,5.4644947,4.5018215,6.1304765,5.6944504,5.9607286,3.7084224,4.5043592,5.608836,5.5238185,5.5522056,7.097778,3.0933354,3.7815852,5.701189,5.1637383,5.5133743,5.3096986,3.9025567,5.5597205,5.433981,4.5683165,4.579708,5.7825603,4.96932,4.6198435,4.5625095,3.93684,5.1405087,4.789265,3.6023307,6.613223,4.7437086,5.8876595,5.6915607,3.2729332,4.2322583,2.9095562,4.22248,6.2323437,5.1386843,6.098683,5.252203,4.2400856,5.618807,4.713575,6.9562416,6.3055463,5.506142
TCGA-44-6775-01,9.311622,5.2917295,4.0981154,4.6709228,4.082374,4.460273,5.2680044,6.06184,4.9560184,5.4353585,5.3010616,5.590354,7.3259583,6.428311,6.7647066,3.0031884,5.378694,4.1655664,5.520214,5.1369615,4.9600673,4.294212,4.9551163,6.386396,5.055592,6.453781,7.1587687,2.3280985,4.3028197,6.126299,4.9800386,4.86038,5.491861,3.9027185,4.974563,5.410972,3.983251,4.1558094,4.440086,4.4059153,4.138728,4.209773,4.98805,5.8151746,5.5428762,3.1225824,5.5264306,4.808678,6.6032224,5.286672,3.9479206,4.157963,3.4612617,4.86073,5.3517394,4.337429,6.036274,4.9001436,4.0073113,5.560733,4.971153,6.44057,6.6332207,5.8841257
TCGA-44-6144-01,7.1231017,6.931766,5.2323,4.9573255,4.946158,4.252928,4.653831,6.1432805,5.1184416,5.732835,6.3233747,5.7124705,7.013372,7.65743,6.859844,3.3572102,5.6681466,4.617583,5.7716455,5.3733883,5.469835,3.6525574,4.918183,6.0292025,5.4397054,5.4461412,7.572142,2.4522543,3.91374,5.977316,5.2207637,4.6363955,5.7852173,3.8433964,5.068176,5.131571,3.687578,4.3861923,5.3231397,4.3191056,4.1643085,4.417959,4.4508343,5.263083,4.8115163,3.187239,5.8788605,4.443256,6.3924503,5.932074,3.4714427,3.8983877,3.1384814,4.2232285,5.971831,4.1796427,6.4481473,5.0665684,4.421115,5.6816425,5.108635,7.131848,6.5182414,5.6947846
TCGA-05-5425-01,5.7910013,6.9901104,5.494608,4.933694,5.1909795,3.462803,4.237529,6.3741913,5.124621,5.794913,6.3660746,5.4768257,7.0914993,7.4651155,6.580503,3.5798054,5.676664,4.602972,6.0212545,5.628803,5.867151,3.531655,4.589788,5.714106,5.650989,5.2361474,7.1461787,3.065305,3.789331,5.724929,5.212309,5.293391,5.347026,3.8246472,5.51175,5.263039,4.2675133,4.603533,5.762114,4.7166386,4.4646964,4.593604,4.1000557,5.079143,4.758708,3.5650604,6.553653,4.6606007,6.1513495,5.936568,3.3500404,4.139363,3.0085344,4.1463895,6.2986574,4.8734775,6.3379164,5.1289773,4.4029517,5.620837,4.8677583,7.2440453,6.3476286,5.592438
TCGA-69-7765-01,5.558461,6.97396,5.549062,4.96327,5.196614,3.3558073,4.145079,6.436097,5.078139,5.775731,6.3480015,5.474245,7.138737,7.479261,6.530665,3.675222,5.6644416,4.5770345,6.01249,5.6869345,5.906619,3.5283868,4.6091213,5.6538763,5.66891,5.116702,7.1656427,3.1109192,3.8672235,5.7056136,5.2120647,5.348254,5.3270035,3.8330314,5.5058303,5.326365,4.3580422,4.641599,5.8377666,4.792763,4.481417,4.6184034,4.0268235,5.0268197,4.796264,3.6624937,6.6620917,4.6740384,6.136105,5.91792,3.3402517,4.149596,2.9963446,4.075739,6.31284,4.986415,6.284614,5.1688113,4.4309154,5.6367917,4.8207808,7.261477,6.284618,5.556865
TCGA-62-8397-01,9.210326,4.978411,3.9682262,4.668862,4.286324,4.247921,5.0972366,6.078959,5.0858674,5.398818,5.224834,5.3496046,7.452933,6.1164308,6.6760654,3.1836398,5.3092313,4.109459,5.3928895,5.0905476,4.8001323,4.2724032,4.958355,6.5918145,5.056415,6.563978,6.868836,2.3328652,4.421866,6.082658,4.85636,5.1402154,5.33234,4.0074997,5.180979,5.3412285,4.015974,4.2102447,4.3742146,4.3147984,4.1454315,4.2551265,5.1304693,5.949678,5.2995653,3.2155216,5.6771207,5.0826154,6.8441844,5.3016763,4.153992,4.2317023,3.5533938,4.949829,5.4738626,4.5590644,6.140249,4.709391,3.9203334,5.583453,4.9089384,6.603491,6.863596,5.8049326
TCGA-05-4397-01,5.643087,6.8392425,5.3747582,4.8458023,5.1556654,3.379244,4.274173,6.454331,5.115921,5.815135,6.2166777,5.482521,7.0960402,7.3768783,6.4599085,3.6302598,5.545359,4.560187,6.0776005,5.64917,5.9162135,3.5974414,4.5227656,5.6550946,5.596529,5.357128,7.1596255,3.1099594,3.8324473,5.6895967,5.2331285,5.439735,5.295999,3.831901,5.558706,5.3909087,4.4408197,4.6195793,5.8101482,4.857763,4.527262,4.6067514,3.995539,5.113351,4.777234,3.6084569,6.60263,4.7178316,6.0625963,5.8315315,3.2837784,4.200914,2.9572806,4.1115255,6.333995,5.017884,6.2137394,5.2015805,4.3583646,5.624648,4.833643,7.1319656,6.3159223,5.5433636
TCGA-97-7552-01,9.099377,5.0131454,4.027351,4.6441164,4.239624,4.2167892,5.115798,6.078232,5.072299,5.356093,5.2300973,5.242155,7.4547954,6.172227,6.5866027,3.1347022,5.2110796,4.0727053,5.3237023,5.106757,4.749773,4.3155713,4.915722,6.5359173,5.0211024,6.569309,6.842571,2.360002,4.483116,5.9995103,4.8291554,5.145778,5.360765,4.0335007,5.206709,5.3687816,4.028114,4.1973214,4.3234906,4.3741555,4.1815715,4.2852597,5.1790624,6.002797,5.3510494,3.19181,5.728276,5.130808,6.8132896,5.3277116,4.182796,4.204606,3.528992,4.9793396,5.4018993,4.5791,6.1382704,4.675087,3.8577986,5.6475754,4.882903,6.630309,6.8167024,5.7684984
TCGA-38-4631-01,5.761623,6.887447,5.310005,4.8070097,5.164331,3.335007,4.3495445,6.539375,5.0750155,5.7765594,6.1937504,5.533434,7.031091,7.3323383,6.472416,3.6110241,5.487143,4.5467787,6.195039,5.6896744,5.9362326,3.596057,4.523005,5.610678,5.5540676,5.355021,7.254776,2.9944692,3.7491922,5.674091,5.2444773,5.3758135,5.409429,3.847832,5.51865,5.373543,4.4238796,4.59981,5.782063,4.9635687,4.508639,4.5517287,3.9055877,5.1047316,4.759458,3.6127596,6.5260243,4.6421685,6.0054703,5.809895,3.189873,4.1617985,2.8534057,4.167297,6.309829,4.972878,6.223745,5.3218803,4.317159,5.6222887,4.770175,7.0505443,6.2932305,5.5215993
TCGA-69-8253-01,7.9948225,6.3999114,4.792759,4.8681884,4.6818676,4.465216,4.9878244,6.024899,5.090746,5.622669,6.0115967,5.7552757,7.0557046,7.388375,6.8653255,3.1623435,5.5608783,4.4472446,5.6846004,5.250678,5.2743626,3.9195485,5.0005617,6.237548,5.274517,5.819001,7.5409985,2.2870226,3.9567509,6.084584,5.104367,4.58557,5.788569,3.9150805,5.0258703,5.0804157,3.639917,4.302948,4.9088507,4.250102,4.179474,4.338651,4.7019987,5.528697,4.967167,3.0977135,5.627698,4.5355144,6.4699335,5.720767,3.6787024,3.9306436,3.2317271,4.5001297,5.6885242,4.0726333,6.4256377,5.0157127,4.283982,5.667763,5.130933,6.8817596,6.586529,5.7654266
TCGA-91-6836-01,5.524373,7.496802,5.7481422,5.1694536,5.4372625,3.3048387,4.025527,6.576041,5.101688,5.799913,6.585018,5.4373145,7.14677,7.5382924,6.6684337,3.7050862,5.75608,4.669826,6.089933,5.7331314,5.804394,3.306664,4.7628517,5.635513,5.6757545,4.828282,7.1972156,2.9186754,3.7764702,5.7037435,5.246667,5.204058,5.5165534,3.8410285,5.31297,5.2188954,4.193165,4.6001897,5.87053,4.680533,4.332545,4.57202,3.984431,4.8727384,4.7841015,3.5949988,6.6233454,4.518812,6.243051,6.0786314,3.282343,4.014138,2.9676106,4.0927954,6.271746,4.8047457,6.4041486,5.2269316,4.507978,5.690862,4.7838955,7.414612,6.297082,5.495059
TCGA-53-7624-01,5.4792943,7.0282288,5.387441,4.8989635,5.26805,3.2377045,4.260768,6.6528363,5.067903,5.805472,6.1967354,5.475385,7.1015043,7.3434377,6.4365582,3.7295012,5.4560204,4.5294504,6.2045326,5.723479,5.8782187,3.5478976,4.5835133,5.5849986,5.5048733,5.251835,7.244389,2.9798,3.8010843,5.646347,5.2716246,5.451598,5.43141,3.9038029,5.46188,5.4380746,4.507584,4.5943427,5.857896,4.9650393,4.4702954,4.561688,3.838446,5.0731754,4.8098903,3.6372902,6.59008,4.652063,6.051924,5.828986,3.1735137,4.1341443,2.8696735,4.071047,6.3387456,5.076137,6.1759095,5.3843694,4.3466406,5.695771,4.745567,7.089078,6.294549,5.430927
TCGA-49-4512-01,9.35871,5.0186825,3.9834213,4.6118593,4.1510677,4.3566914,5.1945944,6.045193,4.997944,5.372038,5.266287,5.4029946,7.365097,6.3192105,6.6316023,3.0432162,5.2503304,4.0997233,5.3647933,5.1019783,4.9465714,4.287525,4.8477597,6.4501977,5.0473523,6.586527,7.041863,2.3583739,4.4439883,6.037659,4.8452272,4.9764,5.4251404,3.9480224,5.093431,5.38312,3.9719946,4.1697955,4.2749023,4.425047,4.1696396,4.2644944,5.088329,5.9629426,5.437327,3.1895492,5.610559,5.024966,6.6628313,5.259172,4.0590296,4.173168,3.4586327,4.92497,5.320204,4.52487,6.0998025,4.7399673,3.877161,5.590649,4.920256,6.5048428,6.695897,5.847625
TCGA-17-Z053-01,6.7127614,7.3354774,5.5174613,5.0146413,5.206909,4.096527,4.478702,6.219204,5.1351986,5.7663503,6.489626,5.669401,6.945741,7.761824,6.925825,3.528131,5.7036114,4.7189193,5.90694,5.463318,5.6134458,3.4478488,4.830384,5.8879285,5.5768886,5.157458,7.6349297,2.5524375,3.8198087,5.838986,5.3075585,4.7271204,5.7928324,3.7607212,5.164232,5.1183424,3.6771653,4.4650736,5.5284815,4.4586315,4.1675224,4.4499006,4.2227325,5.1056294,4.6715403,3.2933338,6.039605,4.38446,6.4461207,6.095141,3.256828,3.89427,2.9933271,4.0732436,6.2236834,4.22042,6.5613437,5.1697817,4.490386,5.636628,5.0528536,7.3132544,6.488681,5.646116
TCGA-91-8499-01,6.97787,7.3639417,5.5087595,5.0249543,5.165318,4.1408496,4.594047,6.215393,5.0680547,5.7481203,6.4987307,5.6253695,6.9166117,7.8197894,6.9756527,3.568474,5.6746097,4.602111,5.901505,5.438042,5.481719,3.4436815,4.934025,5.939826,5.601168,5.1345754,7.746568,2.3506598,3.78792,5.862802,5.2801933,4.6434903,5.91444,3.791951,5.111016,5.030371,3.6622522,4.423104,5.4613953,4.328926,4.0369053,4.4155626,4.235459,5.190237,4.6857967,3.2882817,5.9301457,4.3136754,6.501606,6.08673,3.2742035,3.7235596,3.0870004,4.069419,6.168702,4.069612,6.6469884,5.2328196,4.5035095,5.6983137,5.1207557,7.2286887,6.4923024,5.7014008
TCGA-78-7161-01,7.706872,6.987748,5.142798,4.9236465,4.9179616,4.525011,4.8702164,6.019138,5.1574645,5.671947,6.274472,5.8335514,6.9170585,7.6646504,7.033211,3.2199044,5.62611,4.647289,5.761438,5.287818,5.3561845,3.6993191,4.9679294,6.170833,5.342206,5.5384717,7.7172675,2.2792516,3.8446531,6.029114,5.2431884,4.4205337,5.907496,3.8308744,4.9902687,5.023132,3.417869,4.3210635,5.1098404,4.248814,4.1117945,4.3254833,4.591702,5.374355,4.78768,3.0473938,5.633751,4.361267,6.5287085,5.9753265,3.4622743,3.857903,3.0941734,4.3428907,5.936427,3.9024794,6.578659,5.081426,4.385532,5.6659684,5.160246,7.101772,6.627632,5.71312
TCGA-55-8207-01,6.771279,7.296572,5.438914,4.9525876,5.1757045,4.0853915,4.515243,6.2801695,5.112573,5.7506456,6.463178,5.67622,6.9014697,7.7397475,6.902572,3.4904075,5.675844,4.7074766,5.9398537,5.512412,5.680254,3.4922805,4.8166404,5.8308992,5.5506186,5.222327,7.650937,2.5730891,3.7606661,5.8251767,5.2868605,4.754925,5.8214097,3.7739923,5.156299,5.1345525,3.7238562,4.4538727,5.5282054,4.5314097,4.2215457,4.4231954,4.161474,5.1071134,4.651922,3.2696292,6.0399213,4.3616467,6.3346148,6.058701,3.2047248,3.893046,2.9186184,4.0876374,6.205485,4.2898865,6.5284667,5.221823,4.432384,5.6403885,4.985115,7.2343373,6.483876,5.625853
TCGA-86-8075-01,9.192415,5.210282,4.223687,4.7310653,4.232278,4.4218683,5.237743,6.056256,4.9869637,5.448468,5.372189,5.523875,7.2749505,6.564471,6.763557,3.0983956,5.356307,4.218867,5.467141,5.1494226,4.950202,4.2527976,4.943258,6.376966,5.1071596,6.3129544,7.190027,2.3733315,4.308609,6.0035954,4.989616,4.916466,5.5648875,3.8670783,5.0549254,5.341291,3.9021297,4.2277284,4.372021,4.4507327,4.0575366,4.252422,4.93755,5.8364186,5.3838234,3.1289766,5.5775466,4.8386526,6.690358,5.3854823,3.8753107,4.1040792,3.3670552,4.7705646,5.4029436,4.4250727,6.1993995,4.923615,4.02935,5.558821,5.001936,6.5792994,6.6384854,5.8765583
TCGA-55-7815-01,8.352201,6.2159743,4.6679406,4.8411407,4.609529,4.5918555,5.0948763,5.948806,5.090172,5.604015,5.94384,5.736594,7.072075,7.3460197,6.875041,3.095137,5.526729,4.4198112,5.6198235,5.17692,5.161936,3.9775188,5.0033545,6.3209405,5.2155457,5.9554024,7.535988,2.2447846,3.9927456,6.096652,5.1079254,4.5549784,5.792006,3.9401083,5.0232115,5.080655,3.5573404,4.2597175,4.797634,4.1961656,4.1562257,4.3276153,4.812962,5.603862,5.0007563,3.035502,5.5478473,4.5717435,6.5136967,5.6919327,3.7634203,3.9411154,3.2863097,4.5565615,5.6393676,3.9828043,6.4087877,4.962647,4.2568207,5.6830397,5.167763,6.848556,6.6286554,5.77256
TCGA-NJ-A55A-01,8.636497,5.7065477,4.418231,4.8275027,4.4703765,4.515166,5.151538,5.9355025,5.1044297,5.5130496,5.65104,5.623779,7.2057133,6.941892,6.775908,3.1119282,5.425476,4.2658997,5.523381,5.136786,5.003283,4.179097,5.017247,6.4517374,5.09937,6.200065,7.2823524,2.2920454,4.1569705,6.135352,4.9512887,4.769441,5.644601,4.0275197,5.0747557,5.115125,3.7119539,4.2605095,4.554325,4.222055,4.2497454,4.3263583,4.9649186,5.8282685,5.185041,3.0967398,5.5416236,4.808211,6.6692967,5.5109315,3.9304917,4.045352,3.39816,4.6777563,5.480333,4.138049,6.36323,4.9179025,4.1386647,5.6559415,5.1306524,6.727746,6.6620646,5.7755895
TCGA-17-Z013-01,9.312558,5.1327024,4.0712066,4.6864157,4.1109114,4.4566407,5.311728,5.997288,5.002819,5.4331007,5.245325,5.579386,7.3507023,6.4602804,6.700993,3.0776587,5.357015,4.1454067,5.4770885,5.086122,4.9357715,4.325418,4.9159546,6.4663844,5.0440097,6.494518,7.108517,2.3775551,4.3450785,6.1063857,4.9543242,4.928605,5.479386,3.9091218,5.049997,5.370987,3.971805,4.1997366,4.332823,4.42731,4.1584625,4.2479095,4.9901986,5.8912005,5.4748363,3.1506255,5.5055466,4.903352,6.6691117,5.22238,3.9808064,4.192427,3.4684982,4.869802,5.338705,4.419562,6.0676217,4.9002943,4.011686,5.5123982,5.0055666,6.4485583,6.6437144,5.9152923
TCGA-86-7711-01,7.1823277,7.3138733,5.3848996,4.878441,4.9957013,4.5017114,4.773381,6.1480627,5.1716905,5.7941136,6.4222145,5.888443,6.765571,7.962591,7.076068,3.3561022,5.653085,4.7388053,5.808625,5.3976994,5.5849447,3.5551836,4.910062,5.956029,5.424177,5.3412952,7.882646,2.3408027,3.7780008,5.9883614,5.295312,4.4084077,5.9617267,3.7167768,4.9558496,5.079266,3.501165,4.357644,5.384318,4.2928104,4.0951023,4.312497,4.3630166,5.261698,4.6702647,3.0185313,5.662857,4.1955314,6.397075,6.0811186,3.18258,3.7398748,2.9619482,4.0229387,6.117592,3.979904,6.625604,5.1963015,4.42012,5.671732,5.1876593,7.153571,6.5992494,5.718182
TCGA-64-5815-01,8.07078,6.6956224,4.917949,4.922652,4.746805,4.5699525,5.0450573,5.998665,5.139639,5.63547,6.136649,5.807452,6.9862146,7.4898,6.974497,3.1357129,5.58029,4.529243,5.713192,5.243511,5.248815,3.824828,5.0589175,6.260165,5.3146853,5.6864624,7.673552,2.201536,3.896514,6.094783,5.173157,4.4489,5.8898253,3.8596542,4.980358,5.0037003,3.4888551,4.324759,4.905156,4.183945,4.1315365,4.329379,4.729493,5.481601,4.910225,3.0307808,5.561783,4.3980446,6.518301,5.8208203,3.6079693,3.8715167,3.2026043,4.4964347,5.7264667,3.8500588,6.5168157,5.031799,4.3634696,5.666715,5.1832647,6.934658,6.5809517,5.782157
TCGA-44-A479-01,6.793661,7.380739,5.5114093,5.060594,5.1664534,4.178805,4.4587784,6.156906,5.2259297,5.737127,6.4283032,5.7330112,7.0342917,7.629171,6.9749928,3.4829643,5.6655354,4.789611,5.81397,5.3865714,5.5016284,3.459847,4.866359,6.0134463,5.501696,5.1666083,7.5533757,2.5638947,3.9604228,5.8925953,5.330051,4.69459,5.717326,3.707145,5.118126,5.1817017,3.5855403,4.4825435,5.437559,4.4209585,4.183929,4.4475026,4.3848877,5.110334,4.7476883,3.2703316,6.012878,4.462257,6.6141906,6.061734,3.3560789,4.021185,3.0448012,4.142163,6.1678634,4.1284804,6.5179987,5.0737343,4.5121584,5.586784,5.0623546,7.3883553,6.5271816,5.619059
TCGA-93-7348-01,8.922466,5.7028546,4.3755245,4.7803173,4.423192,4.6579475,5.2341065,5.885159,5.0259485,5.5258904,5.701627,5.774528,7.1248603,7.1076016,6.7867613,2.9479005,5.463792,4.2372346,5.5852995,5.1543307,5.1702313,4.176371,5.021606,6.375598,5.110608,6.2066746,7.46439,2.2103162,4.0240045,6.191832,4.938144,4.6141324,5.7399826,4.0107045,4.975172,5.038662,3.669764,4.2039557,4.5327,4.1682024,4.251049,4.3024006,4.926599,5.768582,5.196689,3.0440743,5.44847,4.6915746,6.4761844,5.496485,3.9268267,3.9543126,3.3496897,4.7436376,5.344482,4.08155,6.364562,4.937612,4.140593,5.6926994,5.15418,6.6674256,6.573958,5.813887
TCGA-44-6777-01,6.1426716,7.118578,5.428274,4.94825,5.2075086,3.6558416,4.3772964,6.416464,5.134423,5.7833276,6.2853055,5.5988965,7.048576,7.473284,6.6845355,3.6208787,5.5436425,4.637505,6.0454917,5.5717206,5.729208,3.4898372,4.6766067,5.7519083,5.540537,5.2099094,7.4076633,2.7947507,3.878075,5.7420626,5.2997313,5.123356,5.540138,3.7734745,5.325551,5.3151836,4.1052637,4.5592465,5.6643243,4.735528,4.3293204,4.5196323,4.0722203,5.0956216,4.7828712,3.48971,6.335896,4.554111,6.297709,5.932152,3.2196856,4.0708714,2.9371662,4.1141086,6.2683163,4.6191387,6.3532314,5.2402053,4.4261684,5.628531,4.911987,7.2057424,6.3706756,5.5573945
TCGA-55-6986-01,8.627017,5.472091,4.326386,4.7725,4.47232,4.3099184,5.029267,6.054683,5.157524,5.475523,5.454587,5.3484797,7.382114,6.551804,6.707201,3.250932,5.3177423,4.2084546,5.3809533,5.0955687,4.796808,4.1675997,5.007682,6.5312576,5.0835133,6.3268113,6.9597125,2.2696588,4.360382,6.0426955,4.8908024,5.009428,5.45758,4.0311465,5.1986537,5.2516823,3.8627136,4.2319403,4.5122523,4.2580333,4.157858,4.284846,5.100358,5.897069,5.161159,3.1268725,5.6997104,5.001748,6.9143357,5.5140867,4.0917087,4.1109796,3.5022306,4.7856455,5.5845947,4.3600354,6.308113,4.754384,4.000389,5.6598926,5.010588,6.8267794,6.868229,5.721725
TCGA-L9-A7SV-01,5.5494857,6.6453924,5.239868,4.7453156,4.992947,3.1969059,4.2476525,6.5373955,5.0169163,5.7054586,6.183775,5.4384346,7.0885086,7.2319546,6.347917,3.5456765,5.553223,4.479444,6.074839,5.735468,6.014764,3.7327745,4.510423,5.589088,5.5711937,5.473044,7.0259,3.1565566,3.768923,5.7111745,5.1038933,5.472149,5.3151274,3.950533,5.5908747,5.3836102,4.569639,4.585683,5.8064747,4.9728603,4.6500773,4.5636544,3.9603283,5.1094995,4.7881813,3.661413,6.6750665,4.742334,5.833784,5.703291,3.3439415,4.206058,2.940521,4.224628,6.2079115,5.222578,6.1082015,5.2245727,4.23312,5.620683,4.6676183,6.9794774,6.283682,5.5265713
TCGA-55-8620-01,5.561967,7.5327973,5.79377,5.1859083,5.422299,3.3341444,3.9884877,6.52991,5.0936565,5.7902417,6.687386,5.437359,7.130473,7.605351,6.693932,3.670422,5.839273,4.7017827,6.0590463,5.714601,5.803952,3.2727857,4.758125,5.6298985,5.7493324,4.797765,7.2109632,2.9050782,3.7669997,5.7176948,5.2359424,5.1238346,5.54493,3.83108,5.3009343,5.1629944,4.1185484,4.588775,5.8945484,4.621861,4.306021,4.5847535,4.0050077,4.8215346,4.745772,3.592767,6.6330547,4.4838505,6.215416,6.1096106,3.2929888,3.9895017,2.9922357,4.105245,6.2519407,4.698732,6.426955,5.1702642,4.544529,5.6748133,4.8058615,7.436677,6.2863464,5.5454297
TCGA-78-7540-01,7.041264,7.203332,5.460322,5.036694,5.146672,4.3229103,4.59625,6.1216187,5.185948,5.7774415,6.3951945,5.6321883,6.9837584,7.72104,7.013819,3.4931567,5.660022,4.709773,5.775261,5.325787,5.386639,3.46609,4.835673,6.0391035,5.4515867,5.3148303,7.6036687,2.4628062,3.9203315,5.87398,5.332059,4.6645837,5.798761,3.7812054,5.0983005,5.133273,3.562957,4.38545,5.3869514,4.2923455,4.066988,4.4148235,4.432087,5.24403,4.7705836,3.164139,5.884002,4.428616,6.663062,6.105355,3.327365,3.8546135,3.1287515,4.0618067,6.190702,4.063993,6.5781584,5.085409,4.4736786,5.6756067,5.172916,7.31955,6.6034274,5.657849
TCGA-17-Z059-01,8.091057,6.5727124,4.8786516,4.875906,4.7327113,4.5769167,5.005193,5.988783,5.151463,5.628977,6.0705433,5.811441,6.9939837,7.465936,6.941565,3.1498673,5.5410767,4.5222416,5.6591797,5.2259274,5.231566,3.869506,5.0348954,6.2898483,5.251648,5.7602587,7.6297235,2.2111354,3.933736,6.112278,5.150929,4.4849963,5.8633924,3.8823612,4.9903145,5.040079,3.501245,4.2937665,4.9027996,4.192802,4.150888,4.3137016,4.753674,5.5244308,4.894565,3.0118165,5.542458,4.4617968,6.5517416,5.8034115,3.6480052,3.8877463,3.1977031,4.489201,5.7369914,3.9258847,6.494598,5.024163,4.3158555,5.6726055,5.17467,6.954164,6.64075,5.7362623
TCGA-78-7152-01,7.462687,6.963349,5.2641015,4.9152155,4.9622073,4.487963,4.7879934,6.018512,5.147942,5.7121286,6.2683506,5.733031,6.930658,7.7113934,7.033268,3.3620522,5.619661,4.640523,5.741131,5.281135,5.365511,3.6569862,4.8612647,6.132752,5.375083,5.5292964,7.673208,2.398208,3.877819,5.9539943,5.293633,4.548246,5.830626,3.8208356,5.088625,5.0996614,3.5111656,4.337802,5.236541,4.26191,4.094325,4.360335,4.5278835,5.388461,4.780346,3.1059813,5.720778,4.4346585,6.6161146,6.0190573,3.4080803,3.864073,3.1415155,4.148442,6.0993304,4.0112104,6.575676,5.0968523,4.399597,5.6787558,5.194255,7.1640625,6.6528463,5.6999445
TCGA-67-6215-01,8.869669,5.716485,4.4002547,4.8133225,4.40938,4.635122,5.2410884,5.8636913,5.0399404,5.5276165,5.705738,5.7751355,7.175246,7.1163893,6.775889,2.9712138,5.4798303,4.2309175,5.6018176,5.124874,5.1277194,4.1837716,5.022239,6.4155374,5.129575,6.1992455,7.439264,2.2460184,4.039919,6.1809735,4.965245,4.649582,5.712914,4.011329,5.0143933,5.05101,3.6849008,4.240479,4.5558147,4.1842604,4.2582026,4.3315296,4.914562,5.7554836,5.1904,3.0820727,5.466838,4.7180414,6.505304,5.4554133,3.9473164,4.0121994,3.3915184,4.760886,5.3794775,4.0867844,6.3355007,4.932696,4.179995,5.659749,5.1662765,6.6566467,6.564477,5.84734
TCGA-55-A493-01,6.8212104,7.313401,5.5348854,5.0234146,5.140554,4.239959,4.5359383,6.1950464,5.1472216,5.8084254,6.512591,5.667522,6.9134192,7.874032,6.9836707,3.5208776,5.723262,4.728505,5.7830634,5.405404,5.5010514,3.4220672,4.869607,5.920862,5.527552,5.2048945,7.6778994,2.4415848,3.8869889,5.898293,5.2939434,4.6057754,5.8755927,3.7722075,5.0380144,5.1042466,3.6043475,4.3822856,5.5151353,4.2729187,4.049536,4.408602,4.3284817,5.166174,4.6991835,3.1623986,5.903961,4.307781,6.5052614,6.1357303,3.248298,3.742474,3.0862758,3.994256,6.182233,4.083194,6.5865626,5.116439,4.4920516,5.7009745,5.169366,7.2917194,6.5574803,5.6779056
TCGA-50-7109-01,6.990734,7.364646,5.500443,5.0315976,5.180863,4.276434,4.609702,6.2379785,5.177481,5.7994847,6.4649396,5.6428623,6.894545,7.7885647,7.0633435,3.4939914,5.64335,4.7286644,5.8039947,5.3918395,5.414879,3.3753483,4.879771,5.938415,5.4509764,5.2053123,7.7007747,2.3705974,3.8712497,5.8694572,5.3329015,4.6170187,5.913236,3.7466092,4.985511,5.1047215,3.5700865,4.353522,5.4321566,4.2726398,4.0112987,4.3620577,4.358848,5.1988945,4.7614284,3.0929868,5.861927,4.2741923,6.589439,6.151464,3.1960423,3.7140346,3.0540426,4.0404267,6.1630707,4.024673,6.6205053,5.151097,4.4638047,5.7186804,5.1542015,7.284698,6.582004,5.653781
TCGA-97-7553-01,9.276514,5.0066166,4.1046987,4.603585,4.242071,4.306604,5.1702943,6.027705,5.014673,5.3471146,5.308501,5.347797,7.350249,6.2296815,6.633166,3.0500538,5.2618074,4.1441107,5.375055,5.147429,4.810299,4.3280387,4.892762,6.4980774,5.017773,6.5219455,6.9540195,2.3781533,4.4106536,6.0006995,4.921894,5.027008,5.4715323,3.9935038,5.1370544,5.3515162,3.9385114,4.1884127,4.349135,4.3723273,4.12621,4.2865744,5.1281123,5.9508934,5.309723,3.166911,5.652445,5.0378776,6.7147713,5.4021754,4.0908694,4.169215,3.449048,4.966533,5.3850026,4.5381885,6.1439934,4.7216244,3.8999767,5.6626034,4.901127,6.627698,6.7771254,5.780747
TCGA-55-1594-01,7.6426206,6.9552383,5.130922,4.8727922,4.8762045,4.5096326,4.8733993,6.0592146,5.0928807,5.6788945,6.2607,5.8434963,6.8836946,7.753966,7.0563273,3.220203,5.6681285,4.601248,5.800728,5.34962,5.4483027,3.744508,4.9639907,6.106413,5.3589187,5.543025,7.7359285,2.3248832,3.778409,6.031224,5.212959,4.4427366,5.8848205,3.8413975,4.975127,5.0271983,3.514186,4.3174067,5.163198,4.267621,4.1208262,4.3083673,4.519069,5.383126,4.8099675,3.0721638,5.6440067,4.341325,6.439172,5.966172,3.4011612,3.8293312,3.0728486,4.27321,5.935399,4.0063763,6.5974975,5.141047,4.3549376,5.684337,5.1405826,7.0348444,6.6178246,5.749146
TCGA-44-3398-01,7.706518,6.9279194,5.106667,4.857839,4.857059,4.5377846,4.901472,6.0492325,5.1238055,5.67005,6.219954,5.848603,6.8823757,7.702957,7.0512805,3.2531686,5.612579,4.6240716,5.7650046,5.319809,5.41045,3.7412171,4.9557314,6.123669,5.3556414,5.5544753,7.761785,2.3127475,3.849928,6.0191064,5.2375345,4.4531884,5.8982105,3.7873151,4.9845114,5.067569,3.491447,4.334558,5.1245027,4.275517,4.1142993,4.309059,4.533543,5.398364,4.795213,3.0623775,5.6190114,4.351025,6.490722,5.944952,3.3904295,3.8515675,3.061845,4.2616897,5.9568276,3.980647,6.580831,5.130629,4.3594246,5.651591,5.152188,7.044515,6.619957,5.75058
TCGA-62-A46R-01,7.6708374,6.988599,5.1569834,4.911267,4.8983526,4.550924,4.864104,6.0284915,5.151901,5.702424,6.2575736,5.8244605,6.9101295,7.7170215,7.053113,3.2495244,5.6327624,4.6302514,5.7302256,5.2833276,5.348929,3.6878407,4.956066,6.1533847,5.325885,5.5526266,7.717212,2.2807672,3.8749113,6.0426598,5.2287974,4.432509,5.8962345,3.8271668,4.956415,5.044633,3.4569426,4.299536,5.1472797,4.2042418,4.085749,4.316755,4.5931854,5.3995447,4.8171697,3.0309806,5.6090136,4.3598495,6.547188,5.977196,3.4289043,3.811378,3.1246736,4.269858,5.943671,3.9140399,6.585658,5.0818205,4.3759685,5.6869226,5.200493,7.0891647,6.6482964,5.730396
TCGA-62-A46U-01,9.199248,4.9717045,3.9622266,4.678395,4.169028,4.349563,5.1891365,6.0221953,5.0892344,5.384809,5.1919856,5.3793354,7.403687,6.334326,6.58211,3.1484041,5.240254,4.113057,5.318954,5.075149,4.837183,4.308253,4.869426,6.5084457,4.9932294,6.551621,6.9181676,2.390875,4.5172873,6.0467315,4.8368664,5.011596,5.4013395,3.9822962,5.1237683,5.371741,3.9642572,4.169972,4.2488174,4.4355965,4.205639,4.2678747,5.1531267,6.008169,5.4650793,3.1294377,5.5783944,5.068452,6.8011003,5.2683787,4.1031733,4.1982017,3.4823632,4.8878365,5.335748,4.448328,6.119737,4.754003,3.8850389,5.5726304,4.946476,6.575603,6.734983,5.803825
TCGA-64-1676-01,5.5254664,7.266713,5.6248994,5.041437,5.33217,3.3228197,4.0909767,6.550831,5.086526,5.812857,6.477469,5.4754863,7.108441,7.5221725,6.5785947,3.691425,5.68801,4.6474624,6.104251,5.7175446,5.8776026,3.3908765,4.6635447,5.601013,5.6715145,4.996821,7.2295303,2.9649005,3.797694,5.7007346,5.2508698,5.256494,5.47086,3.8246129,5.385871,5.290906,4.2769327,4.6083508,5.8955626,4.7722044,4.3924165,4.5869517,3.943421,4.916192,4.759522,3.6120522,6.616583,4.5571446,6.1431475,5.9935365,3.2482195,4.065576,2.9367828,4.072976,6.2997866,4.8666143,6.32246,5.23496,4.468426,5.660626,4.800057,7.314428,6.271745,5.5149436
TCGA-55-6972-01,6.859748,7.3511043,5.473615,4.9682727,5.184285,4.127967,4.5648317,6.2335677,5.0978403,5.7496505,6.498181,5.697387,6.871567,7.8075166,6.941059,3.5049582,5.699989,4.681487,5.9568253,5.4851036,5.641507,3.4862702,4.8455763,5.872224,5.5736895,5.2014346,7.7217097,2.4756796,3.7211564,5.8497205,5.288611,4.657786,5.877242,3.798456,5.1497235,5.062296,3.659998,4.4337773,5.5099154,4.461655,4.155083,4.4101715,4.1737785,5.1423497,4.6219964,3.2707136,5.9626446,4.3196898,6.374109,6.0896535,3.2119045,3.8269124,2.9532788,4.0844393,6.2109075,4.1846952,6.597987,5.241091,4.455049,5.654045,5.040641,7.227702,6.503347,5.6603007
TCGA-49-AARN-01,5.4958944,6.883596,5.4701347,4.9128795,5.152988,3.3134785,4.165334,6.475452,5.069723,5.7741323,6.2795396,5.460538,7.1434264,7.417561,6.4639573,3.6752226,5.609208,4.5484414,6.0209165,5.69301,5.9186482,3.5819147,4.5854673,5.6362367,5.6292725,5.2146297,7.1389036,3.1279995,3.8776038,5.700997,5.2009697,5.4119205,5.311801,3.862959,5.523171,5.3792386,4.4436655,4.630215,5.848628,4.8421106,4.5196366,4.6142,3.9966216,5.054093,4.8066187,3.6663547,6.6782074,4.707661,6.0728207,5.8533754,3.3344114,4.1728487,2.991224,4.0776286,6.3034472,5.0685816,6.2119355,5.1906543,4.3895097,5.645547,4.792801,7.187962,6.2853603,5.531159
TCGA-62-8394-01,8.457342,6.047726,4.565107,4.8104954,4.5057297,4.5557265,5.111463,5.963307,4.9981704,5.536413,5.8530827,5.7130585,7.139709,7.2167697,6.858087,3.0158646,5.519797,4.357501,5.6491075,5.195478,5.140468,4.034258,5.0097747,6.3193803,5.2005754,6.0554547,7.4642205,2.278743,4.032815,6.0877995,5.066618,4.640212,5.7512326,3.9338737,4.9708047,5.12965,3.6729035,4.2608705,4.7302427,4.2207417,4.150821,4.329404,4.815498,5.6306443,5.1342125,3.1059422,5.579976,4.6436005,6.4670877,5.606052,3.7871172,3.989512,3.336105,4.6205034,5.569402,4.1265607,6.351103,4.956285,4.2223253,5.6760683,5.1241536,6.751358,6.570485,5.835919
TCGA-55-8619-01,8.761609,5.3191133,4.2216444,4.758227,4.407973,4.4161587,5.1466174,5.987645,5.114882,5.44593,5.4490376,5.405482,7.328392,6.6472116,6.7163405,3.147204,5.30674,4.162688,5.3908978,5.0921354,4.7909017,4.2900896,5.050835,6.5623903,5.0291715,6.415446,7.0434685,2.2581632,4.3083377,6.104746,4.858395,4.941571,5.5228443,4.0955977,5.170954,5.1878896,3.8151805,4.2336574,4.418735,4.2114935,4.241711,4.2931485,5.1319942,5.98902,5.2163825,3.1079254,5.6290674,4.9965663,6.8251634,5.4560823,4.101655,4.102114,3.5025623,4.7885494,5.4646306,4.2904425,6.332605,4.8016562,3.9970446,5.683678,5.055562,6.706856,6.8134828,5.7319937
TCGA-05-4422-01,9.211067,5.133786,4.070696,4.6600657,4.192071,4.2674427,5.1223793,6.0911827,5.0787425,5.4020844,5.220284,5.339091,7.4325833,6.1940117,6.606009,3.1355596,5.242,4.119074,5.334518,5.100823,4.8457475,4.262022,4.8696413,6.4674664,5.032296,6.5058346,6.8962626,2.3644753,4.4894705,6.0016975,4.8708763,5.054768,5.355564,3.9616606,5.1491256,5.4229245,4.017003,4.163441,4.3406267,4.4449706,4.132494,4.254097,5.1341286,5.930028,5.4154186,3.1533008,5.650627,5.0483418,6.8084874,5.328566,4.1243114,4.192489,3.4848933,4.9486027,5.3951015,4.508697,6.0878644,4.70652,3.8722641,5.6013055,4.892167,6.6338444,6.7791038,5.786956
TCGA-4B-A93V-01,8.449724,6.0746694,4.5873804,4.818039,4.5549283,4.589316,5.115471,5.948295,5.0517797,5.5745344,5.8722243,5.7218523,7.1089754,7.2695923,6.8382545,3.066245,5.4989066,4.375313,5.6112256,5.168169,5.130824,4.0332475,5.0103135,6.3369894,5.1836047,6.0418344,7.497689,2.233102,4.016307,6.0950103,5.080433,4.596062,5.779236,3.9587955,5.015421,5.1052766,3.5982802,4.244359,4.746209,4.2117124,4.1545563,4.3231635,4.8270326,5.641246,5.0506887,3.0495322,5.5384274,4.6253905,6.514577,5.640674,3.8122969,3.9606788,3.3089674,4.5989604,5.5904555,4.031046,6.3751225,4.9586754,4.222093,5.686923,5.1514845,6.8053403,6.622511,5.7810836
TCGA-78-8648-01,8.744353,5.255919,4.112584,4.6975145,4.3368535,4.3605237,5.1304555,6.082271,5.0184407,5.429577,5.4503922,5.4012265,7.3368645,6.4832296,6.689943,3.02109,5.2704883,3.9973752,5.4379387,5.1560154,4.946555,4.401331,5.1374617,6.5102606,5.0370502,6.5079613,7.0680914,2.1735492,4.1951976,6.1960135,4.683001,5.0735507,5.4585557,4.1974607,5.15207,5.1539917,3.9897006,4.2263613,4.395941,4.141892,4.369378,4.280089,5.0983157,6.0313807,5.314774,3.1942024,5.704428,5.025861,6.632595,5.3231554,4.1713142,4.048144,3.5401778,4.8761783,5.2949977,4.429718,6.2981877,4.812443,3.9286735,5.7619176,5.004045,6.52013,6.7435465,5.7212577
TCGA-55-7724-01,7.1515584,7.405933,5.4549785,4.96706,5.0752034,4.382246,4.6641154,6.147342,5.2132277,5.756644,6.4644403,5.805221,6.8578205,7.822714,7.0826063,3.4351442,5.6443286,4.772828,5.758966,5.3803363,5.5120864,3.460783,4.938153,5.9864526,5.499028,5.175192,7.8030453,2.3793154,3.896682,5.940699,5.3141065,4.503801,5.9020576,3.6487296,5.0005693,5.098238,3.4673586,4.4220715,5.363397,4.3119354,4.096494,4.3607874,4.383504,5.1873565,4.6802273,3.105343,5.7878175,4.263352,6.529849,6.088559,3.2411363,3.8116803,2.98853,4.0909123,6.1186066,3.9443233,6.625394,5.127439,4.4801874,5.622441,5.1473184,7.277773,6.5650425,5.700677
TCGA-MP-A4TH-01,8.716423,5.850704,4.4263463,4.7928057,4.3997917,4.6020727,5.197533,5.9543805,5.038061,5.54359,5.682952,5.747003,7.1715474,7.1093016,6.826335,3.0378458,5.4606876,4.3007784,5.5833783,5.1379,5.128256,4.1335893,5.0018244,6.377563,5.125614,6.1698923,7.4304895,2.2564023,4.0819645,6.14225,5.0171084,4.647925,5.6885023,3.950654,4.9884076,5.1640215,3.712228,4.2246885,4.616949,4.25811,4.1914783,4.2899475,4.882823,5.721718,5.2178097,3.0622597,5.4759097,4.6934886,6.5516653,5.4924316,3.8664243,4.018781,3.3571765,4.6602073,5.487907,4.106629,6.304774,4.96253,4.1635947,5.6336236,5.133351,6.6766205,6.6069736,5.823534
TCGA-44-6774-01,6.8371615,6.9946923,5.407975,4.989492,5.085895,4.143671,4.525189,6.135978,5.13409,5.781237,6.4268255,5.5679927,6.997687,7.7172017,6.856472,3.5053065,5.7088103,4.6401067,5.771204,5.393831,5.541609,3.5265536,4.80632,5.934371,5.5789943,5.309093,7.5434775,2.5956511,3.908217,5.8582053,5.2570534,4.78484,5.7126346,3.8031964,5.222549,5.129102,3.7273262,4.444249,5.4664884,4.367035,4.1805387,4.4852304,4.347174,5.2038484,4.7279997,3.267415,6.0640078,4.4706388,6.4235315,6.030995,3.3776605,3.8877459,3.1229663,4.0889287,6.1565495,4.2387466,6.505106,5.0459495,4.468721,5.6637707,5.1212773,7.252816,6.5046296,5.698147
TCGA-17-Z050-01,7.628919,7.0209584,5.1774836,4.9254837,4.920304,4.5277042,4.8226924,6.048647,5.1424327,5.7076373,6.294311,5.8335476,6.9094405,7.744004,7.055852,3.2342758,5.662826,4.638311,5.7448664,5.309753,5.3719206,3.669149,4.9723454,6.127632,5.329378,5.517184,7.7096024,2.279534,3.8549943,6.051863,5.212488,4.4300113,5.903135,3.8386045,4.9245734,5.0289016,3.4585402,4.291372,5.1801343,4.19917,4.089767,4.315023,4.576638,5.36322,4.817076,3.0289233,5.628169,4.3401394,6.517772,5.9946675,3.421724,3.7971506,3.1110396,4.275349,5.9255395,3.926329,6.5916862,5.0811176,4.3785353,5.700319,5.1850414,7.101238,6.6393266,5.722992
TCGA-67-3772-01,9.35431,5.086896,4.0355625,4.673698,4.108468,4.5104356,5.3114915,5.996352,4.9451747,5.42921,5.2568536,5.625239,7.3178897,6.6247864,6.6990776,3.0124705,5.350306,4.1399875,5.4864373,5.107011,5.033019,4.3433805,4.909847,6.41251,5.0307603,6.4867234,7.166071,2.374632,4.3089485,6.098346,4.919329,4.874704,5.517214,3.9038963,5.0022902,5.354815,3.9780965,4.186438,4.2905316,4.452117,4.1835647,4.2424574,4.964997,5.8964596,5.5079036,3.1365156,5.4879804,4.9062667,6.602909,5.21757,3.9449637,4.153102,3.4109237,4.8488135,5.25963,4.450746,6.1026564,4.9317102,3.9834163,5.529117,5.011669,6.424668,6.594436,5.9125967
TCGA-86-8674-01,6.7585096,7.1676707,5.5065465,5.000061,5.148378,4.169078,4.4973254,6.146602,5.1632743,5.8027864,6.483333,5.6042624,6.9521337,7.785526,6.906274,3.5336478,5.7081356,4.714097,5.789688,5.402801,5.5806794,3.4394534,4.783719,5.893054,5.6038365,5.2141547,7.6117005,2.5990858,3.9017534,5.8301563,5.3068132,4.755982,5.7486806,3.7287781,5.2018495,5.1373253,3.6734145,4.4608607,5.51786,4.3947425,4.1614537,4.4813876,4.2992144,5.144182,4.684349,3.2476032,6.0586324,4.412273,6.452571,6.0935984,3.2842908,3.8721268,3.0588934,4.0267973,6.2317977,4.1829834,6.5419626,5.0680943,4.5021152,5.643563,5.1336145,7.324292,6.49769,5.689896
TCGA-55-A48Z-01,9.382144,5.0666575,4.1576924,4.600803,4.104061,4.359729,5.2141213,6.043399,5.027157,5.3814287,5.2318754,5.4029546,7.371099,6.2523127,6.5695853,3.0675645,5.2237563,4.1377187,5.343328,5.1099963,4.8576727,4.3269916,4.8242946,6.422814,4.9972715,6.512469,6.952424,2.3869154,4.5031614,5.9929423,4.9229155,4.9653344,5.4432187,3.9202797,5.091649,5.4583287,3.9834743,4.142438,4.3190246,4.499943,4.1303945,4.257326,5.0981197,5.929012,5.473709,3.116005,5.5763383,5.002131,6.7301164,5.327722,4.0633564,4.1682587,3.4400306,4.951674,5.326458,4.486251,6.0370464,4.7639904,3.8811886,5.603096,4.9121947,6.58432,6.7088246,5.8033147
TCGA-L9-A5IP-01,6.792765,7.3464847,5.540783,5.0052934,5.202735,4.190972,4.521618,6.231279,5.138256,5.8070846,6.523027,5.632289,6.9000974,7.854753,6.944741,3.5671964,5.6800666,4.7251563,5.842924,5.437784,5.5703106,3.3909807,4.836988,5.858059,5.580638,5.151002,7.73025,2.4865983,3.8636887,5.8226566,5.3307414,4.698981,5.876789,3.7296205,5.1126223,5.132212,3.6441784,4.434117,5.544529,4.3918853,4.0958962,4.44179,4.21286,5.116815,4.650623,3.2166553,5.9805346,4.3180175,6.4583387,6.1232095,3.1893466,3.7846723,3.0051353,3.9772801,6.2436657,4.1348295,6.570208,5.16834,4.504463,5.6758633,5.119151,7.3016276,6.501833,5.6601696
TCGA-50-6593-01,6.275564,7.371882,5.6289268,5.091164,5.287125,3.9367967,4.332925,6.32653,5.1309834,5.8447475,6.595013,5.5488954,6.97445,7.802821,6.850293,3.5735948,5.761674,4.7513,5.903,5.495317,5.607881,3.3297923,4.788919,5.7910624,5.5887012,5.1183,7.5268035,2.5714753,3.8161159,5.815697,5.313912,4.774217,5.811538,3.8152323,5.137089,5.1310186,3.7701457,4.422825,5.6830335,4.3969116,4.1177473,4.4744062,4.1925893,5.0242085,4.695124,3.267274,6.1481023,4.3490252,6.3905015,6.164208,3.2384815,3.79333,3.0572143,4.002984,6.2438803,4.3060355,6.5136604,5.1368318,4.5157723,5.7129207,5.0682287,7.3755918,6.4586973,5.601839
TCGA-69-7760-01,9.406906,5.0620756,4.047995,4.6655006,4.119239,4.52014,5.349456,5.9757414,4.9811745,5.4327927,5.2692394,5.603135,7.28452,6.564724,6.6990047,3.0214844,5.3414617,4.161682,5.4634485,5.0982156,4.9792414,4.3322396,4.8953667,6.43573,5.0248294,6.492927,7.180298,2.3692129,4.3202343,6.089187,4.966908,4.8471055,5.53916,3.901334,5.0304565,5.346835,3.908825,4.1831427,4.2851295,4.443013,4.150725,4.244755,4.993507,5.9049196,5.467746,3.104725,5.4663353,4.870041,6.62204,5.2556605,3.9504495,4.14949,3.4000766,4.8586407,5.2846794,4.3765054,6.1022906,4.914773,3.9896722,5.5352607,5.0162034,6.4502406,6.6218176,5.897833
TCGA-62-8395-01,9.183229,5.2137427,4.0838184,4.7237263,4.246776,4.567275,5.3187284,5.871676,5.027431,5.4421873,5.4037304,5.681034,7.2691207,6.859109,6.6951075,3.0064461,5.380958,4.1691203,5.5093856,5.08543,5.017348,4.318217,4.925661,6.502724,5.01951,6.43815,7.231095,2.3703163,4.229438,6.141994,4.934361,4.7976236,5.5852003,3.99051,5.0417,5.197349,3.8258898,4.235802,4.338587,4.325859,4.2803154,4.320691,4.9982505,5.917749,5.349017,3.1272466,5.4559584,4.912982,6.5819173,5.275484,3.9932742,4.153631,3.417451,4.8295135,5.2950706,4.287916,6.2094016,4.9059815,4.0569344,5.572889,5.0895762,6.5122895,6.597306,5.8838143
TCGA-17-Z000-01,8.469028,6.0188594,4.5353284,4.8112264,4.4981914,4.5417857,5.1298423,5.975682,5.0325303,5.547519,5.8034797,5.736224,7.115836,7.1853247,6.8460846,3.042327,5.4960923,4.342591,5.6392684,5.203869,5.168532,4.0730276,5.002697,6.3309965,5.1568727,6.0754275,7.4598656,2.2892752,4.0136437,6.127767,5.0415955,4.6418695,5.73177,3.9638128,4.985959,5.117877,3.6928668,4.25625,4.712648,4.2362447,4.2097445,4.3158464,4.8223214,5.673437,5.1523614,3.0885463,5.547087,4.6411705,6.478603,5.5736017,3.789944,3.9877794,3.3171258,4.6103716,5.536915,4.105403,6.352958,4.996044,4.2016983,5.6670775,5.1220326,6.7192674,6.579646,5.7998004
TCGA-49-AAR9-01,5.514423,7.178912,5.5527043,4.9712977,5.2892756,3.289246,4.1029396,6.5623846,5.082967,5.8119874,6.444578,5.4965734,7.081002,7.4829364,6.5335917,3.651313,5.6718783,4.652569,6.1406465,5.734441,5.9520583,3.4297612,4.6112986,5.5660815,5.682676,5.0816803,7.2091627,3.0070608,3.7667887,5.6998935,5.237104,5.2941527,5.438548,3.811704,5.4264154,5.310394,4.3242745,4.617764,5.9126644,4.838388,4.450934,4.589937,3.9066792,4.909376,4.733381,3.6242907,6.638132,4.57083,6.0540743,5.947663,3.225992,4.1118298,2.897101,4.1084566,6.2967687,4.9163175,6.2859893,5.237992,4.43513,5.625667,4.769936,7.2616196,6.249602,5.5251284
TCGA-62-A471-01,8.826368,5.57793,4.2731123,4.8264413,4.3681126,4.6411576,5.312218,5.8506584,5.034608,5.492347,5.6105666,5.7642207,7.176987,7.097589,6.815946,2.96536,5.4675965,4.216994,5.5893955,5.1272316,5.038207,4.3054824,5.0655212,6.4840527,5.051145,6.2879677,7.3949795,2.282337,4.042837,6.2145443,4.9501853,4.6696143,5.7093225,4.0688925,5.016827,5.0468535,3.6935806,4.2637386,4.4621577,4.1798906,4.3053484,4.325797,4.9689636,5.870321,5.2468467,3.0883756,5.4454627,4.7730374,6.5334725,5.407896,3.9535038,4.0576754,3.4069266,4.7349052,5.330118,4.0860157,6.3595285,4.98162,4.16171,5.6491194,5.175929,6.573493,6.5826654,5.8445883
TCGA-38-4632-01,5.606328,7.252495,5.5690465,5.026229,5.2982426,3.3495255,4.182953,6.554862,5.0747375,5.7755723,6.4407115,5.4371824,7.0942326,7.492638,6.595858,3.643267,5.67266,4.5831637,6.0738387,5.716625,5.8320293,3.4697301,4.713038,5.6570477,5.580854,5.07375,7.194661,2.93599,3.7288027,5.7123246,5.2044506,5.245576,5.5168037,3.9151568,5.382552,5.2425413,4.2764645,4.558735,5.7941856,4.732414,4.4035397,4.5332036,4.001238,5.020392,4.7804112,3.5439672,6.5309777,4.5568137,6.1280336,5.9781985,3.2985554,4.0151763,2.9577985,4.111292,6.258936,4.931277,6.3467526,5.2633567,4.3908887,5.708678,4.7745013,7.2504773,6.3506765,5.494413
TCGA-78-7160-01,9.23486,4.9488964,3.8869593,4.6734304,4.1258035,4.445891,5.354946,6.007613,5.0112667,5.4270525,5.227184,5.4326425,7.312467,6.609865,6.692002,3.0616243,5.2548614,4.055475,5.3947845,5.093371,4.8276796,4.4348125,4.979852,6.466907,4.98484,6.5943165,7.0959496,2.3343067,4.3489876,6.104431,4.8634887,4.9335127,5.4983892,4.045887,5.1248474,5.311746,3.9471905,4.195179,4.2662435,4.3482504,4.2751493,4.2578073,5.0946107,6.0508084,5.450298,3.1063335,5.578357,4.9565105,6.63696,5.2355227,4.045634,4.1334734,3.4908378,4.8260813,5.267136,4.36005,6.147443,4.877706,3.9379008,5.618976,5.019174,6.398532,6.6765437,5.8249836
TCGA-91-6847-01,9.315071,5.1635184,4.097651,4.7058544,4.1350884,4.5790753,5.34344,5.927128,5.0198236,5.46572,5.324555,5.6835556,7.272771,6.6937003,6.6590805,3.0326602,5.3520155,4.153972,5.467871,5.06968,5.063476,4.3231673,4.8797307,6.4371614,5.0269156,6.45194,7.224181,2.36376,4.3076496,6.129794,4.921662,4.796161,5.5471683,3.9255514,5.0261374,5.2945614,3.87256,4.1924686,4.283958,4.434904,4.231579,4.272196,4.969239,5.9100046,5.478931,3.1029546,5.4164853,4.8723693,6.6072435,5.218165,3.9579804,4.1370306,3.3998742,4.823514,5.2500076,4.292178,6.123398,4.935048,4.0172462,5.5203958,5.071266,6.453418,6.5716343,5.899397
TCGA-50-5051-01,8.751973,5.747107,4.39963,4.769403,4.411373,4.6852417,5.261986,5.876508,4.992779,5.4927716,5.711925,5.8215637,7.116528,7.2240415,6.8025002,2.939128,5.4685626,4.268307,5.620629,5.168777,5.1845713,4.207879,5.0451713,6.4100003,5.0947027,6.1968026,7.4845967,2.2412207,4.002304,6.2033215,4.9521723,4.6316366,5.775098,3.9905329,4.9314437,5.043896,3.6926446,4.242494,4.514081,4.188225,4.270281,4.3143544,4.8823857,5.7818866,5.217488,3.0646405,5.4105687,4.7113657,6.458507,5.468169,3.8641098,3.9821835,3.3246589,4.697624,5.352299,4.134788,6.3782105,5.0104566,4.1723742,5.6667976,5.171303,6.627445,6.536362,5.848591
TCGA-17-Z022-01,5.49614,6.755302,5.240448,4.7992644,5.099688,3.2040975,4.2393074,6.6148386,5.0611563,5.769434,6.1561227,5.4218025,7.1214705,7.219558,6.3461766,3.607236,5.497314,4.4927917,6.1160398,5.7291603,5.9528956,3.6819713,4.544837,5.592087,5.5273266,5.4585366,7.0601864,3.113289,3.79255,5.694778,5.152357,5.5346875,5.3134136,3.9415288,5.540016,5.434712,4.6019115,4.5825853,5.82875,4.9548264,4.612034,4.5708675,3.9190047,5.104454,4.8121076,3.631774,6.675286,4.745347,5.8968277,5.717627,3.2961898,4.2112823,2.9319212,4.184516,6.2335954,5.2104697,6.093338,5.26181,4.2587895,5.6525245,4.6844034,7.001108,6.2982025,5.472711
TCGA-44-6148-01,8.720037,5.059319,3.9403157,4.712269,4.32398,4.266497,5.2217927,6.030901,5.0259433,5.401951,5.3545837,5.2863836,7.36105,6.5986676,6.7079935,3.0697725,5.2752113,3.993037,5.4503865,5.157927,4.7486606,4.459644,5.094238,6.524007,5.016151,6.560847,7.0066814,2.3278327,4.2237287,6.10108,4.8071027,5.0977345,5.4681616,4.2187657,5.25908,5.182714,3.9973466,4.2717233,4.404047,4.18191,4.381104,4.320399,5.132494,6.0738015,5.266401,3.2042775,5.8145,5.052893,6.6154356,5.3272467,4.1586924,4.139609,3.5657191,4.874923,5.3465858,4.450769,6.2685494,4.807646,3.946197,5.7434144,4.977942,6.4890866,6.761822,5.7466717
TCGA-44-A47A-01,7.1397815,7.3225765,5.4338164,4.949089,5.0363674,4.442671,4.700345,6.1374803,5.181706,5.7884192,6.4484572,5.799587,6.8407836,7.902257,7.075881,3.4071898,5.6679053,4.742816,5.7486935,5.3636794,5.4765515,3.4927192,4.9262533,5.9907074,5.44766,5.282206,7.7995653,2.3393211,3.8738801,5.9702764,5.299406,4.4602566,5.9342327,3.7183878,4.953493,5.0873036,3.4904134,4.356431,5.386803,4.2323275,4.0445347,4.341973,4.417085,5.2403955,4.706927,3.0466664,5.723452,4.243096,6.513477,6.104237,3.2396102,3.7367463,3.0440705,4.0424976,6.1111293,3.9481363,6.6218996,5.126512,4.457179,5.6840725,5.205811,7.2254844,6.602584,5.710945
TCGA-97-8175-01,9.134232,4.924619,3.8985603,4.616912,4.238943,4.211699,5.1252704,6.107444,5.0510836,5.3436346,5.2094936,5.2286987,7.410071,6.1318583,6.652852,3.1250374,5.230068,4.092986,5.3339725,5.1336274,4.765285,4.2989135,4.9185586,6.5295725,5.020419,6.622567,6.8694425,2.3740237,4.471958,6.0238705,4.841995,5.119457,5.3565345,4.0249653,5.1829133,5.377061,4.0154133,4.190892,4.3029633,4.3585353,4.170923,4.2558928,5.185303,6.02112,5.372601,3.1972344,5.7340693,5.0930185,6.774632,5.3294115,4.1245418,4.2157564,3.5094323,4.9316897,5.4185205,4.581842,6.142239,4.6870365,3.8404622,5.636092,4.8583665,6.5705266,6.8309383,5.7701254
TCGA-53-A4EZ-01,5.711619,7.526696,5.7175546,5.2165866,5.460957,3.292876,4.0598583,6.5607896,5.074124,5.732269,6.6228514,5.410011,7.164668,7.4804544,6.7259316,3.6502452,5.8046412,4.6303234,6.129002,5.7167454,5.734209,3.3146405,4.7875524,5.6837044,5.6819334,4.8217044,7.171475,2.8670325,3.7187002,5.693276,5.2216477,5.156279,5.5514054,3.9088054,5.293268,5.12553,4.129175,4.5683727,5.787463,4.6444764,4.297951,4.557795,4.013446,4.886051,4.808632,3.6192856,6.62294,4.5224547,6.2555866,6.0819645,3.307727,3.9983516,2.9906425,4.206169,6.20809,4.7174764,6.4477544,5.2317758,4.5059905,5.695841,4.7503557,7.3684072,6.3184576,5.5254774
TCGA-05-4244-01,7.399525,7.1892853,5.2940183,4.870084,4.9614806,4.487676,4.8008184,6.0856085,5.135097,5.708974,6.3562045,5.8951178,6.802542,7.8394732,7.076957,3.3025973,5.65218,4.7083645,5.8288665,5.3773437,5.530545,3.6343508,4.9011397,6.0213094,5.4036875,5.4272704,7.822562,2.3455412,3.7754683,5.9909368,5.281602,4.402428,5.942791,3.7676919,4.9808426,5.052663,3.464683,4.3399844,5.2985196,4.3274646,4.1160097,4.308384,4.4119434,5.2992253,4.6962547,3.0665774,5.668322,4.2640576,6.438656,6.055135,3.269924,3.806144,2.9813344,4.151203,6.0833077,3.973507,6.619502,5.183084,4.3954687,5.660185,5.1417365,7.1277165,6.6101995,5.708257
TCGA-55-7816-01,8.979096,5.11874,4.0877547,4.6994843,4.281944,4.259409,5.1100173,6.091705,5.100817,5.4372516,5.2931423,5.321008,7.481512,6.1528697,6.6230936,3.16648,5.250598,4.0077057,5.3772984,5.072694,4.7871437,4.357326,5.0607967,6.5890207,5.0519137,6.5628233,6.86962,2.229411,4.3746386,6.12933,4.756476,5.204816,5.3183875,4.11732,5.2371974,5.294557,4.052413,4.223486,4.4166894,4.236978,4.264183,4.278016,5.1409507,5.9978538,5.3095245,3.2121549,5.729594,5.1106544,6.8237796,5.2699037,4.2545056,4.171255,3.6236832,4.955382,5.4220424,4.5070505,6.156328,4.7206497,3.925477,5.6664863,4.9606504,6.576373,6.840362,5.750868
TCGA-49-6742-01,6.9644694,7.341271,5.5063677,4.9842324,5.160792,4.29928,4.6270323,6.177624,5.202942,5.8241243,6.493482,5.683985,6.8635263,7.8745537,7.0221057,3.5194104,5.6610446,4.7450256,5.7925,5.393357,5.5355806,3.391903,4.84903,5.9137425,5.548706,5.151492,7.770484,2.4555664,3.8842883,5.858523,5.3392887,4.6319995,5.8648934,3.662933,5.082206,5.111766,3.5629785,4.43389,5.4483323,4.3274026,4.0702744,4.4135633,4.3112087,5.1800117,4.6738253,3.134038,5.8752418,4.281625,6.506876,6.1249833,3.1769748,3.769168,3.00345,4.0113635,6.2074823,4.044831,6.6254168,5.130131,4.495146,5.6503177,5.183513,7.297579,6.5373025,5.7148175
TCGA-05-5423-01,8.102653,6.619741,4.8536763,4.8751597,4.7219405,4.594477,5.0508327,6.0040116,5.0909567,5.6252847,6.145312,5.8002706,6.994248,7.5503063,6.9626174,3.073152,5.570645,4.53795,5.7162275,5.24561,5.219739,3.8465455,5.074173,6.2650533,5.2800617,5.7444386,7.678129,2.199086,3.8781137,6.077749,5.2041245,4.4669247,5.9017706,3.8766763,4.9612865,5.0427794,3.474728,4.299889,4.9344883,4.178805,4.114296,4.327413,4.7238946,5.4549675,4.896563,2.9997814,5.563767,4.410214,6.443195,5.8192253,3.6385803,3.8951082,3.1963565,4.508019,5.731545,3.8809946,6.469784,5.027632,4.3501844,5.699861,5.1594324,6.926521,6.5877757,5.760947
TCGA-17-Z037-01,8.413781,6.118782,4.6231294,4.838236,4.572234,4.60851,5.1203628,5.9345455,5.053505,5.576848,5.9145155,5.7089953,7.116011,7.292264,6.8604126,3.0519748,5.517479,4.3935633,5.6120253,5.1589527,5.100643,4.0070596,5.031363,6.3360677,5.2116675,6.0114217,7.5081854,2.2129896,4.026037,6.0768604,5.095654,4.5729127,5.7991896,3.9443326,5.010096,5.092935,3.5620644,4.255308,4.743939,4.189488,4.1202655,4.3312798,4.8413606,5.6244593,5.0347457,3.0466151,5.552613,4.612561,6.525325,5.6769743,3.809712,3.9555213,3.3193846,4.602259,5.6061606,3.9997613,6.3977237,4.9336624,4.2425327,5.6914353,5.167895,6.8357224,6.621586,5.801683
TCGA-55-7576-01,6.0470033,7.378213,5.560386,5.0997357,5.244918,3.669455,4.223172,6.449347,5.1171,5.775303,6.493815,5.5415707,7.099291,7.569545,6.7467017,3.6053247,5.70462,4.674145,5.933134,5.591812,5.6407285,3.4183776,4.8707204,5.7807817,5.5716486,5.052706,7.3565035,2.6823366,3.8775132,5.831584,5.224715,4.9745946,5.662207,3.8380127,5.156026,5.211513,3.9894786,4.4990997,5.6894603,4.5311203,4.2521863,4.4911485,4.152236,4.9914412,4.7820973,3.419389,6.3227253,4.468649,6.3321805,6.011481,3.3318305,3.9586055,3.0329835,4.1133313,6.136411,4.536091,6.4010572,5.162442,4.4748297,5.6834803,4.8965483,7.316799,6.396953,5.5457106
TCGA-44-6776-01,7.5085816,7.0902195,5.2533875,4.857889,4.949116,4.5431395,4.8993635,6.022277,5.137852,5.7248673,6.342261,5.818684,6.801582,7.856483,7.091353,3.299895,5.656385,4.6535864,5.808004,5.3198147,5.477027,3.6694465,4.8890905,6.0894165,5.408689,5.492792,7.824316,2.3296478,3.7334306,5.9771376,5.2981076,4.412471,5.9199805,3.8055534,5.0628705,5.0143557,3.447549,4.3320684,5.232748,4.263617,4.0859356,4.315541,4.464522,5.3862658,4.697235,3.0457375,5.627307,4.293584,6.465357,6.0518885,3.3108397,3.7912195,3.044152,4.1553097,6.0898952,3.9499319,6.652294,5.162119,4.388486,5.6749425,5.2005186,7.100069,6.6505413,5.75252
TCGA-64-5779-01,6.218728,7.4557123,5.612845,5.1703963,5.3496566,3.5968318,4.200604,6.441517,5.1024227,5.7218995,6.585464,5.523944,7.107113,7.531055,6.8232985,3.5943618,5.767123,4.670866,6.038357,5.627389,5.646687,3.3457742,4.8573337,5.7645483,5.661778,4.8929667,7.353579,2.7012615,3.7996132,5.7661247,5.2371902,4.965179,5.649889,3.8332427,5.1806307,5.121612,3.9219275,4.536526,5.6573853,4.5754404,4.236107,4.5111203,4.103078,4.927827,4.7829514,3.5130172,6.4218144,4.4589972,6.3410254,6.06102,3.2862318,3.9747286,2.994824,4.2201495,6.1324,4.4438934,6.482893,5.181738,4.513697,5.651179,4.831604,7.3387184,6.3579946,5.5848937
TCGA-97-A4M6-01,9.178669,4.8276286,3.8886623,4.729347,4.2652063,4.2371316,5.088479,6.06733,4.9848,5.3493185,5.152605,5.4767003,7.4871097,6.192977,6.7054405,3.1512504,5.4056644,4.13193,5.476088,5.128737,4.9249806,4.2918763,4.9411197,6.578183,5.0768976,6.5376024,6.870695,2.4481573,4.3876786,6.091157,4.8238425,5.195153,5.3276105,3.9626837,5.085651,5.3256025,4.098804,4.250635,4.280685,4.399135,4.119594,4.268454,5.0352135,5.9191556,5.4133334,3.3210678,5.6504183,5.133332,6.8051677,5.2065897,4.0680676,4.2953734,3.5063727,4.9177704,5.3932953,4.7475753,6.1618094,4.792014,3.954542,5.4925675,4.9019527,6.5342464,6.74192,5.912078
TCGA-17-Z052-01,8.128575,6.512384,4.867245,4.873177,4.7348304,4.5761776,5.021062,5.9457245,5.1286616,5.6415386,6.102583,5.7440286,7.00598,7.4826155,6.927343,3.1233401,5.5767636,4.5105143,5.657645,5.1991367,5.231058,3.847744,4.958043,6.2740307,5.27402,5.7978935,7.5784955,2.2896433,3.935322,6.054472,5.151656,4.523831,5.8211617,3.905895,5.035274,5.036099,3.489056,4.2816296,4.909078,4.181415,4.135277,4.344029,4.762939,5.527726,4.9046803,3.0225277,5.5927806,4.5049434,6.5012097,5.811848,3.6367044,3.904437,3.2256923,4.4824395,5.7665005,3.9344683,6.480761,4.9688373,4.3087616,5.682895,5.1937394,6.9453177,6.634268,5.76614
TCGA-17-Z058-01,8.932825,5.445845,4.189,4.8046117,4.3033447,4.5641165,5.302246,5.897236,5.0138383,5.479,5.518094,5.678816,7.263176,6.963065,6.772768,2.9797049,5.4189076,4.1546264,5.5522647,5.0992627,4.999777,4.324628,5.033094,6.4756026,5.0634527,6.360343,7.31842,2.2965198,4.118142,6.158102,4.9215755,4.7686787,5.6276364,4.0587335,5.0649395,5.125207,3.7903411,4.255606,4.4310236,4.242065,4.2842546,4.322112,4.982428,5.885355,5.296449,3.1295183,5.5225964,4.8498626,6.5562935,5.333493,4.011195,4.0975413,3.453132,4.7955966,5.3237414,4.1981955,6.291656,4.926589,4.106023,5.6302385,5.1254883,6.536258,6.5975657,5.864585
TCGA-17-Z001-01,7.2993116,7.2861233,5.3754454,4.919275,5.044196,4.4643836,4.754854,6.1201425,5.1761994,5.7512054,6.443003,5.8309197,6.8016367,7.8746767,7.0744047,3.3761604,5.6515083,4.752857,5.795131,5.3741245,5.5171604,3.5216627,4.9117036,5.9814773,5.4608846,5.2997913,7.859849,2.3373466,3.8246963,5.945471,5.3184433,4.4363074,5.969444,3.7078793,4.987009,5.063185,3.4340506,4.369202,5.336669,4.3128347,4.0794263,4.336926,4.375681,5.235875,4.6539316,3.05138,5.708108,4.224446,6.4600234,6.0970306,3.2179177,3.771394,2.9661057,4.1012845,6.1203766,3.930854,6.630167,5.158659,4.4458485,5.655165,5.163954,7.2006493,6.5876064,5.7107615
TCGA-86-6851-01,5.74203,6.6784,5.223801,4.7230663,5.0160246,3.3159542,4.342222,6.4864388,5.0536976,5.729769,6.166624,5.509701,7.0356145,7.269626,6.408997,3.5318859,5.5161667,4.5189652,6.109389,5.6869617,5.9953513,3.7015362,4.48609,5.614049,5.57246,5.4862194,7.14174,3.0922694,3.7645724,5.705563,5.163925,5.4062643,5.3467593,3.8753407,5.580372,5.3764634,4.475844,4.5931187,5.762428,4.971209,4.604817,4.5568075,3.9646127,5.130702,4.7556577,3.6218,6.5742617,4.703665,5.892422,5.728766,3.276674,4.2056317,2.8978617,4.223278,6.2468543,5.0703497,6.1592717,5.2389417,4.2579365,5.590526,4.7339807,6.984232,6.293413,5.5583696
TCGA-J2-8194-01,8.140135,6.537148,4.858994,4.851912,4.722194,4.5926256,5.03406,5.9616504,5.0839086,5.6211815,6.1171207,5.7551594,7.004326,7.5216017,6.968851,3.1064055,5.586887,4.5246215,5.694115,5.222606,5.238199,3.8525116,4.9855967,6.2581935,5.2862587,5.787321,7.6194863,2.286983,3.9159186,6.033791,5.1922326,4.5216756,5.8368125,3.8788772,5.0092077,5.0654716,3.4833038,4.2912035,4.9358525,4.1968956,4.1111083,4.3370576,4.719056,5.49332,4.908449,3.0362833,5.5910764,4.4872966,6.479779,5.825295,3.6156137,3.9253488,3.2072854,4.4589415,5.7885475,3.9443874,6.4789805,4.9924064,4.3205543,5.6880727,5.1687126,6.943382,6.6170707,5.7806683
TCGA-17-Z028-01,5.6034203,7.533348,5.8125515,5.199081,5.441821,3.32559,4.0217204,6.516532,5.0850124,5.77642,6.6535044,5.409084,7.147594,7.5802207,6.71261,3.7083924,5.814754,4.6570954,6.0653424,5.698834,5.781199,3.2732594,4.74575,5.6568794,5.7334614,4.77494,7.1962013,2.9151754,3.7784464,5.689892,5.244013,5.1563215,5.5264525,3.8461082,5.329583,5.16057,4.1373515,4.5929313,5.865857,4.6172814,4.286397,4.5888267,4.013421,4.872947,4.7771907,3.6234758,6.6415324,4.5195274,6.270612,6.1134615,3.2950776,3.972982,3.0142996,4.0890994,6.283317,4.712706,6.448787,5.196882,4.5455337,5.692974,4.824725,7.4302073,6.3040533,5.5458345
TCGA-55-8505-01,8.801259,5.0323076,3.950536,4.6934166,4.2955627,4.2601457,5.1975403,6.0498195,5.0295777,5.3877125,5.3236313,5.2731915,7.3800273,6.486931,6.6777196,3.0730534,5.2501426,3.9967191,5.411445,5.145685,4.768151,4.4350924,5.058273,6.5255723,5.0168753,6.5777183,6.9759703,2.3223839,4.2832603,6.08706,4.784531,5.1136637,5.437853,4.1829915,5.243787,5.2207355,4.0098543,4.2523756,4.3590097,4.225028,4.3437185,4.307793,5.145948,6.07499,5.3057904,3.207583,5.792126,5.076873,6.6571903,5.3116,4.168226,4.146431,3.5565658,4.8995733,5.3354726,4.4883842,6.2454104,4.7781725,3.9119198,5.7232394,4.956103,6.503768,6.7675257,5.752052
TCGA-71-8520-01,9.250905,5.1880026,4.04781,4.7607183,4.1677313,4.546545,5.371683,5.956895,4.9227505,5.4028606,5.346821,5.6640053,7.320273,6.6904583,6.829631,2.898498,5.4265223,4.160979,5.599957,5.1454043,4.85126,4.400885,5.110884,6.490202,5.010684,6.4386272,7.2188177,2.3157706,4.163488,6.1535225,4.97005,4.8489084,5.609153,3.9952822,4.949916,5.2293572,3.9048846,4.2342396,4.3720737,4.275728,4.188387,4.263936,5.0249596,5.8770547,5.471803,3.1107447,5.507198,4.8510566,6.581272,5.313849,3.9914,4.1651883,3.4758716,4.8635125,5.2881455,4.2899523,6.2142105,4.962011,4.0820475,5.6131263,5.0580583,6.454505,6.59714,5.9075623
TCGA-MP-A4TI-01,6.960706,7.403845,5.386842,5.0196905,5.110784,4.12696,4.5694647,6.230214,5.262661,5.7075043,6.3516297,5.781425,6.9939985,7.5166407,7.02954,3.4148297,5.6037116,4.755204,5.8300185,5.4276714,5.50663,3.4863346,4.9380746,6.0089946,5.4574847,5.129975,7.570393,2.4969797,3.9379594,5.927315,5.2769194,4.6958876,5.7197676,3.6529562,5.0518336,5.152641,3.6125352,4.49307,5.311853,4.4444847,4.20742,4.384331,4.4135613,5.1550393,4.805356,3.2288113,5.9644184,4.401075,6.564277,5.9918323,3.3122308,3.9840434,2.9662502,4.2853007,6.029925,4.1079593,6.5550675,5.103933,4.4477615,5.560364,5.006918,7.2889323,6.521502,5.6536703
TCGA-44-2659-01,6.25698,7.430112,5.6014533,5.047976,5.263706,3.7178044,4.2539988,6.343335,5.1525364,5.7383204,6.551354,5.643515,7.0306406,7.6123714,6.825259,3.5580306,5.7396917,4.733508,5.9878774,5.612938,5.7985163,3.3920422,4.7956176,5.752296,5.7061443,4.911094,7.4422154,2.8130121,3.835618,5.780021,5.255406,4.957996,5.5886703,3.691147,5.260375,5.1689396,3.8875558,4.6083155,5.6544695,4.641736,4.33313,4.5313916,4.10437,4.935492,4.6968837,3.4941666,6.3769245,4.459847,6.291504,6.0337896,3.2507696,4.059506,2.9083705,4.1758904,6.1987896,4.4555387,6.4843764,5.1482134,4.5114627,5.560598,4.872758,7.3525515,6.3449416,5.634306
TCGA-78-7220-01,5.4079113,7.0577636,5.3897657,4.9230795,5.265061,3.172862,4.233521,6.702222,5.0411873,5.7757115,6.2248907,5.418706,7.119934,7.312904,6.4255166,3.7161443,5.481979,4.4943056,6.188416,5.755495,5.8613787,3.567641,4.628408,5.584702,5.475287,5.244042,7.1748347,2.9720259,3.7624018,5.653251,5.2232337,5.4562135,5.4631004,3.980264,5.4409156,5.407753,4.534798,4.563169,5.846448,4.94377,4.479869,4.5367947,3.8473833,5.077892,4.83078,3.6265018,6.6059904,4.6491065,6.0132933,5.8235626,3.216777,4.094979,2.893221,4.0970483,6.2892914,5.1522665,6.1685343,5.3958297,4.3101254,5.7333055,4.6897902,7.070336,6.3162317,5.403329
TCGA-17-Z049-01,5.723816,7.141578,5.5480275,4.9679823,5.2423778,3.3843262,4.1823454,6.4635487,5.090092,5.7696767,6.444368,5.4945445,7.068251,7.489573,6.600153,3.5959933,5.7008505,4.622429,6.0789557,5.6980214,5.913431,3.4751709,4.6319146,5.6448927,5.6739993,5.098362,7.200807,3.014318,3.7437408,5.714138,5.208578,5.2394257,5.43291,3.8260057,5.4533453,5.237191,4.2463527,4.6087093,5.8018475,4.7708864,4.4517493,4.571942,4.0127773,4.989901,4.739664,3.5921488,6.575787,4.5814533,6.099464,5.961858,3.2891936,4.0951,2.9379208,4.1555953,6.274406,4.8625774,6.3556905,5.1954494,4.4143515,5.6230044,4.7961526,7.2579913,6.3025455,5.5698595
TCGA-44-2666-01,9.095818,4.978118,4.0284543,4.6179247,4.2242513,4.2455087,5.132709,6.038361,5.0448546,5.3186812,5.274647,5.2688584,7.421885,6.2000713,6.5624485,3.0787377,5.20297,4.06582,5.335121,5.126925,4.7717,4.3636208,4.912255,6.5419374,4.999833,6.5904083,6.8666587,2.38024,4.4726872,6.024391,4.809331,5.1263647,5.398766,4.064854,5.178313,5.339662,4.0058722,4.2046638,4.3138957,4.352082,4.2435923,4.3141737,5.182113,6.031367,5.3676004,3.209676,5.712379,5.1495485,6.7387605,5.3175282,4.1775684,4.206345,3.520135,4.974711,5.356562,4.5806637,6.142935,4.6821976,3.8628926,5.6748533,4.891381,6.5963774,6.769147,5.761608
TCGA-17-Z055-01,5.517617,6.9570055,5.396359,4.8726273,5.195845,3.2759576,4.2524586,6.573464,5.070777,5.78653,6.230978,5.479589,7.090176,7.3662243,6.4472737,3.6769109,5.511839,4.542075,6.136128,5.706573,5.9107585,3.5738387,4.5677443,5.6014423,5.552956,5.275258,7.204642,3.0323203,3.8062813,5.6706347,5.239026,5.418147,5.399647,3.8826256,5.4942236,5.4050612,4.471556,4.599945,5.842652,4.924412,4.4998116,4.5709934,3.9016538,5.074255,4.7898207,3.6306825,6.601042,4.6622763,6.024367,5.8274946,3.227231,4.1440167,2.9058824,4.092649,6.3187356,5.058638,6.1896,5.3085833,4.345533,5.665836,4.761794,7.101304,6.296743,5.4816365
